rank_by_T,numbers,T,EQ,A_long,B_recent,C_gap,D_trend,E_pairs,pair,struct
1,02 04 08 13 14 24,0.11237989,0.65984434,0.810198,2.668480,-1.019385,1.273358,0.000000,0.000000,-0.260946
2,01 02 04 08 13 24,0.11031119,0.72251170,1.463583,2.424323,-0.881630,1.562758,0.000000,0.000000,-0.449667
3,01 02 04 13 14 24,0.10956753,0.65794200,0.156813,1.875844,-0.881630,2.286256,0.000000,0.000000,-0.553743
4,01 04 08 13 14 24,0.10810042,0.63470178,1.071552,2.923377,-1.294894,0.694559,0.000000,0.000000,-0.043562
5,02 04 10 13 14 24,0.10591880,0.64374408,0.026135,1.792939,-0.743875,2.141557,0.000000,0.000000,-0.198670
6,02 04 08 10 13 24,0.10464414,0.70831378,1.332906,2.341417,-0.743875,1.418058,0.000000,0.000000,-0.393614
7,01 02 04 10 13 24,0.10403890,0.70641144,0.679521,1.548781,-0.606121,2.430956,0.000000,0.000000,-0.359419
8,02 04 13 14 24 31,0.10331558,0.57625498,-0.627250,1.367471,-1.019385,2.286256,0.000000,0.000000,0.887295
9,02 04 09 13 14 24,0.10278347,0.56873328,-0.888604,2.091896,-0.468366,1.562758,0.000000,0.000000,-0.016951
10,02 04 08 13 24 31,0.10241540,0.64082467,0.679521,1.915949,-1.019385,1.562758,0.000000,0.000000,0.747831
11,02 04 08 09 13 24,0.10165471,0.63330297,0.418167,2.640375,-0.468366,0.839259,0.000000,0.000000,-0.190281
12,01 04 10 13 14 24,0.10164256,0.61860152,0.287490,2.047836,-1.019385,1.562758,0.000000,0.000000,0.019193
13,04 08 10 13 14 24,0.10124781,0.62050386,0.940875,2.840471,-1.157140,0.549859,0.000000,0.000000,-0.163154
14,02 04 08 12 13 24,0.10086390,0.67861301,1.202229,2.199556,-1.019385,1.418058,0.000000,0.000000,-0.293082
15,01 02 04 13 24 31,0.10073235,0.63892234,0.026135,1.123314,-0.881630,2.575656,0.000000,0.000000,0.622344
16,01 04 08 10 13 24,0.10035820,0.68317121,1.594261,2.596314,-1.019385,0.839259,0.000000,0.000000,-0.177189
17,01 02 04 09 13 24,0.09976993,0.63140064,-0.235219,1.847739,-0.330611,1.852157,0.000000,0.000000,-0.345654
18,02 04 12 13 14 24,0.09968738,0.61404331,-0.104542,1.651078,-1.019385,2.141557,0.000000,0.000000,-0.461287
19,04 08 13 14 24 31,0.09904796,0.55301476,0.287490,2.415003,-1.432649,0.694559,0.000000,0.000000,0.982571
20,02 04 07 13 14 24,0.09827367,0.61140028,-0.627250,1.196373,-0.606121,2.575656,0.000000,0.000000,-0.082123
21,01 02 04 12 13 24,0.09799629,0.67671067,0.548844,1.406921,-0.881630,2.430956,0.000000,0.000000,-0.594065
22,01 04 13 14 24 31,0.09780106,0.55111242,-0.365896,1.622368,-1.294894,1.707457,0.000000,0.000000,0.921703
23,02 04 13 14 18 24,0.09779244,0.68659302,0.940875,1.398152,-1.019385,2.286256,0.000000,0.000000,-0.073845
24,02 04 13 14 24 38,0.09767167,0.71957002,0.418167,1.925112,0.909181,1.418058,0.000000,0.000000,0.511954
25,01 04 09 13 14 24,0.09746637,0.54359072,-0.627250,2.346794,-0.743875,0.983958,0.000000,0.000000,0.046705
26,04 08 09 13 14 24,0.09721400,0.54549305,0.026135,3.139429,-0.881630,-0.028940,0.000000,0.000000,-0.114548
27,02 04 07 08 13 24,0.09704397,0.67596998,0.679521,1.744851,-0.606121,1.852157,0.000000,0.000000,-0.270406
28,02 04 08 13 24 38,0.09674668,0.78413972,1.724938,2.473591,0.909181,0.694559,0.000000,0.000000,0.368813
29,01 04 08 12 13 24,0.09658120,0.65347044,1.463583,2.454453,-1.294894,0.839259,0.000000,0.000000,-0.076177
30,01 04 12 13 14 24,0.09651893,0.58890075,0.156813,1.905975,-1.294894,1.562758,0.000000,0.000000,-0.079302
31,01 04 08 09 13 24,0.09632790,0.60816041,0.679521,2.895272,-0.743875,0.260460,0.000000,0.000000,-0.128062
32,04 08 12 13 14 24,0.09624268,0.59080309,0.810198,2.698611,-1.432649,0.549859,0.000000,0.000000,-0.244093
33,01 02 04 13 18 24,0.09611541,0.74926038,1.594261,1.153995,-0.881630,2.575656,0.000000,0.000000,-0.204539
34,01 02 04 13 24 38,0.09594912,0.78223738,1.071552,1.680955,1.046936,1.707457,0.000000,0.000000,0.374515
35,02 04 10 13 24 31,0.09589933,0.62472442,-0.104542,1.040408,-0.743875,2.430956,0.000000,0.000000,0.801961
36,02 04 08 13 18 24,0.09580137,0.75116271,2.247646,1.946630,-1.019385,1.562758,0.000000,0.000000,-0.374928
37,01 04 08 13 24 31,0.09578663,0.61568211,0.940875,2.170846,-1.294894,0.983958,0.000000,0.000000,0.617159
38,02 04 09 10 13 24,0.09527501,0.61720271,-0.365896,1.764834,-0.192857,1.707457,0.000000,0.000000,-0.115945
39,01 02 04 07 13 24,0.09507132,0.67406764,0.026135,0.952216,-0.468366,2.865055,0.000000,0.000000,-0.438796
40,04 08 13 14 24 38,0.09380212,0.69632980,1.332906,2.972645,0.495917,-0.173640,0.000000,0.000000,0.666205
41,01 04 13 14 18 24,0.09352914,0.66145046,1.202229,1.653049,-1.294894,1.707457,0.000000,0.000000,0.145935
42,02 04 10 12 13 24,0.09317989,0.66251275,0.418167,1.324015,-0.743875,2.286256,0.000000,0.000000,-0.411984
43,01 04 13 14 24 38,0.09297473,0.69442746,0.679521,2.180009,0.633672,0.839259,0.000000,0.000000,0.667487
44,01 04 07 13 14 24,0.09295333,0.58625772,-0.365896,1.451270,-0.881630,1.996857,0.000000,0.000000,-0.018946
45,04 07 08 13 14 24,0.09286523,0.58816006,0.287490,2.243905,-1.019385,0.983958,0.000000,0.000000,-0.155861
46,04 08 13 14 18 24,0.09231295,0.66335279,1.855615,2.445685,-1.432649,0.694559,0.000000,0.000000,-0.158111
47,04 10 13 14 24 31,0.09223426,0.53691450,-0.496573,1.539462,-1.157140,1.562758,0.000000,0.000000,0.992607
48,02 04 12 13 24 31,0.09182203,0.59502365,-0.235219,0.898547,-1.019385,2.430956,0.000000,0.000000,0.858484
49,02 04 09 13 24 31,0.09175224,0.54971361,-1.019281,1.339366,-0.468366,1.852157,0.000000,0.000000,0.833786
50,01 04 07 08 13 24,0.09171393,0.65082742,0.940875,1.999748,-0.881630,1.273358,0.000000,0.000000,-0.208667
51,02 04 08 13 22 24,0.09155904,0.69332383,0.810198,1.962083,0.082653,1.273358,0.000000,0.000000,-0.056222
52,02 04 13 14 22 24,0.09153473,0.62875413,-0.496573,1.413604,0.082653,1.996857,0.000000,0.000000,-0.053724
53,04 08 10 13 24 31,0.09152938,0.60148419,0.810198,2.087941,-1.157140,0.839259,0.000000,0.000000,0.882078
54,02 04 09 12 13 24,0.09127887,0.58750194,-0.496573,1.622973,-0.468366,1.707457,0.000000,0.000000,-0.047400
55,01 04 08 13 24 38,0.09093547,0.75899716,1.986292,2.728488,0.633672,0.115760,0.000000,0.000000,0.359266
56,02 04 07 10 13 24,0.09064812,0.65986972,-0.104542,0.869310,-0.330611,2.720356,0.000000,0.000000,-0.198463
57,04 09 10 13 14 24,0.09059678,0.52939279,-0.757927,2.263888,-0.606121,0.839259,0.000000,0.000000,-0.075402
58,01 04 08 13 18 24,0.09042381,0.72602015,2.509000,2.201527,-1.294894,0.983958,0.000000,0.000000,-0.320228
59,02 04 10 13 24 38,0.09020796,0.76803946,0.940875,1.598049,1.184691,1.562758,0.000000,0.000000,0.419589
60,01 04 10 12 13 24,0.09000498,0.63737019,0.679521,1.578912,-1.019385,1.707457,0.000000,0.000000,-0.030957
61,01 04 09 10 13 24,0.08995144,0.59206015,-0.104542,2.019731,-0.468366,1.128658,0.000000,0.000000,-0.053248
62,01 02 04 13 22 24,0.08994180,0.69142149,0.156813,1.169447,0.220408,2.286256,0.000000,0.000000,-0.171959
63,04 08 09 10 13 24,0.08974435,0.59396249,0.548844,2.812366,-0.606121,0.115760,0.000000,0.000000,-0.207792
64,02 04 10 13 18 24,0.08932734,0.73506245,1.463583,1.071089,-0.743875,2.430956,0.000000,0.000000,-0.314568
65,01 04 10 13 24 31,0.08927379,0.59958186,0.156813,1.295305,-1.019385,1.852157,0.000000,0.000000,0.671768
66,04 08 10 12 13 24,0.08852831,0.63927252,1.332906,2.371548,-1.157140,0.694559,0.000000,0.000000,-0.373592
67,01 04 13 14 22 24,0.08838246,0.60361157,-0.235219,1.668501,-0.192857,1.418058,0.000000,0.000000,0.330657
68,04 10 12 13 14 24,0.08824474,0.57470283,0.026135,1.823069,-1.157140,1.418058,0.000000,0.000000,-0.409505
69,04 09 13 14 24 31,0.08823191,0.46190369,-1.411313,1.838420,-0.881630,0.983958,0.000000,0.000000,1.045875
70,04 08 13 14 22 24,0.08776830,0.60551391,0.418167,2.461137,-0.330611,0.405159,0.000000,0.000000,0.115806
71,02 04 13 18 24 31,0.08774964,0.66757335,0.810198,0.645621,-1.019385,2.575656,0.000000,0.000000,0.923330
72,04 08 09 13 24 31,0.08758836,0.52647339,-0.104542,2.386899,-0.881630,0.260460,0.000000,0.000000,0.944432
73,04 08 12 13 24 31,0.08757381,0.57178342,0.679521,1.946080,-1.432649,0.839259,0.000000,0.000000,0.956635
74,04 07 10 13 14 24,0.08743730,0.57205980,-0.496573,1.368364,-0.743875,1.852157,0.000000,0.000000,0.059480
75,02 04 07 13 24 31,0.08729742,0.59238062,-0.757927,0.443842,-0.606121,2.865055,0.000000,0.000000,0.776760
76,01 04 08 13 22 24,0.08729251,0.66818127,1.071552,2.216980,-0.192857,0.694559,0.000000,0.000000,0.163079
77,02 04 09 13 24 38,0.08711145,0.69302866,0.026135,1.897007,1.460200,0.983958,0.000000,0.000000,0.607058
78,04 10 13 14 24 38,0.08696578,0.68022954,0.548844,2.097103,0.771426,0.694559,0.000000,0.000000,0.672887
79,04 12 13 14 24 31,0.08678740,0.50721373,-0.627250,1.397601,-1.432649,1.562758,0.000000,0.000000,0.846225
80,02 04 07 12 13 24,0.08674629,0.63016895,-0.235219,0.727449,-0.606121,2.720356,0.000000,0.000000,-0.115945
81,04 09 12 13 14 24,0.08649660,0.49969203,-0.888604,2.122027,-0.881630,0.839259,0.000000,0.000000,-0.022270
82,01 04 12 13 24 31,0.08630428,0.56988109,0.026135,1.153444,-1.294894,1.852157,0.000000,0.000000,0.892412
83,02 04 07 09 13 24,0.08627218,0.58485891,-1.019281,1.168268,-0.055102,2.141557,0.000000,0.000000,-0.200546
84,04 07 08 10 13 24,0.08626638,0.63662949,0.810198,1.916843,-0.743875,1.128658,0.000000,0.000000,-0.120094
85,04 08 10 13 24 38,0.08623608,0.74479923,1.855615,2.645582,0.771426,-0.028940,0.000000,0.000000,0.558681
86,02 04 09 13 18 24,0.08619848,0.66005165,0.548844,1.370047,-0.468366,1.852157,0.000000,0.000000,-0.131891
87,02 04 12 13 24 38,0.08610803,0.73833869,0.810198,1.456189,0.909181,1.562758,0.000000,0.000000,0.472757
88,01 04 09 12 13 24,0.08595854,0.56235938,-0.235219,1.877870,-0.743875,1.128658,0.000000,0.000000,0.015777
89,02 04 12 13 18 24,0.08593941,0.70536168,1.332906,0.929229,-1.019385,2.430956,0.000000,0.000000,-0.155914
90,04 08 09 12 13 24,0.08572880,0.56426172,0.418167,2.670506,-0.881630,0.115760,0.000000,0.000000,-0.142121
91,04 10 13 14 18 24,0.08554129,0.64725254,1.071552,1.570143,-1.157140,1.562758,0.000000,0.000000,-0.141845
92,02 04 10 13 22 24,0.08507207,0.67722357,0.026135,1.086542,0.358162,2.141557,0.000000,0.000000,0.002221
93,04 08 10 13 18 24,0.08461754,0.71182223,2.378323,2.118622,-1.157140,0.839259,0.000000,0.000000,-0.284802
94,01 04 10 13 24 38,0.08439999,0.74289690,1.202229,1.852946,0.909181,0.983958,0.000000,0.000000,0.410522
95,01 04 07 10 13 24,0.08421677,0.63472716,0.156813,1.124207,-0.606121,2.141557,0.000000,0.000000,-0.299887
96,04 07 13 14 24 31,0.08409102,0.50457070,-1.149958,0.942896,-1.019385,1.996857,0.000000,0.000000,1.035359
97,01 04 09 13 24 31,0.08408584,0.52457105,-0.757927,1.594263,-0.743875,1.273358,0.000000,0.000000,0.549385
98,04 09 13 14 24 38,0.08401400,0.60521874,-0.365896,2.396061,1.046936,0.115760,0.000000,0.000000,0.881799
99,01 04 10 13 18 24,0.08395302,0.70991989,1.724938,1.325986,-1.019385,1.852157,0.000000,0.000000,-0.259390
100,04 13 14 18 24 31,0.08365422,0.57976343,0.418167,1.144675,-1.432649,1.707457,0.000000,0.000000,1.050218
101,02 04 13 24 31 38,0.08353926,0.70055036,0.287490,1.172581,0.909181,1.707457,0.000000,0.000000,0.903240
102,04 08 09 13 24 38,0.08334564,0.66978843,0.940875,2.944540,1.046936,-0.607739,0.000000,0.000000,0.776680
103,04 07 08 13 24 31,0.08329458,0.56914039,0.156813,1.491375,-1.019385,1.273358,0.000000,0.000000,0.911265
104,04 07 09 13 14 24,0.08312967,0.49704900,-1.411313,1.667322,-0.468366,1.273358,0.000000,0.000000,0.067520
105,02 04 07 13 24 38,0.08267927,0.73569566,0.287490,1.001483,1.322445,1.996857,0.000000,0.000000,0.553387
106,04 09 13 14 18 24,0.08255717,0.57224173,0.156813,1.869101,-0.881630,0.983958,0.000000,0.000000,0.062275
107,04 07 12 13 14 24,0.08229426,0.54235903,-0.627250,1.226503,-1.019385,1.852157,0.000000,0.000000,-0.041890
108,04 08 12 13 24 38,0.08225788,0.71509846,1.724938,2.503721,0.495917,-0.028940,0.000000,0.000000,0.629884
109,02 04 13 18 24 38,0.08221916,0.81088840,1.855615,1.203263,0.909181,1.707457,0.000000,0.000000,0.564794
110,01 02 08 13 14 24,0.08211697,0.59991384,0.940875,2.354393,-1.019385,0.405159,0.000000,0.000000,-0.224393
111,02 04 09 13 22 24,0.08194968,0.60221277,-0.888604,1.385500,0.633672,1.562758,0.000000,0.000000,0.185856
112,02 04 13 22 24 31,0.08184175,0.60973447,-0.627250,0.661074,0.082653,2.286256,0.000000,0.000000,0.995278
113,04 08 13 18 24 31,0.08182328,0.64433313,1.724938,1.693154,-1.432649,0.983958,0.000000,0.000000,0.772860
114,02 04 07 13 18 24,0.08170161,0.70271865,0.810198,0.474523,-0.606121,2.865055,0.000000,0.000000,-0.195146
115,04 08 09 13 18 24,0.08169475,0.63681143,1.463583,2.417580,-0.881630,0.260460,0.000000,0.000000,-0.071596
116,01 04 12 13 18 24,0.08167288,0.68021912,1.594261,1.184126,-1.294894,1.852157,0.000000,0.000000,0.063387
117,04 12 13 14 24 38,0.08149628,0.65052877,0.418167,1.955243,0.495917,0.694559,0.000000,0.000000,0.523150
118,01 04 07 12 13 24,0.08142272,0.60502639,0.026135,0.982346,-0.881630,2.141557,0.000000,0.000000,-0.053248
119,01 04 12 13 24 38,0.08140784,0.71319613,1.071552,1.711086,0.633672,0.983958,0.000000,0.000000,0.627812
120,04 07 08 12 13 24,0.08136542,0.60692872,0.679521,1.774982,-1.019385,1.128658,0.000000,0.000000,-0.185600
121,04 07 08 09 13 24,0.08114123,0.56161869,-0.104542,2.215801,-0.468366,0.549859,0.000000,0.000000,-0.233173
122,01 04 13 18 24 31,0.08113704,0.64243079,1.071552,0.900518,-1.294894,1.996857,0.000000,0.000000,0.795053
123,04 10 13 14 22 24,0.08098371,0.58941365,-0.365896,1.585596,-0.055102,1.273358,0.000000,0.000000,0.130154
124,04 09 10 13 24 31,0.08091616,0.51037313,-0.888604,1.511357,-0.606121,1.128658,0.000000,0.000000,0.975432
125,01 04 10 13 22 24,0.08080878,0.65208101,0.287490,1.341439,0.082653,1.562758,0.000000,0.000000,0.222001
126,04 12 13 14 18 24,0.08078380,0.61755177,0.940875,1.428283,-1.432649,1.562758,0.000000,0.000000,-0.186096
127,04 08 12 13 18 24,0.08070402,0.68212146,2.247646,1.976761,-1.432649,0.839259,0.000000,0.000000,-0.204015
128,04 10 12 13 24 31,0.08062544,0.55568316,-0.104542,1.070539,-1.157140,1.707457,0.000000,0.000000,0.946720
129,04 08 10 13 22 24,0.08032346,0.65398334,0.940875,2.134074,-0.055102,0.549859,0.000000,0.000000,0.026237
130,01 04 09 13 24 38,0.08026262,0.66788609,0.287490,2.151904,1.184691,0.405159,0.000000,0.000000,0.443783
131,02 04 12 13 22 24,0.07991934,0.64752280,-0.104542,0.944681,0.082653,2.141557,0.000000,0.000000,-0.100587
132,01 04 07 09 13 24,0.07990451,0.55971635,-0.757927,1.423165,-0.330611,1.562758,0.000000,0.000000,-0.292535
133,04 07 13 14 24 38,0.07989575,0.64788574,-0.104542,1.500538,0.909181,1.128658,0.000000,0.000000,0.874638
134,01 04 09 13 18 24,0.07978330,0.63490909,0.810198,1.624944,-0.743875,1.273358,0.000000,0.000000,-0.230920
135,01 04 07 13 24 31,0.07962779,0.56723806,-0.496573,0.698739,-0.881630,2.286256,0.000000,0.000000,0.491881
136,04 13 14 24 31 38,0.07938005,0.61274044,-0.104542,1.671636,0.495917,0.839259,0.000000,0.000000,1.020679
137,04 07 08 13 24 38,0.07907450,0.71245543,1.202229,2.049016,0.909181,0.405159,0.000000,0.000000,0.746868
138,04 13 14 18 24 38,0.07845389,0.72307848,1.463583,1.702317,0.495917,0.839259,0.000000,0.000000,0.740595
139,04 08 13 24 31 38,0.07840020,0.67731013,1.202229,2.220114,0.495917,0.115760,0.000000,0.000000,0.869411
140,04 07 13 14 18 24,0.07837424,0.61490874,0.418167,0.973577,-1.019385,1.996857,0.000000,0.000000,0.045530
141,04 09 13 14 22 24,0.07800606,0.51440285,-1.280636,1.884554,0.220408,0.694559,0.000000,0.000000,0.335233
142,04 09 10 12 13 24,0.07788052,0.54816146,-0.365896,1.794965,-0.606121,0.983958,0.000000,0.000000,-0.285362
143,04 13 14 22 24 31,0.07763609,0.52192455,-1.019281,1.160128,-0.330611,1.418058,0.000000,0.000000,1.105834
144,04 08 13 22 24 31,0.07749650,0.58649424,0.287490,1.708606,-0.330611,0.694559,0.000000,0.000000,1.079054
145,02 04 07 13 22 24,0.07746575,0.64487977,-0.627250,0.489976,0.495917,2.575656,0.000000,0.000000,0.124518
146,04 08 09 13 22 24,0.07740714,0.57897254,0.026135,2.433032,0.220408,-0.028940,0.000000,0.000000,0.240402
147,04 07 08 13 18 24,0.07735892,0.67947843,1.724938,1.522056,-1.019385,1.273358,0.000000,0.000000,-0.110991
148,02 04 13 18 22 24,0.07729027,0.72007251,0.940875,0.691755,0.082653,2.286256,0.000000,0.000000,0.178093
149,04 08 13 18 24 38,0.07720624,0.78764817,2.770354,2.250795,0.495917,0.115760,0.000000,0.000000,0.549653
150,01 04 12 13 22 24,0.07676383,0.62238024,0.156813,1.199578,-0.192857,1.562758,0.000000,0.000000,0.283315
151,04 09 12 13 24 31,0.07676100,0.48067236,-1.019281,1.369497,-0.881630,1.128658,0.000000,0.000000,1.020418
152,01 04 13 24 31 38,0.07672601,0.67540780,0.548844,1.427478,0.633672,1.128658,0.000000,0.000000,0.745236
153,04 09 10 13 24 38,0.07665080,0.65368817,0.156813,2.068999,1.322445,0.260460,0.000000,0.000000,0.804325
154,01 04 09 13 22 24,0.07664552,0.57707021,-0.627250,1.640397,0.358162,0.983958,0.000000,0.000000,0.251429
155,02 08 10 13 14 24,0.07654887,0.58571591,0.810198,2.271487,-0.881630,0.260460,0.000000,0.000000,-0.153680
156,01 04 13 18 24 38,0.07642413,0.78574583,2.116969,1.458160,0.633672,1.128658,0.000000,0.000000,0.557643
157,04 08 12 13 22 24,0.07639700,0.62428257,0.810198,1.992214,-0.330611,0.549859,0.000000,0.000000,0.105107
158,01 04 13 22 24 31,0.07634017,0.58459191,-0.365896,0.915971,-0.192857,1.707457,0.000000,0.000000,1.031603
159,02 04 13 22 24 38,0.07626599,0.75304951,0.418167,1.218715,2.011219,1.418058,0.000000,0.000000,0.630034
160,01 04 07 13 24 38,0.07582720,0.71055310,0.548844,1.256380,1.046936,1.418058,0.000000,0.000000,0.389633
161,04 07 10 12 13 24,0.07581912,0.59082846,-0.104542,0.899441,-0.743875,1.996857,0.000000,0.000000,0.012205
162,01 02 10 13 14 24,0.07566558,0.58381358,0.156813,1.478851,-0.743875,1.273358,0.000000,0.000000,-0.160679
163,04 07 09 10 13 24,0.07565356,0.54551843,-0.888604,1.340259,-0.192857,1.418058,0.000000,0.000000,-0.026682
164,04 07 10 13 24 31,0.07560256,0.55304013,-0.627250,0.615834,-0.743875,2.141557,0.000000,0.000000,0.791175
165,01 02 08 10 13 24,0.07546636,0.64838327,1.463583,2.027330,-0.743875,0.549859,0.000000,0.000000,-0.196293
166,04 10 12 13 24 38,0.07528687,0.69899820,0.940875,1.628180,0.771426,0.839259,0.000000,0.000000,0.616615
167,01 04 07 13 18 24,0.07528320,0.67757609,1.071552,0.729420,-0.881630,2.286256,0.000000,0.000000,-0.294653
168,04 09 10 13 18 24,0.07506460,0.62071117,0.679521,1.542039,-0.606121,1.128658,0.000000,0.000000,-0.034366
169,04 10 13 18 24 31,0.07499664,0.62823287,0.940875,0.817613,-1.157140,1.852157,0.000000,0.000000,0.780979
170,04 12 13 14 22 24,0.07446141,0.55971288,-0.496573,1.443735,-0.330611,1.273358,0.000000,0.000000,-0.175558
171,02 08 13 14 24 31,0.07395094,0.51822681,0.156813,1.846019,-1.157140,0.405159,0.000000,0.000000,0.933069
172,04 07 13 14 22 24,0.07383606,0.55706985,-1.019281,0.989030,0.082653,1.707457,0.000000,0.000000,0.320405
173,04 10 12 13 18 24,0.07379770,0.66602120,1.463583,1.101220,-1.157140,1.707457,0.000000,0.000000,-0.207701
174,04 07 08 13 22 24,0.07308425,0.62163954,0.287490,1.537508,0.082653,0.983958,0.000000,0.000000,0.202923
175,01 04 13 18 22 24,0.07303991,0.69492995,1.202229,0.946652,-0.192857,1.707457,0.000000,0.000000,0.399790
176,04 13 14 18 22 24,0.07290352,0.63226259,0.548844,1.190809,-0.330611,1.418058,0.000000,0.000000,0.261819
177,04 07 12 13 24 31,0.07261364,0.52333936,-0.757927,0.473973,-1.019385,2.141557,0.000000,0.000000,1.008944
178,02 08 09 13 14 24,0.07251182,0.51070511,-0.104542,2.570445,-0.606121,-0.318339,0.000000,0.000000,-0.105554
179,04 09 12 13 24 38,0.07247300,0.62398740,0.026135,1.927138,1.046936,0.260460,0.000000,0.000000,0.845957
180,04 13 14 22 24 38,0.07239049,0.66523959,0.026135,1.717769,1.597955,0.549859,0.000000,0.000000,0.789503
181,04 08 13 22 24 38,0.07231881,0.72980929,1.332906,2.266248,1.597955,-0.173640,0.000000,0.000000,0.772785
182,01 04 07 13 22 24,0.07215836,0.61973721,-0.365896,0.744873,0.220408,1.996857,0.000000,0.000000,0.189612
183,01 08 10 13 14 24,0.07213796,0.56057335,1.071552,2.526384,-1.157140,-0.318339,0.000000,0.000000,0.044231
184,01 02 08 13 24 31,0.07206726,0.58089417,0.810198,1.601862,-1.019385,0.694559,0.000000,0.000000,0.771760
185,04 12 13 18 24 31,0.07203662,0.59853210,0.810198,0.675752,-1.432649,1.852157,0.000000,0.000000,1.003029
186,01 02 13 14 24 31,0.07198474,0.51632448,-0.496573,1.053384,-1.019385,1.418058,0.000000,0.000000,0.765633
187,04 07 09 12 13 24,0.07164124,0.51581766,-1.019281,1.198399,-0.468366,1.418058,0.000000,0.000000,0.039467
188,01 04 13 22 24 38,0.07158198,0.72790695,0.679521,1.473612,1.735709,0.839259,0.000000,0.000000,0.787484
189,02 08 12 13 14 24,0.07155020,0.55601514,0.679521,2.129626,-1.157140,0.260460,0.000000,0.000000,-0.233661
190,04 10 13 24 31 38,0.07150888,0.66120987,0.418167,1.344573,0.771426,0.983958,0.000000,0.000000,0.867947
191,01 02 09 13 14 24,0.07148615,0.50880277,-0.757927,1.777809,-0.468366,0.694559,0.000000,0.000000,-0.133647
192,04 07 09 13 24 31,0.07138773,0.47802933,-1.541990,0.914792,-0.468366,1.562758,0.000000,0.000000,0.812962
193,04 07 10 13 24 38,0.07135983,0.69635517,0.418167,1.173475,1.184691,1.273358,0.000000,0.000000,0.623423
194,04 08 13 18 22 24,0.07131052,0.69683228,1.855615,1.739288,-0.330611,0.694559,0.000000,0.000000,0.019713
195,04 09 13 18 24 31,0.07100077,0.55322207,0.026135,1.116571,-0.881630,1.273358,0.000000,0.000000,0.835205
196,04 09 12 13 18 24,0.07095148,0.59101040,0.548844,1.400178,-0.881630,1.128658,0.000000,0.000000,0.016849
197,04 09 10 13 22 24,0.07076405,0.56287228,-0.757927,1.557491,0.495917,0.839259,0.000000,0.000000,0.275714
198,04 10 13 22 24 31,0.07065693,0.57039399,-0.496573,0.833065,-0.055102,1.562758,0.000000,0.000000,1.085257
199,01 02 08 12 13 24,0.07059127,0.61868250,1.332906,1.885469,-1.019385,0.549859,0.000000,0.000000,-0.257966
200,04 10 13 18 24 38,0.07035697,0.77154791,1.986292,1.375254,0.771426,0.983958,0.000000,0.000000,0.554418
201,01 02 08 09 13 24,0.07032828,0.57337247,0.548844,2.326288,-0.468366,-0.028940,0.000000,0.000000,-0.311289
202,01 02 04 08 14 24,0.07009579,0.60468533,0.940875,1.737247,-1.019385,0.839259,0.000000,0.000000,-0.660338
203,04 07 10 13 18 24,0.06970894,0.66337817,0.940875,0.646515,-0.743875,2.141557,0.000000,0.000000,-0.224852
204,04 10 12 13 22 24,0.06837319,0.60818232,0.026135,1.116672,-0.055102,1.418058,0.000000,0.000000,-0.064139
205,04 07 12 13 24 38,0.06834828,0.66665441,0.287490,1.031614,0.909181,1.273358,0.000000,0.000000,0.837838
206,01 02 12 13 14 24,0.06833932,0.55411281,0.026135,1.336991,-1.019385,1.273358,0.000000,0.000000,-0.585501
207,01 08 13 14 24 31,0.06830176,0.49308425,0.418167,2.100916,-1.432649,-0.173640,0.000000,0.000000,0.947525
208,02 08 13 14 24 38,0.06826175,0.66154185,1.202229,2.403661,0.771426,-0.463039,0.000000,0.000000,0.551019
209,04 07 09 13 24 38,0.06819557,0.62134437,-0.496573,1.472433,1.460200,0.694559,0.000000,0.000000,0.800855
210,04 12 13 24 31 38,0.06819350,0.63150910,0.287490,1.202712,0.495917,0.983958,0.000000,0.000000,1.037349
211,02 07 08 13 14 24,0.06815659,0.55337211,0.156813,1.674921,-0.743875,0.694559,0.000000,0.000000,-0.147825
212,01 02 13 14 18 24,0.06782949,0.62666251,1.071552,1.084065,-1.019385,1.418058,0.000000,0.000000,0.007149
213,02 08 13 14 18 24,0.06763988,0.62856485,1.724938,1.876701,-1.157140,0.405159,0.000000,0.000000,-0.144804
214,04 09 13 24 31 38,0.06754534,0.58619907,-0.496573,1.643531,1.046936,0.405159,0.000000,0.000000,0.926964
215,04 09 13 18 24 38,0.06741166,0.69653711,1.071552,1.674212,1.046936,0.405159,0.000000,0.000000,0.764288
216,01 02 08 13 24 38,0.06723875,0.72420921,1.855615,2.159503,0.909181,-0.173640,0.000000,0.000000,0.517222
217,02 10 13 14 24 31,0.06714371,0.50212655,-0.627250,0.970478,-0.881630,1.273358,0.000000,0.000000,0.944064
218,01 08 12 13 14 24,0.06714253,0.53087258,0.940875,2.384523,-1.432649,-0.318339,0.000000,0.000000,-0.035270
219,01 02 13 14 24 38,0.06708831,0.65963952,0.548844,1.611025,0.909181,0.549859,0.000000,0.000000,0.501032
220,04 12 13 18 24 38,0.06708363,0.74184714,1.855615,1.233394,0.495917,0.983958,0.000000,0.000000,0.730049
221,01 08 09 13 14 24,0.06706005,0.48556255,0.156813,2.825342,-0.881630,-0.897139,0.000000,0.000000,-0.061849
222,01 02 07 13 14 24,0.06696665,0.55146978,-0.496573,0.882286,-0.606121,1.707457,0.000000,0.000000,-0.200256
223,04 07 13 18 24 31,0.06687281,0.59588907,0.287490,0.221047,-1.019385,2.286256,0.000000,0.000000,0.826606
224,04 07 12 13 18 24,0.06676207,0.63367740,0.810198,0.504654,-1.019385,2.141557,0.000000,0.000000,-0.000854
225,04 09 13 22 24 31,0.06666752,0.49538318,-1.411313,1.132023,0.220408,0.983958,0.000000,0.000000,1.140440
226,01 02 08 13 18 24,0.06666240,0.69123221,2.378323,1.632543,-1.019385,0.694559,0.000000,0.000000,-0.171857
227,04 09 12 13 22 24,0.06663800,0.53317151,-0.888604,1.415630,0.220408,0.839259,0.000000,0.000000,0.325013
228,04 07 10 13 22 24,0.06652588,0.60553929,-0.496573,0.661967,0.358162,1.852157,0.000000,0.000000,0.250788
229,04 07 09 13 18 24,0.06651234,0.58836737,0.026135,0.945473,-0.468366,1.562758,0.000000,0.000000,-0.052212
230,02 08 10 13 24 31,0.06641943,0.56669625,0.679521,1.518957,-0.881630,0.549859,0.000000,0.000000,0.830659
231,04 12 13 22 24 31,0.06628874,0.54069322,-0.627250,0.691205,-0.330611,1.562758,0.000000,0.000000,1.098683
232,02 09 10 13 14 24,0.06590108,0.49460485,-0.888604,1.694904,-0.330611,0.549859,0.000000,0.000000,-0.065449
233,01 02 07 08 13 24,0.06570784,0.61603947,0.810198,1.430764,-0.606121,0.983958,0.000000,0.000000,-0.392852
234,01 02 10 13 24 31,0.06556089,0.56479391,0.026135,0.726321,-0.743875,1.562758,0.000000,0.000000,0.827327
235,04 10 13 22 24 38,0.06545660,0.71370903,0.548844,1.390707,1.873464,0.694559,0.000000,0.000000,0.775633
236,02 08 09 10 13 24,0.06502924,0.55917454,0.418167,2.243382,-0.330611,-0.173640,0.000000,0.000000,-0.200714
237,04 10 13 18 22 24,0.06493563,0.68073202,1.071552,0.863746,-0.055102,1.562758,0.000000,0.000000,0.094759
238,01 02 09 10 13 24,0.06395829,0.55727221,-0.235219,1.450747,-0.192857,0.839259,0.000000,0.000000,-0.235516
239,02 08 10 12 13 24,0.06382290,0.60448458,1.202229,1.802564,-0.881630,0.405159,0.000000,0.000000,-0.365077
240,01 02 04 10 14 24,0.06382026,0.58858507,0.156813,0.861706,-0.743875,1.707457,0.000000,0.000000,-0.570570
241,01 08 13 14 18 24,0.06359857,0.60342229,1.986292,2.131598,-1.432649,-0.173640,0.000000,0.000000,0.107863
242,02 10 12 13 14 24,0.06355874,0.53991488,-0.104542,1.254085,-0.881630,1.128658,0.000000,0.000000,-0.398115
243,04 07 13 24 31 38,0.06348208,0.62886607,-0.235219,0.748007,0.909181,1.418058,0.000000,0.000000,0.927949
244,01 08 13 14 24 38,0.06343014,0.63639929,1.463583,2.658558,0.495917,-1.041838,0.000000,0.000000,0.686601
245,02 04 08 10 14 24,0.06337493,0.59048741,0.810198,1.654341,-0.881630,0.694559,0.000000,0.000000,-0.760410
246,04 07 13 18 24 38,0.06330634,0.73920411,1.332906,0.778688,0.909181,1.418058,0.000000,0.000000,0.759044
247,02 04 08 13 14 31,0.06319986,0.48994341,-0.104542,1.186608,-1.570404,0.983958,0.000000,0.000000,0.372517
248,02 09 13 14 24 31,0.06313813,0.42711575,-1.541990,1.269436,-0.606121,0.694559,0.000000,0.000000,0.996852
249,02 08 13 14 22 24,0.06310817,0.57072596,0.287490,1.892153,-0.055102,0.115760,0.000000,0.000000,0.131029
250,01 02 10 12 13 24,0.06291697,0.60258224,0.548844,1.009928,-0.743875,1.418058,0.000000,0.000000,-0.375431
251,02 07 10 13 14 24,0.06273512,0.53727185,-0.627250,0.799380,-0.468366,1.562758,0.000000,0.000000,0.068475
252,01 07 08 13 14 24,0.06270159,0.52822955,0.418167,1.929818,-1.019385,0.115760,0.000000,0.000000,-0.104599
253,04 07 13 22 24 31,0.06255250,0.53805019,-1.149958,0.236499,0.082653,1.996857,0.000000,0.000000,1.133758
254,04 09 13 22 24 38,0.06251776,0.63869822,-0.365896,1.689664,2.148974,0.115760,0.000000,0.000000,0.986462
255,02 08 09 13 24 31,0.06247518,0.49168544,-0.235219,1.817915,-0.606121,-0.028940,0.000000,0.000000,0.892534
256,02 08 12 13 24 31,0.06247033,0.53699548,0.548844,1.377096,-1.157140,0.549859,0.000000,0.000000,0.906175
257,04 07 12 13 22 24,0.06246153,0.57583852,-0.627250,0.520107,0.082653,1.852157,0.000000,0.000000,0.309227
258,01 02 08 13 22 24,0.06243948,0.63339332,0.940875,1.647996,0.082653,0.405159,0.000000,0.000000,0.149724
259,02 04 08 14 24 31,0.06228496,0.52299831,0.156813,1.228873,-1.157140,0.839259,0.000000,0.000000,0.549748
260,04 07 09 13 22 24,0.06223120,0.53052848,-1.411313,0.960925,0.633672,1.273358,0.000000,0.000000,0.260743
261,04 13 18 24 31 38,0.06211795,0.70405881,1.332906,0.949786,0.495917,1.128658,0.000000,0.000000,0.805422
262,08 10 13 14 24 31,0.06205113,0.47888633,0.287490,2.018011,-1.294894,-0.318339,0.000000,0.000000,0.917119
263,02 09 12 13 14 24,0.06180737,0.46490408,-1.019281,1.553043,-0.606121,0.549859,0.000000,0.000000,-0.011359
264,04 13 18 22 24 31,0.06180598,0.61324292,0.418167,0.438279,-0.330611,1.707457,0.000000,0.000000,1.102732
265,02 12 13 14 24 31,0.06170332,0.47242578,-0.757927,0.828617,-1.157140,1.273358,0.000000,0.000000,0.798639
266,01 02 04 14 24 31,0.06168509,0.52109597,-0.496573,0.436238,-1.019385,1.852157,0.000000,0.000000,0.584737
267,01 02 13 14 22 24,0.06159118,0.56882363,-0.365896,1.099517,0.082653,1.128658,0.000000,0.000000,0.030145
268,01 02 04 08 10 24,0.06156479,0.65315477,1.463583,1.410184,-0.743875,0.983958,0.000000,0.000000,-0.910824
269,02 07 08 10 13 24,0.06154480,0.60184155,0.679521,1.347859,-0.468366,0.839259,0.000000,0.000000,-0.113975
270,04 09 13 18 22 24,0.06154181,0.60572122,0.156813,1.162704,0.220408,0.983958,0.000000,0.000000,0.238182
271,02 10 13 14 18 24,0.06152202,0.61246459,0.940875,1.001159,-0.881630,1.273358,0.000000,0.000000,-0.031677
272,01 10 13 14 24 31,0.06149776,0.47698399,-0.365896,1.225375,-1.157140,0.694559,0.000000,0.000000,0.958999
273,02 10 13 14 24 38,0.06143188,0.64544160,0.418167,1.528119,1.046936,0.405159,0.000000,0.000000,0.558659
274,02 04 08 09 14 24,0.06142636,0.51547661,-0.104542,1.953299,-0.606121,0.115760,0.000000,0.000000,-0.402869
275,04 12 13 18 22 24,0.06125681,0.65103125,0.940875,0.721886,-0.330611,1.562758,0.000000,0.000000,0.210318
276,04 12 13 22 24 38,0.06106578,0.68400826,0.418167,1.248846,1.597955,0.694559,0.000000,0.000000,0.785706
277,02 08 09 12 13 24,0.06102016,0.52947377,0.287490,2.101522,-0.606121,-0.173640,0.000000,0.000000,-0.134086
278,01 02 10 13 18 24,0.06084540,0.67513195,1.594261,0.757002,-0.743875,1.562758,0.000000,0.000000,-0.014157
279,01 08 10 13 24 31,0.06076377,0.54155369,0.940875,1.773854,-1.157140,-0.028940,0.000000,0.000000,0.844157
280,01 02 10 13 24 38,0.06070974,0.70810895,1.071552,1.283962,1.184691,0.694559,0.000000,0.000000,0.569435
281,02 08 10 13 24 38,0.06068278,0.71001129,1.724938,2.076598,1.046936,-0.318339,0.000000,0.000000,0.441578
282,01 02 04 09 14 24,0.06059215,0.51357427,-0.757927,1.160664,-0.468366,1.128658,0.000000,0.000000,-0.402597
283,01 09 10 13 14 24,0.06045254,0.46946229,-0.627250,1.949801,-0.606121,-0.028940,0.000000,0.000000,-0.021266
284,01 02 07 10 13 24,0.06042625,0.59993921,0.026135,0.555223,-0.330611,1.852157,0.000000,0.000000,-0.155828
285,01 02 12 13 24 31,0.06038875,0.53509314,-0.104542,0.584460,-1.019385,1.562758,0.000000,0.000000,0.721645
286,01 02 09 13 24 31,0.06036971,0.48978311,-0.888604,1.025279,-0.468366,0.983958,0.000000,0.000000,0.704465
287,01 04 08 10 14 24,0.06012986,0.56534485,1.071552,1.909238,-1.157140,0.115760,0.000000,0.000000,-0.389777
288,01 02 09 12 13 24,0.05997185,0.52757144,-0.365896,1.308886,-0.468366,0.839259,0.000000,0.000000,-0.165533
289,02 08 10 13 18 24,0.05993153,0.67703428,2.247646,1.549638,-0.881630,0.549859,0.000000,0.000000,-0.273412
290,01 02 04 08 24 31,0.05975744,0.58566567,0.810198,0.984716,-1.019385,1.128658,0.000000,0.000000,0.293051
291,01 08 09 10 13 24,0.05957100,0.53403198,0.679521,2.498279,-0.606121,-0.752439,0.000000,0.000000,-0.157968
292,01 02 04 08 13 31,0.05954423,0.55261076,0.548844,0.942451,-1.432649,1.273358,0.000000,0.000000,-0.051312
293,01 08 10 12 13 24,0.05940876,0.57934202,1.463583,2.057461,-1.157140,-0.173640,0.000000,0.000000,-0.167645
294,02 04 08 12 14 24,0.05939509,0.56078664,0.679521,1.512481,-1.157140,0.694559,0.000000,0.000000,-0.689448
295,01 02 04 13 14 31,0.05919450,0.48804107,-0.757927,0.393972,-1.432649,1.996857,0.000000,0.000000,-0.097027
296,01 10 12 13 14 24,0.05915430,0.51477232,0.156813,1.508982,-1.157140,0.549859,0.000000,0.000000,-0.199245
297,02 07 13 14 24 31,0.05899077,0.46978275,-1.280636,0.373912,-0.743875,1.707457,0.000000,0.000000,0.985378
298,02 13 14 18 24 31,0.05884100,0.54497549,0.287490,0.575691,-1.157140,1.418058,0.000000,0.000000,1.042761
299,01 08 13 14 22 24,0.05871667,0.54558340,0.548844,2.147050,-0.330611,-0.463039,0.000000,0.000000,0.331816
300,01 02 04 08 12 24,0.05870938,0.62345400,1.332906,1.268323,-1.019385,0.983958,0.000000,0.000000,-0.673276
301,01 02 04 12 14 24,0.05868260,0.55888430,0.026135,0.719845,-1.019385,1.707457,0.000000,0.000000,-0.671144
302,02 09 13 14 24 38,0.05847687,0.57043079,-0.496573,1.827077,1.322445,-0.173640,0.000000,0.000000,0.767092
303,04 07 13 22 24 38,0.05842539,0.68136523,-0.104542,0.794141,2.011219,1.128658,0.000000,0.000000,0.983134
304,02 07 09 13 14 24,0.05842426,0.46226105,-1.541990,1.098338,-0.192857,0.983958,0.000000,0.000000,0.076035
305,02 09 13 14 18 24,0.05824399,0.53745379,0.026135,1.300117,-0.606121,0.694559,0.000000,0.000000,0.128900
306,02 07 08 13 24 31,0.05817493,0.53435245,0.026135,0.922391,-0.743875,0.983958,0.000000,0.000000,0.858409
307,04 07 13 18 22 24,0.05780738,0.64838822,0.418167,0.267181,0.082653,1.996857,0.000000,0.000000,0.287884
308,02 08 09 13 24 38,0.05778910,0.63500049,0.810198,2.375556,1.322445,-0.897139,0.000000,0.000000,0.659098
309,01 02 13 18 24 31,0.05770147,0.60764285,0.940875,0.331534,-1.019385,1.707457,0.000000,0.000000,0.991699
310,08 10 13 14 24 38,0.05766935,0.62220137,1.332906,2.575652,0.633672,-1.186538,0.000000,0.000000,0.728767
311,01 04 08 13 14 31,0.05765946,0.46480085,0.156813,1.441505,-1.845913,0.405159,0.000000,0.000000,0.403091
312,02 07 12 13 14 24,0.05759856,0.50757108,-0.757927,0.657519,-0.743875,1.562758,0.000000,0.000000,-0.031937
313,01 02 04 08 09 24,0.05744632,0.57814396,0.548844,1.709142,-0.468366,0.405159,0.000000,0.000000,-0.874761
314,01 10 13 14 18 24,0.05735198,0.58732203,1.202229,1.256056,-1.157140,0.694559,0.000000,0.000000,0.201919
315,01 07 10 13 14 24,0.05728335,0.51212929,-0.365896,1.054277,-0.743875,0.983958,0.000000,0.000000,0.112179
316,08 09 13 14 24 31,0.05714706,0.40387553,-0.627250,2.316969,-1.019385,-0.897139,0.000000,0.000000,0.836794
317,01 04 08 09 14 24,0.05714043,0.49033405,0.156813,2.208196,-0.881630,-0.463039,0.000000,0.000000,-0.186443
318,02 08 09 13 18 24,0.05700551,0.60202348,1.332906,1.848596,-0.606121,-0.028940,0.000000,0.000000,-0.060684
319,02 04 07 08 14 24,0.05681886,0.55814361,0.156813,1.057775,-0.743875,1.128658,0.000000,0.000000,-0.482515
320,01 08 12 13 24 31,0.05681791,0.51185292,0.810198,1.631993,-1.432649,-0.028940,0.000000,0.000000,0.920152
321,02 08 13 18 24 31,0.05673920,0.60954518,1.594261,1.124170,-1.157140,0.694559,0.000000,0.000000,0.725275
322,08 12 13 14 24 31,0.05673247,0.44918556,0.156813,1.876150,-1.570404,-0.318339,0.000000,0.000000,0.789730
323,02 04 10 13 14 31,0.05671612,0.47384315,-0.888604,0.311067,-1.294894,1.852157,0.000000,0.000000,0.431439
324,02 08 12 13 24 38,0.05671104,0.68031052,1.594261,1.934737,0.771426,-0.318339,0.000000,0.000000,0.513740
325,01 04 08 14 24 31,0.05669705,0.49785575,0.418167,1.483770,-1.432649,0.260460,0.000000,0.000000,0.573282
326,02 07 08 12 13 24,0.05665030,0.57214078,0.548844,1.205998,-0.743875,0.839259,0.000000,0.000000,-0.178523
327,01 10 13 14 24 38,0.05660350,0.62029903,0.679521,1.783016,0.771426,-0.173640,0.000000,0.000000,0.694720
328,01 02 09 13 24 38,0.05656913,0.63309815,0.156813,1.582920,1.460200,0.115760,0.000000,0.000000,0.602218
329,04 13 18 22 24 38,0.05651509,0.75655796,1.463583,0.995920,1.597955,0.839259,0.000000,0.000000,0.779692
330,02 12 13 14 18 24,0.05650708,0.58276382,0.810198,0.859299,-1.157140,1.273358,0.000000,0.000000,-0.114069
331,08 09 10 13 14 24,0.05650669,0.47136463,0.026135,2.742437,-0.743875,-1.041838,0.000000,0.000000,-0.729719
332,01 09 13 14 24 31,0.05645132,0.40197319,-1.280636,1.524333,-0.881630,0.115760,0.000000,0.000000,0.857580
333,02 07 08 09 13 24,0.05641642,0.52683074,-0.235219,1.646817,-0.192857,0.260460,0.000000,0.000000,-0.227533
334,01 02 09 13 18 24,0.05638177,0.60012115,0.679521,1.055960,-0.468366,0.983958,0.000000,0.000000,-0.029230
335,01 09 12 13 14 24,0.05636207,0.43976152,-0.757927,1.807940,-0.881630,-0.028940,0.000000,0.000000,0.033304
336,02 10 13 14 22 24,0.05633005,0.55462571,-0.496573,1.016612,0.220408,0.983958,0.000000,0.000000,0.146336
337,01 02 04 14 18 24,0.05630138,0.63143401,1.071552,0.466919,-1.019385,1.852157,0.000000,0.000000,-0.355746
338,01 12 13 14 24 31,0.05615334,0.44728322,-0.496573,1.083514,-1.432649,0.694559,0.000000,0.000000,0.827793
339,01 04 08 12 14 24,0.05615325,0.53564408,0.940875,1.767378,-1.432649,0.115760,0.000000,0.000000,-0.318337
340,01 02 12 13 18 24,0.05609871,0.64543118,1.463583,0.615142,-1.019385,1.562758,0.000000,0.000000,-0.056807
341,01 07 08 10 13 24,0.05608333,0.57669899,0.940875,1.602756,-0.743875,0.260460,0.000000,0.000000,-0.071708
342,02 08 12 13 18 24,0.05602448,0.64733351,2.116969,1.407777,-1.157140,0.549859,0.000000,0.000000,-0.191667
343,02 12 13 14 24 38,0.05596885,0.61574083,0.287490,1.386259,0.771426,0.405159,0.000000,0.000000,0.409881
344,01 02 10 13 22 24,0.05596222,0.61729306,0.156813,0.772455,0.358162,1.273358,0.000000,0.000000,0.209605
345,01 02 04 14 24 38,0.05594403,0.66441101,0.548844,0.993879,0.909181,0.983958,0.000000,0.000000,0.195002
346,04 13 22 24 31 38,0.05591936,0.64621993,-0.104542,0.965239,1.597955,0.839259,0.000000,0.000000,0.834301
347,01 02 07 13 24 31,0.05590519,0.53245011,-0.627250,0.129755,-0.606121,1.996857,0.000000,0.000000,0.646003
348,01 02 04 07 14 24,0.05589678,0.55624127,-0.496573,0.265140,-0.606121,2.141557,0.000000,0.000000,-0.495261
349,01 08 10 13 18 24,0.05588375,0.65189172,2.509000,1.804535,-1.157140,-0.028940,0.000000,0.000000,-0.021703
350,01 08 10 13 24 38,0.05584470,0.68486873,1.986292,2.331495,0.771426,-0.897139,0.000000,0.000000,0.576202
351,02 09 10 13 24 31,0.05580945,0.47558519,-1.019281,0.942373,-0.330611,0.839259,0.000000,0.000000,0.924492
352,01 08 09 13 24 31,0.05577866,0.46654288,0.026135,2.072812,-0.881630,-0.607739,0.000000,0.000000,0.751824
353,02 04 10 14 24 31,0.05574935,0.50689805,-0.627250,0.353332,-0.881630,1.707457,0.000000,0.000000,0.600983
354,02 04 08 14 24 38,0.05565841,0.66631335,1.202229,1.786515,0.771426,-0.028940,0.000000,0.000000,0.028825
355,02 08 10 13 22 24,0.05565039,0.61919540,0.810198,1.565090,0.220408,0.260460,0.000000,0.000000,0.039544
356,01 08 09 12 13 24,0.05556516,0.50433121,0.548844,2.356419,-0.881630,-0.752439,0.000000,0.000000,-0.090860
357,02 10 12 13 24 31,0.05552843,0.52089522,-0.235219,0.501555,-0.881630,1.418058,0.000000,0.000000,0.897218
358,01 02 12 13 24 38,0.05551496,0.67840818,0.940875,1.142102,0.909181,0.694559,0.000000,0.000000,0.460398
359,01 02 07 12 13 24,0.05542957,0.57023844,-0.104542,0.413362,-0.606121,1.852157,0.000000,0.000000,-0.235516
360,01 02 04 08 13 14,0.05523943,0.57163043,0.679521,1.694981,-1.432649,0.983958,0.000000,0.000000,-3.174128
361,02 04 08 10 13 31,0.05504753,0.53841284,0.418167,0.859545,-1.294894,1.128658,0.000000,0.000000,0.178133
362,02 04 09 10 14 24,0.05504343,0.49937635,-0.888604,1.077758,-0.330611,0.983958,0.000000,0.000000,-0.329013
363,08 10 12 13 14 24,0.05504342,0.51667466,0.810198,2.301618,-1.294894,-0.463039,0.000000,0.000000,-0.932146
364,01 02 07 09 13 24,0.05500620,0.52492841,-0.888604,0.854181,-0.055102,1.273358,0.000000,0.000000,-0.312598
365,07 08 10 13 14 24,0.05480320,0.51403163,0.287490,1.846913,-0.881630,-0.028940,0.000000,0.000000,-0.379125
366,02 04 08 14 18 24,0.05474544,0.63333635,1.724938,1.259555,-1.157140,0.839259,0.000000,0.000000,-0.710125
367,01 02 04 08 18 24,0.05468085,0.69600370,2.378323,1.015398,-1.019385,1.128658,0.000000,0.000000,-0.601931
368,08 10 13 14 18 24,0.05451027,0.58922437,1.855615,2.048692,-1.294894,-0.318339,0.000000,0.000000,-0.342951
369,02 04 08 10 24 31,0.05446973,0.57146774,0.679521,0.901811,-0.881630,0.983958,0.000000,0.000000,0.405305
370,02 07 13 14 24 38,0.05435215,0.61309780,-0.235219,0.931554,1.184691,0.839259,0.000000,0.000000,0.758973
371,01 02 04 08 24 38,0.05410923,0.72898071,1.855615,1.542358,0.909181,0.260460,0.000000,0.000000,-0.082928
372,02 13 14 24 31 38,0.05400682,0.57795249,-0.235219,1.102651,0.771426,0.549859,0.000000,0.000000,0.930253
373,01 02 04 10 24 31,0.05383527,0.56956541,0.026135,0.109175,-0.743875,1.996857,0.000000,0.000000,0.435169
374,08 09 13 14 24 38,0.05381586,0.54719057,0.418167,2.874610,0.909181,-1.765337,0.000000,0.000000,0.804087
375,02 04 08 13 14 38,0.05379265,0.63325845,0.940875,1.744249,0.358162,0.115760,0.000000,0.000000,-0.560368
376,02 07 13 14 18 24,0.05369794,0.58012079,0.287490,0.404593,-0.743875,1.707457,0.000000,0.000000,0.058358
377,02 07 08 13 24 38,0.05351149,0.67766749,1.071552,1.480032,1.184691,0.115760,0.000000,0.000000,0.628327
378,02 09 13 14 22 24,0.05334916,0.47961490,-1.411313,1.315570,0.495917,0.405159,0.000000,0.000000,0.350936
379,07 08 13 14 24 31,0.05326576,0.44654253,-0.365896,1.421445,-1.157140,0.115760,0.000000,0.000000,0.864738
380,01 02 04 10 13 31,0.05324930,0.53651051,-0.235219,0.066910,-1.157140,2.141557,0.000000,0.000000,0.035582
381,01 13 14 18 24 31,0.05323474,0.51983293,0.548844,0.830588,-1.432649,0.839259,0.000000,0.000000,1.063578
382,02 09 10 12 13 24,0.05317835,0.51337352,-0.496573,1.225981,-0.330611,0.694559,0.000000,0.000000,-0.276367
383,01 02 13 24 31 38,0.05310367,0.64061985,0.418167,0.858494,0.909181,0.839259,0.000000,0.000000,0.914213
384,01 09 13 14 18 24,0.05309907,0.51231123,0.287490,1.555014,-0.881630,0.115760,0.000000,0.000000,0.218064
385,08 13 14 18 24 31,0.05304511,0.52173527,1.202229,1.623224,-1.570404,-0.173640,0.000000,0.000000,0.911620
386,02 13 14 18 24 38,0.05294587,0.68829053,1.332906,1.133333,0.771426,0.549859,0.000000,0.000000,0.630201
387,02 08 13 24 31 38,0.05291482,0.64252219,1.071552,1.651130,0.771426,-0.173640,0.000000,0.000000,0.762371
388,02 13 14 22 24 31,0.05283581,0.48713661,-1.149958,0.591144,-0.055102,1.128658,0.000000,0.000000,1.100294
389,01 02 13 18 24 38,0.05275975,0.75095789,1.986292,0.889176,0.909181,0.839259,0.000000,0.000000,0.720390
390,02 08 09 13 22 24,0.05273084,0.54418460,-0.104542,1.864048,0.495917,-0.318339,0.000000,0.000000,0.253230
391,01 02 04 07 08 24,0.05270124,0.62081097,0.810198,0.813618,-0.606121,1.418058,0.000000,0.000000,-0.974789
392,02 07 08 13 18 24,0.05266321,0.64469049,1.594261,0.953072,-0.743875,0.983958,0.000000,0.000000,-0.101039
393,02 04 09 14 24 31,0.05265128,0.43188725,-1.541990,0.652290,-0.606121,1.128658,0.000000,0.000000,0.788222
394,01 09 13 14 24 38,0.05260762,0.54528823,-0.235219,2.081974,1.046936,-0.752439,0.000000,0.000000,0.748946
395,02 04 09 13 14 31,0.05255287,0.39883235,-1.803344,0.610025,-1.019385,1.273358,0.000000,0.000000,0.460867
396,01 04 07 08 14 24,0.05252968,0.53300105,0.418167,1.312672,-1.019385,0.549859,0.000000,0.000000,-0.266569
397,04 08 10 13 14 31,0.05244321,0.45060292,0.026135,1.358599,-1.708158,0.260460,0.000000,0.000000,0.525931
398,02 08 13 22 24 31,0.05242536,0.55170630,0.156813,1.139622,-0.055102,0.405159,0.000000,0.000000,1.033385
399,08 09 12 13 14 24,0.05239357,0.44166386,-0.104542,2.600576,-1.019385,-1.041838,0.000000,0.000000,-0.678504
400,08 12 13 14 24 38,0.05232805,0.59250060,1.202229,2.433791,0.358162,-1.186538,0.000000,0.000000,0.598023
401,01 07 13 14 24 31,0.05230073,0.44464019,-1.019281,0.628809,-1.019385,1.128658,0.000000,0.000000,0.845627
402,01 12 13 14 18 24,0.05220832,0.55762126,1.071552,1.114196,-1.432649,0.694559,0.000000,0.000000,0.100457
403,01 10 13 14 22 24,0.05216648,0.52948315,-0.235219,1.271509,-0.055102,0.405159,0.000000,0.000000,0.380891
404,01 07 12 13 14 24,0.05215002,0.48242852,-0.496573,0.912416,-1.019385,0.983958,0.000000,0.000000,0.012247
405,01 02 07 13 24 38,0.05212724,0.67576515,0.418167,0.687396,1.322445,1.128658,0.000000,0.000000,0.547109
406,02 04 08 09 10 24,0.05203893,0.56394604,0.418167,1.626237,-0.330611,0.260460,0.000000,0.000000,-0.780239
407,01 08 12 13 18 24,0.05197993,0.62219095,2.378323,1.662674,-1.432649,-0.028940,0.000000,0.000000,0.060521
408,01 07 09 13 14 24,0.05193163,0.43711849,-1.280636,1.353235,-0.468366,0.405159,0.000000,0.000000,-0.034468
409,01 08 09 13 18 24,0.05191686,0.57688092,1.594261,2.103493,-0.881630,-0.607739,0.000000,0.000000,0.036817
410,01 08 09 13 24 38,0.05191015,0.60985793,1.071552,2.630453,1.046936,-1.475938,0.000000,0.000000,0.639514
411,01 08 12 13 24 38,0.05187619,0.65516796,1.855615,2.189634,0.495917,-0.897139,0.000000,0.000000,0.648842
412,01 02 13 22 24 31,0.05181299,0.54980396,-0.496573,0.346987,0.082653,1.418058,0.000000,0.000000,1.066523
413,01 02 09 13 22 24,0.05179573,0.54228226,-0.757927,1.071413,0.633672,0.694559,0.000000,0.000000,0.238554
414,02 08 12 13 22 24,0.05173041,0.58949463,0.679521,1.423230,-0.055102,0.260460,0.000000,0.000000,0.119372
415,02 04 10 12 14 24,0.05170785,0.54468638,-0.104542,0.636939,-0.881630,1.562758,0.000000,0.000000,-0.808830
416,02 08 13 18 24 38,0.05167881,0.75286023,2.639677,1.681811,0.771426,-0.173640,0.000000,0.000000,0.436383
417,02 09 12 13 24 31,0.05166075,0.44588442,-1.149958,0.800513,-0.606121,0.839259,0.000000,0.000000,0.970436
418,01 02 07 13 18 24,0.05151855,0.64278815,0.940875,0.160436,-0.606121,1.996857,0.000000,0.000000,-0.146761
419,01 07 08 13 24 31,0.05147518,0.50920989,0.287490,1.177288,-1.019385,0.405159,0.000000,0.000000,0.717221
420,02 04 12 14 24 31,0.05145615,0.47719728,-0.757927,0.211472,-1.157140,1.707457,0.000000,0.000000,0.625518
421,04 08 10 14 24 31,0.05136969,0.48365782,0.287490,1.400865,-1.294894,0.115760,0.000000,0.000000,0.679662
422,02 04 08 09 24 31,0.05133823,0.49645694,-0.235219,1.200769,-0.606121,0.405159,0.000000,0.000000,0.587591
423,02 04 08 13 14 22,0.05126650,0.54244256,0.026135,1.232742,-0.468366,0.694559,0.000000,0.000000,-0.591097
424,01 08 10 13 22 24,0.05125243,0.59405284,1.071552,1.819987,-0.055102,-0.318339,0.000000,0.000000,0.239372
425,02 04 08 12 13 31,0.05124466,0.50871207,0.287490,0.717685,-1.570404,1.128658,0.000000,0.000000,0.275311
426,01 02 04 10 12 24,0.05119463,0.60735374,0.548844,0.392782,-0.743875,1.852157,0.000000,0.000000,-0.767102
427,01 07 08 12 13 24,0.05119207,0.54699822,0.810198,1.460895,-1.019385,0.260460,0.000000,0.000000,-0.135777
428,01 04 10 13 14 31,0.05117897,0.44870059,-0.627250,0.565964,-1.570404,1.273358,0.000000,0.000000,0.462493
429,01 02 04 09 10 24,0.05115944,0.56204371,-0.235219,0.833601,-0.192857,1.273358,0.000000,0.000000,-0.786675
430,01 12 13 14 24 38,0.05114370,0.59059826,0.548844,1.641156,0.495917,-0.173640,0.000000,0.000000,0.546421
431,02 07 10 12 13 24,0.05111047,0.55604052,-0.235219,0.330457,-0.468366,1.707457,0.000000,0.000000,0.020241
432,02 09 10 13 24 38,0.05110073,0.61890023,0.026135,1.500015,1.597955,-0.028940,0.000000,0.000000,0.687702
433,01 08 13 18 24 31,0.05109649,0.58440262,1.855615,1.379067,-1.432649,0.115760,0.000000,0.000000,0.740689
434,02 04 08 09 13 31,0.05103018,0.46340204,-0.496573,1.158503,-1.019385,0.549859,0.000000,0.000000,0.229176
435,02 07 09 10 13 24,0.05093521,0.51073049,-1.019281,0.771275,0.082653,1.128658,0.000000,0.000000,-0.020084
436,01 04 08 14 24 38,0.05088807,0.64117079,1.463583,2.041412,0.495917,-0.607739,0.000000,0.000000,0.173485
437,02 04 09 12 14 24,0.05084769,0.46967558,-1.019281,0.935897,-0.606121,0.983958,0.000000,0.000000,-0.290038
438,02 04 08 10 12 24,0.05077194,0.60925607,1.202229,1.185418,-0.881630,0.839259,0.000000,0.000000,-0.953587
439,01 04 09 10 14 24,0.05076073,0.47423379,-0.627250,1.332655,-0.606121,0.405159,0.000000,0.000000,-0.112108
440,02 09 10 13 18 24,0.05073848,0.58592322,0.548844,0.973055,-0.330611,0.839259,0.000000,0.000000,0.030342
441,02 04 08 12 24 31,0.05072047,0.54176697,0.548844,0.759950,-1.157140,0.983958,0.000000,0.000000,0.510426
442,01 02 04 13 14 38,0.05067279,0.63135611,0.287490,0.951614,0.495917,1.128658,0.000000,0.000000,-0.898723
443,01 02 04 08 13 38,0.05062859,0.69592581,1.594261,1.500092,0.495917,0.405159,0.000000,0.000000,-0.911370
444,08 09 13 14 18 24,0.05062443,0.51421356,0.940875,2.347650,-1.019385,-0.897139,0.000000,0.000000,-0.272424
445,02 07 10 13 24 31,0.05048937,0.51825219,-0.757927,0.046850,-0.468366,1.852157,0.000000,0.000000,0.739277
446,02 04 12 13 14 31,0.05046207,0.44414238,-1.019281,0.169206,-1.570404,1.852157,0.000000,0.000000,0.165468
447,02 04 07 10 14 24,0.05041978,0.54204335,-0.627250,0.182234,-0.468366,1.996857,0.000000,0.000000,-0.411051
448,01 04 08 14 18 24,0.05040875,0.60819379,1.986292,1.514452,-1.432649,0.260460,0.000000,0.000000,-0.501218
449,02 04 08 14 22 24,0.05027195,0.57549746,0.287490,1.275007,-0.055102,0.549859,0.000000,0.000000,-0.425667
450,02 10 13 18 24 31,0.05020971,0.59344493,0.810198,0.248629,-0.881630,1.562758,0.000000,0.000000,0.777416
451,02 12 13 14 22 24,0.05019763,0.52492494,-0.627250,0.874751,-0.055102,0.983958,0.000000,0.000000,-0.101615
452,01 04 10 14 24 31,0.05016467,0.48175549,-0.365896,0.608229,-1.157140,1.128658,0.000000,0.000000,0.624997
453,01 02 04 14 22 24,0.05012130,0.57359513,-0.365896,0.482371,0.082653,1.562758,0.000000,0.000000,-0.324124
454,08 13 14 24 31 38,0.05008892,0.55471227,0.679521,2.150184,0.358162,-1.041838,0.000000,0.000000,1.077343
455,02 04 08 09 12 24,0.05006583,0.53424527,0.287490,1.484376,-0.606121,0.260460,0.000000,0.000000,-0.411973
456,01 02 04 12 24 31,0.05003273,0.53986464,-0.104542,-0.032686,-1.019385,1.996857,0.000000,0.000000,0.532398
457,02 04 08 10 13 14,0.05000101,0.55743251,0.548844,1.612076,-1.294894,0.839259,0.000000,0.000000,-3.054571
458,09 10 13 14 24 31,0.04998684,0.38777527,-1.411313,1.441427,-0.743875,-0.028940,0.000000,0.000000,0.795492
459,01 04 08 10 24 31,0.04997991,0.54632518,0.940875,1.156708,-1.157140,0.405159,0.000000,0.000000,0.591524
460,01 07 08 09 13 24,0.04991408,0.50168818,0.026135,1.901714,-0.468366,-0.318339,0.000000,0.000000,-0.339473
461,01 10 12 13 24 31,0.04987925,0.49575266,0.026135,0.756452,-1.157140,0.839259,0.000000,0.000000,0.911674
462,01 02 12 13 22 24,0.04987335,0.58759229,0.026135,0.630594,0.082653,1.273358,0.000000,0.000000,-0.031894
463,02 04 08 13 14 18,0.04987064,0.60028144,1.463583,1.217289,-1.570404,0.983958,0.000000,0.000000,-1.745116
464,08 09 10 13 24 31,0.04985719,0.45234496,-0.104542,1.989906,-0.743875,-0.752439,0.000000,0.000000,0.770185
465,02 10 12 13 18 24,0.04977196,0.63123326,1.332906,0.532236,-0.881630,1.418058,0.000000,0.000000,-0.098492
466,02 10 12 13 24 38,0.04974651,0.66421026,0.810198,1.059196,1.046936,0.549859,0.000000,0.000000,0.501429
467,07 08 13 14 24 38,0.04972420,0.58985757,0.679521,1.979086,0.771426,-0.752439,0.000000,0.000000,0.800866
468,01 04 10 12 14 24,0.04957380,0.51954382,0.156813,0.891836,-1.157140,0.983958,0.000000,0.000000,-0.273596
469,04 08 09 10 14 24,0.04950307,0.47613612,0.026135,2.125291,-0.743875,-0.607739,0.000000,0.000000,-0.422297
470,01 04 08 10 13 31,0.04950067,0.51327028,0.679521,1.114442,-1.570404,0.549859,0.000000,0.000000,0.207749
471,02 04 13 14 18 31,0.04947459,0.51669209,0.026135,-0.083720,-1.570404,1.996857,0.000000,0.000000,0.687353
472,01 02 04 09 24 31,0.04942422,0.49455461,-0.888604,0.408133,-0.468366,1.418058,0.000000,0.000000,0.427887
473,01 02 04 10 13 14,0.04942211,0.55553017,-0.104542,0.819440,-1.157140,1.852157,0.000000,0.000000,-3.016474
474,01 02 04 08 13 22,0.04935428,0.60510992,0.679521,0.988584,-0.330611,0.983958,0.000000,0.000000,-0.756634
475,08 10 12 13 24 31,0.04935070,0.49765499,0.679521,1.549087,-1.294894,-0.173640,0.000000,0.000000,0.709506
476,08 13 14 18 24 38,0.04924685,0.66505031,2.247646,2.180865,0.358162,-1.041838,0.000000,0.000000,0.809718
477,08 12 13 14 18 24,0.04923366,0.55952360,1.724938,1.906831,-1.570404,-0.318339,0.000000,0.000000,-0.464111
478,01 02 04 09 12 24,0.04920898,0.53234294,-0.365896,0.691740,-0.468366,1.273358,0.000000,0.000000,-0.415056
479,02 07 13 14 22 24,0.04917270,0.52228191,-1.149958,0.420046,0.358162,1.418058,0.000000,0.000000,0.335149
480,01 09 10 13 24 31,0.04911616,0.45044262,-0.757927,1.197270,-0.606121,0.260460,0.000000,0.000000,0.784262
481,02 04 10 14 24 38,0.04910015,0.65021309,0.418167,0.910974,1.046936,0.839259,0.000000,0.000000,0.076705
482,01 04 08 13 14 38,0.04906983,0.60811589,1.202229,1.999146,0.082653,-0.463039,0.000000,0.000000,-0.408668
483,01 04 08 09 10 24,0.04885107,0.53880348,0.679521,1.881134,-0.606121,-0.318339,0.000000,0.000000,-0.401129
484,08 10 13 14 22 24,0.04882226,0.53138548,0.418167,2.064144,-0.192857,-0.607739,0.000000,0.000000,-0.238428
485,01 02 04 13 14 22,0.04872276,0.54054022,-0.627250,0.440106,-0.330611,1.707457,0.000000,0.000000,-0.844096
486,07 08 12 13 14 24,0.04868382,0.48433086,0.156813,1.705052,-1.157140,-0.028940,0.000000,0.000000,-0.625145
487,07 08 09 13 14 24,0.04863044,0.43902083,-0.627250,2.145871,-0.606121,-0.607739,0.000000,0.000000,-0.647411
488,01 04 08 10 12 24,0.04862819,0.58411351,1.463583,1.440315,-1.157140,0.260460,0.000000,0.000000,-0.419791
489,01 02 04 07 10 24,0.04860501,0.60471071,0.026135,-0.061923,-0.330611,2.286256,0.000000,0.000000,-0.562152
490,02 13 14 18 22 24,0.04852718,0.59747464,0.418167,0.621825,-0.055102,1.128658,0.000000,0.000000,0.319088
491,01 02 04 08 22 24,0.04851465,0.63816482,0.940875,1.030850,0.082653,0.839259,0.000000,0.000000,-0.568252
492,01 02 04 13 14 18,0.04848472,0.59837911,0.810198,0.424654,-1.432649,1.996857,0.000000,0.000000,-1.826583
493,01 07 13 14 24 38,0.04847967,0.58795523,0.026135,1.186451,0.909181,0.260460,0.000000,0.000000,0.740347
494,04 08 09 14 24 31,0.04847770,0.40864702,-0.627250,1.699823,-1.019385,-0.463039,0.000000,0.000000,0.897431
495,01 02 13 18 22 24,0.04847068,0.66014200,1.071552,0.377668,0.082653,1.418058,0.000000,0.000000,0.428480
496,02 04 08 13 18 31,0.04842345,0.58126178,1.332906,0.464759,-1.570404,1.273358,0.000000,0.000000,0.525525
497,02 07 08 13 22 24,0.04840148,0.58685160,0.156813,0.968524,0.358162,0.694559,0.000000,0.000000,0.214792
498,02 04 07 08 10 24,0.04832667,0.60661304,0.679521,0.730713,-0.468366,1.273358,0.000000,0.000000,-0.727251
499,01 07 13 14 18 24,0.04825911,0.55497823,0.548844,0.659490,-1.019385,1.128658,0.000000,0.000000,0.103979
500,02 04 10 14 18 24,0.04825187,0.61723609,0.940875,0.384013,-0.881630,1.707457,0.000000,0.000000,-0.652660
501,02 04 07 14 24 31,0.04821600,0.47455425,-1.280636,-0.243234,-0.743875,2.141557,0.000000,0.000000,0.734092
502,01 13 14 24 31 38,0.04819991,0.55280993,0.026135,1.357548,0.495917,-0.028940,0.000000,0.000000,0.921342
503,01 02 04 10 24 38,0.04816441,0.71288045,1.071552,0.666816,1.184691,1.128658,0.000000,0.000000,0.055836
504,01 13 14 18 24 38,0.04813043,0.66314797,1.594261,1.388230,0.495917,-0.028940,0.000000,0.000000,0.768178
505,02 04 07 13 14 31,0.04806571,0.44149935,-1.541990,-0.285499,-1.157140,2.286256,0.000000,0.000000,0.399050
506,01 02 04 10 18 24,0.04800898,0.67990345,1.594261,0.139856,-0.743875,1.996857,0.000000,0.000000,-0.570883
507,01 02 04 09 13 31,0.04795240,0.46149970,-1.149958,0.365868,-0.881630,1.562758,0.000000,0.000000,-0.102943
508,01 09 13 14 22 24,0.04792004,0.45447234,-1.149958,1.570467,0.220408,-0.173640,0.000000,0.000000,0.397994
509,02 04 08 10 24 38,0.04791338,0.71478279,1.724938,1.459452,1.046936,0.115760,0.000000,0.000000,-0.105217
510,10 12 13 14 24 31,0.04790282,0.43308530,-0.627250,1.000609,-1.294894,0.549859,0.000000,0.000000,0.501097
511,01 02 04 08 13 18,0.04778278,0.66294880,2.116969,0.973132,-1.432649,1.273358,0.000000,0.000000,-1.936676
512,02 04 14 18 24 31,0.04777295,0.54974699,0.287490,-0.041454,-1.157140,1.852157,0.000000,0.000000,0.748025
513,01 09 10 12 13 24,0.04772658,0.48823096,-0.235219,1.480878,-0.606121,0.115760,0.000000,0.000000,-0.232663
514,01 07 08 13 24 38,0.04762931,0.65252493,1.332906,1.734929,0.909181,-0.463039,0.000000,0.000000,0.608264
515,02 04 08 10 18 24,0.04751836,0.68180578,2.247646,0.932492,-0.881630,0.983958,0.000000,0.000000,-0.767431
516,02 07 12 13 24 31,0.04750693,0.48855142,-0.888604,-0.095011,-0.743875,1.852157,0.000000,0.000000,0.958004
517,07 10 13 14 24 31,0.04749169,0.43044227,-1.149958,0.545904,-0.881630,0.983958,0.000000,0.000000,1.028797
518,04 08 12 13 14 31,0.04741543,0.42090215,-0.104542,1.216739,-1.983668,0.260460,0.000000,0.000000,0.441637
519,04 08 09 13 14 31,0.04738147,0.37559212,-0.888604,1.657557,-1.432649,-0.318339,0.000000,0.000000,0.422246
520,02 12 13 18 24 31,0.04734889,0.56374416,0.679521,0.106768,-1.157140,1.562758,0.000000,0.000000,1.014164
521,01 08 12 13 22 24,0.04733568,0.56435207,0.940875,1.678127,-0.330611,-0.318339,0.000000,0.000000,0.319680
522,01 02 07 13 22 24,0.04730210,0.58494926,-0.496573,0.175889,0.495917,1.707457,0.000000,0.000000,0.175778
523,01 08 09 13 22 24,0.04729201,0.51904204,0.156813,2.118945,0.220408,-0.897139,0.000000,0.000000,0.298851
524,08 13 14 22 24 31,0.04729178,0.46389638,-0.235219,1.638676,-0.468366,-0.463039,0.000000,0.000000,1.006467
525,02 04 10 13 14 38,0.04728628,0.61715819,0.156813,0.868708,0.633672,0.983958,0.000000,0.000000,-0.504800
526,01 13 14 22 24 31,0.04723603,0.46199405,-0.888604,0.846041,-0.330611,0.549859,0.000000,0.000000,1.122069
527,01 07 08 13 18 24,0.04721468,0.61954792,1.855615,1.207969,-1.019385,0.405159,0.000000,0.000000,-0.056855
528,04 08 12 14 24 31,0.04719822,0.45395706,0.156813,1.259004,-1.570404,0.115760,0.000000,0.000000,0.722232
529,01 02 04 12 13 31,0.04718405,0.50680974,-0.365896,-0.074951,-1.432649,2.141557,0.000000,0.000000,-0.202418
530,01 04 08 10 13 14,0.04713631,0.53228995,0.810198,1.866973,-1.570404,0.260460,0.000000,0.000000,-2.627586
531,02 04 08 18 24 31,0.04712836,0.61431668,1.594261,0.507024,-1.157140,1.128658,0.000000,0.000000,0.646428
532,02 08 13 18 22 24,0.04708596,0.66204434,1.724938,1.170304,-0.055102,0.405159,0.000000,0.000000,0.099467
533,02 04 07 09 14 24,0.04708470,0.46703255,-1.541990,0.481192,-0.192857,1.418058,0.000000,0.000000,-0.258927
534,01 08 13 24 31 38,0.04707145,0.61737963,1.332906,1.906027,0.495917,-0.752439,0.000000,0.000000,0.748058
535,02 04 09 14 24 38,0.04705266,0.57520229,-0.496573,1.209931,1.322445,0.260460,0.000000,0.000000,0.419589
536,01 04 08 13 14 22,0.04705036,0.51730000,0.287490,1.487639,-0.743875,0.115760,0.000000,0.000000,-0.364329
537,04 08 10 12 14 24,0.04704657,0.52144616,0.810198,1.684472,-1.294894,-0.028940,0.000000,0.000000,-0.771876
538,01 04 08 14 22 24,0.04704628,0.55035490,0.548844,1.529904,-0.330611,-0.028940,0.000000,0.000000,-0.052159
539,01 04 12 14 24 31,0.04697926,0.45205472,-0.496573,0.466369,-1.432649,1.128658,0.000000,0.000000,0.813654
540,07 08 13 14 18 24,0.04693408,0.55688057,1.202229,1.452126,-1.157140,0.115760,0.000000,0.000000,-0.216190
541,02 09 12 13 24 38,0.04692940,0.58919946,-0.104542,1.358154,1.322445,-0.028940,0.000000,0.000000,0.730292
542,02 07 09 12 13 24,0.04692936,0.48102972,-1.149958,0.629415,-0.192857,1.128658,0.000000,0.000000,0.047024
543,02 13 14 22 24 38,0.04689540,0.63045165,-0.104542,1.148785,1.873464,0.260460,0.000000,0.000000,0.681025
544,07 08 10 13 24 31,0.04687114,0.49501196,0.156813,1.094382,-0.881630,0.260460,0.000000,0.000000,0.930763
545,09 10 13 14 24 38,0.04686599,0.53109031,-0.365896,1.999069,1.184691,-0.897139,0.000000,0.000000,0.793950
546,01 08 13 18 24 38,0.04685367,0.72771767,2.901031,1.936708,0.495917,-0.752439,0.000000,0.000000,0.572923
547,01 02 13 22 24 38,0.04682599,0.69311901,0.548844,0.904628,2.011219,0.549859,0.000000,0.000000,0.788505
548,02 08 13 22 24 38,0.04680432,0.69502134,1.202229,1.697264,1.873464,-0.463039,0.000000,0.000000,0.661432
549,01 08 13 22 24 31,0.04678911,0.52656374,0.418167,1.394519,-0.330611,-0.173640,0.000000,0.000000,1.049758
550,01 02 04 18 24 31,0.04667929,0.61241435,0.940875,-0.285612,-1.019385,2.141557,0.000000,0.000000,0.703760
551,01 02 04 13 18 31,0.04667248,0.57935944,0.679521,-0.327877,-1.432649,2.286256,0.000000,0.000000,0.389975
552,01 02 04 08 10 13,0.04666984,0.62009987,1.202229,1.367919,-1.157140,1.128658,0.000000,0.000000,-3.430331
553,02 09 12 13 18 24,0.04663183,0.55622245,0.418167,0.831194,-0.606121,0.839259,0.000000,0.000000,0.082516
554,01 04 09 12 14 24,0.04656822,0.44453302,-0.757927,1.190794,-0.881630,0.405159,0.000000,0.000000,-0.072655
555,02 04 07 08 24 31,0.04654855,0.53912394,0.026135,0.305245,-0.743875,1.418058,0.000000,0.000000,0.480955
556,08 09 10 13 24 38,0.04647853,0.59566000,0.940875,2.547547,1.184691,-1.620637,0.000000,0.000000,0.730447
557,02 04 07 08 13 31,0.04644208,0.50606904,-0.235219,0.262979,-1.157140,1.562758,0.000000,0.000000,0.152405
558,04 08 09 12 14 24,0.04639247,0.44643535,-0.104542,1.983430,-1.019385,-0.607739,0.000000,0.000000,-0.222555
559,02 04 07 12 14 24,0.04631835,0.51234258,-0.757927,0.040374,-0.743875,1.996857,0.000000,0.000000,-0.358105
560,02 07 09 13 24 31,0.04627131,0.44324139,-1.672667,0.345807,-0.192857,1.273358,0.000000,0.000000,0.760585
561,02 04 09 14 18 24,0.04617203,0.54222528,0.026135,0.682971,-0.606121,1.128658,0.000000,0.000000,-0.314568
562,02 09 10 13 22 24,0.04609422,0.52808434,-0.888604,0.988507,0.771426,0.549859,0.000000,0.000000,0.289501
563,01 04 12 13 14 31,0.04603270,0.41899982,-0.757927,0.424103,-1.845913,1.273358,0.000000,0.000000,0.360643
564,02 10 13 24 31 38,0.04602996,0.62642193,0.287490,0.775589,1.046936,0.694559,0.000000,0.000000,0.761865
565,04 07 08 10 14 24,0.04602833,0.51880313,0.287490,1.229767,-0.881630,0.405159,0.000000,0.000000,-0.334120
566,01 04 09 14 24 31,0.04602574,0.40674469,-1.280636,0.907187,-0.881630,0.549859,0.000000,0.000000,0.658029
567,01 04 09 13 14 31,0.04597485,0.37368978,-1.541990,0.864922,-1.294894,0.694559,0.000000,0.000000,0.337714
568,02 09 13 18 24 31,0.04591993,0.51843412,-0.104542,0.547587,-0.606121,0.983958,0.000000,0.000000,0.788099
569,01 12 13 14 22 24,0.04590533,0.49978238,-0.365896,1.129648,-0.330611,0.405159,0.000000,0.000000,0.113869
570,08 10 13 18 24 31,0.04589219,0.57020470,1.724938,1.296161,-1.294894,-0.028940,0.000000,0.000000,0.865301
571,02 04 08 09 13 14,0.04589086,0.48242170,-0.365896,1.911034,-1.019385,0.260460,0.000000,0.000000,-3.017276
572,02 04 08 09 24 38,0.04583245,0.63977198,0.810198,1.758410,1.322445,-0.463039,0.000000,0.000000,0.232713
573,01 04 08 09 24 31,0.04580754,0.47131438,0.026135,1.455666,-0.881630,-0.173640,0.000000,0.000000,0.619603
574,02 07 10 13 24 38,0.04580329,0.66156723,0.287490,0.604491,1.460200,0.983958,0.000000,0.000000,0.505841
575,02 04 08 09 18 24,0.04580096,0.60679498,1.332906,1.231450,-0.606121,0.405159,0.000000,0.000000,-0.375643
576,01 04 08 13 14 18,0.04578118,0.57513888,1.724938,1.472186,-1.845913,0.405159,0.000000,0.000000,-1.499582
577,01 04 08 09 12 24,0.04577666,0.50910271,0.548844,1.739273,-0.881630,-0.318339,0.000000,0.000000,-0.196027
578,01 04 08 12 13 31,0.04570103,0.48356951,0.548844,0.972582,-1.845913,0.549859,0.000000,0.000000,0.305407
579,08 09 12 13 24 31,0.04568909,0.42264419,-0.235219,1.848045,-1.019385,-0.752439,0.000000,0.000000,0.813254
580,01 07 10 12 13 24,0.04565547,0.53089796,0.026135,0.585354,-0.743875,1.128658,0.000000,0.000000,0.063466
581,01 10 12 13 18 24,0.04559868,0.60609070,1.594261,0.787133,-1.157140,0.839259,0.000000,0.000000,0.134626
582,02 10 13 22 24 31,0.04559226,0.53560604,-0.627250,0.264081,0.220408,1.273358,0.000000,0.000000,1.040546
583,01 09 10 13 18 24,0.04558708,0.56078066,0.810198,1.227952,-0.606121,0.260460,0.000000,0.000000,0.118548
584,09 12 13 14 24 31,0.04557314,0.35807450,-1.541990,1.299567,-1.019385,-0.028940,0.000000,0.000000,0.802174
585,02 04 07 08 12 24,0.04545186,0.57691227,0.548844,0.588852,-0.743875,1.273358,0.000000,0.000000,-0.492577
586,10 13 14 18 24 31,0.04544174,0.50563501,0.418167,0.747683,-1.294894,0.694559,0.000000,0.000000,0.804665
587,04 08 13 14 18 31,0.04526518,0.49345186,0.940875,0.963813,-1.983668,0.405159,0.000000,0.000000,0.791255
588,01 09 10 13 24 38,0.04522502,0.59375767,0.287490,1.754912,1.322445,-0.607739,0.000000,0.000000,0.668597
589,02 04 08 10 13 38,0.04522376,0.68172788,1.463583,1.417187,0.633672,0.260460,0.000000,0.000000,-0.816467
590,02 04 08 12 13 14,0.04514857,0.52773174,0.418167,1.470215,-1.570404,0.839259,0.000000,0.000000,-3.112890
591,01 04 07 08 10 24,0.04513558,0.58147048,0.940875,0.985610,-0.743875,0.694559,0.000000,0.000000,-0.348620
592,02 04 13 14 31 38,0.04513376,0.54966909,-0.496573,0.443240,0.358162,1.128658,0.000000,0.000000,0.647937
593,01 04 08 12 24 31,0.04512932,0.51662441,0.810198,1.014847,-1.432649,0.405159,0.000000,0.000000,0.533482
594,04 08 10 14 24 38,0.04511857,0.62697287,1.332906,1.958506,0.633672,-0.752439,0.000000,0.000000,0.214360
595,02 04 09 10 24 31,0.04507150,0.48035668,-1.019281,0.325227,-0.330611,1.273358,0.000000,0.000000,0.678661
596,01 04 07 10 14 24,0.04502929,0.51690079,-0.365896,0.437131,-0.743875,1.418058,0.000000,0.000000,-0.358268
597,02 07 10 13 18 24,0.04501970,0.62859023,0.810198,0.077531,-0.468366,1.852157,0.000000,0.000000,-0.213941
598,01 02 04 09 18 24,0.04501203,0.60489264,0.679521,0.438814,-0.468366,1.418058,0.000000,0.000000,-0.368663
599,01 09 12 13 24 31,0.04497071,0.42074186,-0.888604,1.055410,-0.881630,0.260460,0.000000,0.000000,0.830686
600,08 09 13 14 22 24,0.04494289,0.45637468,-0.496573,2.363102,0.082653,-1.186538,0.000000,0.000000,-0.166942
601,01 10 12 13 24 38,0.04491489,0.63906770,1.071552,1.314093,0.771426,-0.028940,0.000000,0.000000,0.637010
602,08 10 12 13 24 38,0.04489883,0.64097004,1.724938,2.106729,0.633672,-1.041838,0.000000,0.000000,0.510769
603,02 10 13 18 24 38,0.04483601,0.73675997,1.855615,0.806270,1.046936,0.694559,0.000000,0.000000,0.442107
604,02 04 10 13 14 22,0.04481188,0.52634230,-0.757927,0.357200,-0.192857,1.562758,0.000000,0.000000,-0.527862
605,01 02 04 09 24 38,0.04480394,0.63786965,0.156813,0.965774,1.460200,0.549859,0.000000,0.000000,0.204198
606,01 10 13 18 24 31,0.04479492,0.56830236,1.071552,0.503526,-1.157140,0.983958,0.000000,0.000000,0.826599
607,02 04 12 14 24 38,0.04478431,0.62051232,0.287490,0.769113,0.771426,0.839259,0.000000,0.000000,0.097887
608,01 02 04 09 13 14,0.04471434,0.48051937,-1.019281,1.118398,-0.881630,1.273358,0.000000,0.000000,-3.067719
609,02 04 12 14 18 24,0.04464804,0.58753532,0.810198,0.242153,-1.157140,1.707457,0.000000,0.000000,-0.525993
610,02 04 09 10 13 31,0.04462784,0.44730178,-1.280636,0.282962,-0.743875,1.418058,0.000000,0.000000,0.300158
611,01 02 04 07 12 24,0.04450714,0.57500994,-0.104542,-0.203784,-0.606121,2.286256,0.000000,0.000000,-0.508678
612,01 04 08 09 13 31,0.04444245,0.43825948,-0.235219,1.413400,-1.294894,-0.028940,0.000000,0.000000,0.104585
613,01 07 09 10 13 24,0.04443611,0.48558793,-0.757927,1.026172,-0.192857,0.549859,0.000000,0.000000,-0.131545
614,01 04 10 14 24 38,0.04433305,0.62507053,0.679521,1.165871,0.771426,0.260460,0.000000,0.000000,0.221845
615,01 02 04 10 13 38,0.04431102,0.67982555,0.810198,0.624551,0.771426,1.273358,0.000000,0.000000,-0.827831
616,01 04 08 10 18 24,0.04427976,0.65666322,2.509000,1.187389,-1.157140,0.405159,0.000000,0.000000,-0.395840
617,01 02 04 07 24 31,0.04424355,0.53722161,-0.627250,-0.487391,-0.606121,2.430956,0.000000,0.000000,0.263324
618,01 04 08 10 24 38,0.04424113,0.68964022,1.986292,1.714349,0.771426,-0.463039,0.000000,0.000000,0.202127
619,02 04 07 08 09 24,0.04421790,0.53160224,-0.235219,1.029671,-0.192857,0.694559,0.000000,0.000000,-0.689750
620,04 07 08 14 24 31,0.04419531,0.45131403,-0.365896,0.804299,-1.157140,0.549859,0.000000,0.000000,0.865951
621,01 02 04 12 24 38,0.04419481,0.68317968,0.940875,0.524956,0.909181,1.128658,0.000000,0.000000,0.128314
622,01 13 14 18 22 24,0.04417862,0.57233208,0.679521,0.876722,-0.330611,0.549859,0.000000,0.000000,0.526235
623,02 04 13 14 22 31,0.04417830,0.45885320,-1.411313,-0.068267,-0.468366,1.707457,0.000000,0.000000,0.849911
624,02 04 09 13 14 38,0.04417360,0.54214739,-0.757927,1.167666,0.909181,0.405159,0.000000,0.000000,-0.319727
625,01 02 04 12 18 24,0.04410407,0.65020268,1.463583,-0.002004,-1.019385,1.996857,0.000000,0.000000,-0.488821
626,02 04 10 12 24 31,0.04408280,0.52566672,-0.235219,-0.115591,-0.881630,1.852157,0.000000,0.000000,0.546541
627,07 09 10 13 14 24,0.04401627,0.42292057,-1.411313,1.270329,-0.330611,0.260460,0.000000,0.000000,-0.311509
628,02 04 08 12 24 38,0.04399706,0.68508202,1.594261,1.317591,0.771426,0.115760,0.000000,0.000000,-0.024846
629,01 04 13 14 18 31,0.04395037,0.49154952,0.287490,0.171177,-1.845913,1.418058,0.000000,0.000000,0.720323
630,10 12 13 14 24 38,0.04394176,0.57640034,0.418167,1.558250,0.633672,-0.318339,0.000000,0.000000,0.375074
631,07 10 12 13 14 24,0.04393461,0.46823060,-0.627250,0.829511,-0.881630,0.839259,0.000000,0.000000,-0.309248
632,07 10 13 14 24 38,0.04392748,0.57375731,-0.104542,1.103545,1.046936,0.115760,0.000000,0.000000,0.961571
633,01 04 10 14 18 24,0.04391842,0.59209353,1.202229,0.638910,-1.157140,1.128658,0.000000,0.000000,-0.443274
634,02 04 08 13 31 38,0.04390757,0.61423878,0.810198,0.991719,0.358162,0.405159,0.000000,0.000000,0.460174
635,02 04 10 13 14 18,0.04385159,0.58418119,0.679521,0.341748,-1.294894,1.852157,0.000000,0.000000,-1.617351
636,01 07 10 13 24 31,0.04379285,0.49310963,-0.496573,0.301747,-0.743875,1.273358,0.000000,0.000000,0.598568
637,02 04 10 14 22 24,0.04376545,0.55939720,-0.496573,0.399466,0.220408,1.418058,0.000000,0.000000,-0.370119
638,01 07 13 14 22 24,0.04374033,0.49713935,-0.888604,0.674943,0.082653,0.839259,0.000000,0.000000,0.381729
639,02 10 12 13 22 24,0.04371306,0.57339437,-0.104542,0.547688,0.220408,1.128658,0.000000,0.000000,-0.048915
640,02 04 08 10 13 22,0.04364976,0.59091199,0.548844,0.905679,-0.192857,0.839259,0.000000,0.000000,-0.706131
641,02 04 10 12 13 31,0.04353801,0.49261181,-0.496573,-0.157857,-1.294894,1.996857,0.000000,0.000000,0.153055
642,08 12 13 14 22 24,0.04353271,0.50168471,0.287490,1.922284,-0.468366,-0.607739,0.000000,0.000000,-0.361505
643,04 08 10 14 18 24,0.04353237,0.59399586,1.855615,1.431546,-1.294894,0.115760,0.000000,0.000000,-0.624332
644,04 08 10 13 14 38,0.04341143,0.59391796,1.071552,1.916241,0.220408,-0.607739,0.000000,0.000000,-0.351333
645,07 08 10 13 24 38,0.04328213,0.63832701,1.202229,1.652024,1.046936,-0.607739,0.000000,0.000000,0.859860
646,04 08 09 14 24 38,0.04327714,0.55196206,0.418167,2.257464,0.909181,-1.331238,0.000000,0.000000,0.587773
647,01 02 04 07 13 31,0.04327644,0.50416671,-0.888604,-0.529656,-1.019385,2.575656,0.000000,0.000000,-0.192732
648,09 10 13 14 18 24,0.04327326,0.49811330,0.156813,1.472109,-0.743875,-0.028940,0.000000,0.000000,-0.342015
649,02 04 14 24 31 38,0.04322986,0.58272399,-0.235219,0.485506,0.771426,0.983958,0.000000,0.000000,0.678643
650,08 10 13 24 31 38,0.04320703,0.60318170,1.202229,1.823121,0.633672,-0.897139,0.000000,0.000000,1.071177
651,02 04 08 13 22 31,0.04316597,0.52342289,-0.104542,0.480211,-0.468366,0.983958,0.000000,0.000000,0.693833
652,08 09 10 13 18 24,0.04315773,0.56268300,1.463583,2.020587,-0.743875,-0.752439,0.000000,0.000000,-0.365231
653,08 13 14 22 24 38,0.04315757,0.60721142,0.810198,2.196318,1.460200,-1.331238,0.000000,0.000000,0.854792
654,01 02 04 07 09 24,0.04310817,0.52969991,-0.888604,0.237035,-0.055102,1.707457,0.000000,0.000000,-0.730299
655,01 02 04 10 13 22,0.04308846,0.58900966,-0.104542,0.113043,-0.055102,1.852157,0.000000,0.000000,-0.665428
656,01 08 13 18 22 24,0.04305758,0.63690178,1.986292,1.425201,-0.330611,-0.173640,0.000000,0.000000,0.354051
657,04 07 08 13 14 31,0.04305535,0.41825912,-0.627250,0.762034,-1.570404,0.694559,0.000000,0.000000,0.384288
658,02 04 08 12 18 24,0.04301941,0.65210501,2.116969,0.790631,-1.157140,0.983958,0.000000,0.000000,-0.773379
659,01 07 08 13 22 24,0.04295942,0.56170904,0.418167,1.223421,0.082653,0.115760,0.000000,0.000000,0.259934
660,10 13 14 24 31 38,0.04288686,0.53861201,-0.104542,1.274643,0.633672,-0.173640,0.000000,0.000000,1.029842
661,02 07 12 13 24 38,0.04279821,0.63186646,0.156813,0.462630,1.184691,0.983958,0.000000,0.000000,0.721214
662,02 12 13 24 31 38,0.04272105,0.59672116,0.156813,0.633728,0.771426,0.694559,0.000000,0.000000,0.932226
663,09 10 12 13 14 24,0.04271157,0.42556360,-0.888604,1.725035,-0.743875,-0.173640,0.000000,0.000000,-1.093415
664,08 09 10 12 13 24,0.04269881,0.49013329,0.418167,2.273513,-0.743875,-0.897139,0.000000,0.000000,-1.101405
665,02 04 07 14 24 38,0.04264002,0.61786929,-0.235219,0.314408,1.184691,1.273358,0.000000,0.000000,0.368813
666,02 04 08 24 31 38,0.04263958,0.64729369,1.071552,1.033984,0.771426,0.260460,0.000000,0.000000,0.585093
667,02 07 09 13 24 38,0.04263580,0.58655643,-0.627250,0.903449,1.735709,0.405159,0.000000,0.000000,0.682794
668,01 04 10 13 14 38,0.04256669,0.59201563,0.418167,1.123605,0.358162,0.405159,0.000000,0.000000,-0.352621
669,02 04 09 10 12 24,0.04244368,0.51814501,-0.496573,0.608835,-0.330611,1.128658,0.000000,0.000000,-0.521711
670,09 12 13 14 24 38,0.04242965,0.50138954,-0.496573,1.857208,0.909181,-0.897139,0.000000,0.000000,0.797278
671,01 02 04 10 22 24,0.04235767,0.62206456,0.156813,0.155309,0.358162,1.707457,0.000000,0.000000,-0.460921
672,07 09 13 14 24 31,0.04231381,0.35543147,-2.064698,0.844862,-0.606121,0.405159,0.000000,0.000000,0.907906
673,08 09 12 13 24 38,0.04228779,0.56595923,0.810198,2.405687,0.909181,-1.620637,0.000000,0.000000,0.770162
674,01 04 08 12 13 14,0.04228710,0.50258918,0.679521,1.725112,-1.845913,0.260460,0.000000,0.000000,-2.685425
675,02 04 08 09 13 38,0.04225698,0.60671708,0.548844,1.716145,0.909181,-0.318339,0.000000,0.000000,-0.609779
676,01 04 14 18 24 31,0.04220121,0.52460443,0.548844,0.213443,-1.432649,1.273358,0.000000,0.000000,0.773955
677,01 02 04 13 31 38,0.04215001,0.61233645,0.156813,0.199083,0.495917,1.418058,0.000000,0.000000,0.323648
678,08 10 13 18 24 38,0.04213922,0.71351974,2.770354,1.853803,0.633672,-0.897139,0.000000,0.000000,0.770107
679,08 09 13 18 24 31,0.04209915,0.49519390,0.810198,1.595119,-1.019385,-0.607739,0.000000,0.000000,0.949577
680,10 13 14 18 24 38,0.04208684,0.64895005,1.463583,1.305324,0.633672,-0.173640,0.000000,0.000000,0.768447
681,01 13 14 22 24 38,0.04208643,0.60530909,0.156813,1.403682,1.597955,-0.318339,0.000000,0.000000,0.819961
682,02 07 12 13 18 24,0.04207930,0.59888946,0.679521,-0.064330,-0.743875,1.852157,0.000000,0.000000,0.011016
683,02 09 13 24 31 38,0.04206320,0.55141113,-0.627250,1.074547,1.322445,0.115760,0.000000,0.000000,0.820403
684,02 04 07 14 18 24,0.04205136,0.58489229,0.287490,-0.212552,-0.743875,2.141557,0.000000,0.000000,-0.322089
685,01 04 07 12 14 24,0.04203564,0.48720002,-0.496573,0.295271,-1.019385,1.418058,0.000000,0.000000,-0.141200
686,07 12 13 14 24 31,0.04203512,0.40074150,-1.280636,0.404043,-1.157140,0.983958,0.000000,0.000000,0.880977
687,04 07 08 12 14 24,0.04203232,0.48910236,0.156813,1.087906,-1.157140,0.405159,0.000000,0.000000,-0.265554
688,02 04 08 10 13 18,0.04200334,0.64875088,1.986292,0.890227,-1.294894,1.128658,0.000000,0.000000,-1.897274
689,01 08 13 22 24 38,0.04198565,0.66987878,1.463583,1.952161,1.597955,-1.041838,0.000000,0.000000,0.798931
690,01 04 08 09 13 14,0.04198529,0.45727914,-0.104542,2.165931,-1.294894,-0.318339,0.000000,0.000000,-2.744498
691,02 09 12 13 22 24,0.04197463,0.49838357,-1.019281,0.846646,0.495917,0.549859,0.000000,0.000000,0.339758
692,01 02 04 10 13 18,0.04195253,0.64684854,1.332906,0.097591,-1.157140,2.141557,0.000000,0.000000,-1.780940
693,04 07 08 09 14 24,0.04194405,0.44379232,-0.627250,1.528725,-0.606121,-0.173640,0.000000,0.000000,-0.292991
694,02 04 10 13 18 31,0.04192678,0.56516152,0.548844,-0.410783,-1.294894,2.141557,0.000000,0.000000,0.582530
695,02 09 13 18 24 38,0.04188746,0.66174916,0.940875,1.105228,1.322445,0.115760,0.000000,0.000000,0.651498
696,09 13 14 18 24 31,0.04187608,0.43062420,-0.496573,1.046641,-1.019385,0.115760,0.000000,0.000000,0.922627
697,01 02 04 12 13 14,0.04185006,0.52582940,-0.235219,0.677580,-1.432649,1.852157,0.000000,0.000000,-3.477711
698,02 07 10 13 22 24,0.04184958,0.57075134,-0.627250,0.092983,0.633672,1.562758,0.000000,0.000000,0.263615
699,02 04 14 22 24 31,0.04182598,0.49190810,-1.149958,-0.026002,-0.055102,1.562758,0.000000,0.000000,0.814183
700,02 04 08 10 22 24,0.04182178,0.62396690,0.810198,0.947944,0.220408,0.694559,0.000000,0.000000,-0.664178
701,02 07 09 13 18 24,0.04181987,0.55357942,-0.104542,0.376489,-0.192857,1.273358,0.000000,0.000000,-0.041780
702,01 12 13 18 24 31,0.04180538,0.53860160,0.940875,0.361665,-1.432649,0.983958,0.000000,0.000000,1.044276
703,02 04 13 14 18 38,0.04180158,0.66000713,1.071552,0.473922,0.358162,1.128658,0.000000,0.000000,0.011395
704,07 08 12 13 24 31,0.04180132,0.46531119,0.026135,0.952521,-1.157140,0.260460,0.000000,0.000000,0.840240
705,04 09 10 14 24 31,0.04179411,0.39254676,-1.411313,0.824282,-0.743875,0.405159,0.000000,0.000000,0.926744
706,02 07 13 18 24 31,0.04178551,0.56110113,0.156813,-0.347937,-0.743875,1.996857,0.000000,0.000000,0.778542
707,01 04 08 13 18 31,0.04178498,0.55611922,1.594261,0.719656,-1.845913,0.694559,0.000000,0.000000,0.393415
708,01 04 07 09 14 24,0.04175789,0.44188999,-1.280636,0.736089,-0.468366,0.839259,0.000000,0.000000,-0.196709
709,02 04 07 08 13 14,0.04173638,0.52508871,-0.104542,1.015510,-1.157140,1.273358,0.000000,0.000000,-3.029804
710,02 04 09 14 22 24,0.04169207,0.48438640,-1.411313,0.698424,0.495917,0.839259,0.000000,0.000000,-0.031068
711,04 08 14 18 24 31,0.04167817,0.52650676,1.202229,1.006078,-1.570404,0.260460,0.000000,0.000000,0.572603
712,08 10 12 13 18 24,0.04167506,0.60799303,2.247646,1.579769,-1.294894,-0.173640,0.000000,0.000000,-0.570533
713,02 04 09 13 14 22,0.04167331,0.45133150,-1.672667,0.656158,0.082653,0.983958,0.000000,0.000000,-0.346623
714,01 02 04 08 09 13,0.04166551,0.54508906,0.287490,1.666877,-0.881630,0.549859,0.000000,0.000000,-3.525511
715,08 12 13 18 24 31,0.04166514,0.54050393,1.594261,1.154301,-1.570404,-0.028940,0.000000,0.000000,0.899637
716,04 08 09 14 18 24,0.04165859,0.51898506,0.940875,1.730504,-1.019385,-0.463039,0.000000,0.000000,-0.255710
717,02 09 13 22 24 31,0.04159961,0.46059524,-1.541990,0.563039,0.495917,0.694559,0.000000,0.000000,1.095251
718,01 04 07 14 24 31,0.04158723,0.44941169,-1.019281,0.011663,-1.019385,1.562758,0.000000,0.000000,0.603419
719,02 12 13 18 24 38,0.04156914,0.70705920,1.724938,0.664409,0.771426,0.694559,0.000000,0.000000,0.618697
720,01 02 04 08 12 13,0.04155171,0.59039910,1.071552,1.226058,-1.432649,1.128658,0.000000,0.000000,-3.528012
721,01 04 08 18 24 31,0.04154692,0.58917412,1.855615,0.761921,-1.432649,0.549859,0.000000,0.000000,0.670921
722,01 04 08 09 18 24,0.04152149,0.58165242,1.594261,1.486347,-0.881630,-0.173640,0.000000,0.000000,-0.158259
723,01 04 07 13 14 31,0.04148445,0.41635679,-1.280636,-0.030602,-1.432649,1.707457,0.000000,0.000000,0.275417
724,01 09 12 13 18 24,0.04148367,0.53107989,0.679521,1.086091,-0.881630,0.260460,0.000000,0.000000,0.171201
725,01 02 04 13 22 31,0.04146028,0.52152056,-0.757927,-0.312425,-0.330611,1.996857,0.000000,0.000000,0.564992
726,01 04 12 14 18 24,0.04142238,0.56239276,1.071552,0.497050,-1.432649,1.128658,0.000000,0.000000,-0.152485
727,02 04 08 12 13 38,0.04139825,0.65202711,1.332906,1.275326,0.358162,0.260460,0.000000,0.000000,-0.722644
728,02 04 08 22 24 31,0.04139095,0.55647780,0.156813,0.522476,-0.055102,0.839259,0.000000,0.000000,0.743634
729,02 12 13 22 24 31,0.04138926,0.50590527,-0.757927,0.122220,-0.055102,1.273358,0.000000,0.000000,1.078445
730,02 04 07 08 18 24,0.04136511,0.64946198,1.594261,0.335926,-0.743875,1.418058,0.000000,0.000000,-0.429858
731,07 08 13 14 22 24,0.04126548,0.49904168,-0.235219,1.467578,-0.055102,-0.173640,0.000000,0.000000,-0.108791
732,01 04 09 14 24 38,0.04124469,0.55005973,-0.235219,1.464828,1.046936,-0.318339,0.000000,0.000000,0.410522
733,07 10 13 14 18 24,0.04120205,0.54078031,0.418167,0.576585,-0.881630,0.983958,0.000000,0.000000,-0.045901
734,04 08 13 14 31 38,0.04119629,0.52642886,0.418167,1.490773,-0.055102,-0.463039,0.000000,0.000000,0.792126
735,07 08 09 10 13 24,0.04118020,0.48749026,-0.104542,1.818808,-0.330611,-0.463039,0.000000,0.000000,-0.737780
736,01 04 07 08 12 24,0.04115945,0.55176971,0.810198,0.843749,-1.019385,0.694559,0.000000,0.000000,-0.277110
737,01 04 12 14 24 38,0.04112499,0.59536976,0.548844,1.024010,0.495917,0.260460,0.000000,0.000000,0.407148
738,01 04 08 09 24 38,0.04111933,0.61462942,1.071552,2.013307,1.046936,-1.041838,0.000000,0.000000,0.385851
739,02 04 09 12 24 31,0.04110633,0.45065591,-1.149958,0.183367,-0.606121,1.273358,0.000000,0.000000,0.751795
740,02 04 07 08 24 38,0.04106541,0.68243899,1.071552,0.862886,1.184691,0.549859,0.000000,0.000000,0.129432
741,01 09 12 13 24 38,0.04105692,0.56405690,0.156813,1.613051,1.046936,-0.607739,0.000000,0.000000,0.711667
742,02 04 14 18 24 38,0.04103319,0.69306203,1.332906,0.516187,0.771426,0.983958,0.000000,0.000000,0.210330
743,01 04 07 08 24 31,0.04101463,0.51398138,0.287490,0.560142,-1.019385,0.839259,0.000000,0.000000,0.512488
744,02 04 12 13 14 38,0.04100959,0.58745742,0.026135,0.726847,0.358162,0.983958,0.000000,0.000000,-0.774126
745,07 08 10 12 13 24,0.04098886,0.53280029,0.679521,1.377989,-0.881630,0.115760,0.000000,0.000000,-0.751769
746,02 10 13 18 22 24,0.04094223,0.64594408,0.940875,0.294762,0.220408,1.273358,0.000000,0.000000,0.208760
747,04 08 12 14 24 38,0.04092446,0.59727210,1.202229,1.816646,0.358162,-0.752439,0.000000,0.000000,0.253576
748,01 02 04 18 24 38,0.04091788,0.75572939,1.986292,0.272030,0.909181,1.273358,0.000000,0.000000,0.311009
749,02 04 08 13 18 38,0.04081837,0.72457682,2.378323,1.022400,0.358162,0.405159,0.000000,0.000000,-0.140371
750,01 07 12 13 24 31,0.04081364,0.46340886,-0.627250,0.159886,-1.019385,1.273358,0.000000,0.000000,0.817774
751,01 04 09 14 18 24,0.04079771,0.51708272,0.287490,0.937868,-0.881630,0.549859,0.000000,0.000000,-0.259390
752,01 02 04 24 31 38,0.04079611,0.64539135,0.418167,0.241348,0.909181,1.273358,0.000000,0.000000,0.435839
753,07 08 09 13 24 31,0.04079118,0.42000116,-0.757927,1.393340,-0.606121,-0.318339,0.000000,0.000000,0.676225
754,04 09 10 13 14 31,0.04074161,0.35949186,-1.672667,0.782016,-1.157140,0.549859,0.000000,0.000000,0.458038
755,01 09 10 13 22 24,0.04065862,0.50294178,-0.627250,1.243404,0.495917,-0.028940,0.000000,0.000000,0.335601
756,02 04 08 09 13 22,0.04065710,0.51590119,-0.365896,1.204637,0.082653,0.260460,0.000000,0.000000,-0.503277
757,08 13 14 18 22 24,0.04064136,0.57423442,1.332906,1.669358,-0.468366,-0.463039,0.000000,0.000000,-0.121683
758,02 04 09 12 13 31,0.04060906,0.41760101,-1.411313,0.141101,-1.019385,1.418058,0.000000,0.000000,0.365349
759,01 04 10 13 14 22,0.04059898,0.50119974,-0.496573,0.612097,-0.468366,0.983958,0.000000,0.000000,-0.300615
760,01 02 04 07 18 24,0.04058105,0.64755965,0.940875,-0.456710,-0.606121,2.430956,0.000000,0.000000,-0.422156
761,01 04 10 14 22 24,0.04054301,0.53425464,-0.235219,0.654363,-0.055102,0.839259,0.000000,0.000000,0.003868
762,02 04 07 10 24 31,0.04050283,0.52302369,-0.757927,-0.570296,-0.468366,2.286256,0.000000,0.000000,0.604769
763,01 04 08 10 13 38,0.04049447,0.65658532,1.724938,1.672084,0.358162,-0.318339,0.000000,0.000000,-0.665726
764,02 04 08 18 24 38,0.04045653,0.75763172,2.639677,1.064665,0.771426,0.260460,0.000000,0.000000,0.118797
765,01 07 09 12 13 24,0.04043350,0.45588716,-0.888604,0.884312,-0.468366,0.549859,0.000000,0.000000,-0.063958
766,08 10 13 22 24 31,0.04042204,0.51236582,0.287490,1.311614,-0.192857,-0.318339,0.000000,0.000000,1.002101
767,01 02 04 07 13 14,0.04040602,0.52318637,-0.757927,0.222874,-1.019385,2.286256,0.000000,0.000000,-3.103039
768,07 08 10 13 18 24,0.04036263,0.60535000,1.724938,1.125063,-0.881630,0.260460,0.000000,0.000000,-0.176363
769,02 04 09 13 14 18,0.04028393,0.50917038,-0.235219,0.640706,-1.019385,1.273358,0.000000,0.000000,-1.499684
770,04 10 12 14 24 31,0.04024662,0.43785680,-0.627250,0.383463,-1.294894,0.983958,0.000000,0.000000,0.711838
771,01 10 13 24 31 38,0.04018983,0.60127937,0.548844,1.030486,0.771426,0.115760,0.000000,0.000000,0.748032
772,02 04 10 18 24 31,0.04013118,0.59821642,0.810198,-0.368517,-0.881630,1.996857,0.000000,0.000000,0.629281
773,01 02 04 09 13 38,0.04006469,0.60481475,-0.104542,0.923509,1.046936,0.694559,0.000000,0.000000,-0.810711
774,02 04 09 10 13 14,0.04003212,0.46632145,-1.149958,1.035493,-0.743875,1.128658,0.000000,0.000000,-2.865760
775,04 08 10 13 14 22,0.04002715,0.50310208,0.156813,1.404733,-0.606121,-0.028940,0.000000,0.000000,-0.509196
776,02 04 07 10 13 31,0.04002360,0.48996878,-1.019281,-0.612562,-0.881630,2.430956,0.000000,0.000000,0.220994
777,01 10 13 18 24 38,0.04001409,0.71161741,2.116969,1.061167,0.771426,0.115760,0.000000,0.000000,0.579126
778,01 04 07 08 09 24,0.03998595,0.50645968,0.026135,1.284568,-0.468366,0.115760,0.000000,0.000000,-0.465327
779,10 12 13 14 18 24,0.03998006,0.54342334,0.940875,1.031290,-1.294894,0.549859,0.000000,0.000000,-0.815553
780,01 10 13 22 24 31,0.03995924,0.51046348,-0.365896,0.518978,-0.055102,0.694559,0.000000,0.000000,1.057399
781,01 02 04 13 18 38,0.03995289,0.72267449,1.724938,0.229764,0.495917,1.418058,0.000000,0.000000,-0.144732
782,02 10 13 22 24 38,0.03994858,0.67892108,0.418167,0.821722,2.148974,0.405159,0.000000,0.000000,0.665239
783,04 08 13 14 22 31,0.03993008,0.43561298,-0.496573,0.979265,-0.881630,0.115760,0.000000,0.000000,0.948062
784,01 07 10 13 24 38,0.03992435,0.63642467,0.548844,0.859388,1.184691,0.405159,0.000000,0.000000,0.486257
785,07 09 12 13 14 24,0.03990639,0.39321980,-1.541990,1.128469,-0.606121,0.260460,0.000000,0.000000,-0.259815
786,02 04 08 12 13 22,0.03987600,0.56121122,0.418167,0.763818,-0.468366,0.839259,0.000000,0.000000,-0.604641
787,01 04 07 08 13 31,0.03985112,0.48092648,0.026135,0.517876,-1.432649,0.983958,0.000000,0.000000,0.027335
788,02 04 08 09 22 24,0.03984693,0.54895609,-0.104542,1.246902,0.495917,0.115760,0.000000,0.000000,-0.310531
789,04 08 09 10 24 31,0.03983217,0.45711646,-0.104542,1.372760,-0.743875,-0.318339,0.000000,0.000000,0.629977
790,07 09 13 14 24 38,0.03980017,0.49874651,-1.019281,1.402503,1.322445,-0.463039,0.000000,0.000000,0.996324
791,01 04 10 13 14 18,0.03976536,0.55903862,0.940875,0.596645,-1.570404,1.273358,0.000000,0.000000,-1.371338
792,04 08 10 12 24 31,0.03972255,0.50242649,0.679521,0.931942,-1.294894,0.260460,0.000000,0.000000,0.628095
793,02 04 07 13 14 38,0.03970907,0.58481439,-0.496573,0.272142,0.771426,1.418058,0.000000,0.000000,-0.378190
794,01 04 08 10 22 24,0.03969419,0.59882434,1.071552,1.202841,-0.055102,0.115760,0.000000,0.000000,-0.127986
795,10 13 14 22 24 31,0.03967548,0.44779612,-1.019281,0.763135,-0.192857,0.405159,0.000000,0.000000,0.897595
796,01 02 04 07 24 38,0.03964590,0.68053665,0.418167,0.070251,1.322445,1.562758,0.000000,0.000000,0.042989
797,01 04 10 12 24 31,0.03959944,0.50052415,0.026135,0.139306,-1.157140,1.273358,0.000000,0.000000,0.733719
798,01 07 10 13 18 24,0.03957440,0.60344767,1.071552,0.332428,-0.743875,1.273358,0.000000,0.000000,-0.169279
799,01 04 09 10 24 31,0.03954404,0.45521412,-0.757927,0.580124,-0.606121,0.694559,0.000000,0.000000,0.711152
800,02 04 09 10 24 38,0.03954308,0.62367172,0.026135,0.882869,1.597955,0.405159,0.000000,0.000000,0.320430
801,01 09 13 18 24 31,0.03953025,0.49329156,0.156813,0.802484,-0.881630,0.405159,0.000000,0.000000,0.692850
802,04 08 09 10 13 31,0.03949525,0.42406155,-0.365896,1.330495,-1.157140,-0.173640,0.000000,0.000000,0.267287
803,08 09 13 24 31 38,0.03944633,0.52817090,0.287490,2.122079,0.909181,-1.475938,0.000000,0.000000,1.160245
804,01 04 08 10 13 22,0.03942716,0.56576943,0.810198,1.160576,-0.468366,0.260460,0.000000,0.000000,-0.480322
805,01 04 13 14 31 38,0.03940889,0.52452653,-0.235219,0.698137,0.082653,0.549859,0.000000,0.000000,0.651180
806,04 08 12 14 18 24,0.03940295,0.56429509,1.724938,1.289685,-1.570404,0.115760,0.000000,0.000000,-0.575532
807,04 08 09 13 14 38,0.03940026,0.51890716,0.156813,2.215199,0.495917,-1.186538,0.000000,0.000000,-0.299373
808,08 09 13 18 24 38,0.03939674,0.63850894,1.855615,2.152761,0.909181,-1.475938,0.000000,0.000000,1.010028
809,04 10 12 13 14 31,0.03939486,0.40480189,-0.888604,0.341198,-1.708158,1.128658,0.000000,0.000000,0.272871
810,09 13 14 18 24 38,0.03933874,0.57393925,0.548844,1.604282,0.909181,-0.752439,0.000000,0.000000,1.007535
811,01 10 12 13 22 24,0.03932157,0.54825181,0.156813,0.802585,-0.055102,0.549859,0.000000,0.000000,0.151872
812,04 08 10 12 13 31,0.03928450,0.46937159,0.418167,0.889676,-1.708158,0.405159,0.000000,0.000000,0.250422
813,01 04 09 10 12 24,0.03926230,0.49300245,-0.235219,0.863732,-0.606121,0.549859,0.000000,0.000000,-0.141643
814,01 04 08 12 24 38,0.03922349,0.65993946,1.855615,1.572488,0.495917,-0.463039,0.000000,0.000000,0.119335
815,02 04 09 10 18 24,0.03918040,0.59069472,0.548844,0.355909,-0.330611,1.273358,0.000000,0.000000,-0.336992
816,09 13 14 24 31 38,0.03912054,0.46360121,-1.019281,1.573601,0.909181,-0.752439,0.000000,0.000000,1.118077
817,01 02 04 09 22 24,0.03910328,0.54705376,-0.757927,0.454267,0.633672,1.128658,0.000000,0.000000,-0.296843
818,01 04 10 12 13 31,0.03910217,0.46746925,-0.235219,0.097040,-1.570404,1.418058,0.000000,0.000000,0.347272
819,08 09 12 13 18 24,0.03903167,0.53298223,1.332906,1.878727,-1.019385,-0.752439,0.000000,0.000000,-0.315932
820,04 07 08 14 24 38,0.03901739,0.59462907,0.679521,1.361940,0.771426,-0.318339,0.000000,0.000000,0.559648
821,04 08 10 14 22 24,0.03900713,0.53615698,0.418167,1.446998,-0.192857,-0.173640,0.000000,0.000000,-0.347540
822,02 04 08 09 13 18,0.03900421,0.57374008,1.071552,1.189185,-1.019385,0.549859,0.000000,0.000000,-1.695378
823,01 02 04 22 24 31,0.03895741,0.55457546,-0.496573,-0.270159,0.082653,1.852157,0.000000,0.000000,0.506958
824,02 04 08 12 22 24,0.03894226,0.59426613,0.679521,0.806084,-0.055102,0.694559,0.000000,0.000000,-0.430201
825,02 04 07 10 12 24,0.03891811,0.56081202,-0.235219,-0.286689,-0.468366,2.141557,0.000000,0.000000,-0.441065
826,08 12 13 24 31 38,0.03891530,0.57348094,1.071552,1.681261,0.358162,-0.897139,0.000000,0.000000,1.095930
827,09 12 13 14 18 24,0.03890160,0.46841253,0.026135,1.330248,-1.019385,-0.028940,0.000000,0.000000,-0.329104
828,12 13 14 18 24 31,0.03887045,0.47593424,0.287490,0.605822,-1.570404,0.694559,0.000000,0.000000,0.491693
829,01 02 04 09 13 22,0.03881625,0.51399886,-1.019281,0.412001,0.220408,1.273358,0.000000,0.000000,-0.652142
830,02 04 07 09 10 24,0.03879535,0.51550198,-1.019281,0.154129,0.082653,1.562758,0.000000,0.000000,-0.473612
831,01 04 08 12 18 24,0.03867948,0.62696245,2.378323,1.045528,-1.432649,0.405159,0.000000,0.000000,-0.564952
832,01 04 13 14 22 31,0.03866055,0.43371064,-1.149958,0.186630,-0.743875,1.128658,0.000000,0.000000,0.883840
833,02 04 12 13 14 22,0.03858693,0.49664153,-0.888604,0.215340,-0.468366,1.562758,0.000000,0.000000,-0.789521
834,04 09 10 12 14 24,0.03854096,0.43033509,-0.888604,1.107889,-0.743875,0.260460,0.000000,0.000000,-0.366274
835,01 07 09 13 24 31,0.03853393,0.41809883,-1.411313,0.600704,-0.468366,0.694559,0.000000,0.000000,0.465669
836,04 10 13 14 18 31,0.03847089,0.47735160,0.156813,0.088272,-1.708158,1.273358,0.000000,0.000000,0.804166
837,07 12 13 14 24 38,0.03844828,0.54405654,-0.235219,0.961684,0.771426,0.115760,0.000000,0.000000,0.810396
838,01 04 09 13 14 38,0.03841314,0.51700483,-0.496573,1.422563,0.633672,-0.173640,0.000000,0.000000,-0.321755
839,02 04 12 14 22 24,0.03839680,0.52969643,-0.627250,0.257605,-0.055102,1.418058,0.000000,0.000000,-0.504913
840,04 08 12 13 14 38,0.03836102,0.56421720,0.940875,1.774380,-0.055102,-0.607739,0.000000,0.000000,-0.438980
841,07 13 14 18 24 31,0.03835747,0.47329121,-0.235219,0.151117,-1.157140,1.128658,0.000000,0.000000,1.004305
842,01 02 04 12 22 24,0.03832033,0.59236379,0.026135,0.013448,0.082653,1.707457,0.000000,0.000000,-0.398479
843,02 04 13 14 22 38,0.03830741,0.60216824,-0.365896,0.489374,1.460200,0.839259,0.000000,0.000000,0.440942
844,02 04 12 13 14 18,0.03828690,0.55448042,0.548844,0.199887,-1.570404,1.852157,0.000000,0.000000,-1.781190
845,07 08 09 13 24 38,0.03825273,0.56331620,0.287490,1.950981,1.322445,-1.186538,0.000000,0.000000,0.760967
846,02 04 08 12 13 18,0.03824251,0.61905011,1.855615,0.748366,-1.570404,1.128658,0.000000,0.000000,-1.793866
847,07 08 13 18 24 31,0.03823079,0.53786090,1.071552,0.699596,-1.157140,0.405159,0.000000,0.000000,0.979437
848,01 02 04 12 13 38,0.03822313,0.65012478,0.679521,0.482690,0.495917,1.273358,0.000000,0.000000,-1.069185
849,07 08 12 13 24 38,0.03818967,0.60862624,1.071552,1.510163,0.771426,-0.607739,0.000000,0.000000,0.765982
850,04 08 14 24 31 38,0.03808109,0.55948377,0.679521,1.533038,0.358162,-0.607739,0.000000,0.000000,0.643376
851,01 04 09 10 13 31,0.03804335,0.42215922,-1.019281,0.537859,-1.019385,0.839259,0.000000,0.000000,0.176046
852,02 07 13 24 31 38,0.03799346,0.59407813,-0.365896,0.179023,1.184691,1.128658,0.000000,0.000000,0.820430
853,04 08 13 14 18 38,0.03799025,0.63676690,1.986292,1.521454,-0.055102,-0.463039,0.000000,0.000000,0.174272
854,04 08 10 13 14 18,0.03792816,0.56094096,1.594261,1.389281,-1.708158,0.260460,0.000000,0.000000,-1.767388
855,01 04 08 10 13 18,0.03790741,0.62360832,2.247646,1.145124,-1.570404,0.549859,0.000000,0.000000,-1.652698
856,08 12 13 18 24 38,0.03788953,0.68381897,2.639677,1.711942,0.358162,-0.897139,0.000000,0.000000,0.801089
857,02 04 12 13 18 31,0.03786890,0.53546075,0.418167,-0.552643,-1.570404,2.141557,0.000000,0.000000,0.641928
858,01 04 07 08 13 14,0.03782758,0.49994615,0.156813,1.270407,-1.432649,0.694559,0.000000,0.000000,-2.757505
859,02 07 12 13 22 24,0.03779170,0.54105057,-0.757927,-0.048878,0.358162,1.562758,0.000000,0.000000,0.323013
860,02 07 13 18 24 38,0.03777568,0.70441617,1.202229,0.209704,1.184691,1.128658,0.000000,0.000000,0.645295
861,02 04 09 13 18 31,0.03777000,0.49015072,-0.365896,-0.111825,-1.019385,1.562758,0.000000,0.000000,0.612917
862,08 09 10 13 22 24,0.03772675,0.50484411,0.026135,2.036040,0.358162,-1.041838,0.000000,0.000000,-0.222627
863,02 04 07 08 13 38,0.03769152,0.64938408,0.810198,0.820621,0.771426,0.694559,0.000000,0.000000,-0.683196
864,02 09 13 18 22 24,0.03767714,0.57093328,0.026135,0.593720,0.495917,0.694559,0.000000,0.000000,0.371254
865,04 08 10 13 18 31,0.03761505,0.54192130,1.463583,0.636750,-1.708158,0.549859,0.000000,0.000000,0.671272
866,01 02 04 07 08 13,0.03761062,0.58775607,0.548844,0.771353,-1.019385,1.562758,0.000000,0.000000,-3.523285
867,04 07 10 13 14 31,0.03760477,0.40215886,-1.411313,-0.113508,-1.294894,1.562758,0.000000,0.000000,0.596275
868,09 10 13 14 22 24,0.03757878,0.44027442,-1.280636,1.487561,0.358162,-0.318339,0.000000,0.000000,-0.238450
869,02 07 09 13 22 24,0.03755166,0.49574054,-1.541990,0.391941,0.909181,0.983958,0.000000,0.000000,0.273092
870,02 07 13 22 24 31,0.03747813,0.50326224,-1.280636,-0.332485,0.358162,1.707457,0.000000,0.000000,1.087611
871,01 04 14 24 31 38,0.03745747,0.55758143,0.026135,0.740403,0.495917,0.405159,0.000000,0.000000,0.674846
872,01 04 09 14 22 24,0.03742878,0.45924384,-1.149958,0.953321,0.220408,0.260460,0.000000,0.000000,0.188712
873,04 09 12 14 24 31,0.03742304,0.36284599,-1.541990,0.682421,-1.019385,0.405159,0.000000,0.000000,0.939743
874,01 04 12 13 14 38,0.03739779,0.56231486,0.287490,0.981744,0.082653,0.405159,0.000000,0.000000,-0.457824
875,01 04 14 22 24 31,0.03736526,0.46676554,-0.888604,0.228895,-0.330611,0.983958,0.000000,0.000000,1.004715
876,02 04 08 13 22 38,0.03736301,0.66673794,0.940875,1.037852,1.460200,0.115760,0.000000,0.000000,0.294927
877,02 04 10 13 31 38,0.03734622,0.59813852,0.026135,0.116178,0.633672,1.273358,0.000000,0.000000,0.507596
878,02 04 10 12 24 38,0.03733675,0.66898176,0.810198,0.442050,1.046936,0.983958,0.000000,0.000000,0.007915
879,04 07 08 14 18 24,0.03733416,0.56165206,1.202229,0.834980,-1.157140,0.549859,0.000000,0.000000,-0.293419
880,02 04 10 12 13 14,0.03730359,0.51163148,-0.365896,0.594674,-1.294894,1.707457,0.000000,0.000000,-3.255640
881,02 04 09 18 24 31,0.03729689,0.52320562,-0.104542,-0.069559,-0.606121,1.418058,0.000000,0.000000,0.855599
882,09 10 12 13 24 31,0.03728965,0.40654393,-1.019281,0.972504,-0.743875,0.115760,0.000000,0.000000,0.588358
883,01 02 04 09 13 18,0.03725122,0.57183774,0.418167,0.396549,-0.881630,1.562758,0.000000,0.000000,-1.831226
884,02 04 07 14 22 24,0.03722768,0.52705340,-1.149958,-0.197100,0.358162,1.852157,0.000000,0.000000,-0.089511
885,02 04 07 13 14 22,0.03715704,0.49399850,-1.411313,-0.239365,-0.055102,1.996857,0.000000,0.000000,-0.412752
886,07 08 09 12 13 24,0.03715495,0.45778949,-0.235219,1.676947,-0.606121,-0.463039,0.000000,0.000000,-0.673547
887,04 08 09 14 22 24,0.03713982,0.46114617,-0.496573,1.745956,0.082653,-0.752439,0.000000,0.000000,0.022040
888,01 04 13 14 18 38,0.03709493,0.63486457,1.332906,0.728819,0.082653,0.549859,0.000000,0.000000,0.165491
889,02 04 13 14 18 22,0.03709480,0.56919124,0.156813,-0.037586,-0.468366,1.707457,0.000000,0.000000,-0.342400
890,04 08 14 22 24 31,0.03708762,0.46866788,-0.235219,1.021531,-0.468366,-0.028940,0.000000,0.000000,0.839718
891,01 04 07 08 18 24,0.03708240,0.62431942,1.855615,0.590823,-1.019385,0.839259,0.000000,0.000000,-0.212953
892,01 04 08 13 31 38,0.03706845,0.58909622,1.071552,1.246616,0.082653,-0.173640,0.000000,0.000000,0.298337
893,01 02 04 12 13 22,0.03705232,0.55930889,-0.235219,-0.028817,-0.330611,1.852157,0.000000,0.000000,-0.899115
894,07 09 13 14 18 24,0.03704240,0.46576950,-0.496573,0.875543,-0.606121,0.405159,0.000000,0.000000,-0.015940
895,02 13 18 22 24 31,0.03701864,0.57845498,0.287490,-0.130706,-0.055102,1.418058,0.000000,0.000000,1.099108
896,02 09 13 22 24 38,0.03700650,0.60391028,-0.496573,1.120680,2.424483,-0.173640,0.000000,0.000000,0.875588
897,02 12 13 18 22 24,0.03700597,0.61624331,0.810198,0.152902,-0.055102,1.273358,0.000000,0.000000,0.286178
898,04 08 09 12 24 31,0.03695215,0.42741569,-0.235219,1.230899,-1.019385,-0.318339,0.000000,0.000000,0.863879
899,04 08 09 10 12 24,0.03692272,0.49490479,0.418167,1.656367,-0.743875,-0.463039,0.000000,0.000000,-0.612120
900,01 07 12 13 24 38,0.03692250,0.60672390,0.418167,0.717527,0.909181,0.405159,0.000000,0.000000,0.702110
901,01 04 08 22 24 31,0.03692054,0.53133524,0.418167,0.777373,-0.330611,0.260460,0.000000,0.000000,0.932728
902,02 04 08 09 10 13,0.03692015,0.53089114,0.156813,1.583971,-0.743875,0.405159,0.000000,0.000000,-3.332906
903,02 13 18 24 31 38,0.03691636,0.66927087,1.202229,0.380802,0.771426,0.839259,0.000000,0.000000,0.740427
904,01 12 13 24 31 38,0.03688415,0.57157860,0.418167,0.888625,0.495917,0.115760,0.000000,0.000000,0.918871
905,01 04 08 24 31 38,0.03685749,0.62215112,1.332906,1.288881,0.495917,-0.318339,0.000000,0.000000,0.579858
906,01 04 07 14 24 38,0.03682881,0.59272673,0.026135,0.569305,0.909181,0.694559,0.000000,0.000000,0.359266
907,01 10 13 18 22 24,0.03678513,0.62080152,1.202229,0.549659,-0.055102,0.694559,0.000000,0.000000,0.444274
908,01 12 13 18 24 38,0.03675046,0.68191664,1.986292,0.919306,0.495917,0.115760,0.000000,0.000000,0.756195
909,12 13 14 24 31 38,0.03671687,0.50891124,-0.235219,1.132782,0.358162,-0.173640,0.000000,0.000000,0.776326
910,01 04 08 09 22 24,0.03667848,0.52381353,0.156813,1.501799,0.220408,-0.463039,0.000000,0.000000,0.071454
911,01 04 07 14 18 24,0.03667380,0.55974973,0.548844,0.042345,-1.019385,1.562758,0.000000,0.000000,-0.267389
912,01 04 08 12 13 38,0.03667219,0.62688455,1.594261,1.530223,0.082653,-0.318339,0.000000,0.000000,-0.571423
913,02 04 10 13 22 31,0.03665637,0.50732264,-0.888604,-0.395330,-0.192857,1.852157,0.000000,0.000000,0.748922
914,01 07 12 13 18 24,0.03663724,0.57374690,0.940875,0.190567,-1.019385,1.273358,0.000000,0.000000,0.056158
915,08 09 13 22 24 31,0.03663547,0.43735501,-0.627250,1.610572,0.082653,-0.897139,0.000000,0.000000,1.087336
916,02 04 07 12 24 31,0.03663197,0.49332292,-0.888604,-0.712157,-0.743875,2.286256,0.000000,0.000000,0.691875
917,07 10 13 14 22 24,0.03662506,0.48294142,-1.019281,0.592037,0.220408,0.694559,0.000000,0.000000,0.223223
918,04 09 12 13 14 31,0.03661880,0.32979109,-1.803344,0.640156,-1.432649,0.549859,0.000000,0.000000,0.507816
919,01 02 04 12 13 18,0.03657664,0.61714777,1.202229,-0.044270,-1.432649,2.141557,0.000000,0.000000,-1.916807
920,04 09 10 14 24 38,0.03657092,0.53586181,-0.365896,1.381923,1.184691,-0.463039,0.000000,0.000000,0.613732
921,01 02 04 13 22 38,0.03654281,0.66483560,0.287490,0.245217,1.597955,1.128658,0.000000,0.000000,0.297274
922,01 09 12 13 22 24,0.03654227,0.47324101,-0.757927,1.101543,0.220408,-0.028940,0.000000,0.000000,0.386337
923,02 04 07 10 13 14,0.03653879,0.50898845,-0.888604,0.139969,-0.881630,2.141557,0.000000,0.000000,-2.780336
924,01 04 08 13 22 31,0.03653397,0.49828033,0.156813,0.735108,-0.743875,0.405159,0.000000,0.000000,0.562681
925,01 04 08 09 13 38,0.03648682,0.58157452,0.810198,1.971042,0.633672,-0.897139,0.000000,0.000000,-0.613245
926,04 07 10 14 24 31,0.03648374,0.43521377,-1.149958,-0.071242,-0.881630,1.418058,0.000000,0.000000,0.742966
927,04 07 09 10 14 24,0.03645314,0.42769206,-1.411313,0.653184,-0.330611,0.694559,0.000000,0.000000,-0.086980
928,02 04 10 12 18 24,0.03642378,0.63600475,1.332906,-0.084910,-0.881630,1.852157,0.000000,0.000000,-0.731035
929,01 04 09 13 14 22,0.03641955,0.42618894,-1.411313,0.911055,-0.192857,0.405159,0.000000,0.000000,-0.273583
930,04 07 08 10 24 31,0.03641242,0.49978346,0.156813,0.477236,-0.881630,0.694559,0.000000,0.000000,0.726300
931,01 07 10 13 22 24,0.03641075,0.54560878,-0.365896,0.347880,0.358162,0.983958,0.000000,0.000000,0.309237
932,01 04 07 08 24 38,0.03634906,0.65729643,1.332906,1.117783,0.909181,-0.028940,0.000000,0.000000,0.282090
933,02 04 14 18 22 24,0.03628889,0.60224614,0.418167,0.004679,-0.055102,1.562758,0.000000,0.000000,-0.149023
934,01 04 12 14 22 24,0.03628216,0.50455387,-0.365896,0.512502,-0.330611,0.839259,0.000000,0.000000,0.033196
935,01 04 14 18 24 38,0.03627902,0.66791947,1.594261,0.771084,0.495917,0.405159,0.000000,0.000000,0.357386
936,02 04 10 24 31 38,0.03627162,0.63119343,0.287490,0.158443,1.046936,1.128658,0.000000,0.000000,0.661166
937,08 12 13 22 24 31,0.03618206,0.48266505,0.156813,1.169753,-0.468366,-0.318339,0.000000,0.000000,1.034521
938,02 04 07 13 14 18,0.03617735,0.55183739,0.026135,-0.254818,-1.157140,2.286256,0.000000,0.000000,-1.505116
939,01 04 09 10 13 14,0.03612978,0.44117888,-0.888604,1.290390,-1.019385,0.549859,0.000000,0.000000,-2.592503
940,09 13 14 22 24 31,0.03611628,0.37278532,-1.934021,1.062093,0.082653,-0.173640,0.000000,0.000000,1.016516
941,08 10 13 22 24 38,0.03610842,0.65568086,1.332906,1.869255,1.735709,-1.186538,0.000000,0.000000,0.823846
942,02 04 07 12 13 31,0.03609912,0.46026801,-1.149958,-0.754422,-1.157140,2.430956,0.000000,0.000000,0.300158
943,02 04 09 12 13 14,0.03606832,0.43662068,-1.280636,0.893632,-1.019385,1.128658,0.000000,0.000000,-2.792423
944,04 07 08 10 13 31,0.03603992,0.46672856,-0.104542,0.434971,-1.294894,0.839259,0.000000,0.000000,0.358339
945,02 04 07 08 13 22,0.03603989,0.55856820,-0.104542,0.309113,-0.055102,1.273358,0.000000,0.000000,-0.584361
946,01 09 13 18 24 38,0.03602469,0.63660660,1.202229,1.360125,1.046936,-0.463039,0.000000,0.000000,0.634310
947,04 08 14 18 24 38,0.03601057,0.66982180,2.247646,1.563720,0.358162,-0.607739,0.000000,0.000000,0.193751
948,04 08 09 13 14 22,0.03599011,0.42809127,-0.757927,1.703691,-0.330611,-0.607739,0.000000,0.000000,-0.461069
949,02 04 07 09 24 31,0.03598481,0.44801288,-1.672667,-0.271338,-0.192857,1.707457,0.000000,0.000000,0.581638
950,10 13 14 22 24 38,0.03598462,0.59111116,0.026135,1.320777,1.735709,-0.463039,0.000000,0.000000,0.811604
951,12 13 14 18 24 38,0.03595890,0.61924928,1.332906,1.163464,0.358162,-0.173640,0.000000,0.000000,0.521159
952,02 04 12 18 24 31,0.03590095,0.56851565,0.679521,-0.510378,-1.157140,1.996857,0.000000,0.000000,0.663146
953,07 10 12 13 24 31,0.03589258,0.44921094,-0.757927,0.076980,-0.881630,1.128658,0.000000,0.000000,0.984347
954,01 12 13 22 24 31,0.03585221,0.48076271,-0.496573,0.377117,-0.330611,0.694559,0.000000,0.000000,1.109516
955,02 04 09 10 13 38,0.03583200,0.59061682,-0.235219,0.840603,1.184691,0.549859,0.000000,0.000000,-0.542153
956,07 12 13 14 18 24,0.03578754,0.51107954,0.287490,0.434724,-1.157140,0.983958,0.000000,0.000000,-0.187492
957,01 02 04 09 10 13,0.03573164,0.52898880,-0.496573,0.791336,-0.606121,1.418058,0.000000,0.000000,-3.385126
958,02 04 07 09 12 24,0.03572093,0.48580121,-1.149958,0.012269,-0.192857,1.562758,0.000000,0.000000,-0.268511
959,01 07 09 13 24 38,0.03571599,0.56141387,-0.365896,1.158346,1.460200,-0.173640,0.000000,0.000000,0.509003
960,01 04 08 12 22 24,0.03571336,0.56912357,0.940875,1.060981,-0.330611,0.115760,0.000000,0.000000,-0.057173
961,04 08 10 18 24 31,0.03571271,0.57497620,1.724938,0.679016,-1.294894,0.405159,0.000000,0.000000,0.702209
962,01 04 08 18 24 38,0.03569266,0.73248916,2.901031,1.319562,0.495917,-0.318339,0.000000,0.000000,0.264415
963,01 04 08 12 13 22,0.03565663,0.53606866,0.679521,1.018715,-0.743875,0.260460,0.000000,0.000000,-0.378352
964,02 12 13 22 24 38,0.03556422,0.64922031,0.287490,0.679862,1.873464,0.405159,0.000000,0.000000,0.676270
965,02 04 08 18 22 24,0.03555698,0.66681583,1.724938,0.553158,-0.055102,0.839259,0.000000,0.000000,-0.263557
966,01 04 10 12 13 14,0.03554991,0.48648892,-0.104542,0.849571,-1.570404,1.128658,0.000000,0.000000,-2.664054
967,01 04 12 13 14 22,0.03548182,0.47149897,-0.627250,0.470237,-0.743875,0.983958,0.000000,0.000000,-0.398152
968,04 08 09 12 13 31,0.03545706,0.39436079,-0.496573,1.188634,-1.432649,-0.173640,0.000000,0.000000,0.329603
969,01 02 04 13 18 22,0.03544230,0.63185860,0.810198,-0.281743,-0.330611,1.996857,0.000000,0.000000,-0.469461
970,01 02 04 07 13 38,0.03541136,0.64748175,0.156813,0.027985,0.909181,1.707457,0.000000,0.000000,-0.897145
971,02 04 09 12 24 38,0.03541085,0.59397095,-0.104542,0.741008,1.322445,0.405159,0.000000,0.000000,0.368813
972,07 08 13 24 31 38,0.03540966,0.57083791,0.548844,1.226556,0.771426,-0.463039,0.000000,0.000000,1.165170
973,01 04 08 09 13 22,0.03539363,0.49075863,-0.104542,1.459534,-0.192857,-0.318339,0.000000,0.000000,-0.431675
974,04 07 10 12 14 24,0.03537824,0.47300210,-0.627250,0.212365,-0.881630,1.273358,0.000000,0.000000,-0.231871
975,07 13 14 18 24 38,0.03537679,0.61660625,0.810198,0.708758,0.771426,0.260460,0.000000,0.000000,1.023528
976,07 08 12 13 18 24,0.03533486,0.57564923,1.594261,0.983203,-1.157140,0.260460,0.000000,0.000000,-0.260657
977,01 07 09 13 18 24,0.03533370,0.52843686,0.156813,0.631386,-0.468366,0.694559,0.000000,0.000000,-0.151325
978,07 08 13 18 24 38,0.03531802,0.68117594,2.116969,1.257237,0.771426,-0.463039,0.000000,0.000000,1.008724
979,01 04 12 13 14 18,0.03530846,0.52933786,0.810198,0.454784,-1.845913,1.273358,0.000000,0.000000,-1.371055
980,07 08 09 13 18 24,0.03530089,0.53033920,0.810198,1.424021,-0.606121,-0.318339,0.000000,0.000000,-0.280048
981,01 04 10 13 18 31,0.03529154,0.54001896,0.810198,-0.155885,-1.570404,1.562758,0.000000,0.000000,0.450899
982,01 02 08 10 14 24,0.03524125,0.53055690,0.940875,1.340254,-0.881630,-0.173640,0.000000,0.000000,-0.408402
983,07 13 14 24 31 38,0.03520063,0.50626821,-0.757927,0.678077,0.771426,0.260460,0.000000,0.000000,1.140300
984,01 09 13 24 31 38,0.03518220,0.52626857,-0.365896,1.329444,1.046936,-0.463039,0.000000,0.000000,0.652363
985,01 02 04 18 22 24,0.03517372,0.66491350,1.071552,-0.239478,0.082653,1.852157,0.000000,0.000000,-0.196476
986,02 04 07 08 22 24,0.03516010,0.59162310,0.156813,0.351378,0.358162,1.128658,0.000000,0.000000,-0.401930
987,01 04 09 13 14 18,0.03515684,0.48402782,0.026135,0.895603,-1.294894,0.694559,0.000000,0.000000,-1.407878
988,01 10 13 22 24 38,0.03513313,0.65377852,0.679521,1.076619,1.873464,-0.173640,0.000000,0.000000,0.803217
989,08 10 12 13 22 24,0.03512013,0.55015415,0.810198,1.595221,-0.192857,-0.463039,0.000000,0.000000,-0.594447
990,01 07 13 18 24 31,0.03510192,0.53595857,0.418167,-0.093040,-1.019385,1.418058,0.000000,0.000000,0.639749
991,04 07 08 13 14 38,0.03509678,0.56157417,0.418167,1.319675,0.358162,-0.173640,0.000000,0.000000,-0.333977
992,02 04 14 22 24 38,0.03504094,0.63522314,-0.104542,0.531639,1.873464,0.694559,0.000000,0.000000,0.269780
993,04 08 12 13 14 22,0.03502849,0.47340131,0.026135,1.262872,-0.881630,-0.028940,0.000000,0.000000,-0.589177
994,07 09 10 13 24 31,0.03501747,0.40390090,-1.541990,0.517799,-0.330611,0.549859,0.000000,0.000000,0.840338
995,04 09 10 14 18 24,0.03501706,0.50288480,0.156813,0.854963,-0.743875,0.405159,0.000000,0.000000,-0.220168
996,01 04 08 13 18 38,0.03499746,0.69943426,2.639677,1.277297,0.082653,-0.173640,0.000000,0.000000,-0.151355
997,02 04 07 10 24 38,0.03499705,0.66633873,0.287490,-0.012655,1.460200,1.418058,0.000000,0.000000,0.249892
998,07 08 10 13 22 24,0.03494459,0.54751112,0.287490,1.140516,0.220408,-0.028940,0.000000,0.000000,-0.031842
999,09 10 13 18 24 31,0.03492599,0.47909364,0.026135,0.719578,-0.743875,0.260460,0.000000,0.000000,0.906358
1000,01 09 13 22 24 31,0.03492574,0.43545268,-1.280636,0.817936,0.220408,0.115760,0.000000,0.000000,0.957896
1001,01 04 09 10 18 24,0.03490417,0.56555216,0.810198,0.610806,-0.606121,0.694559,0.000000,0.000000,-0.119129
1002,04 08 12 14 22 24,0.03486477,0.50645621,0.287490,1.305138,-0.468366,-0.173640,0.000000,0.000000,-0.300657
1003,04 10 14 18 24 31,0.03484830,0.51040650,0.418167,0.130537,-1.294894,1.128658,0.000000,0.000000,0.580244
1004,02 04 10 22 24 31,0.03484344,0.54037754,-0.627250,-0.353065,0.220408,1.707457,0.000000,0.000000,0.793105
1005,01 04 09 10 24 38,0.03483319,0.59852916,0.287490,1.137766,1.322445,-0.173640,0.000000,0.000000,0.474046
1006,04 08 09 10 24 38,0.03470182,0.60043150,0.940875,1.930401,1.184691,-1.186538,0.000000,0.000000,0.330721
1007,02 04 08 22 24 38,0.03469876,0.69979284,1.202229,1.080118,1.873464,-0.028940,0.000000,0.000000,0.212986
1008,02 04 08 13 18 22,0.03466169,0.63376093,1.463583,0.510892,-0.468366,0.983958,0.000000,0.000000,-0.708972
1009,01 04 07 10 12 24,0.03462894,0.53566946,0.026135,-0.031792,-0.743875,1.562758,0.000000,0.000000,-0.225119
1010,02 04 07 09 13 31,0.03461972,0.41495798,-1.934021,-0.313604,-0.606121,1.852157,0.000000,0.000000,0.066621
1011,02 04 07 10 18 24,0.03456969,0.63336172,0.810198,-0.539615,-0.468366,2.286256,0.000000,0.000000,-0.417114
1012,01 04 07 09 10 24,0.03456663,0.49035942,-0.757927,0.409027,-0.192857,0.983958,0.000000,0.000000,-0.248710
1013,01 04 10 18 24 31,0.03455297,0.57307386,1.071552,-0.113620,-1.157140,1.418058,0.000000,0.000000,0.654253
1014,01 04 09 12 24 31,0.03447756,0.42551335,-0.888604,0.438264,-0.881630,0.694559,0.000000,0.000000,0.621123
1015,02 04 09 12 18 24,0.03446554,0.56099395,0.418167,0.214048,-0.606121,1.273358,0.000000,0.000000,-0.374928
1016,04 09 13 14 18 31,0.03445884,0.40234080,-0.757927,0.387230,-1.432649,0.694559,0.000000,0.000000,0.855995
1017,04 08 13 14 22 38,0.03445726,0.57892802,0.548844,1.536907,1.046936,-0.752439,0.000000,0.000000,0.598069
1018,02 04 08 10 12 13,0.03444748,0.57620117,0.940875,1.143153,-1.294894,0.983958,0.000000,0.000000,-3.684880
1019,02 04 07 08 13 18,0.03437406,0.61640708,1.332906,0.293661,-1.157140,1.562758,0.000000,0.000000,-1.778378
1020,04 10 13 14 31 38,0.03433731,0.51032861,-0.365896,0.615232,0.220408,0.405159,0.000000,0.000000,0.795454
1021,02 04 10 13 18 38,0.03429906,0.70847656,1.594261,0.146859,0.633672,1.273358,0.000000,0.000000,-0.086720
1022,02 04 09 10 13 22,0.03428388,0.49980093,-1.149958,0.329096,0.358162,1.128658,0.000000,0.000000,-0.427983
1023,01 02 04 07 22 24,0.03415741,0.58972076,-0.496573,-0.441257,0.495917,2.141557,0.000000,0.000000,-0.426619
1024,01 04 08 12 13 18,0.03414982,0.59390755,2.116969,1.003263,-1.845913,0.549859,0.000000,0.000000,-1.548811
1025,01 02 04 07 13 22,0.03411118,0.55666586,-0.757927,-0.483523,0.082653,2.286256,0.000000,0.000000,-0.746243
1026,09 10 12 13 24 38,0.03409871,0.54985897,0.026135,1.530146,1.184691,-0.752439,0.000000,0.000000,0.576431
1027,01 04 09 12 13 31,0.03402781,0.39245845,-1.149958,0.395998,-1.294894,0.839259,0.000000,0.000000,0.241716
1028,04 10 12 14 24 38,0.03395022,0.58117184,0.418167,0.941104,0.633672,0.115760,0.000000,0.000000,0.239827
1029,01 04 07 13 14 38,0.03394539,0.55967183,-0.235219,0.527039,0.495917,0.839259,0.000000,0.000000,-0.380697
1030,10 12 13 18 24 31,0.03392711,0.52440367,0.810198,0.278760,-1.294894,0.839259,0.000000,0.000000,0.772730
1031,04 08 09 13 14 18,0.03388464,0.48593016,0.679521,1.688239,-1.432649,-0.318339,0.000000,0.000000,-1.720220
1032,01 02 04 10 12 13,0.03387923,0.57429884,0.287490,0.350517,-1.157140,1.996857,0.000000,0.000000,-3.645206
1033,01 04 07 10 24 31,0.03386759,0.49788112,-0.496573,-0.315399,-0.743875,1.707457,0.000000,0.000000,0.473138
1034,01 04 08 09 13 18,0.03386741,0.54859752,1.332906,1.444082,-1.294894,-0.028940,0.000000,0.000000,-1.605009
1035,02 04 10 18 24 38,0.03382011,0.74153146,1.855615,0.189124,1.046936,1.128658,0.000000,0.000000,0.155098
1036,04 08 12 13 18 31,0.03367890,0.51222053,1.332906,0.494889,-1.983668,0.549859,0.000000,0.000000,0.748704
1037,01 04 10 12 24 38,0.03367096,0.64383920,1.071552,0.696947,0.771426,0.405159,0.000000,0.000000,0.316218
1038,02 04 10 12 13 38,0.03366896,0.63592686,0.548844,0.399785,0.633672,1.128658,0.000000,0.000000,-0.848254
1039,04 08 09 13 18 31,0.03366434,0.46691049,0.548844,0.935708,-1.432649,-0.028940,0.000000,0.000000,0.732188
1040,01 04 13 14 22 38,0.03360723,0.57702568,-0.104542,0.744271,1.184691,0.260460,0.000000,0.000000,0.595996
1041,04 08 09 10 18 24,0.03360122,0.56745449,1.463583,1.403441,-0.743875,-0.318339,0.000000,0.000000,-0.436027
1042,08 09 12 13 22 24,0.03358776,0.47514334,-0.104542,1.894179,0.082653,-1.041838,0.000000,0.000000,-0.175245
1043,02 04 09 10 22 24,0.03347735,0.53285583,-0.888604,0.371361,0.771426,0.983958,0.000000,0.000000,-0.234698
1044,04 07 08 10 12 24,0.03344152,0.53757179,0.679521,0.760844,-0.881630,0.549859,0.000000,0.000000,-0.524901
1045,08 10 13 18 22 24,0.03343022,0.62270385,1.855615,1.342295,-0.192857,-0.318339,0.000000,0.000000,-0.176628
1046,04 08 10 12 24 38,0.03337457,0.64574153,1.724938,1.489583,0.633672,-0.607739,0.000000,0.000000,0.148444
1047,08 09 13 22 24 38,0.03337242,0.58067005,0.418167,2.168213,2.011219,-1.765337,0.000000,0.000000,1.064725
1048,04 07 09 14 24 31,0.03331793,0.36020296,-2.064698,0.227716,-0.606121,0.839259,0.000000,0.000000,0.920168
1049,04 08 10 13 31 38,0.03330642,0.57489830,0.940875,1.163710,0.220408,-0.318339,0.000000,0.000000,0.636625
1050,02 04 07 13 18 31,0.03329577,0.53281772,-0.104542,-1.007348,-1.157140,2.575656,0.000000,0.000000,0.553016
1051,04 07 12 14 24 31,0.03327892,0.40551300,-1.280636,-0.213103,-1.157140,1.418058,0.000000,0.000000,0.928748
1052,09 13 14 22 24 38,0.03324300,0.51610036,-0.888604,1.619735,2.011219,-1.041838,0.000000,0.000000,1.051651
1053,02 04 12 13 31 38,0.03322364,0.56843776,-0.104542,-0.025683,0.358162,1.273358,0.000000,0.000000,0.557410
1054,02 04 09 13 31 38,0.03322178,0.52312772,-0.888604,0.415136,0.909181,0.694559,0.000000,0.000000,0.542775
1055,09 12 13 14 22 24,0.03319418,0.41057365,-1.411313,1.345700,0.082653,-0.318339,0.000000,0.000000,-0.227455
1056,01 04 10 12 18 24,0.03319164,0.61086219,1.594261,0.169987,-1.157140,1.273358,0.000000,0.000000,-0.358485
1057,02 04 07 18 24 31,0.03319122,0.56587262,0.156813,-0.965083,-0.743875,2.430956,0.000000,0.000000,0.850302
1058,10 12 13 14 22 24,0.03316162,0.48558445,-0.496573,1.046743,-0.192857,0.260460,0.000000,0.000000,-0.878506
1059,02 07 13 18 22 24,0.03315695,0.61360028,0.287490,-0.301803,0.358162,1.707457,0.000000,0.000000,0.304545
1060,01 02 04 22 24 38,0.03315071,0.69789050,0.548844,0.287482,2.011219,0.983958,0.000000,0.000000,0.107499
1061,04 10 13 14 22 31,0.03312285,0.41951272,-1.280636,0.103724,-0.606121,0.983958,0.000000,0.000000,0.959057
1062,02 04 09 24 31 38,0.03312272,0.55618262,-0.627250,0.457401,1.322445,0.549859,0.000000,0.000000,0.840874
1063,04 08 09 18 24 31,0.03308449,0.49996539,0.810198,0.977973,-1.019385,-0.173640,0.000000,0.000000,0.959057
1064,01 04 14 18 22 24,0.03307940,0.57710358,0.679521,0.259576,-0.330611,0.983958,0.000000,0.000000,0.226881
1065,04 12 13 14 18 31,0.03304344,0.44765083,0.026135,-0.053589,-1.983668,1.273358,0.000000,0.000000,0.660658
1066,01 04 08 09 10 13,0.03304140,0.50574858,0.418167,1.838868,-1.019385,-0.173640,0.000000,0.000000,-3.056155
1067,01 02 08 14 24 31,0.03298092,0.46306780,0.287490,0.914786,-1.157140,-0.028940,0.000000,0.000000,0.728363
1068,01 04 07 14 22 24,0.03296115,0.50191084,-0.888604,0.057797,0.082653,1.273358,0.000000,0.000000,0.129790
1069,01 02 04 07 13 18,0.03295584,0.61450474,0.679521,-0.498975,-1.019385,2.575656,0.000000,0.000000,-1.864629
1070,04 08 12 13 14 18,0.03294243,0.53124019,1.463583,1.247420,-1.983668,0.260460,0.000000,0.000000,-1.845452
1071,02 07 13 22 24 38,0.03290766,0.64657728,-0.235219,0.225157,2.286728,0.839259,0.000000,0.000000,0.871302
1072,01 04 13 14 18 22,0.03289484,0.54404868,0.418167,0.217311,-0.743875,1.128658,0.000000,0.000000,-0.113237
1073,04 07 08 14 22 24,0.03282832,0.50381318,-0.235219,0.850433,-0.055102,0.260460,0.000000,0.000000,-0.013752
1074,07 08 13 22 24 31,0.03278005,0.48002202,-0.365896,0.715048,-0.055102,0.115760,0.000000,0.000000,1.119113
1075,04 09 10 13 14 38,0.03273777,0.50280690,-0.627250,1.339658,0.771426,-0.318339,0.000000,0.000000,-0.266935
1076,01 12 13 18 22 24,0.03272015,0.59110075,1.071552,0.407799,-0.330611,0.694559,0.000000,0.000000,0.502620
1077,01 04 08 10 12 13,0.03271738,0.55105861,1.202229,1.398050,-1.570404,0.405159,0.000000,0.000000,-3.089800
1078,02 04 08 09 12 13,0.03268434,0.50119037,0.026135,1.442111,-1.019385,0.405159,0.000000,0.000000,-3.299869
1079,04 07 08 12 24 31,0.03264698,0.47008269,0.026135,0.335376,-1.157140,0.694559,0.000000,0.000000,0.829026
1080,02 04 09 10 13 18,0.03264392,0.55763982,0.287490,0.313643,-0.743875,1.418058,0.000000,0.000000,-1.618167
1081,02 04 07 08 10 13,0.03261773,0.57355814,0.418167,0.688447,-0.881630,1.418058,0.000000,0.000000,-3.367353
1082,07 13 14 22 24 31,0.03261061,0.41545232,-1.672667,0.166569,-0.055102,0.839259,0.000000,0.000000,1.100110
1083,02 04 12 13 22 31,0.03258554,0.47762187,-1.019281,-0.537191,-0.468366,1.852157,0.000000,0.000000,0.806402
1084,01 09 13 18 22 24,0.03254515,0.54579071,0.287490,0.848617,0.220408,0.115760,0.000000,0.000000,0.462335
1085,02 04 09 13 22 31,0.03250605,0.43231183,-1.803344,-0.096372,0.082653,1.273358,0.000000,0.000000,0.780267
1086,04 10 12 14 18 24,0.03249339,0.54819483,0.940875,0.414144,-1.294894,0.983958,0.000000,0.000000,-0.579697
1087,07 09 10 13 24 38,0.03245638,0.54721594,-0.496573,1.075440,1.597955,-0.318339,0.000000,0.000000,0.921726
1088,09 10 13 24 31 38,0.03244149,0.51207064,-0.496573,1.246538,1.184691,-0.607739,0.000000,0.000000,1.141962
1089,04 07 12 13 14 31,0.03243909,0.37245810,-1.541990,-0.255368,-1.570404,1.562758,0.000000,0.000000,0.491550
1090,09 10 13 18 24 38,0.03243394,0.62240868,1.071552,1.277220,1.184691,-0.607739,0.000000,0.000000,0.997974
1091,01 07 12 13 22 24,0.03235610,0.51590801,-0.496573,0.206019,0.082653,0.983958,0.000000,0.000000,0.369113
1092,01 04 12 13 18 31,0.03234144,0.51031819,0.679521,-0.297746,-1.845913,1.562758,0.000000,0.000000,0.674419
1093,04 08 09 10 13 14,0.03233962,0.44308122,-0.235219,2.083025,-1.157140,-0.463039,0.000000,0.000000,-3.277889
1094,01 04 08 18 22 24,0.03233778,0.64167327,1.986292,0.808055,-0.330611,0.260460,0.000000,0.000000,0.110909
1095,01 04 07 10 13 31,0.03233132,0.46482622,-0.757927,-0.357665,-1.157140,1.852157,0.000000,0.000000,-0.067240
1096,04 08 10 13 22 31,0.03230583,0.48408241,0.026135,0.652203,-0.606121,0.260460,0.000000,0.000000,0.831913
1097,08 13 18 24 31 38,0.03228558,0.64603064,2.116969,1.428335,0.358162,-0.752439,0.000000,0.000000,0.781900
1098,04 07 09 13 14 31,0.03226922,0.32714806,-2.326052,0.185450,-1.019385,0.983958,0.000000,0.000000,0.452023
1099,07 10 12 13 24 38,0.03225828,0.59252598,0.287490,0.634622,1.046936,0.260460,0.000000,0.000000,0.906736
1100,04 07 09 12 14 24,0.03224123,0.39799129,-1.541990,0.511323,-0.606121,0.694559,0.000000,0.000000,-0.050402
1101,02 04 10 12 13 22,0.03219846,0.54511097,-0.365896,-0.111723,-0.192857,1.707457,0.000000,0.000000,-0.722584
1102,04 09 12 14 24 38,0.03217721,0.50616104,-0.496573,1.240062,0.909181,-0.463039,0.000000,0.000000,0.623377
1103,01 04 09 12 13 14,0.03216922,0.41147812,-1.019281,1.148529,-1.294894,0.549859,0.000000,0.000000,-2.518686
1104,04 08 10 24 31 38,0.03212508,0.60795320,1.202229,1.205976,0.633672,-0.463039,0.000000,0.000000,0.774382
1105,10 13 14 18 22 24,0.03211250,0.55813416,0.548844,0.793817,-0.192857,0.405159,0.000000,0.000000,-0.365753
1106,01 02 04 07 10 13,0.03209843,0.57165581,-0.235219,-0.104188,-0.743875,2.430956,0.000000,0.000000,-3.320426
1107,02 04 12 24 31 38,0.03202329,0.60149266,0.156813,0.016582,0.771426,1.128658,0.000000,0.000000,0.692349
1108,01 04 07 08 22 24,0.03198842,0.56648054,0.418167,0.606275,0.082653,0.549859,0.000000,0.000000,-0.020424
1109,12 13 14 22 24 31,0.03198669,0.41809535,-1.149958,0.621275,-0.468366,0.405159,0.000000,0.000000,0.419064
1110,01 04 07 08 13 38,0.03191813,0.62424152,1.071552,1.075518,0.495917,0.115760,0.000000,0.000000,-0.687141
1111,01 07 13 18 24 38,0.03190967,0.67927361,1.463583,0.464601,0.909181,0.549859,0.000000,0.000000,0.627628
1112,01 04 07 13 14 22,0.03190004,0.46885594,-1.149958,0.015532,-0.330611,1.418058,0.000000,0.000000,-0.340192
1113,13 14 18 24 31 38,0.03189562,0.58146095,0.810198,0.879856,0.358162,-0.028940,0.000000,0.000000,0.730226
1114,04 09 14 18 24 31,0.03189329,0.43539570,-0.496573,0.429495,-1.019385,0.549859,0.000000,0.000000,0.788676
1115,08 12 13 22 24 38,0.03184580,0.62598009,1.202229,1.727394,1.460200,-1.186538,0.000000,0.000000,0.852912
1116,02 04 09 18 24 38,0.03181169,0.66652066,0.940875,0.488082,1.322445,0.549859,0.000000,0.000000,0.503771
1117,02 04 09 12 13 38,0.03179058,0.56091605,-0.365896,0.698743,0.909181,0.549859,0.000000,0.000000,-0.480316
1118,02 04 09 22 24 31,0.03178431,0.46536673,-1.541990,-0.054107,0.495917,1.128658,0.000000,0.000000,0.986114
1119,04 08 10 12 18 24,0.03172368,0.61276453,2.247646,0.962623,-1.294894,0.260460,0.000000,0.000000,-0.699831
1120,01 02 08 13 14 31,0.03169865,0.43001290,0.026135,0.872521,-1.570404,0.115760,0.000000,0.000000,0.225615
1121,04 12 14 18 24 31,0.03168868,0.48070573,0.287490,-0.011324,-1.570404,1.128658,0.000000,0.000000,0.772722
1122,04 08 09 12 24 38,0.03165474,0.57073073,0.810198,1.788541,0.909181,-1.186538,0.000000,0.000000,0.539872
1123,04 07 08 13 14 22,0.03163487,0.47075828,-0.496573,0.808167,-0.468366,0.405159,0.000000,0.000000,-0.503340
1124,02 04 07 09 13 14,0.03159671,0.43397765,-1.803344,0.438927,-0.606121,1.562758,0.000000,0.000000,-2.866295
1125,10 12 13 24 31 38,0.03157857,0.55738068,0.287490,0.805720,0.633672,-0.028940,0.000000,0.000000,1.028478
1126,01 04 08 13 22 38,0.03154857,0.64159538,1.202229,1.292749,1.184691,-0.463039,0.000000,0.000000,0.284901
1127,02 04 07 09 24 38,0.03152960,0.59132792,-0.627250,0.286303,1.735709,0.839259,0.000000,0.000000,0.382405
1128,01 04 07 10 13 14,0.03152867,0.48384589,-0.627250,0.394866,-1.157140,1.562758,0.000000,0.000000,-2.671201
1129,01 02 04 09 12 13,0.03151846,0.49928803,-0.627250,0.649475,-0.881630,1.418058,0.000000,0.000000,-3.348735
1130,02 04 07 12 13 14,0.03150339,0.47928768,-1.019281,-0.001892,-1.157140,2.141557,0.000000,0.000000,-2.865760
1131,04 07 08 09 10 24,0.03148441,0.49226176,-0.104542,1.201662,-0.330611,-0.028940,0.000000,0.000000,-0.829212
1132,02 04 07 09 18 24,0.03146576,0.55835092,-0.104542,-0.240657,-0.192857,1.707457,0.000000,0.000000,-0.230743
1133,01 13 18 22 24 31,0.03142532,0.55331242,0.548844,0.124192,-0.330611,0.839259,0.000000,0.000000,1.121842
1134,01 04 14 22 24 38,0.03139780,0.61008058,0.156813,0.786536,1.597955,0.115760,0.000000,0.000000,0.581437
1135,07 09 13 14 22 24,0.03136732,0.40793062,-1.934021,0.890995,0.495917,0.115760,0.000000,0.000000,0.090500
1136,04 07 08 10 24 38,0.03130471,0.64309850,1.202229,1.034878,1.046936,-0.173640,0.000000,0.000000,0.430398
1137,04 07 10 14 24 38,0.03128318,0.57852881,-0.104542,0.486399,1.046936,0.549859,0.000000,0.000000,0.433308
1138,01 02 08 12 14 24,0.03127112,0.50085613,0.810198,1.198394,-1.157140,-0.173640,0.000000,0.000000,-0.336004
1139,02 04 07 10 13 38,0.03125039,0.63328383,0.026135,-0.054920,1.046936,1.562758,0.000000,0.000000,-0.617962
1140,02 04 10 12 22 24,0.03122915,0.57816587,-0.104542,-0.069458,0.220408,1.562758,0.000000,0.000000,-0.553416
1141,02 04 09 13 18 38,0.03119284,0.63346576,0.679521,0.445817,0.909181,0.694559,0.000000,0.000000,0.099312
1142,04 10 14 24 31 38,0.03118654,0.54338351,-0.104542,0.657497,0.633672,0.260460,0.000000,0.000000,0.641433
1143,04 10 13 14 18 38,0.03117332,0.62066664,1.202229,0.645913,0.220408,0.405159,0.000000,0.000000,0.183829
1144,04 08 10 12 13 14,0.03117210,0.48839125,0.548844,1.642207,-1.708158,0.115760,0.000000,0.000000,-3.436502
1145,01 09 13 22 24 38,0.03115020,0.57876772,-0.235219,1.375577,2.148974,-0.752439,0.000000,0.000000,0.859359
1146,04 07 08 09 24 31,0.03114521,0.42477266,-0.757927,0.776194,-0.606121,0.115760,0.000000,0.000000,0.592174
1147,08 13 18 22 24 31,0.03114512,0.55521475,1.202229,0.916827,-0.468366,-0.173640,0.000000,0.000000,0.956467
1148,01 02 08 09 14 24,0.03114404,0.45554610,0.026135,1.639212,-0.606121,-0.752439,0.000000,0.000000,-0.369191
1149,04 07 08 12 13 31,0.03111632,0.43702779,-0.235219,0.293110,-1.570404,0.839259,0.000000,0.000000,0.289478
1150,01 13 18 24 31 38,0.03111592,0.64412831,1.463583,0.635699,0.495917,0.260460,0.000000,0.000000,0.732475
1151,01 07 13 24 31 38,0.03110923,0.56893557,-0.104542,0.433920,0.909181,0.549859,0.000000,0.000000,0.651910
1152,04 08 09 10 13 38,0.03109748,0.56737660,0.679521,1.888136,0.771426,-1.041838,0.000000,0.000000,-0.516048
1153,04 08 14 22 24 38,0.03108406,0.61198292,0.810198,1.579172,1.460200,-0.897139,0.000000,0.000000,0.411094
1154,04 08 13 14 18 22,0.03107894,0.54595101,1.071552,1.009946,-0.881630,0.115760,0.000000,0.000000,-0.506130
1155,01 07 09 13 22 24,0.03107197,0.47059798,-1.280636,0.646838,0.633672,0.405159,0.000000,0.000000,0.164506
1156,01 04 07 13 14 18,0.03104702,0.52669483,0.287490,0.000079,-1.432649,1.707457,0.000000,0.000000,-1.413789
1157,01 04 08 22 24 38,0.03104591,0.67465028,1.463583,1.335015,1.597955,-0.607739,0.000000,0.000000,0.523206
1158,02 13 18 22 24 38,0.03103295,0.72177002,1.332906,0.426936,1.873464,0.549859,0.000000,0.000000,0.673131
1159,02 04 10 12 13 18,0.03100054,0.60294985,1.071552,-0.127175,-1.294894,1.996857,0.000000,0.000000,-1.847279
1160,02 04 07 12 24 38,0.03095913,0.63663796,0.156813,-0.154516,1.184691,1.418058,0.000000,0.000000,0.312247
1161,07 09 12 13 24 31,0.03085260,0.37420013,-1.672667,0.375938,-0.606121,0.549859,0.000000,0.000000,0.883887
1162,02 04 10 13 22 38,0.03083076,0.65063768,0.156813,0.162311,1.735709,0.983958,0.000000,0.000000,0.346661
1163,01 07 13 22 24 31,0.03080102,0.47811968,-1.019281,-0.077588,0.082653,1.128658,0.000000,0.000000,0.949777
1164,01 04 07 08 13 22,0.03077319,0.53342563,0.156813,0.564010,-0.330611,0.694559,0.000000,0.000000,-0.513238
1165,01 12 13 22 24 38,0.03075201,0.62407775,0.548844,0.934759,1.597955,-0.173640,0.000000,0.000000,0.814727
1166,02 13 22 24 31 38,0.03073071,0.61143198,-0.235219,0.396255,1.873464,0.549859,0.000000,0.000000,0.771223
1167,04 09 12 14 18 24,0.03068803,0.47318403,0.026135,0.713102,-1.019385,0.405159,0.000000,0.000000,-0.200939
1168,01 04 09 18 24 31,0.03067782,0.49806306,0.156813,0.185338,-0.881630,0.839259,0.000000,0.000000,0.726364
1169,08 09 13 18 22 24,0.03066187,0.54769305,0.940875,1.641253,0.082653,-0.897139,0.000000,0.000000,0.059459
1170,04 07 08 09 12 24,0.03059969,0.46256099,-0.235219,1.059801,-0.606121,-0.028940,0.000000,0.000000,-0.299699
1171,10 12 13 18 24 38,0.03059485,0.66771871,1.855615,0.836401,0.633672,-0.028940,0.000000,0.000000,0.739866
1172,04 08 14 18 22 24,0.03056335,0.57900591,1.332906,1.052212,-0.468366,-0.028940,0.000000,0.000000,-0.269741
1173,01 04 10 13 31 38,0.03051032,0.57299596,0.287490,0.371075,0.358162,0.694559,0.000000,0.000000,0.346238
1174,09 12 13 18 24 31,0.03049935,0.44939287,-0.104542,0.577718,-1.019385,0.260460,0.000000,0.000000,0.911123
1175,01 04 10 24 31 38,0.03049276,0.60605087,0.548844,0.413340,0.771426,0.549859,0.000000,0.000000,0.656411
1176,04 09 10 14 22 24,0.03048535,0.44504592,-1.280636,0.870415,0.358162,0.115760,0.000000,0.000000,0.055665
1177,02 04 13 18 31 38,0.03045264,0.64098746,0.940875,-0.278609,0.358162,1.418058,0.000000,0.000000,0.815061
1178,09 10 12 13 18 24,0.03044129,0.51688197,0.548844,1.003185,-0.743875,0.115760,0.000000,0.000000,-0.569118
1179,02 04 12 22 24 31,0.03041556,0.51067677,-0.757927,-0.494925,-0.055102,1.707457,0.000000,0.000000,0.797687
1180,01 04 07 09 12 24,0.03039089,0.46065865,-0.888604,0.267166,-0.468366,0.983958,0.000000,0.000000,-0.206771
1181,04 08 10 22 24 31,0.03038616,0.51713731,0.287490,0.694468,-0.192857,0.115760,0.000000,0.000000,0.860284
1182,04 08 10 13 18 38,0.03038540,0.68523634,2.509000,1.194392,0.220408,-0.318339,0.000000,0.000000,0.060998
1183,02 04 09 12 22 24,0.03038192,0.50315507,-1.019281,0.229500,0.495917,0.983958,0.000000,0.000000,-0.032708
1184,01 04 10 22 24 31,0.03037625,0.51523498,-0.365896,-0.098168,-0.055102,1.128658,0.000000,0.000000,0.982679
1185,04 09 13 14 31 38,0.03035760,0.43531780,-1.280636,0.914190,0.495917,-0.173640,0.000000,0.000000,0.852075
1186,01 04 12 18 24 31,0.03032598,0.54337309,0.940875,-0.255481,-1.432649,1.418058,0.000000,0.000000,0.688597
1187,04 10 12 13 14 38,0.03031781,0.54811694,0.156813,0.898839,0.220408,0.260460,0.000000,0.000000,-0.611101
1188,01 04 09 10 22 24,0.03031213,0.50771327,-0.627250,0.626258,0.495917,0.405159,0.000000,0.000000,0.147766
1189,04 07 13 14 18 31,0.03029855,0.44500780,-0.496573,-0.508294,-1.570404,1.707457,0.000000,0.000000,0.842605
1190,02 04 09 12 13 22,0.03029420,0.47010016,-1.280636,0.187235,0.082653,1.128658,0.000000,0.000000,-0.358479
1191,04 10 14 22 24 31,0.03024481,0.45256762,-1.019281,0.145989,-0.192857,0.839259,0.000000,0.000000,0.845442
1192,07 10 13 18 24 31,0.03023467,0.52176064,0.287490,-0.175946,-0.881630,1.273358,0.000000,0.000000,0.814294
1193,02 04 12 13 18 38,0.03021853,0.67877579,1.463583,0.004998,0.358162,1.273358,0.000000,0.000000,-0.030676
1194,04 08 12 18 24 31,0.03020899,0.54527543,1.594261,0.537155,-1.570404,0.405159,0.000000,0.000000,0.547403
1195,07 09 10 12 13 24,0.03020516,0.44168923,-1.019281,0.801406,-0.330611,0.405159,0.000000,0.000000,-0.683674
1196,04 09 10 12 24 31,0.03015020,0.41131543,-1.019281,0.355358,-0.743875,0.549859,0.000000,0.000000,0.875656
1197,04 07 08 10 18 24,0.03013942,0.61012150,1.724938,0.507918,-0.881630,0.694559,0.000000,0.000000,-0.345933
1198,01 04 09 13 18 31,0.03009389,0.46500816,-0.104542,0.143072,-1.294894,0.983958,0.000000,0.000000,0.327079
1199,07 12 13 14 22 24,0.03009306,0.45324065,-1.149958,0.450177,-0.055102,0.694559,0.000000,0.000000,-0.083927
1200,01 04 09 10 13 38,0.03006508,0.56547426,0.026135,1.095500,0.909181,-0.028940,0.000000,0.000000,-0.545139
1201,01 04 10 12 13 38,0.03005069,0.61078429,0.810198,0.654682,0.358162,0.549859,0.000000,0.000000,-0.532912
1202,01 04 10 13 22 31,0.03002760,0.48218007,-0.627250,-0.140433,-0.468366,1.273358,0.000000,0.000000,0.618249
1203,04 07 08 13 14 18,0.03000508,0.52859716,0.940875,0.792715,-1.570404,0.694559,0.000000,0.000000,-1.692019
1204,01 04 07 12 24 31,0.02999996,0.46818036,-0.627250,-0.457260,-1.019385,1.707457,0.000000,0.000000,0.560724
1205,02 04 07 10 22 24,0.02998412,0.57552284,-0.627250,-0.524163,0.633672,1.996857,0.000000,0.000000,-0.149260
1206,04 08 09 12 18 24,0.02997151,0.53775372,1.332906,1.261581,-1.019385,-0.318339,0.000000,0.000000,-0.313195
1207,02 04 07 12 18 24,0.02994913,0.60366095,0.679521,-0.681476,-0.743875,2.286256,0.000000,0.000000,-0.441077
1208,07 08 12 13 22 24,0.02990388,0.51781035,0.156813,0.998655,-0.055102,-0.028940,0.000000,0.000000,-0.118053
1209,07 08 09 13 22 24,0.02988932,0.47250031,-0.627250,1.439474,0.495917,-0.607739,0.000000,0.000000,-0.134569
1210,04 07 08 09 13 31,0.02988685,0.39171776,-1.019281,0.733929,-1.019385,0.260460,0.000000,0.000000,0.092970
1211,04 08 10 12 13 38,0.02981352,0.61268663,1.463583,1.447317,0.220408,-0.463039,0.000000,0.000000,-0.691912
1212,09 13 14 18 22 24,0.02980452,0.48312336,-0.365896,1.092774,0.082653,-0.173640,0.000000,0.000000,-0.061460
1213,04 08 10 18 24 38,0.02979972,0.71829124,2.770354,1.236657,0.633672,-0.463039,0.000000,0.000000,0.287002
1214,04 07 10 14 18 24,0.02966464,0.54555180,0.418167,-0.040561,-0.881630,1.418058,0.000000,0.000000,-0.410175
1215,02 04 07 10 13 22,0.02965052,0.54246794,-0.888604,-0.566428,0.220408,2.141557,0.000000,0.000000,-0.511459
1216,04 07 10 13 14 38,0.02962356,0.54547391,-0.365896,0.444134,0.633672,0.694559,0.000000,0.000000,-0.125344
1217,01 04 09 12 24 38,0.02959964,0.56882839,0.156813,0.995905,1.046936,-0.173640,0.000000,0.000000,0.359266
1218,07 09 10 13 18 24,0.02956923,0.51423894,0.026135,0.548480,-0.330611,0.549859,0.000000,0.000000,-0.109705
1219,02 04 12 18 24 38,0.02956725,0.71183069,1.724938,0.047264,0.771426,1.128658,0.000000,0.000000,0.185609
1220,01 04 07 12 13 31,0.02951463,0.43512545,-0.888604,-0.499525,-1.432649,1.852157,0.000000,0.000000,0.176046
1221,07 10 12 13 18 24,0.02946816,0.55954897,0.810198,0.107662,-0.881630,1.128658,0.000000,0.000000,-0.110320
1222,09 10 13 22 24 31,0.02944938,0.42125475,-1.411313,0.735031,0.358162,-0.028940,0.000000,0.000000,1.042201
1223,01 04 07 09 24 31,0.02941326,0.42287032,-1.411313,-0.016441,-0.468366,1.128658,0.000000,0.000000,0.459443
1224,04 08 09 13 31 38,0.02938805,0.49988750,0.026135,1.462668,0.495917,-0.897139,0.000000,0.000000,0.702333
1225,04 09 10 13 14 22,0.02937936,0.41199101,-1.541990,0.828150,-0.055102,0.260460,0.000000,0.000000,-0.420965
1226,04 07 08 10 13 14,0.02937927,0.48574822,0.026135,1.187501,-1.294894,0.549859,0.000000,0.000000,-3.113504
1227,04 07 08 13 18 31,0.02935115,0.50957750,0.810198,0.040184,-1.570404,0.983958,0.000000,0.000000,0.696147
1228,01 04 08 13 18 22,0.02934748,0.60861837,1.724938,0.765789,-0.743875,0.405159,0.000000,0.000000,-0.644889
1229,07 08 13 22 24 38,0.02930664,0.62333706,0.679521,1.272689,1.873464,-0.752439,0.000000,0.000000,1.065338
1230,04 08 12 13 31 38,0.02930557,0.54519753,0.810198,1.021850,-0.055102,-0.318339,0.000000,0.000000,0.704474
1231,07 13 14 22 24 38,0.02929398,0.55876736,-0.627250,0.724211,1.873464,-0.028940,0.000000,0.000000,1.069561
1232,01 04 07 08 13 18,0.02923403,0.59126452,1.594261,0.548558,-1.432649,0.983958,0.000000,0.000000,-1.688488
1233,08 12 13 18 22 24,0.02923229,0.59300308,1.724938,1.200434,-0.468366,-0.318339,0.000000,0.000000,-0.137979
1234,01 04 07 10 18 24,0.02918566,0.60821916,1.071552,-0.284718,-0.743875,1.707457,0.000000,0.000000,-0.363373
1235,04 08 09 24 31 38,0.02918225,0.53294240,0.287490,1.504934,0.909181,-1.041838,0.000000,0.000000,0.984619
1236,01 04 07 10 24 38,0.02917938,0.64119617,0.548844,0.242242,1.184691,0.839259,0.000000,0.000000,0.239386
1237,04 07 09 14 24 38,0.02916794,0.50351801,-1.019281,0.785357,1.322445,-0.028940,0.000000,0.000000,0.766156
1238,04 10 14 18 24 38,0.02915806,0.65372155,1.463583,0.688178,0.633672,0.260460,0.000000,0.000000,0.198037
1239,04 09 13 14 22 31,0.02911727,0.34450191,-2.195375,0.402682,-0.330611,0.405159,0.000000,0.000000,1.011845
1240,01 04 10 12 22 24,0.02910803,0.55302331,0.156813,0.185440,-0.055102,0.983958,0.000000,0.000000,-0.016265
1241,01 04 09 12 18 24,0.02908798,0.53585139,0.679521,0.468945,-0.881630,0.694559,0.000000,0.000000,-0.320228
1242,01 04 10 12 13 22,0.02908688,0.51996841,-0.104542,0.143174,-0.468366,1.128658,0.000000,0.000000,-0.332174
1243,01 04 10 18 24 38,0.02905948,0.71638890,2.116969,0.444021,0.771426,0.549859,0.000000,0.000000,0.301195
1244,01 04 09 10 13 22,0.02902364,0.47465837,-0.888604,0.583993,0.082653,0.549859,0.000000,0.000000,-0.355902
1245,04 07 08 18 24 31,0.02900636,0.54263240,1.071552,0.082450,-1.157140,0.839259,0.000000,0.000000,0.957840
1246,04 12 13 14 31 38,0.02884516,0.48062784,-0.496573,0.473371,-0.055102,0.405159,0.000000,0.000000,0.642362
1247,02 04 07 13 31 38,0.02881224,0.56579473,-0.627250,-0.480388,0.771426,1.707457,0.000000,0.000000,0.492458
1248,01 04 08 09 12 13,0.02880882,0.47604781,0.287490,1.697008,-1.294894,-0.173640,0.000000,0.000000,-3.022638
1249,02 04 13 18 22 31,0.02878401,0.55017157,0.026135,-0.790117,-0.468366,1.996857,0.000000,0.000000,0.911377
1250,12 13 14 22 24 38,0.02873919,0.56141039,-0.104542,1.178916,1.460200,-0.463039,0.000000,0.000000,0.398758
1251,01 04 07 08 10 13,0.02873575,0.54841558,0.679521,0.943344,-1.157140,0.839259,0.000000,0.000000,-3.091081
1252,02 04 09 12 13 18,0.02866718,0.52793905,0.156813,0.171783,-1.019385,1.418058,0.000000,0.000000,-1.546747
1253,13 14 18 22 24 31,0.02864088,0.49064506,-0.104542,0.368349,-0.468366,0.549859,0.000000,0.000000,0.591555
1254,04 08 09 10 13 22,0.02863948,0.47656071,-0.235219,1.376628,-0.055102,-0.463039,0.000000,0.000000,-0.536680
1255,02 04 10 13 18 22,0.02861676,0.61766067,0.679521,-0.364649,-0.192857,1.852157,0.000000,0.000000,-0.585040
1256,04 09 12 13 14 38,0.02859231,0.47310613,-0.757927,1.197797,0.495917,-0.318339,0.000000,0.000000,-0.220512
1257,02 04 10 18 22 24,0.02858890,0.65071558,0.940875,-0.322383,0.220408,1.707457,0.000000,0.000000,-0.276393
1258,01 04 10 13 18 38,0.02848139,0.68333400,1.855615,0.401756,0.358162,0.694559,0.000000,0.000000,-0.097225
1259,02 04 07 24 31 38,0.02838783,0.59884963,-0.365896,-0.438123,1.184691,1.562758,0.000000,0.000000,0.742356
1260,04 08 09 13 22 31,0.02836158,0.40907161,-0.888604,0.951160,-0.330611,-0.318339,0.000000,0.000000,0.893788
1261,04 08 12 13 22 31,0.02835673,0.45438164,-0.104542,0.510342,-0.881630,0.260460,0.000000,0.000000,0.907429
1262,04 08 09 12 13 14,0.02835642,0.41338045,-0.365896,1.941165,-1.432649,-0.463039,0.000000,0.000000,-3.207427
1263,07 09 12 13 24 38,0.02826887,0.51751517,-0.627250,0.933580,1.322445,-0.318339,0.000000,0.000000,0.961920
1264,04 09 14 24 31 38,0.02826387,0.46837270,-1.019281,0.956455,0.909181,-0.318339,0.000000,0.000000,0.854657
1265,04 09 13 14 18 38,0.02821183,0.54565584,0.287490,0.944871,0.495917,-0.173640,0.000000,0.000000,0.391303
1266,02 04 07 08 09 13,0.02817769,0.49854734,-0.496573,0.987405,-0.606121,0.839259,0.000000,0.000000,-3.378931
1267,04 07 12 14 24 38,0.02805572,0.54882804,-0.235219,0.344538,0.771426,0.549859,0.000000,0.000000,0.615736
1268,02 04 07 13 22 31,0.02804476,0.47497884,-1.541990,-0.991896,-0.055102,2.286256,0.000000,0.000000,0.722283
1269,02 04 07 08 12 13,0.02803478,0.54385737,0.287490,0.546587,-1.157140,1.418058,0.000000,0.000000,-3.385744
1270,01 04 10 12 13 18,0.02801563,0.57780729,1.332906,0.127722,-1.570404,1.418058,0.000000,0.000000,-1.438102
1271,02 04 07 10 13 18,0.02799763,0.60030682,0.548844,-0.581880,-0.881630,2.430956,0.000000,0.000000,-1.703560
1272,04 08 09 18 24 38,0.02799737,0.64328044,1.855615,1.535615,0.909181,-1.041838,0.000000,0.000000,0.666205
1273,09 12 13 18 24 38,0.02798466,0.59270791,0.940875,1.135359,0.909181,-0.607739,0.000000,0.000000,0.999385
1274,02 04 10 22 24 38,0.02798419,0.68369258,0.418167,0.204577,2.148974,0.839259,0.000000,0.000000,0.237707
1275,09 12 13 24 31 38,0.02795016,0.48236987,-0.627250,1.104678,0.909181,-0.607739,0.000000,0.000000,1.137144
1276,04 08 09 10 22 24,0.02785936,0.50961561,0.026135,1.418894,0.358162,-0.607739,0.000000,0.000000,-0.339482
1277,04 09 10 13 14 18,0.02777544,0.46982990,-0.104542,0.812697,-1.157140,0.549859,0.000000,0.000000,-1.605810
1278,04 07 14 18 24 31,0.02776857,0.47806270,-0.235219,-0.466029,-1.157140,1.562758,0.000000,0.000000,0.780557
1279,01 07 13 18 22 24,0.02773106,0.58845772,0.548844,-0.046906,0.082653,1.128658,0.000000,0.000000,0.352083
1280,02 04 09 13 22 38,0.02773101,0.57562687,-0.757927,0.461269,2.011219,0.405159,0.000000,0.000000,0.533651
1281,04 12 13 14 22 31,0.02768246,0.38981195,-1.411313,-0.038137,-0.881630,0.983958,0.000000,0.000000,0.813633
1282,04 12 14 24 31 38,0.02767156,0.51368274,-0.235219,0.515636,0.358162,0.260460,0.000000,0.000000,0.781264
1283,04 07 08 10 13 38,0.02766479,0.61004360,0.940875,0.992612,0.633672,-0.028940,0.000000,0.000000,-0.421642
1284,07 13 14 18 22 24,0.02763404,0.52579036,-0.104542,0.197251,-0.055102,0.839259,0.000000,0.000000,0.219946
1285,04 10 13 14 22 38,0.02762739,0.56282776,-0.235219,0.661365,1.322445,0.115760,0.000000,0.000000,0.605709
1286,01 04 07 12 13 14,0.02760106,0.45414512,-0.757927,0.253005,-1.432649,1.562758,0.000000,0.000000,-2.592503
1287,04 09 10 12 13 31,0.02758614,0.37826053,-1.280636,0.313093,-1.157140,0.694559,0.000000,0.000000,0.183008
1288,04 08 09 22 24 31,0.02753310,0.44212651,-0.627250,0.993426,0.082653,-0.463039,0.000000,0.000000,1.083822
1289,04 07 09 14 18 24,0.02751705,0.47054100,-0.496573,0.258397,-0.606121,0.839259,0.000000,0.000000,-0.082120
1290,01 04 09 10 13 18,0.02751036,0.53249726,0.548844,0.568540,-1.019385,0.839259,0.000000,0.000000,-1.527319
1291,01 04 12 13 31 38,0.02749554,0.54329519,0.156813,0.229214,0.082653,0.694559,0.000000,0.000000,0.560174
1292,04 08 09 13 18 38,0.02748525,0.61022553,1.594261,1.493349,0.495917,-0.897139,0.000000,0.000000,0.277558
1293,02 04 07 18 24 38,0.02747722,0.70918766,1.202229,-0.407442,1.184691,1.562758,0.000000,0.000000,0.464575
1294,04 08 10 12 13 22,0.02743314,0.52187074,0.548844,0.935810,-0.606121,0.115760,0.000000,0.000000,-0.701043
1295,04 07 08 12 24 38,0.02737221,0.61339773,1.071552,0.893017,0.771426,-0.173640,0.000000,0.000000,0.508373
1296,07 10 13 24 31 38,0.02734886,0.55473765,-0.235219,0.351014,1.046936,0.405159,0.000000,0.000000,0.990444
1297,02 04 18 24 31 38,0.02733248,0.67404236,1.202229,-0.236344,0.771426,1.273358,0.000000,0.000000,0.665575
1298,10 12 13 22 24 31,0.02732654,0.46656479,-0.627250,0.294212,-0.192857,0.549859,0.000000,0.000000,0.742055
1299,02 04 07 12 13 38,0.02730328,0.60358306,-0.104542,-0.196781,0.771426,1.562758,0.000000,0.000000,-0.542153
1300,02 08 10 13 14 31,0.02730091,0.41581498,-0.104542,0.789615,-1.432649,-0.028940,0.000000,0.000000,0.469720
1301,07 10 13 18 24 38,0.02729926,0.66507568,1.332906,0.381696,1.046936,0.405159,0.000000,0.000000,0.840226
1302,04 09 14 22 24 31,0.02729627,0.37755682,-1.934021,0.444947,0.082653,0.260460,0.000000,0.000000,1.054833
1303,08 13 18 22 24 38,0.02725630,0.69852979,2.247646,1.474469,1.460200,-1.041838,0.000000,0.000000,0.841148
1304,04 09 14 18 24 38,0.02725361,0.57871074,0.548844,0.987136,0.909181,-0.318339,0.000000,0.000000,0.562115
1305,02 04 07 22 24 31,0.02722898,0.50803374,-1.280636,-0.949631,0.358162,2.141557,0.000000,0.000000,0.914197
1306,01 02 08 14 24 38,0.02719458,0.60638285,1.332906,1.472428,0.771426,-0.897139,0.000000,0.000000,0.331919
1307,04 07 08 09 24 38,0.02708807,0.56808770,0.287490,1.333836,1.322445,-0.752439,0.000000,0.000000,0.451917
1308,01 04 12 13 22 31,0.02706456,0.45247931,-0.757927,-0.282294,-0.743875,1.273358,0.000000,0.000000,0.839852
1309,01 07 13 22 24 38,0.02704812,0.62143472,0.026135,0.480054,2.011219,0.260460,0.000000,0.000000,0.854594
1310,04 10 12 13 14 22,0.02703702,0.45730105,-0.757927,0.387331,-0.606121,0.839259,0.000000,0.000000,-0.753630
1311,04 08 09 12 13 38,0.02703665,0.53767583,0.548844,1.746275,0.495917,-1.041838,0.000000,0.000000,-0.457086
1312,04 09 10 13 18 31,0.02701154,0.45081023,-0.235219,0.060167,-1.157140,0.839259,0.000000,0.000000,0.766063
1313,07 08 13 18 22 24,0.02699740,0.59036005,1.202229,0.745729,-0.055102,0.115760,0.000000,0.000000,0.119526
1314,01 04 07 09 13 31,0.02699113,0.38981542,-1.672667,-0.058707,-0.881630,1.273358,0.000000,0.000000,-0.212178
1315,07 12 13 18 24 31,0.02697427,0.49205987,0.156813,-0.317806,-1.157140,1.273358,0.000000,0.000000,0.991843
1316,02 04 07 09 13 38,0.02689709,0.55827302,-0.888604,0.244038,1.322445,0.983958,0.000000,0.000000,-0.616691
1317,04 08 12 24 31 38,0.02689393,0.57825243,1.071552,1.064115,0.358162,-0.463039,0.000000,0.000000,0.659957
1318,04 08 10 13 22 38,0.02687829,0.62739745,1.071552,1.209844,1.322445,-0.607739,0.000000,0.000000,0.488628
1319,04 10 12 14 22 24,0.02683772,0.49035595,-0.496573,0.429597,-0.192857,0.694559,0.000000,0.000000,-0.470382
1320,01 02 04 07 12 13,0.02678104,0.54195504,-0.365896,-0.246049,-1.019385,2.430956,0.000000,0.000000,-3.447627
1321,02 04 09 18 22 24,0.02677931,0.57570477,0.026135,-0.023426,0.495917,1.128658,0.000000,0.000000,0.101737
1322,04 08 09 10 13 18,0.02677205,0.53439959,1.202229,1.361176,-1.157140,-0.173640,0.000000,0.000000,-1.760564
1323,04 10 12 13 18 31,0.02674993,0.49612027,0.548844,-0.380652,-1.708158,1.418058,0.000000,0.000000,0.741664
1324,02 04 07 13 18 38,0.02674126,0.67613276,0.940875,-0.449707,0.771426,1.707457,0.000000,0.000000,0.042766
1325,02 04 12 13 22 38,0.02673730,0.62093691,0.026135,0.020451,1.460200,0.983958,0.000000,0.000000,0.400788
1326,01 02 08 14 18 24,0.02665058,0.57340584,1.855615,0.945468,-1.157140,-0.028940,0.000000,0.000000,-0.352368
1327,01 04 07 09 13 14,0.02665027,0.40883509,-1.541990,0.693824,-0.881630,0.983958,0.000000,0.000000,-2.747723
1328,08 13 22 24 31 38,0.02657647,0.58819176,0.679521,1.443787,1.460200,-1.041838,0.000000,0.000000,0.883298
1329,01 04 07 18 24 31,0.02656892,0.54073006,0.418167,-0.710186,-1.019385,1.852157,0.000000,0.000000,0.720588
1330,04 13 14 18 31 38,0.02655152,0.55317754,0.548844,0.220445,-0.055102,0.549859,0.000000,0.000000,0.970736
1331,01 02 07 08 14 24,0.02652683,0.49821310,0.287490,0.743688,-0.743875,0.260460,0.000000,0.000000,-0.450274
1332,04 07 12 14 18 24,0.02650186,0.51585103,0.287490,-0.182422,-1.157140,1.418058,0.000000,0.000000,-0.218163
1333,04 08 10 12 22 24,0.02649024,0.55492564,0.810198,0.978075,-0.192857,-0.028940,0.000000,0.000000,-0.527962
1334,01 02 10 14 24 31,0.02645501,0.44696754,-0.496573,0.039245,-0.881630,0.839259,0.000000,0.000000,0.781035
1335,04 08 12 13 18 38,0.02642660,0.65553557,2.378323,1.052531,-0.055102,-0.318339,0.000000,0.000000,0.135076
1336,09 10 13 22 24 38,0.02639668,0.56456980,-0.365896,1.292672,2.286728,-0.897139,0.000000,0.000000,1.050755
1337,01 04 09 24 31 38,0.02630300,0.53104006,-0.365896,0.712298,1.046936,-0.028940,0.000000,0.000000,0.681911
1338,04 07 08 09 18 24,0.02628631,0.53511070,0.810198,0.806876,-0.606121,0.115760,0.000000,0.000000,-0.270557
1339,01 04 09 22 24 31,0.02627626,0.44022417,-1.280636,0.200790,0.220408,0.549859,0.000000,0.000000,1.021480
1340,01 02 04 07 09 13,0.02627032,0.49664500,-1.149958,0.194770,-0.468366,1.852157,0.000000,0.000000,-3.537651
1341,02 08 10 14 24 31,0.02626298,0.44886988,0.156813,0.831881,-1.019385,-0.173640,0.000000,0.000000,0.628722
1342,04 07 13 14 31 38,0.02626199,0.47798481,-1.019281,0.018666,0.358162,0.839259,0.000000,0.000000,0.848268
1343,04 07 10 14 22 24,0.02625042,0.48771292,-1.019281,-0.025109,0.220408,1.128658,0.000000,0.000000,0.031218
1344,01 04 12 24 31 38,0.02624767,0.57635010,0.418167,0.271479,0.495917,0.549859,0.000000,0.000000,0.688073
1345,01 13 18 22 24 38,0.02623044,0.69662746,1.594261,0.681833,1.597955,-0.028940,0.000000,0.000000,0.813025
1346,04 07 10 13 14 22,0.02621341,0.45465802,-1.280636,-0.067374,-0.192857,1.273358,0.000000,0.000000,-0.287041
1347,07 09 13 18 24 31,0.02616781,0.44674984,-0.627250,0.123012,-0.606121,0.694559,0.000000,0.000000,0.858004
1348,01 04 07 09 18 24,0.02614543,0.53320836,0.156813,0.014240,-0.468366,1.128658,0.000000,0.000000,-0.167566
1349,04 09 12 14 22 24,0.02614339,0.41534515,-1.411313,0.728555,0.082653,0.115760,0.000000,0.000000,0.072977
1350,04 09 10 18 24 31,0.02613066,0.48386514,0.026135,0.102432,-0.743875,0.694559,0.000000,0.000000,0.948333
1351,01 04 09 12 22 24,0.02611539,0.47801250,-0.757927,0.484397,0.220408,0.405159,0.000000,0.000000,0.186593
1352,02 04 18 22 24 31,0.02609733,0.58322648,0.287490,-0.747851,-0.055102,1.852157,0.000000,0.000000,0.826112
1353,04 08 12 22 24 31,0.02608001,0.48743654,0.156813,0.552607,-0.468366,0.115760,0.000000,0.000000,0.882901
1354,01 04 09 12 13 38,0.02602689,0.53577349,-0.104542,0.953640,0.633672,-0.028940,0.000000,0.000000,-0.482823
1355,02 04 09 22 24 38,0.02601485,0.60868178,-0.496573,0.503535,2.424483,0.260460,0.000000,0.000000,0.592171
1356,01 04 09 18 24 38,0.02601019,0.64137810,1.202229,0.742979,1.046936,-0.028940,0.000000,0.000000,0.495662
1357,01 04 12 22 24 31,0.02595161,0.48553421,-0.496573,-0.240028,-0.330611,1.128658,0.000000,0.000000,0.987740
1358,04 07 10 12 24 31,0.02593791,0.45398243,-0.757927,-0.540166,-0.881630,1.562758,0.000000,0.000000,0.854563
1359,02 04 07 12 22 24,0.02587845,0.54582207,-0.757927,-0.666023,0.358162,1.996857,0.000000,0.000000,-0.096941
1360,07 10 13 22 24 31,0.02587554,0.46392176,-1.149958,-0.160493,0.220408,0.983958,0.000000,0.000000,1.115696
1361,04 10 12 13 14 18,0.02587514,0.51513993,0.679521,0.371879,-1.708158,1.128658,0.000000,0.000000,-1.872986
1362,13 14 18 22 24 38,0.02584912,0.63396010,0.940875,0.925990,1.460200,-0.318339,0.000000,0.000000,0.638769
1363,04 08 09 12 22 24,0.02584908,0.47991484,-0.104542,1.277033,0.082653,-0.607739,0.000000,0.000000,0.023275
1364,01 04 07 09 24 38,0.02577561,0.56618536,-0.365896,0.541200,1.460200,0.260460,0.000000,0.000000,0.381335
1365,04 07 09 10 24 31,0.02577049,0.40867240,-1.541990,-0.099347,-0.330611,0.983958,0.000000,0.000000,0.815399
1366,02 04 07 12 13 22,0.02575515,0.51276717,-1.019281,-0.708289,-0.055102,2.141557,0.000000,0.000000,-0.427983
1367,04 12 13 14 18 38,0.02572322,0.59096587,1.071552,0.504052,-0.055102,0.405159,0.000000,0.000000,0.036967
1368,01 04 07 10 22 24,0.02571112,0.55038028,-0.365896,-0.269266,0.358162,1.418058,0.000000,0.000000,0.069082
1369,04 12 14 18 24 38,0.02568512,0.62402078,1.332906,0.546318,0.358162,0.260460,0.000000,0.000000,0.344098
1370,04 12 14 22 24 31,0.02567703,0.42286685,-1.149958,0.004129,-0.468366,0.839259,0.000000,0.000000,0.829297
1371,04 07 08 12 18 24,0.02562429,0.58042073,1.594261,0.366057,-1.157140,0.694559,0.000000,0.000000,-0.354277
1372,01 04 07 13 18 31,0.02561643,0.50767516,0.156813,-0.752451,-1.432649,1.996857,0.000000,0.000000,0.266699
1373,04 08 10 12 13 18,0.02558512,0.57970963,1.986292,0.920357,-1.708158,0.405159,0.000000,0.000000,-1.922052
1374,04 07 10 12 13 31,0.02554738,0.42092753,-1.019281,-0.582431,-1.294894,1.707457,0.000000,0.000000,0.483929
1375,02 04 07 09 22 24,0.02551820,0.50051204,-1.541990,-0.225205,0.909181,1.418058,0.000000,0.000000,-0.164673
1376,01 04 12 13 18 38,0.02550865,0.65363323,1.724938,0.259895,0.082653,0.694559,0.000000,0.000000,0.122940
1377,07 09 12 13 18 24,0.02544641,0.48453817,-0.104542,0.406620,-0.606121,0.549859,0.000000,0.000000,-0.059928
1378,01 04 10 18 22 24,0.02537294,0.62557301,1.202229,-0.067486,-0.055102,1.128658,0.000000,0.000000,0.098553
1379,04 08 13 18 31 38,0.02537180,0.61774724,1.855615,0.768924,-0.055102,-0.173640,0.000000,0.000000,0.789856
1380,01 04 09 13 31 38,0.02534502,0.49798516,-0.627250,0.670033,0.633672,0.115760,0.000000,0.000000,0.227209
1381,04 07 09 13 14 38,0.02533858,0.47046310,-1.280636,0.743092,0.909181,0.115760,0.000000,0.000000,-0.113951
1382,04 09 12 13 14 22,0.02528565,0.38229024,-1.672667,0.686289,-0.330611,0.260460,0.000000,0.000000,-0.366874
1383,02 04 07 09 13 22,0.02527134,0.46745713,-1.803344,-0.267470,0.495917,1.562758,0.000000,0.000000,-0.514022
1384,02 04 12 13 18 22,0.02523531,0.58795990,0.548844,-0.506510,-0.468366,1.852157,0.000000,0.000000,-0.425427
1385,01 02 10 13 14 31,0.02522462,0.41391264,-0.757927,-0.003020,-1.294894,0.983958,0.000000,0.000000,0.285975
1386,04 07 08 10 13 22,0.02515504,0.51922771,0.026135,0.481105,-0.192857,0.549859,0.000000,0.000000,-0.449940
1387,01 02 08 10 24 31,0.02514629,0.51153724,0.810198,0.587724,-0.881630,0.115760,0.000000,0.000000,0.581045
1388,01 04 07 12 24 38,0.02514469,0.61149540,0.418167,0.100381,0.909181,0.839259,0.000000,0.000000,0.302221
1389,04 07 08 13 31 38,0.02513955,0.54255450,0.287490,0.567144,0.358162,0.115760,0.000000,0.000000,0.675875
1390,10 13 18 24 31 38,0.02507058,0.62993038,1.332906,0.552794,0.633672,0.115760,0.000000,0.000000,0.732482
1391,02 04 09 13 18 22,0.02506204,0.54264987,-0.235219,-0.065691,0.082653,1.273358,0.000000,0.000000,-0.465456
1392,01 04 09 12 13 22,0.02503720,0.44495760,-1.019281,0.442132,-0.192857,0.549859,0.000000,0.000000,-0.285919
1393,01 04 10 13 22 38,0.02501956,0.62549512,0.418167,0.417208,1.460200,0.405159,0.000000,0.000000,0.337114
1394,09 12 13 22 24 31,0.02500979,0.39155398,-1.541990,0.593170,0.082653,-0.028940,0.000000,0.000000,1.045049
1395,04 07 13 14 22 31,0.02496991,0.38716892,-1.934021,-0.492842,-0.468366,1.418058,0.000000,0.000000,1.000371
1396,01 13 22 24 31 38,0.02493674,0.58628942,0.026135,0.651152,1.597955,-0.028940,0.000000,0.000000,0.764229
1397,01 04 09 13 22 31,0.02483642,0.40716927,-1.541990,0.158525,-0.192857,0.694559,0.000000,0.000000,0.495387
1398,04 09 10 12 24 38,0.02483015,0.55463047,0.026135,0.913000,1.184691,-0.318339,0.000000,0.000000,0.548295
1399,04 07 08 24 31 38,0.02482186,0.57560940,0.548844,0.609410,0.771426,-0.028940,0.000000,0.000000,0.941584
1400,13 14 22 24 31 38,0.02481846,0.52362206,-0.627250,0.895309,1.460200,-0.318339,0.000000,0.000000,0.628942
1401,01 04 12 18 24 38,0.02480984,0.68668813,1.986292,0.302161,0.495917,0.549859,0.000000,0.000000,0.332186
1402,02 08 09 10 14 24,0.02479119,0.44134818,-0.104542,1.556307,-0.468366,-0.897139,0.000000,0.000000,-0.414740
1403,01 02 09 10 14 24,0.02477081,0.43944584,-0.757927,0.763671,-0.330611,0.115760,0.000000,0.000000,-0.293897
1404,04 10 13 14 18 22,0.02473639,0.52985075,0.287490,0.134405,-0.606121,0.983958,0.000000,0.000000,-0.426292
1405,04 13 14 18 22 31,0.02472740,0.46236165,-0.365896,-0.291063,-0.881630,1.128658,0.000000,0.000000,1.044015
1406,04 09 13 14 22 38,0.02467238,0.48781696,-1.149958,0.960323,1.597955,-0.463039,0.000000,0.000000,0.814142
1407,01 02 08 10 13 31,0.02463148,0.47848234,0.548844,0.545458,-1.294894,0.260460,0.000000,0.000000,0.191999
1408,04 08 09 12 13 22,0.02463040,0.44685994,-0.365896,1.234768,-0.330611,-0.463039,0.000000,0.000000,-0.470051
1409,01 04 07 12 18 24,0.02456834,0.57851839,0.940875,-0.426579,-1.019385,1.707457,0.000000,0.000000,-0.386857
1410,04 08 12 18 24 38,0.02456403,0.68859047,2.639677,1.094796,0.358162,-0.463039,0.000000,0.000000,0.171905
1411,02 04 09 10 12 13,0.02448182,0.48509011,-0.757927,0.566569,-0.743875,1.273358,0.000000,0.000000,-3.495590
1412,04 07 12 13 14 38,0.02443525,0.51577314,-0.496573,0.302273,0.358162,0.694559,0.000000,0.000000,-0.233423
1413,04 07 08 10 22 24,0.02441049,0.55228261,0.287490,0.523370,0.220408,0.405159,0.000000,0.000000,-0.247472
1414,02 04 12 18 22 24,0.02438779,0.62101481,0.810198,-0.464244,-0.055102,1.707457,0.000000,0.000000,-0.238214
1415,04 07 09 10 13 31,0.02437653,0.37561750,-1.803344,-0.141612,-0.743875,1.128658,0.000000,0.000000,0.296105
1416,01 04 07 10 13 38,0.02437569,0.60814126,0.287490,0.199977,0.771426,0.983958,0.000000,0.000000,-0.785070
1417,02 04 13 22 31 38,0.02435634,0.58314858,-0.496573,-0.263157,1.460200,1.128658,0.000000,0.000000,0.859095
1418,04 10 12 18 24 31,0.02434901,0.52917517,0.810198,-0.338386,-1.294894,1.273358,0.000000,0.000000,0.698734
1419,01 04 10 22 24 38,0.02433457,0.65855002,0.679521,0.459474,1.873464,0.260460,0.000000,0.000000,0.548406
1420,01 04 09 13 18 38,0.02433431,0.60832320,0.940875,0.700714,0.633672,0.115760,0.000000,0.000000,-0.065401
1421,07 09 13 18 24 38,0.02428298,0.59006488,0.418167,0.680654,1.322445,-0.173640,0.000000,0.000000,1.039581
1422,04 10 14 22 24 38,0.02421861,0.59588266,0.026135,0.703631,1.735709,-0.028940,0.000000,0.000000,0.413463
1423,04 07 14 24 31 38,0.02420384,0.51103971,-0.757927,0.060931,0.771426,0.694559,0.000000,0.000000,0.856121
1424,01 04 07 08 12 13,0.02415603,0.51871481,0.548844,0.801484,-1.432649,0.839259,0.000000,0.000000,-3.108993
1425,07 09 10 13 22 24,0.02414472,0.45640005,-1.411313,0.563933,0.771426,0.260460,0.000000,0.000000,0.033857
1426,02 04 07 12 13 18,0.02411520,0.57060605,0.418167,-0.723741,-1.157140,2.430956,0.000000,0.000000,-1.618167
1427,04 07 10 13 14 18,0.02410794,0.51249690,0.156813,-0.082826,-1.294894,1.562758,0.000000,0.000000,-1.546191
1428,04 07 13 14 18 38,0.02407418,0.58832284,0.548844,0.049347,0.358162,0.839259,0.000000,0.000000,0.381267
1429,04 07 08 13 22 31,0.02406133,0.45173861,-0.627250,0.055637,-0.468366,0.694559,0.000000,0.000000,0.859663
1430,07 10 12 13 22 24,0.02402425,0.50171009,-0.627250,0.123114,0.220408,0.839259,0.000000,0.000000,0.030368
1431,07 12 13 24 31 38,0.02402377,0.52503688,-0.365896,0.209154,0.771426,0.405159,0.000000,0.000000,1.158408
1432,07 12 13 18 24 38,0.02401623,0.63537491,1.202229,0.239835,0.771426,0.405159,0.000000,0.000000,1.014420
1433,12 13 14 18 22 24,0.02399977,0.52843339,0.418167,0.651956,-0.468366,0.405159,0.000000,0.000000,-0.907093
1434,04 08 09 13 22 38,0.02398461,0.55238665,0.156813,1.508802,1.597955,-1.186538,0.000000,0.000000,0.706148
1435,04 07 08 12 13 14,0.02396069,0.45604745,-0.104542,1.045641,-1.570404,0.549859,0.000000,0.000000,-3.255697
1436,04 08 10 22 24 38,0.02392498,0.66045235,1.332906,1.252109,1.735709,-0.752439,0.000000,0.000000,0.363861
1437,09 10 12 13 22 24,0.02387988,0.45904308,-0.888604,1.018638,0.358162,-0.173640,0.000000,0.000000,-0.593990
1438,04 07 09 10 12 24,0.02386956,0.44646073,-1.019281,0.184260,-0.330611,0.839259,0.000000,0.000000,-0.277283
1439,04 08 10 18 22 24,0.02379177,0.62747535,1.855615,0.725149,-0.192857,0.115760,0.000000,0.000000,-0.259564
1440,04 07 08 18 24 38,0.02378317,0.68594744,2.116969,0.640091,0.771426,-0.028940,0.000000,0.000000,0.644829
1441,04 10 14 18 22 24,0.02376259,0.56290566,0.548844,0.176671,-0.192857,0.839259,0.000000,0.000000,-0.257788
1442,04 09 12 13 14 18,0.02369467,0.44012913,-0.235219,0.670837,-1.432649,0.549859,0.000000,0.000000,-1.549803
1443,04 07 08 09 13 14,0.02368799,0.41073742,-0.888604,1.486459,-1.019385,-0.028940,0.000000,0.000000,-3.310457
1444,02 04 12 22 24 38,0.02365316,0.65399181,0.287490,0.062716,1.873464,0.839259,0.000000,0.000000,0.256639
1445,01 04 13 18 31 38,0.02362968,0.61584490,1.202229,-0.023712,0.082653,0.839259,0.000000,0.000000,0.655619
1446,02 04 07 09 13 18,0.02361197,0.52529602,-0.365896,-0.282923,-0.606121,1.852157,0.000000,0.000000,-1.707081
1447,01 02 10 12 14 24,0.02359358,0.48475588,0.026135,0.322852,-0.881630,0.694559,0.000000,0.000000,-0.453947
1448,01 04 09 12 13 18,0.02353686,0.50279649,0.418167,0.426680,-1.294894,0.839259,0.000000,0.000000,-1.455419
1449,10 13 18 22 24 31,0.02351588,0.53911449,0.418167,0.041286,-0.192857,0.694559,0.000000,0.000000,0.845678
1450,10 12 13 22 24 38,0.02343363,0.60987983,0.418167,0.851853,1.735709,-0.318339,0.000000,0.000000,0.626129
1451,04 08 13 18 22 31,0.02339242,0.52693135,0.940875,0.257416,-0.881630,0.405159,0.000000,0.000000,0.840135
1452,04 08 10 13 18 22,0.02337060,0.59442045,1.594261,0.682884,-0.606121,0.260460,0.000000,0.000000,-0.634738
1453,02 08 09 14 24 31,0.02336775,0.37385908,-0.757927,1.130839,-0.743875,-0.752439,0.000000,0.000000,0.846012
1454,07 09 13 24 31 38,0.02331435,0.47972684,-1.149958,0.649972,1.322445,-0.173640,0.000000,0.000000,1.038945
1455,01 04 10 13 18 22,0.02330578,0.59251811,0.940875,-0.109752,-0.468366,1.273358,0.000000,0.000000,-0.520478
1456,02 04 07 13 22 38,0.02329237,0.61829388,-0.496573,-0.434255,1.873464,1.418058,0.000000,0.000000,0.479022
1457,09 10 13 18 22 24,0.02328483,0.53159279,0.156813,0.765712,0.358162,-0.028940,0.000000,0.000000,-0.013966
1458,01 04 07 10 13 22,0.02328250,0.51732538,-0.627250,-0.311531,-0.055102,1.562758,0.000000,0.000000,-0.603500
1459,04 07 08 10 13 18,0.02327468,0.57706660,1.463583,0.465652,-1.294894,0.839259,0.000000,0.000000,-1.675741
1460,01 04 07 08 09 13,0.02325484,0.47340478,-0.235219,1.242302,-0.881630,0.260460,0.000000,0.000000,-3.256866
1461,04 07 08 22 24 31,0.02323661,0.48479351,-0.365896,0.097902,-0.055102,0.549859,0.000000,0.000000,1.050254
1462,04 09 10 12 18 24,0.02321160,0.52165347,0.548844,0.386040,-0.743875,0.549859,0.000000,0.000000,-0.295188
1463,04 07 08 13 18 38,0.02319471,0.65289254,1.855615,0.597826,0.358162,0.115760,0.000000,0.000000,0.244871
1464,04 07 14 22 24 31,0.02318449,0.42022382,-1.672667,-0.450577,-0.055102,1.273358,0.000000,0.000000,1.048630
1465,04 07 14 18 24 38,0.02315153,0.62137775,0.810198,0.091612,0.771426,0.694559,0.000000,0.000000,0.557349
1466,01 02 08 13 14 38,0.02313166,0.57332794,1.071552,1.430162,0.358162,-0.752439,0.000000,0.000000,-0.582790
1467,04 07 09 14 22 24,0.02300475,0.41270212,-1.934021,0.273849,0.495917,0.549859,0.000000,0.000000,0.196589
1468,04 08 12 13 22 38,0.02290656,0.59769668,0.940875,1.067983,1.046936,-0.607739,0.000000,0.000000,0.560790
1469,04 09 12 13 18 31,0.02287579,0.42110946,-0.365896,-0.081694,-1.432649,0.839259,0.000000,0.000000,0.813924
1470,02 04 13 18 22 38,0.02286784,0.69348662,1.071552,-0.232475,1.460200,1.128658,0.000000,0.000000,0.495699
1471,04 08 09 12 13 18,0.02277591,0.50469882,1.071552,1.219315,-1.432649,-0.173640,0.000000,0.000000,-1.692019
1472,04 07 08 12 13 38,0.02271855,0.58034283,0.810198,0.850752,0.358162,-0.028940,0.000000,0.000000,-0.493857
1473,04 09 10 13 31 38,0.02267057,0.48378724,-0.757927,0.587127,0.771426,-0.028940,0.000000,0.000000,0.726625
1474,02 04 07 18 22 24,0.02264453,0.61837178,0.287490,-0.918949,0.358162,2.141557,0.000000,0.000000,0.092127
1475,01 02 08 10 12 24,0.02262856,0.54932557,1.332906,0.871331,-0.881630,-0.028940,0.000000,0.000000,-0.603018
1476,04 07 08 09 13 38,0.02256229,0.53503280,0.026135,1.291570,0.909181,-0.607739,0.000000,0.000000,-0.531366
1477,01 04 09 18 22 24,0.02252248,0.55056221,0.287490,0.231471,0.220408,0.549859,0.000000,0.000000,0.322475
1478,04 09 10 24 31 38,0.02251069,0.51684214,-0.496573,0.629392,1.184691,-0.173640,0.000000,0.000000,1.015713
1479,07 10 13 22 24 38,0.02237949,0.60723680,-0.104542,0.397148,2.148974,0.115760,0.000000,0.000000,1.058567
1480,02 08 10 12 14 24,0.02234439,0.48665821,0.679521,1.115488,-1.019385,-0.318339,0.000000,0.000000,-0.762882
1481,04 09 14 22 24 38,0.02232063,0.52087186,-0.888604,1.002589,2.011219,-0.607739,0.000000,0.000000,0.778499
1482,01 02 09 14 24 31,0.02231285,0.37195674,-1.411313,0.338203,-0.606121,0.260460,0.000000,0.000000,0.813588
1483,04 10 12 13 31 38,0.02231192,0.52909727,0.026135,0.146308,0.220408,0.549859,0.000000,0.000000,0.687850
1484,02 08 12 13 14 31,0.02227961,0.38611421,-0.235219,0.647755,-1.708158,-0.028940,0.000000,0.000000,0.386385
1485,02 08 09 13 14 31,0.02223594,0.34080418,-1.019281,1.088573,-1.157140,-0.607739,0.000000,0.000000,0.365556
1486,01 02 08 14 22 24,0.02219649,0.51556696,0.418167,0.960920,-0.055102,-0.318339,0.000000,0.000000,-0.065034
1487,04 08 09 18 22 24,0.02218824,0.55246455,0.940875,1.024107,0.082653,-0.463039,0.000000,0.000000,0.149095
1488,01 02 12 14 24 31,0.02217152,0.41726678,-0.627250,-0.102616,-1.157140,0.839259,0.000000,0.000000,0.807008
1489,04 08 18 24 31 38,0.02216983,0.65080214,2.116969,0.811189,0.358162,-0.318339,0.000000,0.000000,0.628250
1490,01 04 13 18 22 31,0.02216817,0.52502901,0.287490,-0.535220,-0.743875,1.418058,0.000000,0.000000,0.782621
1491,04 12 13 14 22 38,0.02216436,0.53312699,-0.365896,0.519505,1.046936,0.115760,0.000000,0.000000,0.456931
1492,04 08 09 22 24 38,0.02216171,0.58544155,0.418167,1.551067,2.011219,-1.331238,0.000000,0.000000,0.748854
1493,02 08 12 14 24 31,0.02209798,0.41916911,0.026135,0.690020,-1.294894,-0.173640,0.000000,0.000000,0.672251
1494,02 04 07 10 12 13,0.02208658,0.52775711,-0.496573,-0.328955,-0.881630,2.286256,0.000000,0.000000,-3.247482
1495,02 04 07 09 10 13,0.02206495,0.48244708,-1.280636,0.111864,-0.330611,1.707457,0.000000,0.000000,-3.265047
1496,01 04 12 13 22 38,0.02203388,0.59579435,0.287490,0.275348,1.184691,0.405159,0.000000,0.000000,0.555363
1497,04 14 18 24 31 38,0.02203109,0.58623245,0.810198,0.262710,0.358162,0.405159,0.000000,0.000000,0.613795
1498,04 07 12 14 22 24,0.02197016,0.45801215,-1.149958,-0.166969,-0.055102,1.128658,0.000000,0.000000,0.057670
1499,09 12 13 22 24 38,0.02193446,0.53486903,-0.496573,1.150811,2.011219,-0.897139,0.000000,0.000000,1.050249
1500,04 07 09 13 14 22,0.02190255,0.37964721,-2.195375,0.231584,0.082653,0.694559,0.000000,0.000000,-0.279481
1501,04 07 09 12 24 31,0.02178915,0.37897163,-1.672667,-0.241208,-0.606121,0.983958,0.000000,0.000000,0.886137
1502,01 04 07 10 13 18,0.02175628,0.57516426,0.810198,-0.326983,-1.157140,1.852157,0.000000,0.000000,-1.776834
1503,04 14 18 22 24 31,0.02174500,0.49541656,-0.104542,-0.248797,-0.468366,0.983958,0.000000,0.000000,0.914938
1504,04 08 18 22 24 31,0.02172849,0.55998625,1.202229,0.299681,-0.468366,0.260460,0.000000,0.000000,0.906393
1505,01 04 07 22 24 31,0.02171770,0.48289118,-1.019281,-0.694734,0.082653,1.562758,0.000000,0.000000,0.949084
1506,01 04 09 10 12 13,0.02171409,0.45994755,-0.496573,0.821466,-1.019385,0.694559,0.000000,0.000000,-3.054238
1507,04 09 10 13 22 31,0.02169585,0.39297135,-1.672667,0.075619,-0.055102,0.549859,0.000000,0.000000,0.925746
1508,04 07 09 10 24 38,0.02169071,0.55198744,-0.496573,0.458294,1.597955,0.115760,0.000000,0.000000,0.671788
1509,01 02 09 12 14 24,0.02168932,0.40974507,-0.888604,0.621810,-0.606121,0.115760,0.000000,0.000000,-0.089842
1510,02 08 09 12 14 24,0.02168706,0.41164741,-0.235219,1.414446,-0.743875,-0.897139,0.000000,0.000000,-0.214040
1511,04 07 10 13 18 31,0.02167853,0.49347724,0.026135,-0.835357,-1.294894,1.852157,0.000000,0.000000,0.578931
1512,01 04 07 18 24 38,0.02167248,0.68404510,1.463583,-0.152545,0.909181,0.983958,0.000000,0.000000,0.455987
1513,01 08 10 14 24 31,0.02164819,0.42372732,0.418167,1.086778,-1.294894,-0.752439,0.000000,0.000000,0.796427
1514,01 04 18 22 24 31,0.02164308,0.55808391,0.548844,-0.492954,-0.330611,1.273358,0.000000,0.000000,1.017602
1515,01 08 10 13 14 31,0.02162909,0.39067242,0.156813,1.044512,-1.708158,-0.607739,0.000000,0.000000,0.480822
1516,01 04 07 12 22 24,0.02160869,0.52067951,-0.496573,-0.411126,0.082653,1.418058,0.000000,0.000000,0.121881
1517,02 04 07 22 24 38,0.02158736,0.65134878,-0.235219,-0.391989,2.286728,1.273358,0.000000,0.000000,0.539194
1518,01 04 18 24 31 38,0.02156656,0.64889980,1.463583,0.018553,0.495917,0.694559,0.000000,0.000000,0.662736
1519,01 04 07 24 31 38,0.02156487,0.57370707,-0.104542,-0.183226,0.909181,0.983958,0.000000,0.000000,0.582914
1520,01 04 07 12 13 38,0.02153636,0.57844050,0.156813,0.058116,0.495917,0.983958,0.000000,0.000000,-0.545139
1521,04 07 08 12 22 24,0.02151480,0.52258184,0.156813,0.381509,-0.055102,0.405159,0.000000,0.000000,-0.015891
1522,07 12 13 22 24 31,0.02149766,0.43422099,-1.280636,-0.302354,-0.055102,0.983958,0.000000,0.000000,1.127685
1523,04 10 12 13 22 31,0.02141483,0.43828138,-0.888604,-0.365199,-0.606121,1.128658,0.000000,0.000000,0.898472
1524,04 09 14 18 22 24,0.02140964,0.48789485,-0.365896,0.475629,0.082653,0.260460,0.000000,0.000000,0.039842
1525,01 02 08 12 24 31,0.02140673,0.48183647,0.679521,0.445863,-1.157140,0.115760,0.000000,0.000000,0.687603
1526,04 09 13 14 18 22,0.02132640,0.45483995,-0.627250,0.433363,-0.330611,0.405159,0.000000,0.000000,-0.285265
1527,01 04 09 22 24 38,0.02132437,0.58353922,-0.235219,0.758432,2.148974,-0.318339,0.000000,0.000000,0.748663
1528,09 13 18 24 31 38,0.02131073,0.55491958,0.418167,0.851752,0.909181,-0.463039,0.000000,0.000000,0.821676
1529,02 07 08 10 14 24,0.02130998,0.48401518,0.156813,0.660783,-0.606121,0.115760,0.000000,0.000000,-0.327521
1530,01 04 07 09 22 24,0.02130889,0.47536947,-1.280636,0.029692,0.633672,0.839259,0.000000,0.000000,0.063105
1531,04 09 10 18 24 38,0.02124559,0.62718018,1.071552,0.660074,1.184691,-0.173640,0.000000,0.000000,0.685416
1532,01 02 07 10 14 24,0.02124201,0.48211285,-0.496573,-0.131853,-0.468366,1.128658,0.000000,0.000000,-0.213730
1533,01 04 12 18 22 24,0.02117506,0.59587224,1.071552,-0.209347,-0.330611,1.128658,0.000000,0.000000,0.137210
1534,12 13 18 24 31 38,0.02109676,0.60022961,1.202229,0.410933,0.358162,0.115760,0.000000,0.000000,0.804335
1535,04 07 12 13 14 22,0.02107684,0.42495725,-1.411313,-0.209235,-0.468366,1.273358,0.000000,0.000000,-0.387453
1536,01 02 08 13 14 22,0.02106044,0.48251205,0.156813,0.918655,-0.468366,-0.173640,0.000000,0.000000,-0.546118
1537,01 04 12 13 18 22,0.02103211,0.56281734,0.810198,-0.251613,-0.743875,1.273358,0.000000,0.000000,-0.196743
1538,02 04 07 13 18 22,0.02098133,0.58531687,0.026135,-0.961215,-0.055102,2.286256,0.000000,0.000000,-0.467055
1539,04 10 12 24 31 38,0.02096926,0.56215217,0.287490,0.188574,0.633672,0.405159,0.000000,0.000000,0.801705
1540,01 04 07 13 31 38,0.02093225,0.54065216,-0.365896,-0.225491,0.495917,1.128658,0.000000,0.000000,0.176413
1541,01 02 08 10 13 14,0.02091426,0.49750200,0.679521,1.297989,-1.294894,-0.028940,0.000000,0.000000,-2.843765
1542,01 04 09 13 22 38,0.02087895,0.55048431,-0.496573,0.716166,1.735709,-0.173640,0.000000,0.000000,0.369897
1543,04 07 10 18 24 31,0.02083323,0.52653214,0.287490,-0.793092,-0.881630,1.707457,0.000000,0.000000,0.766472
1544,01 02 04 08 14 31,0.02081860,0.43478440,0.026135,0.255375,-1.570404,0.549859,0.000000,0.000000,-0.041268
1545,01 02 10 14 18 24,0.02081404,0.55730558,1.071552,0.069926,-0.881630,0.839259,0.000000,0.000000,-0.197562
1546,04 09 10 13 18 38,0.02080982,0.59412528,0.810198,0.617808,0.771426,-0.028940,0.000000,0.000000,0.308079
1547,04 09 10 22 24 31,0.02079764,0.42602625,-1.411313,0.117885,0.358162,0.405159,0.000000,0.000000,1.105449
1548,07 09 13 22 24 31,0.02071060,0.38891095,-2.064698,0.138465,0.495917,0.405159,0.000000,0.000000,0.996722
1549,01 02 10 14 24 38,0.02064603,0.59028259,0.548844,0.596886,1.046936,-0.028940,0.000000,0.000000,0.381238
1550,04 07 10 12 24 38,0.02064050,0.59729747,0.287490,0.017476,1.046936,0.694559,0.000000,0.000000,0.530556
1551,01 02 08 09 10 24,0.02063264,0.50401554,0.548844,1.312150,-0.330611,-0.607739,0.000000,0.000000,-0.913078
1552,04 07 09 10 18 24,0.02055776,0.51901044,0.026135,-0.068666,-0.330611,0.983958,0.000000,0.000000,-0.099752
1553,04 07 13 14 22 38,0.02054766,0.53048396,-0.888604,0.064799,1.460200,0.549859,0.000000,0.000000,0.806023
1554,01 04 07 12 13 22,0.02049492,0.48762461,-0.757927,-0.453392,-0.330611,1.562758,0.000000,0.000000,-0.355902
1555,04 08 09 13 18 22,0.02044457,0.51940965,0.679521,0.981842,-0.330611,-0.318339,0.000000,0.000000,-0.422011
1556,04 09 12 18 24 31,0.02042734,0.45416437,-0.104542,-0.039428,-1.019385,0.694559,0.000000,0.000000,0.763955
1557,01 08 09 10 14 24,0.02037382,0.41620562,0.156813,1.811204,-0.743875,-1.475938,0.000000,0.000000,-0.217787
1558,01 04 07 13 22 31,0.02037189,0.44983628,-1.280636,-0.736999,-0.330611,1.707457,0.000000,0.000000,0.436924
1559,04 13 14 22 31 38,0.02034499,0.49533866,-0.888604,0.235897,1.046936,0.260460,0.000000,0.000000,0.998438
1560,04 07 09 12 13 31,0.02034158,0.34591673,-1.934021,-0.283473,-1.019385,1.128658,0.000000,0.000000,0.358901
1561,04 07 08 09 22 24,0.02029993,0.47727181,-0.627250,0.822328,0.495917,-0.173640,0.000000,0.000000,-0.210237
1562,04 07 08 12 13 22,0.02026055,0.48952694,-0.104542,0.339244,-0.468366,0.549859,0.000000,0.000000,-0.514488
1563,01 02 08 13 14 18,0.02020095,0.54035094,1.594261,0.903202,-1.570404,0.115760,0.000000,0.000000,-1.620674
1564,02 08 13 14 18 31,0.02014876,0.45866392,0.810198,0.394829,-1.708158,0.115760,0.000000,0.000000,0.738877
1565,07 10 13 18 22 24,0.02013494,0.57425980,0.418167,-0.129812,0.220408,0.983958,0.000000,0.000000,0.122339
1566,01 04 07 09 13 38,0.02008607,0.53313046,-0.627250,0.498935,1.046936,0.405159,0.000000,0.000000,-0.774363
1567,10 13 18 22 24 38,0.02007042,0.68242954,1.463583,0.598927,1.735709,-0.173640,0.000000,0.000000,0.796043
1568,04 07 08 09 13 22,0.02002666,0.44421691,-0.888604,0.780063,0.082653,-0.028940,0.000000,0.000000,-0.563498
1569,01 02 09 13 14 31,0.02001727,0.33890184,-1.672667,0.295938,-1.019385,0.405159,0.000000,0.000000,0.160716
1570,07 09 12 13 22 24,0.02000896,0.42669929,-1.541990,0.422072,0.495917,0.260460,0.000000,0.000000,0.081718
1571,01 04 12 22 24 38,0.02000678,0.62884925,0.548844,0.317613,1.597955,0.260460,0.000000,0.000000,0.567817
1572,04 12 13 14 18 22,0.01998537,0.50014998,0.156813,-0.007455,-0.881630,0.983958,0.000000,0.000000,-0.469584
1573,09 13 18 22 24 31,0.01996315,0.46410369,-0.496573,0.340244,0.082653,0.115760,0.000000,0.000000,0.965557
1574,10 12 13 18 22 24,0.01995282,0.57690283,0.940875,0.324893,-0.192857,0.549859,0.000000,0.000000,-0.493254
1575,04 09 10 12 13 14,0.01992453,0.39728019,-1.149958,1.065623,-1.157140,0.405159,0.000000,0.000000,-3.437129
1576,04 12 14 18 22 24,0.01988418,0.53320489,0.418167,0.034810,-0.468366,0.839259,0.000000,0.000000,-0.171801
1577,01 04 07 13 18 38,0.01987949,0.65099020,1.202229,-0.194810,0.495917,1.128658,0.000000,0.000000,-0.122426
1578,01 02 08 09 24 31,0.01986614,0.43652644,-0.104542,0.886682,-0.606121,-0.463039,0.000000,0.000000,0.445001
1579,04 07 09 13 14 18,0.01979061,0.43748610,-0.757927,0.216132,-1.019385,0.983958,0.000000,0.000000,-1.539590
1580,01 02 08 09 12 24,0.01977380,0.47431477,0.418167,1.170289,-0.606121,-0.607739,0.000000,0.000000,-0.379732
1581,01 02 08 12 13 31,0.01973375,0.44878157,0.418167,0.403598,-1.570404,0.260460,0.000000,0.000000,0.126972
1582,04 08 12 22 24 38,0.01971568,0.63075158,1.202229,1.110249,1.460200,-0.752439,0.000000,0.000000,0.400827
1583,04 07 08 13 22 38,0.01970700,0.59505365,0.418167,0.613278,1.460200,-0.173640,0.000000,0.000000,0.675377
1584,04 12 14 22 24 38,0.01962819,0.56618189,-0.104542,0.561770,1.460200,-0.028940,0.000000,0.000000,0.393964
1585,02 08 10 14 24 38,0.01956850,0.59218492,1.202229,1.389522,0.909181,-1.041838,0.000000,0.000000,0.097736
1586,04 10 12 13 18 38,0.01947500,0.63943531,1.594261,0.176990,0.220408,0.549859,0.000000,0.000000,0.124681
1587,04 07 12 13 14 18,0.01947292,0.48279613,0.026135,-0.224687,-1.570404,1.562758,0.000000,0.000000,-1.572297
1588,04 08 12 13 18 22,0.01946355,0.56471968,1.463583,0.541023,-0.881630,0.260460,0.000000,0.000000,-0.552993
1589,01 02 08 10 24 38,0.01943015,0.65485228,1.855615,1.145365,1.046936,-0.752439,0.000000,0.000000,0.195002
1590,01 02 08 10 18 24,0.01940409,0.62187528,2.378323,0.618405,-0.881630,0.115760,0.000000,0.000000,-0.412549
1591,10 13 22 24 31 38,0.01934854,0.57209150,-0.104542,0.568246,1.735709,-0.173640,0.000000,0.000000,0.831964
1592,02 04 18 22 24 38,0.01929193,0.72654152,1.332906,-0.190210,1.873464,0.983958,0.000000,0.000000,0.278693
1593,04 08 13 22 31 38,0.01923668,0.55990835,0.418167,0.784376,1.046936,-0.463039,0.000000,0.000000,0.828140
1594,04 09 10 12 13 38,0.01914309,0.52157557,-0.235219,0.870734,0.771426,-0.173640,0.000000,0.000000,-0.607035
1595,04 13 14 18 22 38,0.01914138,0.60567670,0.679521,0.266579,1.046936,0.260460,0.000000,0.000000,0.677251
1596,04 10 12 22 24 31,0.01910253,0.47133628,-0.627250,-0.322934,-0.192857,0.983958,0.000000,0.000000,0.868673
1597,02 07 08 14 24 31,0.01907889,0.41652608,-0.496573,0.235315,-0.881630,0.260460,0.000000,0.000000,0.813574
1598,04 08 12 18 22 24,0.01906507,0.59777458,1.724938,0.583289,-0.468366,0.115760,0.000000,0.000000,-0.299254
1599,02 04 22 24 31 38,0.01901991,0.61620348,-0.235219,-0.220891,1.873464,0.983958,0.000000,0.000000,0.381261
1600,04 07 10 12 13 14,0.01899670,0.43994720,-0.888604,0.170100,-1.294894,1.418058,0.000000,0.000000,-2.971621
1601,01 04 07 12 13 18,0.01898164,0.54546349,0.679521,-0.468844,-1.432649,1.852157,0.000000,0.000000,-1.527319
1602,01 08 10 12 14 24,0.01897112,0.46151565,0.940875,1.370385,-1.294894,-0.897139,0.000000,0.000000,-0.411242
1603,01 04 07 09 13 22,0.01896701,0.44231457,-1.541990,-0.012573,0.220408,0.983958,0.000000,0.000000,-0.596627
1604,04 07 10 12 18 24,0.01895727,0.56432047,0.810198,-0.509484,-0.881630,1.562758,0.000000,0.000000,-0.322511
1605,09 12 13 18 22 24,0.01888729,0.50189202,0.026135,0.623851,0.082653,-0.028940,0.000000,0.000000,-0.004888
1606,02 08 10 14 18 24,0.01884960,0.55920792,1.724938,0.862562,-1.019385,-0.173640,0.000000,0.000000,-0.612462
1607,04 07 09 10 13 14,0.01878262,0.39463716,-1.672667,0.610918,-0.743875,0.839259,0.000000,0.000000,-3.017696
1608,01 04 09 13 18 22,0.01871020,0.51750731,0.026135,0.189206,-0.192857,0.694559,0.000000,0.000000,-0.555101
1609,04 07 12 13 18 31,0.01870902,0.46377647,-0.104542,-0.977218,-1.570404,1.852157,0.000000,0.000000,0.799575
1610,04 10 12 18 24 38,0.01868140,0.67249021,1.855615,0.219255,0.633672,0.405159,0.000000,0.000000,0.319882
1611,01 02 14 18 24 31,0.01863692,0.48981648,0.418167,-0.355542,-1.157140,0.983958,0.000000,0.000000,0.951531
1612,04 10 13 18 31 38,0.01849988,0.60164698,1.071552,-0.106618,0.220408,0.694559,0.000000,0.000000,0.791267
1613,04 09 12 13 31 38,0.01847012,0.45408647,-0.888604,0.445266,0.495917,-0.028940,0.000000,0.000000,0.764902
1614,01 02 08 09 13 31,0.01846547,0.40347153,-0.365896,0.844416,-1.019385,-0.318339,0.000000,0.000000,-0.075287
1615,04 07 08 12 13 18,0.01839312,0.54736583,1.332906,0.323792,-1.570404,0.839259,0.000000,0.000000,-1.738372
1616,01 04 07 18 22 24,0.01838447,0.59322922,0.548844,-0.664052,0.082653,1.562758,0.000000,0.000000,0.312386
1617,07 09 13 22 24 38,0.01826512,0.53222600,-1.019281,0.696106,2.424483,-0.463039,0.000000,0.000000,1.095237
1618,04 07 14 22 24 38,0.01823149,0.56353886,-0.627250,0.107065,1.873464,0.405159,0.000000,0.000000,0.775650
1619,01 04 07 10 12 13,0.01821107,0.50261455,-0.235219,-0.074058,-1.157140,1.707457,0.000000,0.000000,-2.970251
1620,04 07 08 09 13 18,0.01813983,0.50205579,0.548844,0.764610,-1.019385,0.260460,0.000000,0.000000,-1.790257
1621,04 07 08 18 22 24,0.01808101,0.59513155,1.202229,0.128583,-0.055102,0.549859,0.000000,0.000000,0.143565
1622,01 02 08 13 18 31,0.01804621,0.52133127,1.463583,0.150672,-1.570404,0.405159,0.000000,0.000000,0.545141
1623,04 07 14 18 22 24,0.01803510,0.53056186,-0.104542,-0.419895,-0.055102,1.273358,0.000000,0.000000,0.142862
1624,12 13 18 22 24 31,0.01802326,0.50941372,0.287490,-0.100575,-0.468366,0.694559,0.000000,0.000000,0.692516
1625,01 02 13 14 18 31,0.01802190,0.45676158,0.156813,-0.397807,-1.570404,1.128658,0.000000,0.000000,0.547639
1626,01 02 07 08 10 24,0.01801524,0.54668254,0.810198,0.416626,-0.468366,0.405159,0.000000,0.000000,-0.697885
1627,04 07 08 22 24 38,0.01799306,0.62810855,0.679521,0.655543,1.873464,-0.318339,0.000000,0.000000,0.734226
1628,07 12 13 22 24 38,0.01797897,0.57753603,-0.235219,0.255287,1.873464,0.115760,0.000000,0.000000,1.067201
1629,04 09 10 12 22 24,0.01797169,0.46381458,-0.888604,0.401492,0.358162,0.260460,0.000000,0.000000,-0.124278
1630,04 07 09 18 24 31,0.01793119,0.45152134,-0.627250,-0.494134,-0.606121,1.128658,0.000000,0.000000,0.982753
1631,02 07 08 13 14 31,0.01790335,0.38347118,-0.757927,0.193049,-1.294894,0.405159,0.000000,0.000000,0.326640
1632,01 02 12 13 14 31,0.01787572,0.38421187,-0.888604,-0.144881,-1.570404,0.983958,0.000000,0.000000,-0.142202
1633,04 08 13 18 22 38,0.01787433,0.67024639,1.986292,0.815057,1.046936,-0.463039,0.000000,0.000000,0.483433
1634,01 02 07 14 24 31,0.01786787,0.41462375,-1.149958,-0.557321,-0.743875,1.273358,0.000000,0.000000,0.758020
1635,01 02 08 18 24 31,0.01784373,0.55438618,1.724938,0.192937,-1.157140,0.260460,0.000000,0.000000,0.827918
1636,02 04 07 09 12 13,0.01783237,0.45274631,-1.411313,-0.029997,-0.606121,1.707457,0.000000,0.000000,-3.231530
1637,02 08 10 13 14 38,0.01782579,0.55913002,0.940875,1.347257,0.495917,-0.897139,0.000000,0.000000,-0.473227
1638,02 08 09 14 24 38,0.01772384,0.51717412,0.287490,1.688480,1.184691,-1.620637,0.000000,0.000000,0.470670
1639,01 08 09 14 24 31,0.01771209,0.34871652,-0.496573,1.385736,-1.019385,-1.331238,0.000000,0.000000,0.859510
1640,04 07 13 14 18 22,0.01755963,0.49750696,-0.365896,-0.462161,-0.468366,1.418058,0.000000,0.000000,-0.240355
1641,01 02 09 14 24 38,0.01755443,0.51527178,-0.365896,0.895844,1.322445,-0.607739,0.000000,0.000000,0.569435
1642,04 09 12 13 22 31,0.01754715,0.36327058,-1.803344,-0.066241,-0.330611,0.549859,0.000000,0.000000,0.971691
1643,04 07 09 12 24 38,0.01754230,0.52228667,-0.627250,0.316434,1.322445,0.115760,0.000000,0.000000,0.717776
1644,01 04 13 22 31 38,0.01753985,0.55800602,-0.235219,-0.008260,1.184691,0.549859,0.000000,0.000000,0.700612
1645,01 08 12 14 24 31,0.01748642,0.39402655,0.287490,0.944917,-1.570404,-0.752439,0.000000,0.000000,0.840435
1646,04 07 09 13 18 31,0.01745400,0.41846643,-0.888604,-0.536399,-1.019385,1.273358,0.000000,0.000000,0.599281
1647,01 04 07 09 13 18,0.01743432,0.50015346,-0.104542,-0.028026,-0.881630,1.273358,0.000000,0.000000,-1.770919
1648,07 13 18 24 31 38,0.01740375,0.59758658,0.679521,-0.043772,0.771426,0.549859,0.000000,0.000000,0.845816
1649,04 07 10 13 31 38,0.01740224,0.52645424,-0.496573,-0.308397,0.633672,0.983958,0.000000,0.000000,0.549076
1650,01 02 09 14 18 24,0.01739942,0.48229478,0.156813,0.368884,-0.606121,0.260460,0.000000,0.000000,-0.057221
1651,09 13 18 22 24 38,0.01733526,0.60741873,0.548844,0.897885,2.011219,-0.752439,0.000000,0.000000,1.037048
1652,02 07 08 12 14 24,0.01732045,0.45431441,0.026135,0.518922,-0.881630,0.115760,0.000000,0.000000,-0.257998
1653,04 09 10 13 22 38,0.01729624,0.53628639,-0.627250,0.633261,1.873464,-0.318339,0.000000,0.000000,0.734752
1654,04 07 10 24 31 38,0.01727794,0.55950914,-0.235219,-0.266131,1.046936,0.839259,0.000000,0.000000,0.843436
1655,01 08 09 12 14 24,0.01727293,0.38650485,0.026135,1.669343,-1.019385,-1.475938,0.000000,0.000000,-0.016607
1656,02 07 08 09 14 24,0.01722247,0.40900438,-0.757927,0.959741,-0.330611,-0.463039,0.000000,0.000000,-0.286872
1657,01 02 07 12 14 24,0.01715028,0.45241208,-0.627250,-0.273714,-0.743875,1.128658,0.000000,0.000000,-0.159346
1658,01 04 07 09 10 13,0.01714533,0.45730452,-1.019281,0.366761,-0.606121,1.128658,0.000000,0.000000,-3.142502
1659,04 07 10 12 13 38,0.01712697,0.56424257,0.026135,-0.024790,0.633672,0.839259,0.000000,0.000000,-0.302760
1660,04 09 12 24 31 38,0.01707994,0.48714137,-0.627250,0.487532,0.909181,-0.173640,0.000000,0.000000,0.871718
1661,01 04 13 18 22 38,0.01706957,0.66834405,1.332906,0.022422,1.184691,0.549859,0.000000,0.000000,0.488069
1662,04 07 09 10 13 38,0.01702933,0.51893254,-0.757927,0.416029,1.184691,0.260460,0.000000,0.000000,-0.331585
1663,02 08 09 14 18 24,0.01697259,0.48419712,0.810198,1.161520,-0.743875,-0.752439,0.000000,0.000000,-0.244320
1664,01 02 12 14 18 24,0.01695599,0.52760481,0.940875,-0.071934,-1.157140,0.839259,0.000000,0.000000,-0.108557
1665,01 04 07 22 24 38,0.01689364,0.62620622,0.026135,-0.137092,2.011219,0.694559,0.000000,0.000000,0.695207
1666,01 07 08 10 14 24,0.01688938,0.45887262,0.418167,0.915680,-0.881630,-0.463039,0.000000,0.000000,-0.131047
1667,01 02 07 09 14 24,0.01686282,0.40710204,-1.411313,0.167105,-0.192857,0.549859,0.000000,0.000000,-0.216293
1668,04 09 10 12 13 22,0.01678859,0.43075968,-1.149958,0.359227,-0.055102,0.405159,0.000000,0.000000,-0.612333
1669,04 08 09 10 12 13,0.01674216,0.46184989,0.156813,1.614102,-1.157140,-0.318339,0.000000,0.000000,-3.914706
1670,02 09 10 14 24 31,0.01669063,0.35775882,-1.541990,0.255298,-0.468366,0.115760,0.000000,0.000000,0.876283
1671,04 09 12 13 18 38,0.01665142,0.56442451,0.679521,0.475948,0.495917,-0.028940,0.000000,0.000000,0.352586
1672,01 02 10 13 14 38,0.01663499,0.55722768,0.287490,0.554621,0.633672,0.115760,0.000000,0.000000,-0.525785
1673,04 07 10 22 24 31,0.01661769,0.46869325,-1.149958,-0.777639,0.220408,1.418058,0.000000,0.000000,1.089147
1674,01 08 12 13 14 31,0.01661102,0.36097165,0.026135,0.902652,-1.983668,-0.607739,0.000000,0.000000,0.397966
1675,02 08 14 18 24 31,0.01659733,0.49171882,1.071552,0.437094,-1.294894,-0.028940,0.000000,0.000000,0.525497
1676,04 10 13 18 22 31,0.01657225,0.51083109,0.156813,-0.618125,-0.606121,1.273358,0.000000,0.000000,0.849213
1677,07 13 18 22 24 31,0.01647042,0.50677070,-0.235219,-0.555280,-0.055102,1.128658,0.000000,0.000000,1.051069
1678,01 04 07 13 22 38,0.01643707,0.59315132,-0.235219,-0.179358,1.597955,0.839259,0.000000,0.000000,0.314788
1679,04 07 10 13 22 31,0.01637577,0.43563835,-1.411313,-0.819905,-0.192857,1.562758,0.000000,0.000000,0.740531
1680,01 02 12 14 24 38,0.01633989,0.56058182,0.418167,0.455026,0.771426,-0.028940,0.000000,0.000000,0.403856
1681,04 07 12 18 24 31,0.01629616,0.49683137,0.156813,-0.934952,-1.157140,1.707457,0.000000,0.000000,0.754877
1682,04 09 12 22 24 31,0.01629189,0.39632548,-1.541990,-0.023976,0.082653,0.405159,0.000000,0.000000,1.098495
1683,04 07 08 13 18 22,0.01610228,0.56207665,0.940875,0.086318,-0.468366,0.694559,0.000000,0.000000,-0.462365
1684,07 09 13 18 22 24,0.01598822,0.49924899,-0.496573,0.169146,0.495917,0.405159,0.000000,0.000000,0.154217
1685,04 08 22 24 31 38,0.01597865,0.59296325,0.679521,0.826641,1.460200,-0.607739,0.000000,0.000000,0.658228
1686,04 07 10 18 24 38,0.01597080,0.66984718,1.332906,-0.235450,1.046936,0.839259,0.000000,0.000000,0.506909
1687,04 10 12 13 22 38,0.01594202,0.58159642,0.156813,0.192442,1.322445,0.260460,0.000000,0.000000,0.548478
1688,01 08 10 14 18 24,0.01584268,0.53406536,1.986292,1.117459,-1.294894,-0.752439,0.000000,0.000000,-0.206546
1689,04 07 09 12 18 24,0.01582673,0.48930967,-0.104542,-0.210526,-0.606121,0.983958,0.000000,0.000000,-0.140083
1690,04 14 22 24 31 38,0.01582603,0.52839356,-0.627250,0.278163,1.460200,0.115760,0.000000,0.000000,0.641716
1691,04 09 12 18 24 38,0.01581031,0.59747941,0.940875,0.518213,0.909181,-0.173640,0.000000,0.000000,0.540748
1692,07 12 13 18 22 24,0.01579910,0.54455903,0.287490,-0.271673,-0.055102,0.983958,0.000000,0.000000,0.140557
1693,01 08 10 14 24 38,0.01577128,0.56704236,1.463583,1.644419,0.633672,-1.620637,0.000000,0.000000,0.386567
1694,01 02 10 14 22 24,0.01569969,0.49946670,-0.365896,0.085379,0.220408,0.549859,0.000000,0.000000,-0.008049
1695,02 08 13 14 31 38,0.01567856,0.49164092,0.287490,0.921789,0.220408,-0.752439,0.000000,0.000000,0.680294
1696,01 04 18 22 24 38,0.01565525,0.70139896,1.594261,0.064687,1.597955,0.405159,0.000000,0.000000,0.591309
1697,01 02 08 10 13 38,0.01564792,0.62179738,1.594261,1.103100,0.633672,-0.607739,0.000000,0.000000,-0.678122
1698,02 09 10 13 14 31,0.01560255,0.32470392,-1.803344,0.213032,-0.881630,0.260460,0.000000,0.000000,0.402307
1699,09 13 22 24 31 38,0.01559516,0.49708070,-1.019281,0.867204,2.011219,-0.752439,0.000000,0.000000,0.922116
1700,01 02 08 09 18 24,0.01553804,0.54686447,1.463583,0.917363,-0.606121,-0.463039,0.000000,0.000000,-0.339090
1701,01 02 08 12 24 38,0.01552353,0.62515151,1.724938,1.003504,0.771426,-0.752439,0.000000,0.000000,0.276811
1702,01 08 09 13 14 31,0.01552325,0.31566162,-0.757927,1.343470,-1.432649,-1.186538,0.000000,0.000000,0.222451
1703,01 02 07 13 14 31,0.01552041,0.38156884,-1.411313,-0.599586,-1.157140,1.418058,0.000000,0.000000,0.097462
1704,04 07 10 13 18 38,0.01549945,0.63679228,1.071552,-0.277716,0.633672,0.983958,0.000000,0.000000,0.124302
1705,02 08 10 13 14 22,0.01545488,0.46831413,0.026135,0.835749,-0.330611,-0.318339,0.000000,0.000000,-0.480955
1706,02 08 12 14 24 38,0.01538086,0.56248415,1.071552,1.247661,0.633672,-1.041838,0.000000,0.000000,0.137911
1707,04 09 10 22 24 38,0.01536439,0.56934129,-0.365896,0.675526,2.286728,-0.463039,0.000000,0.000000,0.761317
1708,04 08 18 22 24 38,0.01529624,0.70330129,2.247646,0.857323,1.460200,-0.607739,0.000000,0.000000,0.414257
1709,02 04 08 10 14 31,0.01526810,0.42058648,-0.104542,0.172469,-1.432649,0.405159,0.000000,0.000000,0.032053
1710,04 09 10 18 22 24,0.01526352,0.53636429,0.156813,0.148566,0.358162,0.405159,0.000000,0.000000,0.142683
1711,04 14 18 22 24 38,0.01524483,0.63873160,0.940875,0.308844,1.460200,0.115760,0.000000,0.000000,0.412739
1712,04 12 13 18 31 38,0.01520390,0.57194621,0.940875,-0.248478,-0.055102,0.694559,0.000000,0.000000,0.963545
1713,01 02 08 09 24 38,0.01520057,0.57984148,0.940875,1.444323,1.322445,-1.331238,0.000000,0.000000,0.214604
1714,02 10 12 14 24 31,0.01515284,0.40306885,-0.757927,-0.185521,-1.019385,0.694559,0.000000,0.000000,0.662815
1715,01 02 07 08 12 24,0.01515012,0.51698177,0.679521,0.274765,-0.743875,0.405159,0.000000,0.000000,-0.461774
1716,01 02 07 08 24 31,0.01506676,0.47919344,0.156813,-0.008842,-0.743875,0.549859,0.000000,0.000000,0.336928
1717,12 13 18 22 24 38,0.01502115,0.65272877,1.332906,0.457067,1.460200,-0.173640,0.000000,0.000000,0.708565
1718,01 02 08 12 13 14,0.01496696,0.46780123,0.548844,1.156128,-1.570404,-0.028940,0.000000,0.000000,-3.064289
1719,04 09 10 12 13 18,0.01494704,0.48859856,0.287490,0.343774,-1.157140,0.694559,0.000000,0.000000,-1.832384
1720,01 02 08 12 18 24,0.01491484,0.59217451,2.247646,0.476544,-1.157140,0.115760,0.000000,0.000000,-0.417060
1721,04 10 18 24 31 38,0.01487892,0.63470188,1.332906,-0.064352,0.633672,0.549859,0.000000,0.000000,0.567587
1722,04 07 10 12 22 24,0.01483484,0.50648158,-0.627250,-0.494032,0.220408,1.273358,0.000000,0.000000,0.013959
1723,02 08 13 14 22 31,0.01482660,0.40082503,-0.627250,0.410281,-0.606121,-0.173640,0.000000,0.000000,0.897602
1724,04 07 09 10 22 24,0.01482236,0.46117155,-1.411313,-0.053213,0.771426,0.694559,0.000000,0.000000,-0.002249
1725,04 07 09 12 13 14,0.01480265,0.36493639,-1.803344,0.469058,-1.019385,0.839259,0.000000,0.000000,-2.946755
1726,01 02 10 12 24 31,0.01477876,0.46573621,-0.104542,-0.429678,-0.881630,0.983958,0.000000,0.000000,0.725156
1727,02 08 12 14 18 24,0.01472665,0.52950715,1.594261,0.720701,-1.294894,-0.173640,0.000000,0.000000,-0.562704
1728,04 07 10 12 13 22,0.01472071,0.47342668,-0.888604,-0.536297,-0.192857,1.418058,0.000000,0.000000,-0.315725
1729,02 08 09 10 24 31,0.01470928,0.42232851,-0.235219,0.803776,-0.468366,-0.607739,0.000000,0.000000,0.576642
1730,01 02 08 09 13 14,0.01465545,0.42249120,-0.235219,1.596947,-1.019385,-0.607739,0.000000,0.000000,-3.124799
1731,01 04 07 13 18 22,0.01462625,0.56017431,0.287490,-0.706318,-0.330611,1.707457,0.000000,0.000000,-0.557180
1732,01 02 10 13 14 22,0.01461552,0.46641180,-0.627250,0.043113,-0.192857,0.694559,0.000000,0.000000,-0.481446
1733,02 08 10 12 24 31,0.01460936,0.46763855,0.548844,0.362957,-1.019385,-0.028940,0.000000,0.000000,0.576197
1734,04 07 09 10 13 22,0.01454545,0.42811665,-1.672667,-0.095479,0.358162,0.839259,0.000000,0.000000,-0.356050
1735,01 02 08 10 13 22,0.01452886,0.53098149,0.679521,0.591592,-0.192857,-0.028940,0.000000,0.000000,-0.500385
1736,04 09 13 18 31 38,0.01452664,0.52663618,0.156813,0.192340,0.495917,0.115760,0.000000,0.000000,0.848847
1737,02 08 10 13 14 18,0.01452047,0.52615302,1.463583,0.820297,-1.432649,-0.028940,0.000000,0.000000,-1.566611
1738,01 02 04 10 14 31,0.01452044,0.41868414,-0.757927,-0.620166,-1.294894,1.418058,0.000000,0.000000,0.045146
1739,01 08 13 14 18 31,0.01448987,0.43352136,1.071552,0.649726,-1.983668,-0.463039,0.000000,0.000000,0.751896
1740,04 10 18 22 24 31,0.01448933,0.54388599,0.418167,-0.575860,-0.192857,1.128658,0.000000,0.000000,0.853396
1741,01 02 10 13 14 18,0.01441629,0.52425068,0.810198,0.027661,-1.294894,0.983958,0.000000,0.000000,-1.458182
1742,04 07 12 13 31 38,0.01436805,0.49675347,-0.627250,-0.450258,0.358162,0.983958,0.000000,0.000000,0.760137
1743,01 04 22 24 31 38,0.01436501,0.59106092,0.026135,0.034006,1.597955,0.405159,0.000000,0.000000,0.543024
1744,02 08 10 14 22 24,0.01433730,0.50136903,0.287490,0.878014,0.082653,-0.463039,0.000000,0.000000,-0.333754
1745,02 08 09 10 13 31,0.01433679,0.38927361,-0.496573,0.761511,-0.881630,-0.463039,0.000000,0.000000,0.208680
1746,02 10 12 13 14 31,0.01426550,0.37001395,-1.019281,-0.227786,-1.432649,0.839259,0.000000,0.000000,0.218577
1747,12 13 22 24 31 38,0.01425723,0.54239073,-0.235219,0.426385,1.460200,-0.173640,0.000000,0.000000,0.738257
1748,02 08 10 12 13 31,0.01413574,0.43458364,0.287490,0.320692,-1.432649,0.115760,0.000000,0.000000,0.193253
1749,04 07 08 09 10 13,0.01412847,0.45920686,-0.365896,1.159397,-0.743875,0.115760,0.000000,0.000000,-3.713322
1750,04 07 09 24 31 38,0.01406130,0.48449834,-1.149958,0.032826,1.322445,0.260460,0.000000,0.000000,1.013107
1751,01 02 14 24 31 38,0.01395786,0.52279349,-0.104542,0.171419,0.771426,0.115760,0.000000,0.000000,0.862005
1752,04 07 09 18 24 38,0.01389464,0.59483638,0.418167,0.063508,1.322445,0.260460,0.000000,0.000000,0.845546
1753,01 02 07 08 13 31,0.01386767,0.44613854,-0.104542,-0.051108,-1.157140,0.694559,0.000000,0.000000,-0.153496
1754,02 09 10 12 14 24,0.01384202,0.39554715,-1.019281,0.538905,-0.468366,-0.028940,0.000000,0.000000,-0.356801
1755,04 09 10 13 18 22,0.01382089,0.50330939,-0.104542,0.106301,-0.055102,0.549859,0.000000,0.000000,-0.383823
1756,02 08 09 13 14 38,0.01381138,0.48411922,0.026135,1.646215,0.771426,-1.475938,0.000000,0.000000,-0.421747
1757,04 07 08 10 12 13,0.01377534,0.50451689,0.418167,0.718578,-1.294894,0.694559,0.000000,0.000000,-3.751280
1758,01 02 08 10 22 24,0.01372691,0.56403639,0.940875,0.633857,0.220408,-0.173640,0.000000,0.000000,-0.306421
1759,01 02 09 10 24 31,0.01360911,0.42042618,-0.888604,0.011140,-0.330611,0.405159,0.000000,0.000000,0.537509
1760,01 02 13 14 31 38,0.01354511,0.48973858,-0.365896,0.129153,0.358162,0.260460,0.000000,0.000000,0.488079
1761,02 07 08 14 24 38,0.01345762,0.55984112,0.548844,0.792956,1.046936,-0.607739,0.000000,0.000000,0.441587
1762,01 07 08 14 24 31,0.01342000,0.39138352,-0.235219,0.490212,-1.157140,-0.318339,0.000000,0.000000,0.826593
1763,01 02 08 10 13 18,0.01341880,0.58882037,2.116969,0.576140,-1.294894,0.260460,0.000000,0.000000,-1.612064
1764,07 13 18 22 24 38,0.01339917,0.65008574,0.810198,0.002361,1.873464,0.260460,0.000000,0.000000,1.056875
1765,01 02 08 13 31 38,0.01339436,0.55430828,0.940875,0.677632,0.358162,-0.463039,0.000000,0.000000,0.459647
1766,04 07 12 13 22 31,0.01339333,0.40593758,-1.541990,-0.961765,-0.468366,1.562758,0.000000,0.000000,0.959258
1767,02 10 13 14 18 31,0.01336094,0.44256366,0.026135,-0.480712,-1.432649,0.983958,0.000000,0.000000,0.752747
1768,04 12 13 18 22 31,0.01332803,0.48113032,0.026135,-0.759986,-0.881630,1.273358,0.000000,0.000000,1.029157
1769,01 02 08 24 31 38,0.01321899,0.58736318,1.202229,0.719897,0.771426,-0.607739,0.000000,0.000000,0.746439
1770,04 07 09 13 31 38,0.01321005,0.45144344,-1.411313,-0.009439,0.909181,0.405159,0.000000,0.000000,0.574218
1771,01 02 07 14 24 38,0.01313209,0.55793879,-0.104542,0.000321,1.184691,0.405159,0.000000,0.000000,0.517222
1772,04 09 12 13 22 38,0.01312491,0.50658562,-0.757927,0.491400,1.597955,-0.318339,0.000000,0.000000,0.777342
1773,04 07 12 24 31 38,0.01301344,0.52980837,-0.365896,-0.407992,0.771426,0.839259,0.000000,0.000000,0.872223
1774,01 02 13 14 22 31,0.01299647,0.39892270,-1.280636,-0.382355,-0.468366,0.839259,0.000000,0.000000,0.750325
1775,04 10 12 13 18 22,0.01298633,0.54861942,0.679521,-0.334518,-0.606121,1.128658,0.000000,0.000000,-0.493107
1776,04 07 09 12 13 38,0.01297173,0.48923177,-0.888604,0.274168,0.909181,0.260460,0.000000,0.000000,-0.272144
1777,01 08 10 13 14 38,0.01297153,0.53398746,1.202229,1.602154,0.220408,-1.475938,0.000000,0.000000,-0.341000
1778,01 08 09 14 18 24,0.01292481,0.45905455,1.071552,1.416417,-1.019385,-1.331238,0.000000,0.000000,0.007389
1779,01 04 07 09 12 13,0.01291598,0.42760375,-1.149958,0.224900,-0.881630,1.128658,0.000000,0.000000,-3.108507
1780,01 02 07 14 18 24,0.01291239,0.52496178,0.418167,-0.526639,-0.743875,1.273358,0.000000,0.000000,-0.119018
1781,01 07 08 12 14 24,0.01290307,0.42917185,0.287490,0.773819,-1.157140,-0.463039,0.000000,0.000000,-0.061044
1782,01 08 09 14 24 38,0.01288575,0.49203156,0.548844,1.943377,0.909181,-2.199437,0.000000,0.000000,0.605294
1783,04 07 10 12 13 18,0.01286623,0.53126557,0.548844,-0.551750,-1.294894,1.707457,0.000000,0.000000,-1.537692
1784,01 02 08 13 22 31,0.01280814,0.46349239,0.026135,0.166124,-0.468366,0.115760,0.000000,0.000000,0.716324
1785,02 08 12 13 14 38,0.01278184,0.52942925,0.810198,1.205396,0.220408,-0.897139,0.000000,0.000000,-0.559917
1786,04 10 12 22 24 38,0.01271557,0.61465133,0.418167,0.234707,1.735709,0.115760,0.000000,0.000000,0.383245
1787,01 02 14 22 24 31,0.01270936,0.43197760,-1.019281,-0.340089,-0.055102,0.694559,0.000000,0.000000,1.020564
1788,04 07 09 10 13 18,0.01267156,0.48595553,-0.235219,-0.110931,-0.743875,1.128658,0.000000,0.000000,-1.580892
1789,02 07 08 14 18 24,0.01264168,0.52686412,1.071552,0.265996,-0.881630,0.260460,0.000000,0.000000,-0.282987
1790,01 02 14 18 24 38,0.01261788,0.63313152,1.463583,0.202100,0.771426,0.115760,0.000000,0.000000,0.520612
1791,02 08 14 24 31 38,0.01259895,0.52469582,0.548844,0.964054,0.633672,-0.897139,0.000000,0.000000,0.536815
1792,01 02 09 14 22 24,0.01258222,0.42445589,-1.280636,0.384337,0.495917,-0.028940,0.000000,0.000000,0.176315
1793,04 09 13 18 22 31,0.01257314,0.43582029,-0.757927,-0.319167,-0.330611,0.694559,0.000000,0.000000,0.902959
1794,04 07 12 13 18 38,0.01250730,0.60709151,0.940875,-0.419576,0.358162,0.983958,0.000000,0.000000,0.341592
1795,02 08 10 13 18 31,0.01248570,0.50713335,1.332906,0.067766,-1.432649,0.260460,0.000000,0.000000,0.616978
1796,01 02 09 13 14 38,0.01247821,0.48221688,-0.627250,0.853579,0.909181,-0.463039,0.000000,0.000000,-0.495398
1797,02 08 09 14 22 24,0.01246676,0.42635823,-0.627250,1.176972,0.358162,-1.041838,0.000000,0.000000,0.035347
1798,02 07 10 13 14 31,0.01245924,0.36737092,-1.541990,-0.682492,-1.019385,1.273358,0.000000,0.000000,0.539585
1799,02 08 13 14 18 38,0.01243048,0.60197896,1.855615,0.952470,0.220408,-0.752439,0.000000,0.000000,0.056211
1800,04 07 09 22 24 31,0.01238627,0.39368245,-2.064698,-0.478681,0.495917,0.839259,0.000000,0.000000,1.108476
1801,04 10 13 22 31 38,0.01235183,0.54380809,-0.365896,-0.091165,1.322445,0.405159,0.000000,0.000000,0.827635
1802,02 09 12 14 24 31,0.01232603,0.32805805,-1.672667,0.113437,-0.743875,0.115760,0.000000,0.000000,0.890241
1803,04 07 09 13 18 38,0.01232548,0.56178148,0.156813,0.021242,0.909181,0.405159,0.000000,0.000000,0.300296
1804,02 04 08 09 14 31,0.01229161,0.34557567,-1.019281,0.471427,-1.157140,-0.173640,0.000000,0.000000,0.237303
1805,02 08 09 10 12 24,0.01220438,0.46011684,0.287490,1.087383,-0.468366,-0.752439,0.000000,0.000000,-0.605522
1806,04 09 18 24 31 38,0.01218742,0.55969108,0.418167,0.234606,0.909181,-0.028940,0.000000,0.000000,0.815059
1807,04 07 12 22 24 31,0.01217364,0.43899248,-1.280636,-0.919500,-0.055102,1.418058,0.000000,0.000000,1.091333
1808,01 02 09 10 12 24,0.01216135,0.45821451,-0.365896,0.294748,-0.330611,0.260460,0.000000,0.000000,-0.488033
1809,04 07 09 13 22 31,0.01215771,0.36062755,-2.326052,-0.520947,0.082653,0.983958,0.000000,0.000000,0.761839
1810,04 10 12 18 22 24,0.01212964,0.58167432,0.940875,-0.292253,-0.192857,0.983958,0.000000,0.000000,-0.307253
1811,01 02 08 22 24 31,0.01212573,0.49654729,0.287490,0.208389,-0.055102,-0.028940,0.000000,0.000000,0.927999
1812,01 02 09 10 13 31,0.01207284,0.38737128,-1.149958,-0.031125,-0.743875,0.549859,0.000000,0.000000,-0.002868
1813,01 02 10 12 13 31,0.01203681,0.43268131,-0.365896,-0.471944,-1.294894,1.128658,0.000000,0.000000,0.006153
1814,02 08 14 22 24 31,0.01201971,0.43387993,-0.365896,0.452546,-0.192857,-0.318339,0.000000,0.000000,0.794529
1815,01 02 08 18 24 38,0.01201211,0.69770122,2.770354,0.750578,0.771426,-0.607739,0.000000,0.000000,0.424766
1816,04 07 10 13 22 38,0.01199881,0.57895339,-0.365896,-0.262263,1.735709,0.694559,0.000000,0.000000,0.552891
1817,01 08 14 18 24 31,0.01199548,0.46657626,1.332906,0.691991,-1.570404,-0.607739,0.000000,0.000000,0.695119
1818,02 08 09 12 24 31,0.01183573,0.39262774,-0.365896,0.661915,-0.743875,-0.607739,0.000000,0.000000,0.811502
1819,04 09 18 22 24 31,0.01177195,0.46887519,-0.496573,-0.276902,0.082653,0.549859,0.000000,0.000000,1.097035
1820,01 07 08 09 14 24,0.01176100,0.38386182,-0.496573,1.214638,-0.606121,-1.041838,0.000000,0.000000,-0.244605
1821,01 02 07 08 09 24,0.01175782,0.47167174,-0.104542,0.715584,-0.192857,-0.173640,0.000000,0.000000,-0.978714
1822,02 07 09 10 14 24,0.01173803,0.39290412,-1.541990,0.084200,-0.055102,0.405159,0.000000,0.000000,-0.079903
1823,01 08 12 14 18 24,0.01172296,0.50436459,1.855615,0.975598,-1.570404,-0.752439,0.000000,0.000000,-0.156309
1824,04 07 09 12 22 24,0.01171077,0.43147078,-1.541990,-0.195074,0.495917,0.694559,0.000000,0.000000,0.197345
1825,04 07 12 18 24 38,0.01170176,0.64014641,1.202229,-0.377311,0.771426,0.839259,0.000000,0.000000,0.535024
1826,07 13 22 24 31 38,0.01170112,0.53974770,-0.757927,-0.028320,1.873464,0.260460,0.000000,0.000000,0.948173
1827,01 08 12 14 24 38,0.01158688,0.53734159,1.332906,1.502558,0.358162,-1.620637,0.000000,0.000000,0.427220
1828,01 02 10 13 18 31,0.01155924,0.50523102,0.679521,-0.724870,-1.294894,1.273358,0.000000,0.000000,0.603583
1829,02 09 12 13 14 31,0.01148620,0.29500315,-1.934021,0.071171,-1.157140,0.260460,0.000000,0.000000,0.453043
1830,02 08 09 13 14 22,0.01141460,0.39330333,-0.888604,1.134707,-0.055102,-0.897139,0.000000,0.000000,-0.433308
1831,02 07 10 14 24 31,0.01137379,0.40042582,-1.280636,-0.640226,-0.606121,1.128658,0.000000,0.000000,0.691547
1832,01 02 04 08 14 38,0.01131425,0.57809944,1.071552,0.813016,0.358162,-0.318339,0.000000,0.000000,-0.988547
1833,02 07 08 10 24 31,0.01128306,0.46499552,0.026135,-0.091748,-0.606121,0.405159,0.000000,0.000000,0.672006
1834,01 02 08 13 18 38,0.01128133,0.66464632,2.509000,0.708313,0.358162,-0.463039,0.000000,0.000000,0.003725
1835,02 04 08 12 14 31,0.01126563,0.39088571,-0.235219,0.030609,-1.708158,0.405159,0.000000,0.000000,0.099660
1836,04 07 10 22 24 38,0.01120708,0.61200830,-0.104542,-0.219998,2.148974,0.549859,0.000000,0.000000,0.748369
1837,01 02 13 14 18 38,0.01118911,0.60007662,1.202229,0.159834,0.358162,0.260460,0.000000,0.000000,-0.003840
1838,01 07 08 13 14 31,0.01118742,0.35832862,-0.496573,0.447946,-1.570404,-0.173640,0.000000,0.000000,0.183055
1839,01 08 10 13 14 22,0.01110731,0.44317157,0.287490,1.090646,-0.606121,-0.897139,0.000000,0.000000,-0.273660
1840,01 02 07 08 18 24,0.01109248,0.58953148,1.724938,0.021839,-0.743875,0.549859,0.000000,0.000000,-0.394742
1841,04 07 10 18 22 24,0.01104153,0.57903129,0.418167,-0.746958,0.220408,1.418058,0.000000,0.000000,0.120152
1842,01 09 10 14 24 31,0.01103821,0.33261626,-1.280636,0.510195,-0.743875,-0.463039,0.000000,0.000000,0.890260
1843,04 10 13 18 22 38,0.01103152,0.65414613,1.202229,-0.060484,1.322445,0.405159,0.000000,0.000000,0.489157
1844,02 09 10 14 24 38,0.01102408,0.50107386,-0.496573,0.812939,1.460200,-0.752439,0.000000,0.000000,0.497588
1845,01 08 10 14 22 24,0.01098019,0.47622647,0.548844,1.132911,-0.192857,-1.041838,0.000000,0.000000,0.020281
1846,04 09 12 22 24 38,0.01095549,0.53964052,-0.496573,0.533665,2.011219,-0.463039,0.000000,0.000000,0.768712
1847,02 07 08 10 13 31,0.01087499,0.43194061,-0.235219,-0.134013,-1.019385,0.549859,0.000000,0.000000,0.298774
1848,01 02 08 12 22 24,0.01085710,0.53433562,0.810198,0.491997,-0.055102,-0.173640,0.000000,0.000000,-0.071006
1849,01 02 10 18 24 31,0.01085625,0.53828592,0.940875,-0.682604,-0.881630,1.128658,0.000000,0.000000,0.812208
1850,01 04 08 10 14 31,0.01076211,0.39544391,0.156813,0.427367,-1.708158,-0.173640,0.000000,0.000000,0.215876
1851,01 02 09 12 24 31,0.01075819,0.39072541,-1.019281,-0.130720,-0.606121,0.405159,0.000000,0.000000,0.775724
1852,08 09 10 14 24 31,0.01072867,0.33451859,-0.627250,1.302830,-0.881630,-1.475938,0.000000,0.000000,0.720538
1853,01 02 08 12 13 38,0.01072755,0.59209661,1.463583,0.961239,0.358162,-0.607739,0.000000,0.000000,-0.746503
1854,01 02 12 14 22 24,0.01072416,0.46976593,-0.496573,-0.056482,-0.055102,0.549859,0.000000,0.000000,-0.084603
1855,02 09 10 14 18 24,0.01069417,0.46809686,0.026135,0.285979,-0.468366,0.115760,0.000000,0.000000,-0.154980
1856,02 07 10 12 14 24,0.01067283,0.43821415,-0.757927,-0.356619,-0.606121,0.983958,0.000000,0.000000,-0.223356
1857,01 08 10 13 14 18,0.01065622,0.50101046,1.724938,1.075194,-1.708158,-0.607739,0.000000,0.000000,-1.287710
1858,02 08 10 18 24 31,0.01061893,0.54018825,1.594261,0.110031,-1.019385,0.115760,0.000000,0.000000,0.653186
1859,01 10 12 14 24 31,0.01054452,0.37792629,-0.496573,0.069376,-1.294894,0.115760,0.000000,0.000000,0.831478
1860,04 07 09 12 13 22,0.01053961,0.39841588,-1.803344,-0.237339,0.082653,0.839259,0.000000,0.000000,-0.288942
1861,01 02 08 09 13 38,0.01053248,0.54678658,0.679521,1.402058,0.909181,-1.186538,0.000000,0.000000,-0.789763
1862,02 08 14 18 24 38,0.01048638,0.63503386,2.116969,0.994735,0.633672,-0.897139,0.000000,0.000000,0.080961
1863,01 02 04 08 10 31,0.01048549,0.48325383,0.548844,-0.071688,-1.294894,0.694559,0.000000,0.000000,-0.558744
1864,02 08 09 13 14 18,0.01047372,0.45114221,0.548844,1.119255,-1.157140,-0.607739,0.000000,0.000000,-1.519922
1865,02 08 12 13 14 22,0.01046269,0.43861336,-0.104542,0.693888,-0.606121,-0.318339,0.000000,0.000000,-0.559978
1866,04 07 13 18 31 38,0.01044397,0.56930318,0.418167,-0.703183,0.358162,1.128658,0.000000,0.000000,0.846957
1867,01 02 09 13 14 22,0.01043287,0.39140099,-1.541990,0.342071,0.082653,0.115760,0.000000,0.000000,-0.454893
1868,01 02 07 08 24 38,0.01042383,0.62250848,1.202229,0.548799,1.184691,-0.318339,0.000000,0.000000,0.109885
1869,04 12 18 24 31 38,0.01038759,0.60500111,1.202229,-0.206213,0.358162,0.549859,0.000000,0.000000,0.562769
1870,04 09 12 18 22 24,0.01033722,0.50666352,0.026135,0.006705,0.082653,0.405159,0.000000,0.000000,0.073422
1871,02 08 09 12 13 31,0.01030507,0.35957284,-0.627250,0.619650,-1.157140,-0.463039,0.000000,0.000000,0.271954
1872,01 02 04 09 14 31,0.01026440,0.34367334,-1.672667,-0.321208,-1.019385,0.839259,0.000000,0.000000,0.060828
1873,02 08 12 14 22 24,0.01020140,0.47166826,0.156813,0.736154,-0.192857,-0.463039,0.000000,0.000000,-0.285913
1874,01 02 07 10 24 31,0.01013529,0.46309318,-0.627250,-0.884383,-0.468366,1.418058,0.000000,0.000000,0.625822
1875,02 10 14 18 24 31,0.01006460,0.47561856,0.287490,-0.438447,-1.019385,0.839259,0.000000,0.000000,0.577160
1876,04 12 18 22 24 31,0.01004975,0.51418522,0.287490,-0.717721,-0.468366,1.128658,0.000000,0.000000,0.856245
1877,01 08 10 12 24 31,0.00999134,0.44249599,0.810198,0.617854,-1.294894,-0.607739,0.000000,0.000000,0.743423
1878,01 02 09 13 14 18,0.00993649,0.44923988,-0.104542,0.326619,-1.019385,0.405159,0.000000,0.000000,-1.475651
1879,04 07 08 09 12 13,0.00987648,0.42950609,-0.496573,1.017536,-1.019385,0.115760,0.000000,0.000000,-3.682681
1880,01 08 13 14 31 38,0.00981902,0.46649836,0.548844,1.176686,-0.055102,-1.331238,0.000000,0.000000,0.663586
1881,01 02 07 10 12 24,0.00973063,0.50088151,-0.104542,-0.600776,-0.468366,1.273358,0.000000,0.000000,-0.245182
1882,04 09 12 13 18 22,0.00971424,0.47360862,-0.235219,-0.035560,-0.330611,0.549859,0.000000,0.000000,-0.331649
1883,01 02 08 12 13 22,0.00966024,0.50128072,0.548844,0.449731,-0.468366,-0.028940,0.000000,0.000000,-0.561100
1884,01 02 08 09 22 24,0.00960341,0.48902559,0.026135,0.932815,0.495917,-0.752439,0.000000,0.000000,-0.271103
1885,01 02 07 08 13 14,0.00958004,0.46515820,0.026135,0.701423,-1.157140,0.405159,0.000000,0.000000,-3.273768
1886,02 08 12 13 14 18,0.00954121,0.49645225,1.332906,0.678436,-1.708158,-0.028940,0.000000,0.000000,-1.643717
1887,02 07 08 13 14 38,0.00950143,0.52678622,0.287490,0.750691,0.633672,-0.463039,0.000000,0.000000,-0.457309
1888,01 09 10 12 14 24,0.00943111,0.37040459,-0.757927,0.793802,-0.743875,-0.607739,0.000000,0.000000,-0.158889
1889,01 02 08 09 13 22,0.00938754,0.45597069,-0.235219,0.890550,0.082653,-0.607739,0.000000,0.000000,-0.615860
1890,01 02 04 12 14 31,0.00936013,0.38898337,-0.888604,-0.762027,-1.570404,1.418058,0.000000,0.000000,-0.058782
1891,02 09 13 14 18 31,0.00934566,0.36755285,-0.888604,-0.181754,-1.157140,0.405159,0.000000,0.000000,0.804098
1892,01 02 12 13 14 38,0.00926345,0.52752692,0.156813,0.412760,0.358162,0.115760,0.000000,0.000000,-0.957315
1893,04 10 22 24 31 38,0.00920264,0.57686300,-0.104542,-0.048900,1.735709,0.260460,0.000000,0.000000,0.673848
1894,01 08 13 14 22 31,0.00917418,0.37568247,-0.365896,0.665178,-0.881630,-0.752439,0.000000,0.000000,0.911579
1895,02 08 09 10 13 14,0.00916910,0.40829328,-0.365896,1.514041,-0.881630,-0.752439,0.000000,0.000000,-3.041974
1896,02 08 09 10 24 38,0.00913558,0.56564355,0.810198,1.361417,1.460200,-1.475938,0.000000,0.000000,0.211702
1897,01 08 09 10 24 31,0.00904716,0.39718595,0.026135,1.058673,-0.743875,-1.186538,0.000000,0.000000,0.589181
1898,04 12 13 22 31 38,0.00904292,0.51410732,-0.496573,-0.233026,1.046936,0.405159,0.000000,0.000000,0.997995
1899,01 02 04 08 14 22,0.00901015,0.48728355,0.156813,0.301509,-0.468366,0.260460,0.000000,0.000000,-0.986376
1900,04 07 12 13 22 38,0.00899372,0.54925262,-0.496573,-0.404124,1.460200,0.694559,0.000000,0.000000,0.768264
1901,01 02 10 12 18 24,0.00897624,0.57607425,1.463583,-0.398997,-0.881630,0.983958,0.000000,0.000000,-0.277375
1902,08 10 12 14 24 31,0.00896541,0.37982863,0.156813,0.862012,-1.432649,-0.897139,0.000000,0.000000,0.473665
1903,01 02 09 10 18 24,0.00892718,0.53076421,0.679521,0.041822,-0.330611,0.405159,0.000000,0.000000,-0.299002
1904,01 02 09 10 24 38,0.00892090,0.56374122,0.156813,0.568782,1.597955,-0.463039,0.000000,0.000000,0.303758
1905,02 08 13 14 22 38,0.00891043,0.54414007,0.418167,0.967922,1.322445,-1.041838,0.000000,0.000000,0.481925
1906,02 08 09 10 18 24,0.00890228,0.53266655,1.332906,0.834457,-0.468366,-0.607739,0.000000,0.000000,-0.426553
1907,01 09 10 13 14 31,0.00889310,0.29956136,-1.541990,0.467929,-1.157140,-0.318339,0.000000,0.000000,0.259681
1908,01 02 10 12 24 38,0.00887292,0.60905125,0.940875,0.127963,1.046936,0.115760,0.000000,0.000000,0.311009
1909,04 07 09 13 22 38,0.00883131,0.50394259,-1.280636,0.036695,2.011219,0.115760,0.000000,0.000000,0.729843
1910,02 10 13 14 31 38,0.00882605,0.47554066,-0.496573,0.046248,0.495917,0.115760,0.000000,0.000000,0.684580
1911,02 07 08 10 12 24,0.00871670,0.50278385,0.548844,0.191859,-0.606121,0.260460,0.000000,0.000000,-0.519261
1912,04 07 09 12 13 18,0.00867865,0.45625477,-0.365896,-0.252792,-1.019385,1.128658,0.000000,0.000000,-1.511868
1913,01 02 09 10 13 14,0.00867446,0.40639094,-1.019281,0.721406,-0.743875,0.260460,0.000000,0.000000,-2.991395
1914,01 07 08 14 24 38,0.00861630,0.53469856,0.810198,1.047853,0.771426,-1.186538,0.000000,0.000000,0.575731
1915,01 10 12 13 14 31,0.00860014,0.34487139,-0.757927,0.027111,-1.708158,0.260460,0.000000,0.000000,0.230638
1916,01 02 07 10 13 31,0.00856344,0.43003828,-0.888604,-0.926649,-0.881630,1.562758,0.000000,0.000000,0.080174
1917,01 02 08 12 13 18,0.00856312,0.55911960,1.986292,0.434279,-1.570404,0.260460,0.000000,0.000000,-1.670861
1918,02 08 12 13 18 31,0.00855601,0.47743258,1.202229,-0.074095,-1.708158,0.260460,0.000000,0.000000,0.695369
1919,02 08 09 13 18 31,0.00853175,0.43212255,0.418167,0.366724,-1.157140,-0.318339,0.000000,0.000000,0.677415
1920,01 02 04 08 12 31,0.00853113,0.45355306,0.418167,-0.213548,-1.570404,0.694559,0.000000,0.000000,-0.187701
1921,13 18 22 24 31 38,0.00848190,0.61494044,0.810198,0.173459,1.460200,-0.028940,0.000000,0.000000,0.550809
1922,02 10 12 14 18 24,0.00847088,0.51340689,0.810198,-0.154840,-1.019385,0.694559,0.000000,0.000000,-0.470008
1923,01 08 10 12 13 31,0.00846068,0.40944108,0.548844,0.575589,-1.708158,-0.463039,0.000000,0.000000,0.203876
1924,04 07 10 13 18 22,0.00845877,0.54597639,0.156813,-0.789223,-0.192857,1.562758,0.000000,0.000000,-0.575268
1925,04 07 13 18 22 31,0.00843872,0.47848729,-0.496573,-1.214691,-0.468366,1.707457,0.000000,0.000000,0.893402
1926,04 10 18 22 24 38,0.00841785,0.68720103,1.463583,-0.018219,1.735709,0.260460,0.000000,0.000000,0.414709
1927,02 10 12 14 24 38,0.00841309,0.54638389,0.287490,0.372120,0.909181,-0.173640,0.000000,0.000000,0.125120
1928,02 04 08 14 18 31,0.00839545,0.46343541,0.810198,-0.222317,-1.708158,0.549859,0.000000,0.000000,0.342618
1929,04 07 18 24 31 38,0.00839178,0.60235808,0.679521,-0.660918,0.771426,0.983958,0.000000,0.000000,0.855693
1930,04 09 13 22 31 38,0.00838506,0.46879729,-1.280636,0.207793,1.597955,-0.173640,0.000000,0.000000,0.886173
1931,01 02 14 18 22 24,0.00838144,0.54231564,0.548844,-0.309408,-0.055102,0.694559,0.000000,0.000000,0.236501
1932,08 10 13 14 18 31,0.00832657,0.41932343,0.940875,0.566820,-1.845913,-0.607739,0.000000,0.000000,0.734428
1933,01 02 08 09 13 18,0.00827101,0.51380957,1.202229,0.875098,-1.019385,-0.318339,0.000000,0.000000,-1.728497
1934,01 07 08 14 18 24,0.00823401,0.50172156,1.332906,0.520893,-1.157140,-0.318339,0.000000,0.000000,-0.084596
1935,01 02 04 08 10 14,0.00822744,0.50227350,0.679521,0.680843,-1.294894,0.405159,0.000000,0.000000,-3.378326
1936,02 07 09 14 24 31,0.00820474,0.32541502,-2.195375,-0.341268,-0.330611,0.549859,0.000000,0.000000,0.868270
1937,02 07 12 14 24 31,0.00817544,0.37072505,-1.411313,-0.782087,-0.881630,1.128658,0.000000,0.000000,0.878288
1938,02 07 08 14 22 24,0.00814879,0.46902523,-0.365896,0.281449,0.220408,-0.028940,0.000000,0.000000,-0.001404
1939,01 02 07 14 22 24,0.00810813,0.46712290,-1.019281,-0.511187,0.358162,0.983958,0.000000,0.000000,0.116435
1940,01 02 04 08 14 18,0.00809244,0.54512244,1.594261,0.286056,-1.570404,0.549859,0.000000,0.000000,-2.069557
1941,04 09 13 18 22 38,0.00808297,0.57913533,0.287490,0.238474,1.597955,-0.173640,0.000000,0.000000,0.698548
1942,01 08 09 14 22 24,0.00806879,0.40121567,-0.365896,1.431869,0.082653,-1.620637,0.000000,0.000000,0.235175
1943,04 07 09 22 24 38,0.00806545,0.53699749,-1.019281,0.078960,2.424483,-0.028940,0.000000,0.000000,0.929153
1944,01 02 09 12 13 31,0.00806376,0.35767051,-1.280636,-0.172986,-1.019385,0.549859,0.000000,0.000000,0.063760
1945,04 07 09 18 22 24,0.00805964,0.50402049,-0.496573,-0.448000,0.495917,0.839259,0.000000,0.000000,0.324602
1946,02 10 13 14 22 31,0.00802584,0.38472477,-1.411313,-0.465260,-0.330611,0.694559,0.000000,0.000000,0.909555
1947,02 08 10 12 13 14,0.00801128,0.45360331,0.418167,1.073223,-1.432649,-0.173640,0.000000,0.000000,-3.199150
1948,01 02 07 13 14 38,0.00800398,0.52488389,-0.365896,-0.041945,0.771426,0.549859,0.000000,0.000000,-0.555298
1949,02 08 09 18 24 31,0.00798748,0.46517745,0.679521,0.408989,-0.743875,-0.463039,0.000000,0.000000,0.909555
1950,02 12 13 14 18 31,0.00793995,0.41286289,-0.104542,-0.622573,-1.708158,0.983958,0.000000,0.000000,0.610198
1951,01 08 12 13 14 38,0.00793082,0.50428669,1.071552,1.460293,-0.055102,-1.475938,0.000000,0.000000,-0.427210
1952,04 07 18 22 24 31,0.00792456,0.51154219,-0.235219,-1.172426,-0.055102,1.562758,0.000000,0.000000,1.130002
1953,01 08 09 13 14 38,0.00791626,0.45897666,0.287490,1.901112,0.495917,-2.054737,0.000000,0.000000,-0.443726
1954,01 02 08 13 22 38,0.00784538,0.60680743,1.071552,0.723765,1.460200,-0.752439,0.000000,0.000000,0.441898
1955,02 08 10 12 24 38,0.00781804,0.61095359,1.594261,0.920599,0.909181,-0.897139,0.000000,0.000000,0.030862
1956,01 08 14 24 31 38,0.00779644,0.49955326,0.810198,1.218951,0.358162,-1.475938,0.000000,0.000000,0.676710
1957,01 08 09 10 12 24,0.00778377,0.43497428,0.548844,1.342280,-0.743875,-1.331238,0.000000,0.000000,-0.409048
1958,02 08 10 13 31 38,0.00777576,0.54011036,0.810198,0.594726,0.495917,-0.607739,0.000000,0.000000,0.522877
1959,04 12 13 18 22 38,0.00776465,0.62444536,1.071552,-0.202345,1.046936,0.405159,0.000000,0.000000,0.665747
1960,07 08 10 14 24 31,0.00774586,0.37718560,-0.365896,0.407306,-1.019385,-0.463039,0.000000,0.000000,0.881596
1961,01 02 04 14 18 31,0.00772766,0.46153308,0.156813,-1.014953,-1.570404,1.562758,0.000000,0.000000,0.367545
1962,01 02 13 14 22 38,0.00771434,0.54223774,-0.235219,0.175287,1.460200,-0.028940,0.000000,0.000000,0.428583
1963,02 04 07 08 14 31,0.00770675,0.38824268,-0.757927,-0.424096,-1.294894,0.839259,0.000000,0.000000,0.161011
1964,01 10 13 14 18 31,0.00770528,0.41742110,0.287490,-0.225815,-1.708158,0.405159,0.000000,0.000000,0.766245
1965,01 02 12 13 14 22,0.00767914,0.43671103,-0.757927,-0.098747,-0.468366,0.694559,0.000000,0.000000,-0.848507
1966,01 08 09 10 13 31,0.00761763,0.36413105,-0.235219,1.016408,-1.157140,-1.041838,0.000000,0.000000,0.064617
1967,01 08 13 14 18 38,0.00758916,0.57683640,2.116969,1.207367,-0.055102,-1.331238,0.000000,0.000000,0.190355
1968,08 09 10 13 14 31,0.00753822,0.30146369,-0.888604,1.260565,-1.294894,-1.331238,0.000000,0.000000,-0.064911
1969,02 07 09 12 14 24,0.00753258,0.36320335,-1.672667,-0.057661,-0.330611,0.405159,0.000000,0.000000,-0.042366
1970,02 07 08 12 24 31,0.00752410,0.43529475,-0.104542,-0.233608,-0.881630,0.405159,0.000000,0.000000,0.775690
1971,01 02 08 18 22 24,0.00750093,0.60688533,1.855615,0.239071,-0.055102,-0.028940,0.000000,0.000000,0.099950
1972,01 02 12 13 14 18,0.00749285,0.49454991,0.679521,-0.114200,-1.570404,0.983958,0.000000,0.000000,-1.823326
1973,01 02 07 09 10 24,0.00744951,0.45557148,-0.888604,-0.159958,0.082653,0.694559,0.000000,0.000000,-0.597496
1974,08 09 12 14 24 31,0.00744921,0.30481782,-0.757927,1.160970,-1.157140,-1.475938,0.000000,0.000000,0.895263
1975,01 08 14 22 24 31,0.00742433,0.40873737,-0.104542,0.707444,-0.468366,-0.897139,0.000000,0.000000,0.965109
1976,02 07 12 13 14 31,0.00730003,0.33767015,-1.672667,-0.824352,-1.294894,1.273358,0.000000,0.000000,0.435819
1977,02 08 10 13 22 31,0.00718941,0.44929447,-0.104542,0.083218,-0.330611,-0.028940,0.000000,0.000000,0.779536
1978,01 02 13 14 18 22,0.00718872,0.50926073,0.287490,-0.351673,-0.468366,0.839259,0.000000,0.000000,-0.252981
1979,02 09 10 13 14 38,0.00715536,0.46801896,-0.757927,0.770674,1.046936,-0.607739,0.000000,0.000000,-0.388351
1980,02 07 09 13 14 31,0.00712045,0.29236012,-2.456729,-0.383534,-0.743875,0.694559,0.000000,0.000000,0.394854
1981,08 10 12 13 14 31,0.00708025,0.34677373,-0.104542,0.819746,-1.845913,-0.752439,0.000000,0.000000,-0.118402
1982,02 07 08 13 14 22,0.00705290,0.43597033,-0.627250,0.239183,-0.192857,0.115760,0.000000,0.000000,-0.476537
1983,02 08 10 12 18 24,0.00703444,0.57797658,2.116969,0.393639,-1.019385,-0.028940,0.000000,0.000000,-0.688920
1984,01 02 12 18 24 31,0.00701914,0.50858515,0.810198,-0.824465,-1.157140,1.128658,0.000000,0.000000,0.904314
1985,02 12 14 18 24 31,0.00700419,0.44591779,0.156813,-0.580308,-1.294894,0.839259,0.000000,0.000000,0.784336
1986,01 02 09 18 24 31,0.00697786,0.46327511,0.026135,-0.383646,-0.606121,0.549859,0.000000,0.000000,0.883840
1987,02 08 13 14 18 22,0.00695518,0.51116307,0.940875,0.440962,-0.606121,-0.173640,0.000000,0.000000,-0.411442
1988,01 02 10 12 13 14,0.00686778,0.45170097,-0.235219,0.280587,-1.294894,0.839259,0.000000,0.000000,-3.244701
1989,01 02 10 24 31 38,0.00686072,0.57126292,0.418167,-0.155644,1.046936,0.260460,0.000000,0.000000,0.823949
1990,04 07 12 22 24 38,0.00685988,0.58230753,-0.235219,-0.361858,1.873464,0.549859,0.000000,0.000000,0.764905
1991,01 08 12 14 22 24,0.00684754,0.44652570,0.418167,0.991051,-0.468366,-1.041838,0.000000,0.000000,0.068602
1992,01 02 10 13 31 38,0.00684271,0.53820802,0.156813,-0.197909,0.633672,0.405159,0.000000,0.000000,0.508506
1993,01 08 10 13 18 31,0.00682034,0.48199079,1.594261,0.322663,-1.708158,-0.318339,0.000000,0.000000,0.629038
1994,02 09 14 18 24 31,0.00681568,0.40060776,-0.627250,-0.139489,-0.743875,0.260460,0.000000,0.000000,0.742049
1995,01 04 08 12 14 31,0.00676286,0.36574315,0.026135,0.285506,-1.983668,-0.173640,0.000000,0.000000,0.283962
1996,02 07 08 09 10 24,0.00674989,0.45747381,-0.235219,0.632678,-0.055102,-0.318339,0.000000,0.000000,-0.825009
1997,01 04 08 09 14 31,0.00674475,0.32043311,-0.757927,0.726324,-1.432649,-0.752439,0.000000,0.000000,0.266919
1998,01 08 14 18 24 38,0.00670209,0.60989130,2.378323,1.249632,0.358162,-1.475938,0.000000,0.000000,0.371708
1999,01 09 12 14 24 31,0.00667685,0.30291549,-1.411313,0.368334,-1.019385,-0.463039,0.000000,0.000000,0.904697
2000,01 02 14 22 24 38,0.00664504,0.57529264,0.026135,0.217552,1.873464,-0.173640,0.000000,0.000000,0.582937
2001,02 09 12 14 24 38,0.00663684,0.47137309,-0.627250,0.671078,1.184691,-0.752439,0.000000,0.000000,0.508191
2002,02 08 10 24 31 38,0.00663000,0.57316526,1.071552,0.636992,0.909181,-0.752439,0.000000,0.000000,0.665904
2003,01 09 10 14 18 24,0.00658364,0.44295430,0.287490,0.540876,-0.743875,-0.463039,0.000000,0.000000,0.087433
2004,01 02 07 10 13 14,0.00653990,0.44905794,-0.757927,-0.174118,-0.881630,1.273358,0.000000,0.000000,-2.704667
2005,04 09 18 22 24 38,0.00652634,0.61219023,0.548844,0.280739,2.011219,-0.318339,0.000000,0.000000,0.780703
2006,01 02 12 13 18 31,0.00640650,0.47553025,0.548844,-0.866730,-1.570404,1.273358,0.000000,0.000000,0.500776
2007,08 09 10 14 24 38,0.00639218,0.47783364,0.418167,1.860472,1.046936,-2.344136,0.000000,0.000000,0.538895
2008,02 09 12 14 18 24,0.00637162,0.43839609,-0.104542,0.144118,-0.743875,0.115760,0.000000,0.000000,-0.134793
2009,01 02 09 13 18 31,0.00635836,0.43022021,-0.235219,-0.425912,-1.019385,0.694559,0.000000,0.000000,0.479284
2010,02 07 08 10 13 14,0.00633424,0.45096028,-0.104542,0.618517,-1.019385,0.260460,0.000000,0.000000,-2.858998
2011,01 02 10 13 22 31,0.00630823,0.44739213,-0.757927,-0.709417,-0.192857,0.983958,0.000000,0.000000,0.772850
2012,01 07 09 10 14 24,0.00627979,0.36776156,-1.280636,0.339097,-0.330611,-0.173640,0.000000,0.000000,-0.037157
2013,01 02 07 12 24 31,0.00627413,0.43339241,-0.757927,-1.026244,-0.743875,1.418058,0.000000,0.000000,0.714366
2014,01 02 08 22 24 38,0.00627375,0.63986233,1.332906,0.766031,1.873464,-0.897139,0.000000,0.000000,0.521831
2015,01 07 10 12 14 24,0.00625869,0.41307159,-0.496573,-0.101722,-0.881630,0.405159,0.000000,0.000000,-0.025924
2016,04 09 22 24 31 38,0.00625369,0.50185219,-1.019281,0.250058,2.011219,-0.318339,0.000000,0.000000,0.883178
2017,01 09 10 14 24 38,0.00618923,0.47593130,-0.235219,1.067836,1.184691,-1.331238,0.000000,0.000000,0.632690
2018,04 07 12 18 22 24,0.00617692,0.54933052,0.287490,-0.888819,-0.055102,1.418058,0.000000,0.000000,0.060031
2019,01 08 09 12 24 31,0.00617684,0.36748518,-0.104542,0.916812,-1.019385,-1.186538,0.000000,0.000000,0.824521
2020,01 02 04 08 18 31,0.00617505,0.52610277,1.463583,-0.466474,-1.570404,0.839259,0.000000,0.000000,0.131422
2021,01 08 12 13 14 22,0.00611835,0.41347080,0.156813,0.948785,-0.881630,-0.897139,0.000000,0.000000,-0.352204
2022,02 08 09 12 24 38,0.00609497,0.53594278,0.679521,1.219557,1.184691,-1.475938,0.000000,0.000000,0.421811
2023,01 08 09 13 14 22,0.00602617,0.36816077,-0.627250,1.389604,-0.330611,-1.475938,0.000000,0.000000,-0.380220
2024,02 07 08 09 24 31,0.00601262,0.38998471,-0.888604,0.207210,-0.330611,-0.173640,0.000000,0.000000,0.537401
2025,01 08 10 18 24 31,0.00601061,0.51504569,1.855615,0.364928,-1.294894,-0.463039,0.000000,0.000000,0.821850
2026,01 02 08 13 18 22,0.00600223,0.57383043,1.594261,0.196805,-0.468366,0.115760,0.000000,0.000000,-0.434862
2027,02 07 08 12 13 31,0.00595785,0.40223984,-0.365896,-0.275874,-1.294894,0.549859,0.000000,0.000000,0.230872
2028,01 02 07 08 13 38,0.00595732,0.58945358,0.940875,0.506534,0.771426,-0.173640,0.000000,0.000000,-0.864617
2029,02 08 14 18 22 24,0.00591940,0.54421797,1.202229,0.483228,-0.192857,-0.318339,0.000000,0.000000,-0.252122
2030,01 02 07 13 14 22,0.00590689,0.43406800,-1.280636,-0.553453,-0.055102,1.128658,0.000000,0.000000,-0.522460
2031,01 02 09 12 24 38,0.00590292,0.53404045,0.026135,0.426921,1.322445,-0.463039,0.000000,0.000000,0.517222
2032,02 04 09 10 14 31,0.00588604,0.32947541,-1.803344,-0.404114,-0.881630,0.694559,0.000000,0.000000,0.307805
2033,02 07 08 09 12 24,0.00587164,0.42777304,-0.365896,0.490817,-0.330611,-0.318339,0.000000,0.000000,-0.294539
2034,02 09 10 14 22 24,0.00581875,0.41025797,-1.411313,0.301431,0.633672,-0.173640,0.000000,0.000000,0.069931
2035,01 07 10 13 14 31,0.00574655,0.34222836,-1.280636,-0.427595,-1.294894,0.694559,0.000000,0.000000,0.396480
2036,08 10 14 18 24 31,0.00573738,0.45237833,1.202229,0.609086,-1.432649,-0.752439,0.000000,0.000000,0.663606
2037,02 07 08 10 24 38,0.00573200,0.60831056,1.071552,0.465894,1.322445,-0.463039,0.000000,0.000000,0.310421
2038,02 07 10 14 24 38,0.00572988,0.54374086,-0.235219,-0.082585,1.322445,0.260460,0.000000,0.000000,0.316206
2039,01 07 10 14 24 31,0.00571813,0.37528326,-1.019281,-0.385329,-0.881630,0.549859,0.000000,0.000000,0.705045
2040,02 10 14 24 31 38,0.00571086,0.50859556,-0.235219,0.088513,0.909181,-0.028940,0.000000,0.000000,0.535830
2041,01 02 08 09 10 13,0.00569863,0.47096063,0.287490,1.269884,-0.743875,-0.463039,0.000000,0.000000,-3.438373
2042,01 10 14 18 24 31,0.00569068,0.45047600,0.548844,-0.183550,-1.294894,0.260460,0.000000,0.000000,0.780550
2043,01 02 09 12 18 24,0.00568322,0.50106345,0.548844,-0.100039,-0.606121,0.405159,0.000000,0.000000,-0.119018
2044,01 08 12 13 14 18,0.00568020,0.47130969,1.594261,0.933333,-1.983668,-0.607739,0.000000,0.000000,-1.364337
2045,02 07 08 13 14 18,0.00567645,0.49380922,0.810198,0.223731,-1.294894,0.405159,0.000000,0.000000,-1.627682
2046,07 08 10 13 14 31,0.00562438,0.34413070,-0.627250,0.365041,-1.432649,-0.318339,0.000000,0.000000,0.254518
2047,02 10 13 14 18 38,0.00562001,0.58587870,1.071552,0.076929,0.495917,0.115760,0.000000,0.000000,0.066726
2048,01 07 08 10 24 31,0.00561770,0.43985296,0.287490,0.163149,-0.881630,-0.173640,0.000000,0.000000,0.684067
2049,01 02 04 07 14 31,0.00559167,0.38634034,-1.411313,-1.216732,-1.157140,1.852157,0.000000,0.000000,-0.028481
2050,01 02 10 22 24 31,0.00558791,0.48044703,-0.496573,-0.667152,0.220408,0.839259,0.000000,0.000000,0.978908
2051,02 08 14 22 24 38,0.00557280,0.57719497,0.679521,1.010188,1.735709,-1.186538,0.000000,0.000000,0.300220
2052,01 08 09 13 14 18,0.00556861,0.42599965,0.810198,1.374152,-1.432649,-1.186538,0.000000,0.000000,-1.395229
2053,04 07 12 13 18 22,0.00551837,0.51627562,0.026135,-0.931084,-0.468366,1.562758,0.000000,0.000000,-0.350311
2054,02 08 09 10 13 38,0.00549566,0.53258865,0.548844,1.319152,1.046936,-1.331238,0.000000,0.000000,-0.640339
2055,01 02 07 09 12 24,0.00548935,0.42587071,-1.019281,-0.301818,-0.192857,0.694559,0.000000,0.000000,-0.227313
2056,01 02 07 10 24 38,0.00546972,0.60640822,0.418167,-0.326742,1.460200,0.549859,0.000000,0.000000,0.395425
2057,02 07 08 10 18 24,0.00543401,0.57533355,1.594261,-0.061066,-0.606121,0.405159,0.000000,0.000000,-0.337418
2058,01 02 07 10 18 24,0.00541132,0.57343122,0.940875,-0.853702,-0.468366,1.418058,0.000000,0.000000,-0.216918
2059,01 02 10 18 24 38,0.00538539,0.68160096,1.986292,-0.124963,1.046936,0.260460,0.000000,0.000000,0.462505
2060,01 02 08 10 12 13,0.00538431,0.51627067,1.071552,0.829066,-1.294894,0.115760,0.000000,0.000000,-3.470580
2061,01 10 12 14 18 24,0.00533847,0.48826433,1.071552,0.100057,-1.294894,0.115760,0.000000,0.000000,-0.082684
2062,02 08 10 22 24 31,0.00530532,0.48234937,0.156813,0.125484,0.082653,-0.173640,0.000000,0.000000,0.813178
2063,02 08 09 12 18 24,0.00527903,0.50296578,1.202229,0.692597,-0.743875,-0.607739,0.000000,0.000000,-0.302763
2064,04 07 09 13 18 22,0.00525893,0.47096559,-0.757927,-0.490265,0.082653,0.983958,0.000000,0.000000,-0.403106
2065,02 08 09 12 13 14,0.00519237,0.37859251,-0.496573,1.372181,-1.157140,-0.752439,0.000000,0.000000,-2.970554
2066,02 10 14 22 24 31,0.00518338,0.41777967,-1.149958,-0.422995,0.082653,0.549859,0.000000,0.000000,0.801211
2067,02 07 13 14 18 31,0.00517889,0.41021986,-0.627250,-1.077278,-1.294894,1.418058,0.000000,0.000000,0.789749
2068,02 08 12 18 24 31,0.00512168,0.51048748,1.463583,-0.031829,-1.294894,0.115760,0.000000,0.000000,0.499338
2069,01 02 07 13 14 18,0.00504093,0.49190688,0.156813,-0.568905,-1.157140,1.418058,0.000000,0.000000,-1.597974
2070,02 09 10 12 24 31,0.00504025,0.37652748,-1.149958,-0.213626,-0.468366,0.260460,0.000000,0.000000,0.824238
2071,08 10 13 14 31 38,0.00499560,0.45230044,0.418167,1.093780,0.082653,-1.475938,0.000000,0.000000,0.844625
2072,01 02 04 10 14 38,0.00499344,0.56199918,0.287490,-0.062525,0.633672,0.549859,0.000000,0.000000,-0.905487
2073,02 07 10 14 18 24,0.00497863,0.51076386,0.287490,-0.609545,-0.606121,1.128658,0.000000,0.000000,-0.398785
2074,01 02 07 08 22 24,0.00490688,0.53169259,0.287490,0.037291,0.358162,0.260460,0.000000,0.000000,-0.363939
2075,01 02 04 08 09 31,0.00487724,0.40824303,-0.365896,0.227270,-1.019385,0.115760,0.000000,0.000000,-0.743396
2076,02 04 08 10 14 38,0.00485562,0.56390152,0.940875,0.730111,0.495917,-0.463039,0.000000,0.000000,-1.049768
2077,02 09 13 14 31 38,0.00484311,0.40052986,-1.411313,0.345206,0.771426,-0.463039,0.000000,0.000000,0.740722
2078,02 08 10 13 18 38,0.00481269,0.65044839,2.378323,0.625407,0.495917,-0.607739,0.000000,0.000000,-0.058980
2079,02 09 10 13 14 22,0.00481033,0.37720307,-1.672667,0.259166,0.220408,-0.028940,0.000000,0.000000,-0.392245
2080,01 09 12 13 14 31,0.00477998,0.26986059,-1.672667,0.326069,-1.432649,-0.318339,0.000000,0.000000,0.310896
2081,01 02 10 13 18 38,0.00477173,0.64854606,1.724938,-0.167228,0.633672,0.405159,0.000000,0.000000,0.058814
2082,01 02 07 08 13 22,0.00476063,0.49863769,0.026135,-0.004974,-0.055102,0.405159,0.000000,0.000000,-0.698381
2083,01 02 04 08 09 14,0.00475258,0.42726270,-0.235219,0.979801,-1.019385,-0.173640,0.000000,0.000000,-3.246910
2084,02 10 12 13 14 38,0.00474510,0.51332899,0.026135,0.329855,0.495917,-0.028940,0.000000,0.000000,-0.731079
2085,01 02 09 12 13 14,0.00472036,0.37669017,-1.149958,0.579545,-1.019385,0.260460,0.000000,0.000000,-2.916621
2086,02 07 08 09 13 31,0.00471868,0.35692981,-1.149958,0.164945,-0.743875,-0.028940,0.000000,0.000000,0.032926
2087,01 10 12 14 24 38,0.00462234,0.52124133,0.548844,0.627017,0.633672,-0.752439,0.000000,0.000000,0.414909
2088,04 12 22 24 31 38,0.00457888,0.54716223,-0.235219,-0.190761,1.460200,0.260460,0.000000,0.000000,0.649409
2089,01 02 07 09 24 31,0.00457317,0.38808238,-1.541990,-0.585425,-0.192857,0.839259,0.000000,0.000000,0.448005
2090,01 08 09 10 18 24,0.00449138,0.50752399,1.594261,1.089354,-0.743875,-1.186538,0.000000,0.000000,-0.228642
2091,08 09 10 12 14 24,0.00445733,0.37230692,-0.104542,1.586437,-0.881630,-1.620637,0.000000,0.000000,-1.019633
2092,01 08 09 10 13 14,0.00438420,0.38315072,-0.104542,1.768938,-1.157140,-1.331238,0.000000,0.000000,-2.899472
2093,04 07 13 22 31 38,0.00431533,0.51146429,-1.019281,-0.687731,1.460200,0.839259,0.000000,0.000000,0.886199
2094,01 07 08 10 12 24,0.00429286,0.47764129,0.810198,0.446756,-0.881630,-0.318339,0.000000,0.000000,-0.323267
2095,01 08 09 10 24 38,0.00429103,0.54050099,1.071552,1.616314,1.184691,-2.054737,0.000000,0.000000,0.345367
2096,01 08 10 12 13 14,0.00427048,0.42846075,0.679521,1.328120,-1.708158,-0.752439,0.000000,0.000000,-2.901961
2097,02 08 10 18 24 38,0.00426259,0.68350329,2.639677,0.667673,0.909181,-0.752439,0.000000,0.000000,0.172295
2098,02 09 10 13 14 18,0.00423903,0.43504195,-0.235219,0.243713,-0.881630,0.260460,0.000000,0.000000,-1.424104
2099,02 08 10 12 13 38,0.00422140,0.57789869,1.332906,0.878333,0.495917,-0.752439,0.000000,0.000000,-0.814765
2100,02 04 08 14 31 38,0.00421635,0.49641242,0.287490,0.304643,0.220408,-0.318339,0.000000,0.000000,0.327161
2101,02 07 08 13 18 31,0.00421209,0.47478955,0.679521,-0.528800,-1.294894,0.694559,0.000000,0.000000,0.640415
2102,01 07 08 10 13 31,0.00415259,0.40679805,0.026135,0.120884,-1.294894,-0.028940,0.000000,0.000000,0.154231
2103,01 02 09 10 13 38,0.00411721,0.53068632,-0.104542,0.526516,1.184691,-0.318339,0.000000,0.000000,-0.720699
2104,01 08 13 14 22 38,0.00407558,0.51899751,0.679521,1.222819,1.046936,-1.620637,0.000000,0.000000,0.617027
2105,02 08 09 10 13 22,0.00405104,0.44177276,-0.365896,0.807644,0.220408,-0.752439,0.000000,0.000000,-0.510835
2106,02 07 10 13 14 38,0.00403468,0.51068596,-0.496573,-0.124850,0.909181,0.405159,0.000000,0.000000,-0.247718
2107,01 08 10 12 18 24,0.00402429,0.55283402,2.378323,0.648536,-1.294894,-0.607739,0.000000,0.000000,-0.283483
2108,01 08 10 12 24 38,0.00401758,0.58581103,1.855615,1.175496,0.633672,-1.475938,0.000000,0.000000,0.319213
2109,02 09 13 14 22 31,0.00401702,0.30971397,-2.326052,-0.166302,-0.055102,0.115760,0.000000,0.000000,0.961864
2110,01 02 04 08 12 14,0.00401427,0.47257273,0.548844,0.538982,-1.570404,0.405159,0.000000,0.000000,-3.341935
2111,04 07 13 18 22 38,0.00397119,0.62180233,0.548844,-0.657050,1.460200,0.839259,0.000000,0.000000,0.692345
2112,04 12 18 22 24 38,0.00395563,0.65750026,1.332906,-0.160079,1.460200,0.260460,0.000000,0.000000,0.414203
2113,02 07 08 18 24 31,0.00390288,0.50784445,0.940875,-0.486534,-0.881630,0.549859,0.000000,0.000000,0.907380
2114,02 08 09 13 31 38,0.00385415,0.46509955,-0.104542,0.893684,0.771426,-1.186538,0.000000,0.000000,0.588106
2115,02 08 12 13 31 38,0.00378138,0.51040959,0.679521,0.452866,0.220408,-0.607739,0.000000,0.000000,0.591684
2116,01 07 08 14 22 24,0.00374759,0.44388267,-0.104542,0.536346,-0.055102,-0.607739,0.000000,0.000000,0.197946
2117,02 08 09 24 31 38,0.00368393,0.49815445,0.156813,0.935950,1.184691,-1.331238,0.000000,0.000000,0.875663
2118,02 10 14 18 24 38,0.00364033,0.61893360,1.332906,0.119194,0.909181,-0.028940,0.000000,0.000000,0.086206
2119,02 07 09 14 24 38,0.00361140,0.46873006,-1.149958,0.216373,1.597955,-0.318339,0.000000,0.000000,0.648574
2120,01 07 08 13 14 38,0.00360308,0.50164366,0.548844,1.005588,0.358162,-1.041838,0.000000,0.000000,-0.479768
2121,01 08 09 12 13 31,0.00358914,0.33443028,-0.365896,0.874547,-1.432649,-1.041838,0.000000,0.000000,0.128370
2122,07 08 12 14 24 31,0.00356468,0.34748483,-0.496573,0.265446,-1.294894,-0.463039,0.000000,0.000000,0.922728
2123,02 04 10 12 14 31,0.00355575,0.37478545,-1.019281,-0.844932,-1.432649,1.273358,0.000000,0.000000,-0.023076
2124,08 10 12 14 24 38,0.00355571,0.52314367,1.202229,1.419653,0.495917,-1.765337,0.000000,0.000000,0.133023
2125,01 02 07 12 13 31,0.00354412,0.40033751,-1.019281,-1.068509,-1.157140,1.562758,0.000000,0.000000,-0.002868
2126,01 02 04 14 31 38,0.00354196,0.49451008,-0.365896,-0.487993,0.358162,0.694559,0.000000,0.000000,0.351112
2127,08 09 13 14 18 31,0.00341280,0.34431263,0.026135,0.865778,-1.570404,-1.186538,0.000000,0.000000,0.652665
2128,08 09 12 13 14 31,0.00340247,0.27176292,-1.019281,1.118704,-1.570404,-1.331238,0.000000,0.000000,-0.017050
2129,02 12 13 14 31 38,0.00334038,0.44583989,-0.627250,-0.095613,0.220408,0.115760,0.000000,0.000000,0.532447
2130,04 13 18 22 31 38,0.00331976,0.58665703,0.548844,-0.485952,1.046936,0.549859,0.000000,0.000000,0.818276
2131,02 08 12 13 22 31,0.00324678,0.41959370,-0.235219,-0.058642,-0.606121,-0.028940,0.000000,0.000000,0.856010
2132,01 02 09 10 22 24,0.00324353,0.47292533,-0.757927,0.057274,0.771426,0.115760,0.000000,0.000000,-0.193832
2133,02 08 09 13 22 31,0.00324192,0.37428366,-1.019281,0.382176,-0.055102,-0.607739,0.000000,0.000000,0.840931
2134,01 02 07 08 13 18,0.00320853,0.55647658,1.463583,-0.020426,-1.157140,0.694559,0.000000,0.000000,-1.875548
2135,07 08 10 14 24 38,0.00319901,0.52050064,0.679521,0.964948,0.909181,-1.331238,0.000000,0.000000,0.668787
2136,04 07 09 10 12 13,0.00318193,0.41340583,-1.280636,0.141995,-0.743875,0.983958,0.000000,0.000000,-3.654993
2137,02 08 09 10 22 24,0.00317335,0.47482767,-0.104542,0.849910,0.633672,-0.897139,0.000000,0.000000,-0.328092
2138,01 02 10 12 22 24,0.00315369,0.51823536,0.026135,-0.383545,0.220408,0.694559,0.000000,0.000000,-0.192784
2139,02 04 08 14 22 31,0.00313151,0.40559653,-0.627250,-0.206865,-0.606121,0.260460,0.000000,0.000000,0.509968
2140,08 09 10 14 18 24,0.00310372,0.44485663,0.940875,1.333511,-0.881630,-1.475938,0.000000,0.000000,-0.551991
2141,08 09 12 14 24 38,0.00309008,0.44813287,0.287490,1.718611,0.771426,-2.344136,0.000000,0.000000,0.710266
2142,08 12 13 14 18 31,0.00302732,0.38962266,0.810198,0.424960,-2.121423,-0.607739,0.000000,0.000000,0.609913
2143,01 02 09 10 13 22,0.00302402,0.43987043,-1.019281,0.015009,0.358162,0.260460,0.000000,0.000000,-0.539129
2144,02 09 12 13 14 38,0.00301637,0.43831819,-0.888604,0.628813,0.771426,-0.607739,0.000000,0.000000,-0.340969
2145,01 02 10 12 13 38,0.00300797,0.57599635,0.679521,0.085698,0.633672,0.260460,0.000000,0.000000,-0.870677
2146,08 09 14 18 24 31,0.00298520,0.37736753,0.287490,0.908044,-1.157140,-1.331238,0.000000,0.000000,0.902090
2147,01 08 13 14 18 22,0.00297720,0.48602051,1.202229,0.695859,-0.881630,-0.752439,0.000000,0.000000,-0.149392
2148,01 10 13 14 31 38,0.00296974,0.45039810,-0.235219,0.301145,0.220408,-0.463039,0.000000,0.000000,0.668351
2149,08 10 13 14 22 31,0.00295266,0.36148455,-0.496573,0.582273,-0.743875,-0.897139,0.000000,0.000000,0.885486
2150,01 08 14 18 22 24,0.00293188,0.51907541,1.463583,0.738125,-0.468366,-0.897139,0.000000,0.000000,0.156670
2151,02 04 08 09 14 38,0.00292969,0.48889071,0.026135,1.029069,0.771426,-1.041838,0.000000,0.000000,-0.688873
2152,01 08 12 13 18 31,0.00289388,0.45229002,1.463583,0.180802,-1.983668,-0.318339,0.000000,0.000000,0.707908
2153,08 10 14 24 31 38,0.00287822,0.48535534,0.679521,1.136046,0.495917,-1.620637,0.000000,0.000000,0.843705
2154,01 02 07 18 24 31,0.00286249,0.50594212,0.287490,-1.279170,-0.743875,1.562758,0.000000,0.000000,0.877105
2155,02 08 09 10 13 18,0.00285959,0.49961165,1.071552,0.792192,-0.881630,-0.463039,0.000000,0.000000,-1.634572
2156,02 08 10 12 13 22,0.00285440,0.48708280,0.418167,0.366826,-0.330611,-0.173640,0.000000,0.000000,-0.673761
2157,02 07 09 14 18 24,0.00282781,0.43575306,-0.627250,-0.310587,-0.330611,0.549859,0.000000,0.000000,-0.071209
2158,01 04 08 14 18 31,0.00279784,0.43829285,1.071552,0.032580,-1.983668,-0.028940,0.000000,0.000000,0.364715
2159,02 09 14 24 31 38,0.00278495,0.43358476,-1.149958,0.387471,1.184691,-0.607739,0.000000,0.000000,0.748575
2160,02 12 13 14 22 31,0.00275063,0.35502400,-1.541990,-0.607121,-0.606121,0.694559,0.000000,0.000000,0.788603
2161,01 02 04 10 14 22,0.00274110,0.47118329,-0.627250,-0.574033,-0.192857,1.128658,0.000000,0.000000,-0.895649
2162,07 08 09 14 24 31,0.00271491,0.30217479,-1.280636,0.706264,-0.743875,-1.041838,0.000000,0.000000,0.782473
2163,02 07 14 18 24 31,0.00268450,0.44327476,-0.365896,-1.035013,-0.881630,1.273358,0.000000,0.000000,0.732972
2164,01 02 09 24 31 38,0.00266773,0.49625212,-0.496573,0.143314,1.322445,-0.318339,0.000000,0.000000,0.848971
2165,01 02 04 14 22 31,0.00266771,0.40369419,-1.280636,-0.999500,-0.468366,1.273358,0.000000,0.000000,0.565117
2166,02 09 13 14 18 38,0.00265530,0.51086790,0.156813,0.375887,0.771426,-0.463039,0.000000,0.000000,0.273721
2167,01 09 13 14 18 31,0.00264914,0.34241029,-0.627250,0.073143,-1.432649,-0.173640,0.000000,0.000000,0.663388
2168,01 02 07 08 10 13,0.00262301,0.51362764,0.548844,0.374360,-0.881630,0.549859,0.000000,0.000000,-3.291064
2169,01 02 12 24 31 38,0.00262210,0.54156215,0.287490,-0.297505,0.771426,0.260460,0.000000,0.000000,0.856570
2170,01 07 12 14 24 31,0.00252302,0.34558249,-1.149958,-0.527190,-1.157140,0.549859,0.000000,0.000000,0.892265
2171,02 07 12 14 24 38,0.00250889,0.51404009,-0.365896,-0.224446,1.046936,0.260460,0.000000,0.000000,0.499592
2172,01 12 14 18 24 31,0.00250154,0.42077523,0.418167,-0.325411,-1.570404,0.260460,0.000000,0.000000,0.968656
2173,02 10 12 13 14 22,0.00247769,0.42251310,-0.888604,-0.181653,-0.330611,0.549859,0.000000,0.000000,-0.723473
2174,02 08 09 18 24 38,0.00245700,0.60849249,1.724938,0.966631,1.184691,-1.331238,0.000000,0.000000,0.551019
2175,04 07 18 22 24 38,0.00245014,0.65485723,0.810198,-0.614784,1.873464,0.694559,0.000000,0.000000,0.779771
2176,02 08 09 22 24 31,0.00244903,0.40733857,-0.757927,0.424442,0.358162,-0.752439,0.000000,0.000000,1.036236
2177,02 09 10 12 13 31,0.00244061,0.34347258,-1.411313,-0.255891,-0.881630,0.405159,0.000000,0.000000,0.126318
2178,01 10 13 14 22 31,0.00237665,0.35958221,-1.149958,-0.210363,-0.606121,0.115760,0.000000,0.000000,0.924011
2179,01 08 09 18 24 31,0.00233829,0.44003489,0.940875,0.663886,-1.019385,-1.041838,0.000000,0.000000,0.924011
2180,01 02 09 18 24 38,0.00233288,0.60659016,1.071552,0.173995,1.322445,-0.318339,0.000000,0.000000,0.656492
2181,01 12 13 14 18 31,0.00228753,0.38772033,0.156813,-0.367676,-1.983668,0.405159,0.000000,0.000000,0.624175
2182,01 02 09 10 13 18,0.00227708,0.49770931,0.418167,-0.000444,-0.743875,0.549859,0.000000,0.000000,-1.597010
2183,01 09 12 14 18 24,0.00226433,0.41325353,0.156813,0.399015,-1.019385,-0.463039,0.000000,0.000000,0.108099
2184,02 04 08 10 14 22,0.00225184,0.47308563,0.026135,0.218603,-0.330611,0.115760,0.000000,0.000000,-1.091997
2185,02 09 14 22 24 31,0.00223160,0.34276887,-2.064698,-0.124037,0.358162,-0.028940,0.000000,0.000000,1.010123
2186,02 10 12 13 14 18,0.00221647,0.48035199,0.548844,-0.197105,-1.432649,0.839259,0.000000,0.000000,-1.709393
2187,02 12 14 24 31 38,0.00220235,0.47889479,-0.365896,-0.053348,0.633672,-0.028940,0.000000,0.000000,0.676620
2188,02 10 12 14 22 24,0.00218083,0.45556801,-0.627250,-0.139387,0.082653,0.405159,0.000000,0.000000,-0.454679
2189,01 04 07 08 14 31,0.00215665,0.36310012,-0.496573,-0.169199,-1.570404,0.260460,0.000000,0.000000,0.190148
2190,01 02 07 09 13 31,0.00211547,0.35502748,-1.803344,-0.627691,-0.606121,0.983958,0.000000,0.000000,-0.228886
2191,02 10 13 14 22 38,0.00208703,0.52803981,-0.365896,0.092381,1.597955,-0.173640,0.000000,0.000000,0.490523
2192,01 07 09 12 14 24,0.00207758,0.33806079,-1.411313,0.197236,-0.606121,-0.173640,0.000000,0.000000,0.000859
2193,02 07 08 10 13 38,0.00205650,0.57525566,0.810198,0.423628,0.909181,-0.318339,0.000000,0.000000,-0.546891
2194,01 02 10 12 13 22,0.00199241,0.48518046,-0.235219,-0.425810,-0.192857,0.839259,0.000000,0.000000,-0.677606
2195,07 08 09 10 14 24,0.00197332,0.36966389,-0.627250,1.131732,-0.468366,-1.186538,0.000000,0.000000,-0.799036
2196,04 07 22 24 31 38,0.00194315,0.54451920,-0.757927,-0.645466,1.873464,0.694559,0.000000,0.000000,0.847530
2197,08 10 13 14 18 38,0.00191570,0.56263847,1.986292,1.124462,0.082653,-1.475938,0.000000,0.000000,0.245459
2198,01 08 10 13 31 38,0.00190975,0.51496779,1.071552,0.849623,0.220408,-1.186538,0.000000,0.000000,0.505210
2199,02 08 09 13 18 38,0.00190931,0.57543759,1.463583,0.924365,0.771426,-1.186538,0.000000,0.000000,0.157101
2200,02 09 10 13 18 31,0.00188542,0.41602229,-0.365896,-0.508817,-0.881630,0.549859,0.000000,0.000000,0.712249
2201,02 04 10 14 18 31,0.00187924,0.44733515,0.026135,-1.097858,-1.432649,1.418058,0.000000,0.000000,0.396728
2202,01 02 07 13 18 31,0.00187443,0.47288722,0.026135,-1.321435,-1.157140,1.707457,0.000000,0.000000,0.417946
2203,01 07 08 12 24 31,0.00186197,0.41015219,0.156813,0.021289,-1.157140,-0.173640,0.000000,0.000000,0.788230
2204,01 02 04 10 14 18,0.00183633,0.52902218,0.810198,-0.589485,-1.294894,1.418058,0.000000,0.000000,-1.976913
2205,01 08 09 13 18 31,0.00182552,0.40697999,0.679521,0.621621,-1.432649,-0.897139,0.000000,0.000000,0.535268
2206,02 07 12 14 18 24,0.00182233,0.48106309,0.156813,-0.751406,-0.881630,1.128658,0.000000,0.000000,-0.205815
2207,01 08 10 24 31 38,0.00182102,0.54802270,1.332906,0.891889,0.633672,-1.331238,0.000000,0.000000,0.804840
2208,02 08 10 12 22 24,0.00181393,0.52013770,0.679521,0.409091,0.082653,-0.318339,0.000000,0.000000,-0.515135
2209,02 07 08 12 24 38,0.00180597,0.57860979,0.940875,0.324033,1.046936,-0.463039,0.000000,0.000000,0.389354
2210,01 09 12 14 24 38,0.00180523,0.44623053,-0.365896,0.925975,0.909181,-1.331238,0.000000,0.000000,0.643772
2211,01 08 14 22 24 38,0.00179499,0.55205241,0.940875,1.265085,1.460200,-1.765337,0.000000,0.000000,0.591926
2212,01 02 04 09 14 38,0.00178797,0.48698838,-0.627250,0.236433,0.909181,-0.028940,0.000000,0.000000,-0.734160
2213,02 04 08 10 12 31,0.00176406,0.43935514,0.287490,-0.296454,-1.432649,0.549859,0.000000,0.000000,-0.294620
2214,02 09 14 18 24 38,0.00173265,0.54392280,0.418167,0.418152,1.184691,-0.607739,0.000000,0.000000,0.449804
2215,02 08 10 12 13 18,0.00168236,0.54492168,1.855615,0.351373,-1.432649,0.115760,0.000000,0.000000,-1.794623
2216,01 02 09 13 31 38,0.00167417,0.46319722,-0.757927,0.101048,0.909181,-0.173640,0.000000,0.000000,0.388998
2217,02 04 09 12 14 31,0.00166766,0.29977464,-1.934021,-0.545974,-1.157140,0.694559,0.000000,0.000000,0.343425
2218,01 07 08 13 14 22,0.00166124,0.41082777,-0.365896,0.494080,-0.468366,-0.463039,0.000000,0.000000,-0.423929
2219,07 08 10 12 14 24,0.00164606,0.41497393,0.156813,0.690914,-1.019385,-0.607739,0.000000,0.000000,-0.833161
2220,02 07 10 13 14 22,0.00163790,0.41987007,-1.411313,-0.636358,0.082653,0.983958,0.000000,0.000000,-0.259280
2221,02 10 12 13 18 31,0.00163351,0.46133232,0.418167,-0.949636,-1.432649,1.128658,0.000000,0.000000,0.689287
2222,01 02 12 13 31 38,0.00162529,0.50850725,0.026135,-0.339770,0.358162,0.405159,0.000000,0.000000,0.396114
2223,01 07 08 10 13 14,0.00161208,0.42581772,0.156813,0.873414,-1.294894,-0.318339,0.000000,0.000000,-2.707200
2224,02 07 08 09 18 24,0.00157766,0.50032275,0.679521,0.237891,-0.330611,-0.173640,0.000000,0.000000,-0.262521
2225,02 07 10 14 22 24,0.00157735,0.45292498,-1.149958,-0.594093,0.495917,0.839259,0.000000,0.000000,0.044525
2226,01 02 10 12 13 18,0.00155555,0.54301935,1.202229,-0.441262,-1.294894,1.128658,0.000000,0.000000,-1.689548
2227,01 08 10 13 22 31,0.00153052,0.42415191,0.156813,0.338115,-0.606121,-0.607739,0.000000,0.000000,0.792555
2228,02 07 08 09 24 38,0.00151212,0.53329976,0.156813,0.764852,1.597955,-1.041838,0.000000,0.000000,0.331460
2229,01 07 09 14 24 31,0.00150823,0.30027246,-1.934021,-0.086371,-0.606121,-0.028940,0.000000,0.000000,0.727561
2230,01 02 09 22 24 31,0.00148469,0.40543623,-1.411313,-0.368194,0.495917,0.260460,0.000000,0.000000,1.017230
2231,02 09 12 14 22 24,0.00148326,0.38055720,-1.541990,0.159571,0.358162,-0.173640,0.000000,0.000000,0.088201
2232,01 02 08 09 12 13,0.00147252,0.44125986,0.156813,1.128023,-1.019385,-0.463039,0.000000,0.000000,-3.403898
2233,01 09 14 18 24 31,0.00146687,0.37546520,-0.365896,0.115408,-1.019385,-0.318339,0.000000,0.000000,0.801007
2234,01 02 07 12 24 38,0.00144150,0.57670745,0.287490,-0.468603,1.184691,0.549859,0.000000,0.000000,0.459218
2235,02 08 09 12 13 38,0.00144130,0.50288788,0.418167,1.177291,0.771426,-1.331238,0.000000,0.000000,-0.580419
2236,01 09 10 14 22 24,0.00142402,0.38511541,-1.149958,0.556328,0.358162,-0.752439,0.000000,0.000000,0.270238
2237,02 08 12 24 31 38,0.00140532,0.54346449,0.940875,0.495131,0.633672,-0.752439,0.000000,0.000000,0.552438
2238,01 02 10 13 22 38,0.00132284,0.59070717,0.287490,-0.151776,1.735709,0.115760,0.000000,0.000000,0.495070
2239,02 08 10 13 22 38,0.00131852,0.59260951,0.940875,0.640860,1.597955,-0.897139,0.000000,0.000000,0.370567
2240,08 12 14 18 24 31,0.00131073,0.42267756,1.071552,0.467225,-1.708158,-0.752439,0.000000,0.000000,0.668372
2241,01 02 12 13 22 31,0.00130127,0.41769136,-0.888604,-0.851278,-0.468366,0.983958,0.000000,0.000000,0.691640
2242,02 04 07 10 14 31,0.00128503,0.37214242,-1.541990,-1.299638,-1.019385,1.707457,0.000000,0.000000,0.229121
2243,01 07 08 09 10 24,0.00128195,0.43233125,0.026135,0.887575,-0.330611,-0.897139,0.000000,0.000000,-0.783701
2244,01 09 10 13 14 38,0.00126347,0.44287640,-0.496573,1.025571,0.771426,-1.186538,0.000000,0.000000,-0.409851
2245,01 02 07 09 18 24,0.00126330,0.49842042,0.026135,-0.554744,-0.192857,0.839259,0.000000,0.000000,-0.185233
2246,01 02 09 12 22 24,0.00126237,0.44322456,-0.888604,-0.084587,0.495917,0.115760,0.000000,0.000000,0.173238
2247,01 08 09 12 24 38,0.00125365,0.51080022,0.940875,1.474454,0.909181,-2.054737,0.000000,0.000000,0.555956
2248,01 08 09 12 18 24,0.00122801,0.47782322,1.463583,0.947494,-1.019385,-1.186538,0.000000,0.000000,-0.051533
2249,01 02 12 22 24 31,0.00116974,0.45074626,-0.627250,-0.809012,-0.055102,0.839259,0.000000,0.000000,0.984928
2250,02 08 09 12 22 24,0.00116955,0.44512690,-0.235219,0.708049,0.358162,-0.897139,0.000000,0.000000,0.035624
2251,01 04 08 10 14 38,0.00116719,0.53875896,1.202229,0.985008,0.220408,-1.041838,0.000000,0.000000,-0.744819
2252,01 02 12 18 24 38,0.00114223,0.65190019,1.855615,-0.266823,0.771426,0.260460,0.000000,0.000000,0.494454
2253,01 02 04 08 22 31,0.00112899,0.46826389,0.026135,-0.451022,-0.468366,0.549859,0.000000,0.000000,0.331052
2254,01 02 09 13 22 31,0.00111382,0.37238133,-1.672667,-0.410459,0.082653,0.405159,0.000000,0.000000,0.649509
2255,02 04 08 09 10 31,0.00110206,0.39404511,-0.496573,0.144365,-0.881630,-0.028940,0.000000,0.000000,-0.407056
2256,02 13 14 18 31 38,0.00106614,0.51838960,0.418167,-0.348539,0.220408,0.260460,0.000000,0.000000,0.863696
2257,02 09 10 18 24 31,0.00104012,0.44907719,-0.104542,-0.466552,-0.468366,0.405159,0.000000,0.000000,0.899789
2258,01 07 08 10 18 24,0.00101988,0.55019099,1.855615,0.193831,-0.881630,-0.173640,0.000000,0.000000,-0.139985
2259,02 08 12 22 24 31,0.00100564,0.45264860,0.026135,-0.016377,-0.192857,-0.173640,0.000000,0.000000,0.836753
2260,02 12 14 22 24 31,0.00100547,0.38807890,-1.280636,-0.564855,-0.192857,0.549859,0.000000,0.000000,0.842828
2261,01 02 04 08 10 22,0.00099405,0.53575299,0.679521,-0.025554,-0.192857,0.405159,0.000000,0.000000,-1.160579
2262,01 02 04 10 12 31,0.00099375,0.43745281,-0.365896,-1.089089,-1.294894,1.562758,0.000000,0.000000,-0.284881
2263,01 02 07 09 24 38,0.00095817,0.53139742,-0.496573,-0.027784,1.735709,-0.028940,0.000000,0.000000,0.373252
2264,08 10 14 18 24 38,0.00093384,0.59569338,2.247646,1.166727,0.495917,-1.620637,0.000000,0.000000,0.412768
2265,02 07 08 12 18 24,0.00092535,0.54563278,1.463583,-0.202927,-0.881630,0.405159,0.000000,0.000000,-0.344804
2266,01 10 14 24 31 38,0.00091159,0.48345300,0.026135,0.343410,0.633672,-0.607739,0.000000,0.000000,0.676204
2267,01 07 10 14 24 38,0.00089180,0.51859830,0.026135,0.172312,1.046936,-0.318339,0.000000,0.000000,0.450829
2268,01 07 08 10 24 38,0.00088421,0.58316800,1.332906,0.720791,1.046936,-1.041838,0.000000,0.000000,0.443606
2269,02 08 12 13 18 38,0.00086036,0.62074762,2.247646,0.483547,0.220408,-0.607739,0.000000,0.000000,0.016056
2270,01 02 07 10 22 24,0.00084516,0.51559233,-0.496573,-0.838250,0.633672,1.128658,0.000000,0.000000,0.053811
2271,02 10 13 14 18 22,0.00084379,0.49506281,0.156813,-0.434579,-0.330611,0.694559,0.000000,0.000000,-0.297357
2272,01 07 08 13 14 18,0.00083409,0.46866666,1.071552,0.478628,-1.570404,-0.173640,0.000000,0.000000,-1.493693
2273,02 04 08 12 14 38,0.00083050,0.53420075,0.810198,0.588250,0.220408,-0.463039,0.000000,0.000000,-0.985515
2274,02 07 10 12 24 31,0.00082149,0.41919449,-0.888604,-1.109150,-0.606121,1.273358,0.000000,0.000000,0.802186
2275,01 10 14 22 24 31,0.00081592,0.39263711,-0.888604,-0.168098,-0.192857,-0.028940,0.000000,0.000000,1.005559
2276,01 02 07 12 18 24,0.00080046,0.54373045,0.810198,-0.995563,-0.743875,1.418058,0.000000,0.000000,-0.239444
2277,01 10 13 14 18 38,0.00078193,0.56073614,1.332906,0.331826,0.220408,-0.463039,0.000000,0.000000,0.201349
2278,04 08 09 10 14 31,0.00074375,0.30623519,-0.888604,0.643419,-1.294894,-0.897139,0.000000,0.000000,0.273496
2279,02 07 13 14 31 38,0.00074103,0.44319686,-1.149958,-0.550318,0.633672,0.549859,0.000000,0.000000,0.735957
2280,02 09 12 13 14 22,0.00072309,0.34750230,-1.803344,0.117305,-0.055102,-0.028940,0.000000,0.000000,-0.337196
2281,01 08 10 22 24 31,0.00070346,0.45720681,0.418167,0.380381,-0.192857,-0.752439,0.000000,0.000000,0.982800
2282,02 07 09 10 24 31,0.00064437,0.37388445,-1.672667,-0.668331,-0.055102,0.694559,0.000000,0.000000,0.761584
2283,01 02 04 07 08 14,0.00063495,0.46992970,0.026135,0.084277,-1.157140,0.839259,0.000000,0.000000,-3.253980
2284,01 02 07 10 13 38,0.00063045,0.57335332,0.156813,-0.369007,1.046936,0.694559,0.000000,0.000000,-0.634302
2285,01 02 09 13 18 38,0.00062141,0.57353525,0.810198,0.131730,0.909181,-0.173640,0.000000,0.000000,0.090158
2286,01 07 12 13 14 31,0.00059058,0.31252759,-1.411313,-0.569455,-1.570404,0.694559,0.000000,0.000000,0.293193
2287,01 07 10 14 18 24,0.00057420,0.48562130,0.548844,-0.354648,-0.881630,0.549859,0.000000,0.000000,-0.199915
2288,02 04 08 10 18 31,0.00056634,0.51190485,1.332906,-0.549380,-1.432649,0.694559,0.000000,0.000000,0.196118
2289,02 07 08 10 13 22,0.00056013,0.48443977,-0.104542,-0.087880,0.082653,0.260460,0.000000,0.000000,-0.425054
2290,01 02 10 18 22 24,0.00054256,0.59078507,1.071552,-0.636471,0.220408,0.839259,0.000000,0.000000,0.088553
2291,01 08 12 18 24 31,0.00051660,0.48534492,1.724938,0.223068,-1.570404,-0.463039,0.000000,0.000000,0.668481
2292,01 08 10 18 24 38,0.00047183,0.65836073,2.901031,0.922570,0.633672,-1.331238,0.000000,0.000000,0.462084
2293,08 09 10 13 14 38,0.00042108,0.44477873,0.156813,1.818206,0.633672,-2.199437,0.000000,0.000000,-0.658516
2294,01 08 09 12 13 14,0.00041070,0.35344995,-0.235219,1.627078,-1.432649,-1.331238,0.000000,0.000000,-2.827573
2295,01 07 08 09 12 24,0.00040694,0.40263048,-0.104542,0.745714,-0.606121,-0.897139,0.000000,0.000000,-0.252751
2296,02 07 10 12 13 31,0.00039538,0.38613959,-1.149958,-1.151415,-1.019385,1.418058,0.000000,0.000000,0.426281
2297,02 07 08 12 13 14,0.00036754,0.42125951,-0.235219,0.476657,-1.294894,0.260460,0.000000,0.000000,-3.082397
2298,08 10 12 14 18 24,0.00036428,0.49016666,1.724938,0.892693,-1.432649,-0.897139,0.000000,0.000000,-0.943488
2299,02 04 08 10 14 18,0.00034797,0.53092451,1.463583,0.203151,-1.432649,0.405159,0.000000,0.000000,-2.321281
2300,01 04 09 10 14 31,0.00034242,0.30433285,-1.541990,-0.149217,-1.157140,0.115760,0.000000,0.000000,0.337900
2301,07 08 10 14 18 24,0.00031186,0.48752363,1.202229,0.437988,-1.019385,-0.463039,0.000000,0.000000,-0.362644
2302,02 04 08 09 14 22,0.00030003,0.39807483,-0.888604,0.517561,-0.055102,-0.463039,0.000000,0.000000,-0.734936
2303,02 07 10 13 14 18,0.00027439,0.47770896,0.026135,-0.651810,-1.019385,1.273358,0.000000,0.000000,-1.408508
2304,01 02 04 08 10 18,0.00019488,0.59359187,2.116969,-0.041006,-1.294894,0.694559,0.000000,0.000000,-2.226198
2305,01 02 10 13 18 22,0.00019169,0.55773017,0.810198,-0.678736,-0.192857,0.983958,0.000000,0.000000,-0.276204
2306,02 12 13 14 18 38,0.00017639,0.55617793,0.940875,-0.064932,0.220408,0.115760,0.000000,0.000000,-0.079178
2307,02 12 14 18 24 38,0.00017387,0.58923283,1.202229,-0.022666,0.633672,-0.028940,0.000000,0.000000,0.233224
2308,02 09 12 13 14 18,0.00016473,0.40534119,-0.365896,0.101853,-1.157140,0.260460,0.000000,0.000000,-1.367138
2309,01 04 10 12 14 31,0.00016077,0.34964289,-0.757927,-0.590035,-1.708158,0.694559,0.000000,0.000000,0.325348
2310,08 09 14 24 31 38,0.00015839,0.41034454,-0.235219,1.435004,0.771426,-2.199437,0.000000,0.000000,1.086980
2311,08 09 13 14 31 38,0.00011417,0.37728963,-0.496573,1.392738,0.358162,-2.054737,0.000000,0.000000,0.767654
2312,01 02 09 12 13 38,0.00008549,0.50098555,-0.235219,0.384656,0.909181,-0.318339,0.000000,0.000000,-0.657424
2313,02 07 08 09 13 14,0.00008514,0.37594948,-1.019281,0.917475,-0.743875,-0.318339,0.000000,0.000000,-3.138594
2314,02 08 09 12 13 22,0.00004843,0.41207199,-0.496573,0.665784,-0.055102,-0.752439,0.000000,0.000000,-0.443248
2315,02 04 08 09 12 31,0.00003002,0.36434434,-0.627250,0.002504,-1.157140,-0.028940,0.000000,0.000000,0.094704
2316,08 10 14 22 24 31,0.00000346,0.39453945,-0.235219,0.624538,-0.330611,-1.041838,0.000000,0.000000,0.761328
2317,01 02 07 09 13 14,-0.00000087,0.37404714,-1.672667,0.124840,-0.606121,0.694559,0.000000,0.000000,-3.027475
2318,01 02 13 18 31 38,-0.00001206,0.58105696,1.071552,-0.592696,0.358162,0.549859,0.000000,0.000000,0.821720
2319,01 08 10 13 18 38,-0.00003510,0.62530583,2.639677,0.880304,0.220408,-1.186538,0.000000,0.000000,0.074206
2320,07 08 09 12 14 24,-0.00004243,0.33996313,-0.757927,0.989872,-0.743875,-1.186538,0.000000,0.000000,-0.437089
2321,01 02 04 14 18 38,-0.00004250,0.60484812,1.202229,-0.457311,0.358162,0.694559,0.000000,0.000000,-0.322807
2322,02 13 14 18 22 31,-0.00009229,0.42757371,-0.496573,-0.860047,-0.606121,0.839259,0.000000,0.000000,1.035600
2323,01 10 12 13 14 38,-0.00010269,0.48818643,0.287490,0.584752,0.220408,-0.607739,0.000000,0.000000,-0.597893
2324,04 18 22 24 31 38,-0.00013134,0.61971193,0.810198,-0.443686,1.460200,0.405159,0.000000,0.000000,0.619761
2325,02 08 13 18 31 38,-0.00013299,0.58295929,1.724938,0.199940,0.220408,-0.463039,0.000000,0.000000,0.679941
2326,08 09 12 14 18 24,-0.00013369,0.41515586,0.810198,1.191651,-1.157140,-1.475938,0.000000,0.000000,-0.371037
2327,01 02 04 10 18 31,-0.00013605,0.51000251,0.679521,-1.342015,-1.294894,1.707457,0.000000,0.000000,0.215919
2328,02 07 13 14 22 31,-0.00013680,0.35238097,-2.064698,-1.061826,-0.192857,1.128658,0.000000,0.000000,0.949432
2329,01 10 14 18 24 38,-0.00014072,0.59379104,1.594261,0.374091,0.633672,-0.607739,0.000000,0.000000,0.377432
2330,01 02 04 12 14 38,-0.00018950,0.53229841,0.156813,-0.204385,0.358162,0.549859,0.000000,0.000000,-1.012769
2331,02 10 14 18 22 24,-0.00022757,0.52811771,0.418167,-0.392313,0.082653,0.549859,0.000000,0.000000,-0.143307
2332,02 07 09 13 14 38,-0.00025353,0.43567516,-1.411313,0.174108,1.184691,-0.173640,0.000000,0.000000,-0.236804
2333,02 04 08 14 18 38,-0.00026020,0.60675045,1.855615,0.335324,0.220408,-0.318339,0.000000,0.000000,-0.478922
2334,02 07 08 10 22 24,-0.00028198,0.51749467,0.156813,-0.045614,0.495917,0.115760,0.000000,0.000000,-0.237040
2335,01 02 04 07 08 31,-0.00030705,0.45091003,-0.104542,-0.668254,-1.157140,1.128658,0.000000,0.000000,-0.908493
2336,08 12 13 14 31 38,-0.00036834,0.42259967,0.287490,0.951920,-0.192857,-1.475938,0.000000,0.000000,0.710527
2337,02 07 08 13 31 38,-0.00040082,0.50776656,0.156813,-0.001840,0.633672,-0.173640,0.000000,0.000000,0.560689
2338,01 02 12 13 18 38,-0.00040365,0.61884529,1.594261,-0.309089,0.358162,0.405159,0.000000,0.000000,-0.047348
2339,01 08 09 10 13 38,-0.00040593,0.50744609,0.810198,1.574049,0.771426,-1.910037,0.000000,0.000000,-0.663277
2340,01 02 10 22 24 38,-0.00043113,0.62376207,0.548844,-0.109510,2.148974,-0.028940,0.000000,0.000000,0.547989
2341,02 10 12 18 24 31,-0.00044116,0.49438722,0.679521,-0.907370,-1.019385,0.983958,0.000000,0.000000,0.694692
2342,07 08 13 14 18 31,-0.00048790,0.38697963,0.287490,-0.029746,-1.708158,-0.173640,0.000000,0.000000,0.677734
2343,01 02 04 09 14 22,-0.00049025,0.39617249,-1.541990,-0.275075,0.082653,0.549859,0.000000,0.000000,-0.728156
2344,01 02 07 10 13 22,-0.00051449,0.48253743,-0.757927,-0.880515,0.220408,1.273358,0.000000,0.000000,-0.460399
2345,07 08 12 13 14 31,-0.00051764,0.31442993,-0.757927,0.223180,-1.708158,-0.318339,0.000000,0.000000,0.005144
2346,01 09 10 13 14 22,-0.00057487,0.35206051,-1.411313,0.514063,-0.055102,-0.607739,0.000000,0.000000,-0.338678
2347,01 09 10 12 24 31,-0.00061540,0.35138492,-0.888604,0.041271,-0.743875,-0.318339,0.000000,0.000000,0.837735
2348,01 07 09 13 14 31,-0.00063310,0.26721756,-2.195375,-0.128637,-1.019385,0.115760,0.000000,0.000000,0.097542
2349,01 02 07 12 13 14,-0.00063354,0.41935717,-0.888604,-0.315979,-1.157140,1.273358,0.000000,0.000000,-3.106848
2350,01 08 10 12 13 38,-0.00063609,0.55275613,1.594261,1.133230,0.220408,-1.331238,0.000000,0.000000,-0.683016
2351,02 07 08 24 31 38,-0.00068293,0.54082146,0.418167,0.040426,1.046936,-0.318339,0.000000,0.000000,0.831669
2352,01 07 08 09 24 31,-0.00069360,0.36484215,-0.627250,0.462107,-0.606121,-0.752439,0.000000,0.000000,0.395254
2353,04 08 10 12 14 31,-0.00070747,0.35154522,-0.104542,0.202600,-1.845913,-0.318339,0.000000,0.000000,0.072853
2354,02 09 10 12 24 38,-0.00072315,0.51984253,-0.104542,0.344016,1.460200,-0.607739,0.000000,0.000000,0.431193
2355,01 09 10 13 14 18,-0.00072882,0.40989939,0.026135,0.498610,-1.157140,-0.318339,0.000000,0.000000,-1.308706
2356,01 07 08 12 13 31,-0.00076130,0.37709728,-0.104542,-0.020977,-1.570404,-0.028940,0.000000,0.000000,0.086808
2357,02 08 10 13 18 22,-0.00076611,0.55963250,1.463583,0.113900,-0.330611,-0.028940,0.000000,0.000000,-0.541967
2358,08 09 14 18 24 38,-0.00076777,0.52068257,1.332906,1.465685,0.771426,-2.199437,0.000000,0.000000,0.806896
2359,07 08 09 14 24 38,-0.00078137,0.44548984,-0.235219,1.263906,1.184691,-1.910037,0.000000,0.000000,0.725309
2360,02 07 09 10 13 31,-0.00078517,0.34082955,-1.934021,-0.710596,-0.468366,0.839259,0.000000,0.000000,0.237020
2361,01 02 04 08 10 38,-0.00082099,0.62656888,1.594261,0.485954,0.633672,-0.173640,0.000000,0.000000,-1.773011
2362,02 07 09 10 12 24,-0.00085202,0.41167279,-1.149958,-0.384724,-0.055102,0.549859,0.000000,0.000000,-0.271164
2363,02 08 10 18 22 24,-0.00086512,0.59268741,1.724938,0.156165,0.082653,-0.173640,0.000000,0.000000,-0.243861
2364,02 09 13 14 22 38,-0.00087122,0.45302901,-1.280636,0.391339,1.873464,-0.752439,0.000000,0.000000,0.698477
2365,07 08 14 18 24 31,-0.00087993,0.42003453,0.548844,0.012520,-1.294894,-0.318339,0.000000,0.000000,0.932429
2366,01 04 08 10 14 22,-0.00092990,0.44794307,0.287490,0.473500,-0.606121,-0.463039,0.000000,0.000000,-0.711981
2367,01 10 12 14 22 24,-0.00094511,0.43042544,-0.365896,0.115510,-0.192857,-0.173640,0.000000,0.000000,-0.066396
2368,09 10 12 14 24 31,-0.00095346,0.28871757,-1.541990,0.285428,-0.881630,-0.607739,0.000000,0.000000,0.669888
2369,01 02 09 12 13 22,-0.00095595,0.41016966,-1.149958,-0.126852,0.082653,0.260460,0.000000,0.000000,-0.468187
2370,02 08 12 18 24 38,-0.00096663,0.65380253,2.509000,0.525812,0.633672,-0.752439,0.000000,0.000000,0.058157
2371,01 02 04 09 10 31,-0.00097043,0.39214277,-1.149958,-0.648271,-0.743875,0.983958,0.000000,0.000000,-0.590240
2372,07 08 12 14 24 38,-0.00100480,0.49079987,0.548844,0.823087,0.633672,-1.331238,0.000000,0.000000,0.706565
2373,01 02 04 08 31 38,-0.00102094,0.55907978,0.940875,0.060486,0.358162,-0.028940,0.000000,0.000000,-0.330996
2374,02 07 08 13 22 31,-0.00106479,0.41695067,-0.757927,-0.513347,-0.192857,0.405159,0.000000,0.000000,0.805848
2375,02 07 08 10 13 18,-0.00106689,0.54227865,1.332906,-0.103332,-1.019385,0.549859,0.000000,0.000000,-1.613321
2376,08 10 12 13 14 38,-0.00111010,0.49008877,0.940875,1.377388,0.082653,-1.620637,0.000000,0.000000,-0.871006
2377,02 09 10 12 18 24,-0.00111775,0.48686552,0.418167,-0.182944,-0.468366,0.260460,0.000000,0.000000,-0.230959
2378,02 04 08 09 14 18,-0.00112170,0.45591371,0.548844,0.502109,-1.157140,-0.173640,0.000000,0.000000,-1.892789
2379,02 08 09 12 13 18,-0.00113009,0.46991088,0.940875,0.650331,-1.157140,-0.463039,0.000000,0.000000,-1.565068
2380,02 07 12 13 14 38,-0.00114716,0.48098519,-0.627250,-0.266711,0.633672,0.405159,0.000000,0.000000,-0.354838
2381,02 04 09 14 18 31,-0.00122852,0.37232435,-0.888604,-0.798900,-1.157140,0.839259,0.000000,0.000000,0.582530
2382,01 08 09 10 22 24,-0.00123108,0.44968510,0.156813,1.104807,0.358162,-1.475938,0.000000,0.000000,-0.129222
2383,01 02 13 18 22 31,-0.00127387,0.49024107,0.156813,-1.104204,-0.468366,1.128658,0.000000,0.000000,0.978309
2384,02 07 14 24 31 38,-0.00128154,0.47625176,-0.888604,-0.508053,1.046936,0.405159,0.000000,0.000000,0.749081
2385,02 10 14 22 24 38,-0.00128618,0.56109472,-0.104542,0.134647,2.011219,-0.318339,0.000000,0.000000,0.303548
2386,01 08 09 10 13 22,-0.00134386,0.41663020,-0.104542,1.062541,-0.055102,-1.331238,0.000000,0.000000,-0.458706
2387,02 07 13 14 18 38,-0.00148883,0.55353490,0.418167,-0.519637,0.633672,0.549859,0.000000,0.000000,0.262727
2388,01 08 10 12 13 22,-0.00149640,0.46194024,0.679521,0.621723,-0.606121,-0.752439,0.000000,0.000000,-0.466945
2389,02 04 08 09 10 14,-0.00150190,0.41306477,-0.365896,0.896895,-0.881630,-0.318339,0.000000,0.000000,-3.277886
2390,01 07 13 14 18 31,-0.00152086,0.38507730,-0.365896,-0.822381,-1.570404,0.839259,0.000000,0.000000,0.648560
2391,01 02 04 08 18 38,-0.00152719,0.66941781,2.509000,0.091167,0.358162,-0.028940,0.000000,0.000000,-0.548867
2392,01 08 10 12 22 24,-0.00154640,0.49499514,0.940875,0.663988,-0.192857,-0.897139,0.000000,0.000000,-0.161578
2393,07 08 09 13 14 31,-0.00157630,0.26911989,-1.541990,0.663999,-1.157140,-0.897139,0.000000,0.000000,-0.166058
2394,02 08 09 13 22 38,-0.00157840,0.51759871,0.026135,0.939818,1.873464,-1.475938,0.000000,0.000000,0.587607
2395,01 04 08 14 31 38,-0.00158192,0.47126986,0.548844,0.559540,-0.055102,-0.897139,0.000000,0.000000,0.319531
2396,02 08 10 22 24 38,-0.00159921,0.62566441,1.202229,0.683125,2.011219,-1.041838,0.000000,0.000000,0.251071
2397,08 12 14 24 31 38,-0.00161311,0.45565457,0.548844,0.994185,0.220408,-1.620637,0.000000,0.000000,0.838886
2398,02 04 07 08 14 38,-0.00163253,0.53155772,0.287490,0.133545,0.633672,-0.028940,0.000000,0.000000,-0.761811
2399,01 10 12 13 14 22,-0.00163872,0.39737054,-0.627250,0.073244,-0.606121,-0.028940,0.000000,0.000000,-0.481931
2400,01 04 08 10 12 31,-0.00164062,0.41421258,0.548844,-0.041557,-1.708158,-0.028940,0.000000,0.000000,0.052367
2401,08 10 13 14 22 38,-0.00165610,0.50479959,0.548844,1.139914,1.184691,-1.765337,0.000000,0.000000,0.663506
2402,02 07 09 14 22 24,-0.00167155,0.37791417,-2.064698,-0.295135,0.771426,0.260460,0.000000,0.000000,0.209416
2403,01 02 04 09 10 14,-0.00167313,0.41116244,-1.019281,0.104260,-0.743875,0.694559,0.000000,0.000000,-3.179393
2404,01 02 09 12 13 18,-0.00168995,0.46800854,0.287490,-0.142304,-1.019385,0.549859,0.000000,0.000000,-1.524152
2405,02 08 13 18 22 31,-0.00169812,0.49214340,0.810198,-0.311568,-0.606121,0.115760,0.000000,0.000000,0.791591
2406,07 08 10 13 14 38,-0.00170311,0.48744574,0.418167,0.922682,0.495917,-1.186538,0.000000,0.000000,-0.370252
2407,02 04 08 12 14 22,-0.00172153,0.44338486,-0.104542,0.076742,-0.606121,0.115760,0.000000,0.000000,-1.020078
2408,01 07 08 18 24 31,-0.00174954,0.48270189,1.202229,-0.231637,-1.157140,-0.028940,0.000000,0.000000,0.921357
2409,02 07 08 18 24 38,-0.00176367,0.65115950,1.986292,0.071107,1.046936,-0.318339,0.000000,0.000000,0.528684
2410,01 10 12 13 14 18,-0.00177326,0.45520943,0.810198,0.057792,-1.708158,0.260460,0.000000,0.000000,-1.449083
2411,01 04 08 09 14 38,-0.00179960,0.46374815,0.287490,1.283966,0.495917,-1.620637,0.000000,0.000000,-0.538132
2412,01 02 04 09 14 18,-0.00182412,0.45401137,-0.104542,-0.290527,-1.019385,0.839259,0.000000,0.000000,-1.872992
2413,02 07 08 22 24 31,-0.00185393,0.45000557,-0.496573,-0.471082,0.220408,0.260460,0.000000,0.000000,1.001710
2414,01 07 10 13 14 38,-0.00186044,0.48554340,-0.235219,0.130047,0.633672,-0.173640,0.000000,0.000000,-0.269698
2415,01 02 04 08 12 38,-0.00187428,0.59686811,1.463583,0.344093,0.358162,-0.173640,0.000000,0.000000,-1.268473
2416,02 07 14 22 24 31,-0.00188665,0.38543588,-1.803344,-1.019561,0.220408,0.983958,0.000000,0.000000,1.002962
2417,08 09 13 14 18 38,-0.00194750,0.48762767,1.071552,1.423420,0.358162,-2.054737,0.000000,0.000000,0.319341
2418,08 09 13 14 22 31,-0.00195464,0.28647374,-1.411313,0.881231,-0.468366,-1.475938,0.000000,0.000000,0.804681
2419,08 09 10 12 24 31,-0.00200686,0.35328726,-0.235219,0.833907,-0.881630,-1.331238,0.000000,0.000000,0.507725
2420,01 02 07 18 24 38,-0.00201130,0.64925716,1.332906,-0.721529,1.184691,0.694559,0.000000,0.000000,0.615859
2421,01 02 04 09 12 31,-0.00201983,0.36244200,-1.280636,-0.790132,-1.019385,0.983958,0.000000,0.000000,-0.085125
2422,01 08 09 10 13 18,-0.00205199,0.47446909,1.332906,1.047089,-1.157140,-1.041838,0.000000,0.000000,-1.510837
2423,01 02 07 10 13 18,-0.00205365,0.54037632,0.679521,-0.895968,-0.881630,1.562758,0.000000,0.000000,-1.635650
2424,01 09 13 14 31 38,-0.00205406,0.37538730,-1.149958,0.600103,0.495917,-1.041838,0.000000,0.000000,0.570286
2425,01 02 07 24 31 38,-0.00207686,0.53891912,-0.235219,-0.752210,1.184691,0.694559,0.000000,0.000000,0.749016
2426,01 08 12 13 31 38,-0.00208140,0.48526702,0.940875,0.707763,-0.055102,-1.186538,0.000000,0.000000,0.574496
2427,01 02 04 08 12 22,-0.00211881,0.50605222,0.548844,-0.167415,-0.468366,0.405159,0.000000,0.000000,-0.961172
2428,01 08 09 24 31 38,-0.00216591,0.47301189,0.418167,1.190847,0.909181,-1.910037,0.000000,0.000000,0.860391
2429,01 08 10 12 13 18,-0.00218512,0.51977912,2.116969,0.606270,-1.708158,-0.463039,0.000000,0.000000,-1.516201
2430,02 09 12 13 18 31,-0.00224387,0.38632152,-0.496573,-0.650678,-1.157140,0.549859,0.000000,0.000000,0.761068
2431,01 07 09 14 24 38,-0.00226754,0.44358750,-0.888604,0.471270,1.322445,-0.897139,0.000000,0.000000,0.628990
2432,01 02 09 18 22 24,-0.00231114,0.51577427,0.156813,-0.337513,0.495917,0.260460,0.000000,0.000000,0.311996
2433,01 07 12 14 24 38,-0.00232596,0.48889753,-0.104542,0.030451,0.771426,-0.318339,0.000000,0.000000,0.634695
2434,08 12 13 14 22 31,-0.00235954,0.33178378,-0.627250,0.440412,-1.019385,-0.897139,0.000000,0.000000,0.759054
2435,02 04 10 14 31 38,-0.00236455,0.48031216,-0.496573,-0.570898,0.495917,0.549859,0.000000,0.000000,0.371688
2436,01 08 09 18 24 38,-0.00237461,0.58334993,1.986292,1.221528,0.909181,-1.910037,0.000000,0.000000,0.686601
2437,02 07 14 18 24 38,-0.00237589,0.58658980,0.679521,-0.477372,1.046936,0.405159,0.000000,0.000000,0.444080
2438,02 07 08 13 18 38,-0.00238771,0.61810459,1.724938,0.028842,0.633672,-0.173640,0.000000,0.000000,0.123456
2439,04 08 09 12 14 31,-0.00238949,0.27653442,-1.019281,0.501558,-1.570404,-0.897139,0.000000,0.000000,0.469884
2440,01 02 04 12 14 22,-0.00239009,0.44148252,-0.757927,-0.715893,-0.468366,1.128658,0.000000,0.000000,-0.995265
2441,02 04 12 14 18 31,-0.00239455,0.41763438,-0.104542,-1.239719,-1.708158,1.418058,0.000000,0.000000,0.424139
2442,02 04 08 09 18 31,-0.00240369,0.43689405,0.418167,-0.250422,-1.157140,0.115760,0.000000,0.000000,0.402326
2443,01 08 12 13 22 31,-0.00240887,0.39445114,0.026135,0.196255,-0.881630,-0.607739,0.000000,0.000000,0.869508
2444,02 09 13 14 18 22,-0.00243748,0.42005201,-0.757927,-0.135621,-0.055102,0.115760,0.000000,0.000000,-0.137260
2445,04 08 10 14 18 31,-0.00244219,0.42409493,0.940875,-0.050326,-1.845913,-0.173640,0.000000,0.000000,0.484033
2446,01 02 18 24 31 38,-0.00244794,0.61411186,1.332906,-0.550431,0.771426,0.405159,0.000000,0.000000,0.773613
2447,02 09 14 18 22 24,-0.00245180,0.45310691,-0.496573,-0.093355,0.358162,-0.028940,0.000000,0.000000,0.173393
2448,01 04 08 14 22 31,-0.00245964,0.38045397,-0.365896,0.048032,-0.881630,-0.318339,0.000000,0.000000,0.533024
2449,02 08 09 18 22 24,-0.00247189,0.51767660,0.810198,0.455123,0.358162,-0.752439,0.000000,0.000000,0.164318
2450,01 07 08 13 18 31,-0.00249736,0.44964699,0.940875,-0.273903,-1.570404,0.115760,0.000000,0.000000,0.497789
2451,01 12 14 24 31 38,-0.00250095,0.45375223,-0.104542,0.201549,0.358162,-0.607739,0.000000,0.000000,0.831212
2452,01 12 13 14 31 38,-0.00251270,0.42069733,-0.365896,0.159284,-0.055102,-0.463039,0.000000,0.000000,0.516697
2453,08 09 10 14 22 24,-0.00255842,0.38701775,-0.496573,1.348964,0.220408,-1.765337,0.000000,0.000000,-0.443634
2454,01 07 12 14 18 24,-0.00257887,0.45592053,0.418167,-0.496509,-1.157140,0.549859,0.000000,0.000000,-0.006466
2455,02 04 07 08 10 31,-0.00258756,0.43671211,-0.235219,-0.751159,-1.019385,0.983958,0.000000,0.000000,-0.350714
2456,01 07 09 14 18 24,-0.00261749,0.41061050,-0.365896,-0.055690,-0.606121,-0.028940,0.000000,0.000000,-0.026546
2457,01 02 04 12 14 18,-0.00263461,0.49932141,0.679521,-0.731346,-1.570404,1.418058,0.000000,0.000000,-1.978710
2458,02 08 12 13 22 38,-0.00264675,0.56290874,0.810198,0.498999,1.322445,-0.897139,0.000000,0.000000,0.443687
2459,01 09 13 14 22 31,-0.00267303,0.28457141,-2.064698,0.088595,-0.330611,-0.463039,0.000000,0.000000,0.822113
2460,02 07 09 13 14 22,-0.00267619,0.34485927,-2.326052,-0.337400,0.358162,0.405159,0.000000,0.000000,-0.252199
2461,02 07 12 14 22 24,-0.00269644,0.42322421,-1.280636,-0.735953,0.220408,0.839259,0.000000,0.000000,0.071935
2462,08 13 14 18 31 38,-0.00270080,0.49514937,1.332906,0.698994,-0.192857,-1.331238,0.000000,0.000000,1.033150
2463,01 04 08 10 14 18,-0.00270710,0.50578195,1.724938,0.458048,-1.708158,-0.173640,0.000000,0.000000,-1.922498
2464,04 07 08 10 14 31,-0.00270835,0.34890219,-0.627250,-0.252105,-1.432649,0.115760,0.000000,0.000000,0.365028
2465,08 09 14 22 24 31,-0.00274225,0.31952865,-1.149958,0.923496,-0.055102,-1.620637,0.000000,0.000000,1.000770
2466,01 10 13 14 22 38,-0.00274459,0.50289725,-0.104542,0.347278,1.322445,-0.752439,0.000000,0.000000,0.626105
2467,01 02 07 13 31 38,-0.00274507,0.50586422,-0.496573,-0.794475,0.771426,0.839259,0.000000,0.000000,0.337244
2468,01 12 13 14 22 31,-0.00280259,0.32988144,-1.280636,-0.352224,-0.881630,0.115760,0.000000,0.000000,0.817278
2469,01 07 10 14 22 24,-0.00282061,0.42778241,-0.888604,-0.339196,0.220408,0.260460,0.000000,0.000000,0.244353
2470,01 02 09 13 22 38,-0.00282101,0.51569637,-0.627250,0.147182,2.011219,-0.463039,0.000000,0.000000,0.527373
2471,02 04 07 12 14 31,-0.00283904,0.34244165,-1.672667,-1.441498,-1.294894,1.707457,0.000000,0.000000,0.278713
2472,01 04 08 12 14 38,-0.00285469,0.50905819,1.071552,0.843147,-0.055102,-1.041838,0.000000,0.000000,-0.680088
2473,02 09 10 13 31 38,-0.00285686,0.44899929,-0.888604,0.018143,1.046936,-0.318339,0.000000,0.000000,0.613355
2474,01 02 04 07 14 38,-0.00286212,0.52965538,-0.365896,-0.659091,0.771426,0.983958,0.000000,0.000000,-0.820115
2475,01 09 12 13 14 38,-0.00287228,0.41317563,-0.627250,0.883710,0.495917,-1.186538,0.000000,0.000000,-0.361990
2476,02 07 08 12 13 38,-0.00288327,0.54555489,0.679521,0.281768,0.633672,-0.318339,0.000000,0.000000,-0.618147
2477,01 09 12 14 22 24,-0.00290824,0.35541464,-1.280636,0.414468,0.082653,-0.752439,0.000000,0.000000,0.288987
2478,01 07 14 18 24 31,-0.00295822,0.41813220,-0.104542,-0.780116,-1.157140,0.694559,0.000000,0.000000,0.748386
2479,02 09 10 24 31 38,-0.00298116,0.48205420,-0.627250,0.060408,1.460200,-0.463039,0.000000,0.000000,0.907715
2480,01 02 04 08 09 22,-0.00299570,0.46074218,-0.235219,0.273404,0.082653,-0.173640,0.000000,0.000000,-1.105446
2481,01 07 08 12 24 38,-0.00303858,0.55346723,1.202229,0.578930,0.771426,-1.041838,0.000000,0.000000,0.523019
2482,01 07 08 09 13 31,-0.00304457,0.33178725,-0.888604,0.419842,-1.019385,-0.607739,0.000000,0.000000,-0.265824
2483,02 07 08 09 13 38,-0.00304923,0.50024485,-0.104542,0.722586,1.184691,-0.897139,0.000000,0.000000,-0.657094
2484,01 08 09 13 31 38,-0.00305273,0.43995699,0.156813,1.148581,0.495917,-1.765337,0.000000,0.000000,0.416231
2485,01 09 14 24 31 38,-0.00305518,0.40844220,-0.888604,0.642368,0.909181,-1.186538,0.000000,0.000000,0.734742
2486,07 09 10 14 24 31,-0.00307019,0.28607454,-2.064698,-0.169277,-0.468366,-0.173640,0.000000,0.000000,0.944899
2487,02 04 07 09 14 31,-0.00307798,0.29713161,-2.456729,-1.000680,-0.743875,1.128658,0.000000,0.000000,0.228954
2488,01 02 07 22 24 31,-0.00308034,0.44810323,-1.149958,-1.263718,0.358162,1.273358,0.000000,0.000000,0.943876
2489,01 09 14 18 24 38,-0.00308926,0.51878024,0.679521,0.673049,0.909181,-1.186538,0.000000,0.000000,0.586823
2490,02 14 18 22 24 31,-0.00317107,0.46062861,-0.235219,-0.817781,-0.192857,0.694559,0.000000,0.000000,0.892244
2491,02 07 08 12 22 24,-0.00317120,0.48779390,0.026135,-0.187475,0.220408,0.115760,0.000000,0.000000,-0.004501
2492,02 09 14 22 24 38,-0.00318739,0.48608391,-1.019281,0.433605,2.286728,-0.897139,0.000000,0.000000,0.668104
2493,01 08 09 22 24 31,-0.00319369,0.38219600,-0.496573,0.679339,0.082653,-1.331238,0.000000,0.000000,1.051651
2494,02 10 12 13 31 38,-0.00320580,0.49430933,-0.104542,-0.422676,0.495917,0.260460,0.000000,0.000000,0.576018
2495,01 09 13 14 18 38,-0.00322365,0.48572534,0.418167,0.630784,0.495917,-1.041838,0.000000,0.000000,0.254137
2496,01 08 09 12 22 24,-0.00323166,0.41998434,0.026135,0.962946,0.082653,-1.475938,0.000000,0.000000,0.234973
2497,01 02 07 12 22 24,-0.00325081,0.48589156,-0.627250,-0.980110,0.358162,1.128658,0.000000,0.000000,0.107568
2498,01 10 13 14 18 22,-0.00326291,0.46992025,0.418167,-0.179682,-0.606121,0.115760,0.000000,0.000000,-0.054377
2499,01 02 12 18 22 24,-0.00326545,0.56108430,0.940875,-0.778331,-0.055102,0.839259,0.000000,0.000000,0.184971
2500,02 14 18 24 31 38,-0.00329922,0.55144450,0.679521,-0.306274,0.633672,0.115760,0.000000,0.000000,0.529730
2501,02 08 18 24 31 38,-0.00329938,0.61601419,1.986292,0.242205,0.633672,-0.607739,0.000000,0.000000,0.523606
2502,02 04 08 12 18 31,-0.00330794,0.48220408,1.202229,-0.691240,-1.708158,0.694559,0.000000,0.000000,0.282718
2503,02 08 18 22 24 31,-0.00332648,0.52519831,1.071552,-0.269303,-0.192857,-0.028940,0.000000,0.000000,0.863120
2504,02 07 09 12 24 31,-0.00333051,0.34418369,-1.803344,-0.810192,-0.330611,0.694559,0.000000,0.000000,0.833281
2505,01 10 14 18 22 24,-0.00334381,0.50297515,0.679521,-0.137416,-0.192857,-0.028940,0.000000,0.000000,0.246413
2506,01 04 08 09 10 31,-0.00334672,0.36890255,-0.235219,0.399262,-1.157140,-0.607739,0.000000,0.000000,-0.214755
2507,01 02 07 13 22 31,-0.00335717,0.41504833,-1.411313,-1.305983,-0.055102,1.418058,0.000000,0.000000,0.590088
2508,02 09 10 12 13 14,-0.00336500,0.36249225,-1.280636,0.496639,-0.881630,0.115760,0.000000,0.000000,-3.218848
2509,02 08 09 22 24 38,-0.00336572,0.55065361,0.287490,0.982083,2.286728,-1.620637,0.000000,0.000000,0.635585
2510,02 12 13 14 22 38,-0.00336953,0.49833904,-0.496573,-0.049479,1.322445,-0.173640,0.000000,0.000000,0.342703
2511,02 04 10 14 22 31,-0.00339764,0.38949627,-1.411313,-1.082406,-0.330611,1.128658,0.000000,0.000000,0.562162
2512,01 08 12 24 31 38,-0.00340042,0.51832193,1.202229,0.750028,0.358162,-1.331238,0.000000,0.000000,0.691853
2513,01 09 14 22 24 31,-0.00340142,0.31762631,-1.803344,0.130860,0.082653,-0.607739,0.000000,0.000000,1.026975
2514,08 12 13 14 18 38,-0.00340619,0.53293770,1.855615,0.982601,-0.192857,-1.475938,0.000000,0.000000,0.117590
2515,02 09 10 13 22 31,-0.00341734,0.35818340,-1.803344,-0.493365,0.220408,0.260460,0.000000,0.000000,0.873848
2516,01 02 04 08 12 18,-0.00343286,0.56389110,1.986292,-0.182867,-1.570404,0.694559,0.000000,0.000000,-2.103073
2517,01 02 09 22 24 38,-0.00344456,0.54875127,-0.365896,0.189448,2.424483,-0.607739,0.000000,0.000000,0.747767
2518,07 10 12 14 24 31,-0.00345185,0.33138457,-1.280636,-0.610095,-1.019385,0.405159,0.000000,0.000000,0.902714
2519,02 07 10 13 18 31,-0.00345406,0.45868929,-0.104542,-1.404341,-1.019385,1.562758,0.000000,0.000000,0.524158
2520,01 08 09 13 22 31,-0.00345783,0.34914110,-0.757927,0.637073,-0.330611,-1.186538,0.000000,0.000000,0.699743
2521,01 02 04 14 22 38,-0.00345905,0.54700923,-0.235219,-0.441859,1.460200,0.405159,0.000000,0.000000,0.118241
2522,01 07 08 12 18 24,-0.00348555,0.52049022,1.724938,0.051970,-1.157140,-0.173640,0.000000,0.000000,-0.146892
2523,01 12 14 22 24 31,-0.00349071,0.36293634,-1.019281,-0.309958,-0.468366,-0.028940,0.000000,0.000000,1.028105
2524,02 07 12 13 14 22,-0.00349220,0.39016930,-1.541990,-0.778219,-0.192857,0.983958,0.000000,0.000000,-0.358733
2525,02 04 09 10 14 38,-0.00349852,0.47279046,-0.757927,0.153528,1.046936,-0.173640,0.000000,0.000000,-0.621725
2526,01 02 04 07 10 31,-0.00350223,0.43480978,-0.888604,-1.543795,-0.881630,1.996857,0.000000,0.000000,-0.362362
2527,08 12 14 18 24 38,-0.00351545,0.56599261,2.116969,1.024866,0.220408,-1.620637,0.000000,0.000000,0.414179
2528,01 08 10 13 22 38,-0.00352280,0.56746695,1.202229,0.895757,1.322445,-1.475938,0.000000,0.000000,0.504711
2529,01 02 18 22 24 31,-0.00352772,0.52329597,0.418167,-1.061938,-0.055102,0.983958,0.000000,0.000000,0.957169
2530,01 02 04 08 09 18,-0.00353742,0.51858107,1.202229,0.257952,-1.019385,0.115760,0.000000,0.000000,-2.132923
2531,01 08 12 22 24 31,-0.00359298,0.42750604,0.287490,0.238520,-0.468366,-0.752439,0.000000,0.000000,1.006854
2532,01 12 14 18 24 38,-0.00360395,0.56409027,1.463583,0.232231,0.358162,-0.607739,0.000000,0.000000,0.524930
2533,01 02 07 08 12 13,-0.00360937,0.48392687,0.418167,0.232500,-1.157140,0.549859,0.000000,0.000000,-3.553825
2534,02 04 08 12 14 18,-0.00361246,0.50122374,1.332906,0.061290,-1.708158,0.405159,0.000000,0.000000,-2.247445
2535,01 02 04 10 12 14,-0.00366145,0.45647247,-0.235219,-0.336559,-1.294894,1.273358,0.000000,0.000000,-3.459609
2536,02 10 12 13 22 31,-0.00368865,0.40349344,-1.019281,-0.934183,-0.330611,0.839259,0.000000,0.000000,0.848011
2537,02 08 09 13 18 22,-0.00369536,0.48462170,0.548844,0.412858,-0.055102,-0.607739,0.000000,0.000000,-0.329719
2538,07 08 09 14 18 24,-0.00370086,0.41251283,0.287490,0.736946,-0.743875,-1.041838,0.000000,0.000000,-0.310914
2539,01 04 10 14 18 31,-0.00371513,0.42219259,0.287490,-0.842961,-1.708158,0.839259,0.000000,0.000000,0.419305
2540,02 04 08 14 22 38,-0.00372202,0.54891157,0.418167,0.350777,1.322445,-0.607739,0.000000,0.000000,-0.044583
2541,09 10 13 14 18 31,-0.00372801,0.32821237,-0.757927,-0.009763,-1.294894,-0.318339,0.000000,0.000000,0.614239
2542,08 09 12 13 14 38,-0.00373731,0.41507796,0.026135,1.676346,0.358162,-2.199437,0.000000,0.000000,-0.614009
2543,01 07 10 13 14 22,-0.00375053,0.39472751,-1.149958,-0.381461,-0.192857,0.405159,0.000000,0.000000,-0.206192
2544,07 08 12 14 18 24,-0.00382727,0.45782287,1.071552,0.296127,-1.294894,-0.463039,0.000000,0.000000,-0.315282
2545,01 02 07 13 18 38,-0.00383988,0.61620226,1.071552,-0.763794,0.771426,0.839259,0.000000,0.000000,0.032175
2546,01 07 08 10 13 38,-0.00384832,0.55011310,1.071552,0.678525,0.633672,-0.897139,0.000000,0.000000,-0.570308
2547,01 02 12 13 22 38,-0.00386548,0.56100640,0.156813,-0.293636,1.460200,0.115760,0.000000,0.000000,0.386991
2548,01 04 09 12 14 31,-0.00387273,0.27463208,-1.672667,-0.291077,-1.432649,0.115760,0.000000,0.000000,0.373999
2549,07 08 14 24 31 38,-0.00387505,0.45301154,0.026135,0.539480,0.633672,-1.186538,0.000000,0.000000,1.092384
2550,01 07 08 09 18 24,-0.00387734,0.47518019,0.940875,0.492788,-0.606121,-0.752439,0.000000,0.000000,-0.219296
2551,02 07 09 10 24 38,-0.00387877,0.51719950,-0.627250,-0.110690,1.873464,-0.173640,0.000000,0.000000,0.552289
2552,01 04 08 09 14 22,-0.00392257,0.37293226,-0.627250,0.772458,-0.330611,-1.041838,0.000000,0.000000,-0.509127
2553,01 04 08 10 18 31,-0.00393319,0.48676229,1.594261,-0.294483,-1.708158,0.115760,0.000000,0.000000,0.380899
2554,07 08 13 14 31 38,-0.00395484,0.41995664,-0.235219,0.497214,0.220408,-1.041838,0.000000,0.000000,0.767788
2555,01 08 09 13 18 38,-0.00397934,0.55029503,1.724938,1.179262,0.495917,-1.765337,0.000000,0.000000,0.136080
2556,01 08 12 13 18 38,-0.00398419,0.59560506,2.509000,0.738444,-0.055102,-1.186538,0.000000,0.000000,0.149721
2557,08 09 10 13 18 31,-0.00400862,0.39278206,0.548844,0.538716,-1.294894,-1.041838,0.000000,0.000000,0.566566
2558,01 10 12 13 18 31,-0.00402537,0.43618976,0.679521,-0.694739,-1.708158,0.549859,0.000000,0.000000,0.702306
2559,02 07 10 12 13 14,-0.00403539,0.40515925,-1.019281,-0.398884,-1.019385,1.128658,0.000000,0.000000,-2.715198
2560,02 07 09 13 14 18,-0.00404617,0.40269816,-0.888604,-0.352852,-0.743875,0.694559,0.000000,0.000000,-1.402385
2561,01 02 04 12 18 31,-0.00406360,0.48030174,0.548844,-1.483876,-1.570404,1.707457,0.000000,0.000000,0.294627
2562,02 07 09 10 18 24,-0.00414441,0.48422249,-0.104542,-0.637650,-0.055102,0.694559,0.000000,0.000000,-0.090758
2563,02 12 13 14 18 22,-0.00416468,0.46536204,0.026135,-0.576439,-0.606121,0.694559,0.000000,0.000000,-0.378791
2564,09 10 14 18 24 31,-0.00419119,0.36126727,-0.496573,0.032502,-0.881630,-0.463039,0.000000,0.000000,0.858392
2565,01 08 10 18 22 24,-0.00421575,0.56754485,1.986292,0.411062,-0.192857,-0.752439,0.000000,0.000000,0.111132
2566,02 07 09 10 13 14,-0.00425917,0.35984922,-1.803344,0.041934,-0.468366,0.549859,0.000000,0.000000,-2.762711
2567,02 07 10 18 24 31,-0.00426379,0.49174420,0.156813,-1.362076,-0.606121,1.418058,0.000000,0.000000,0.716970
2568,01 09 10 12 13 31,-0.00427208,0.31833002,-1.149958,-0.000994,-1.157140,-0.173640,0.000000,0.000000,-0.016787
2569,01 02 09 13 18 22,-0.00427517,0.48271937,-0.104542,-0.379778,0.082653,0.405159,0.000000,0.000000,-0.291756
2570,02 09 10 22 24 31,-0.00427997,0.39123831,-1.541990,-0.451099,0.633672,0.115760,0.000000,0.000000,1.058822
2571,02 09 10 18 24 38,-0.00428830,0.59239223,0.940875,0.091090,1.460200,-0.463039,0.000000,0.000000,0.571188
2572,02 04 07 08 14 22,-0.00431394,0.44074183,-0.627250,-0.377963,-0.192857,0.549859,0.000000,0.000000,-0.815540
2573,02 07 08 12 13 22,-0.00432790,0.45473900,-0.235219,-0.229740,-0.192857,0.260460,0.000000,0.000000,-0.488644
2574,01 07 08 12 13 14,-0.00435138,0.39611695,0.026135,0.731554,-1.570404,-0.318339,0.000000,0.000000,-2.930120
2575,02 12 14 18 22 24,-0.00436343,0.49841694,0.287490,-0.534174,-0.192857,0.549859,0.000000,0.000000,-0.095461
2576,01 02 04 14 18 22,-0.00436850,0.51403223,0.287490,-0.968819,-0.468366,1.273358,0.000000,0.000000,-0.620188
2577,01 04 08 09 10 14,-0.00437307,0.38792221,-0.104542,1.151792,-1.157140,-0.897139,0.000000,0.000000,-2.851859
2578,01 07 08 09 24 38,-0.00437653,0.50815719,0.418167,1.019749,1.322445,-1.620637,0.000000,0.000000,0.310438
2579,01 02 04 09 18 31,-0.00438562,0.43499171,-0.235219,-1.043057,-1.019385,1.128658,0.000000,0.000000,0.232560
2580,02 04 08 10 22 31,-0.00439353,0.45406596,-0.104542,-0.533927,-0.330611,0.405159,0.000000,0.000000,0.408519
2581,02 07 08 09 22 24,-0.00439578,0.44248387,-0.757927,0.253344,0.771426,-0.463039,0.000000,0.000000,-0.200285
2582,01 02 07 12 13 38,-0.00441152,0.54365255,0.026135,-0.510868,0.771426,0.694559,0.000000,0.000000,-0.720699
2583,08 12 14 22 24 31,-0.00443612,0.36483868,-0.365896,0.482677,-0.606121,-1.041838,0.000000,0.000000,0.764177
2584,01 08 09 12 13 38,-0.00445705,0.47774532,0.679521,1.432188,0.495917,-1.910037,0.000000,0.000000,-0.602877
2585,08 10 12 13 18 31,-0.00448600,0.43809210,1.332906,0.097897,-1.845913,-0.463039,0.000000,0.000000,0.510200
2586,02 10 12 24 31 38,-0.00451289,0.52736423,0.156813,-0.380410,0.909181,0.115760,0.000000,0.000000,0.695144
2587,01 02 07 08 09 13,-0.00452026,0.43861683,-0.365896,0.673318,-0.606121,-0.028940,0.000000,0.000000,-3.703136
2588,01 02 12 13 18 22,-0.00454853,0.52802940,0.679521,-0.820597,-0.468366,0.983958,0.000000,0.000000,-0.317896
2589,02 04 07 08 12 31,-0.00456131,0.40701134,-0.365896,-0.893020,-1.294894,0.983958,0.000000,0.000000,0.017454
2590,01 07 10 13 14 18,-0.00456474,0.45256640,0.287490,-0.396913,-1.294894,0.694559,0.000000,0.000000,-1.274039
2591,02 07 08 09 13 22,-0.00457148,0.40942896,-1.019281,0.211078,0.358162,-0.318339,0.000000,0.000000,-0.539091
2592,01 09 10 18 24 31,-0.00460583,0.42393463,0.156813,-0.211655,-0.743875,-0.173640,0.000000,0.000000,0.914725
2593,02 09 12 18 24 31,-0.00465673,0.41937642,-0.235219,-0.608412,-0.743875,0.405159,0.000000,0.000000,0.716370
2594,01 12 13 14 18 38,-0.00465846,0.53103537,1.202229,0.189965,-0.055102,-0.463039,0.000000,0.000000,0.055925
2595,01 09 12 13 14 22,-0.00465888,0.32235974,-1.541990,0.372202,-0.330611,-0.607739,0.000000,0.000000,-0.283150
2596,01 02 07 09 22 24,-0.00466486,0.44058153,-1.411313,-0.539292,0.909181,0.549859,0.000000,0.000000,-0.116288
2597,02 08 12 13 18 22,-0.00466669,0.52993173,1.332906,-0.027961,-0.606121,-0.028940,0.000000,0.000000,-0.459264
2598,01 07 08 10 22 24,-0.00468965,0.49235211,0.418167,0.209283,0.220408,-0.463039,0.000000,0.000000,-0.038649
2599,01 02 04 07 10 14,-0.00474851,0.45382944,-0.757927,-0.791264,-0.881630,1.707457,0.000000,0.000000,-3.032050
2600,01 08 10 13 18 22,-0.00475055,0.53448994,1.724938,0.368797,-0.606121,-0.607739,0.000000,0.000000,-0.280875
2601,01 02 12 22 24 38,-0.00475245,0.59406130,0.418167,-0.251371,1.873464,-0.028940,0.000000,0.000000,0.568358
2602,01 08 12 18 24 38,-0.00475415,0.62865996,2.770354,0.780709,0.358162,-1.331238,0.000000,0.000000,0.348425
2603,02 09 10 13 18 38,-0.00475966,0.55933733,0.679521,0.048824,1.046936,-0.318339,0.000000,0.000000,0.188581
2604,01 02 07 09 13 38,-0.00476696,0.49834252,-0.757927,-0.070049,1.322445,0.115760,0.000000,0.000000,-0.787718
2605,01 13 14 18 31 38,-0.00477723,0.49324704,0.679521,-0.093642,-0.055102,-0.318339,0.000000,0.000000,0.849383
2606,01 09 12 13 14 18,-0.00479989,0.38019862,-0.104542,0.356750,-1.432649,-0.318339,0.000000,0.000000,-1.251261
2607,02 07 09 12 13 31,-0.00481365,0.31112878,-2.064698,-0.852457,-0.743875,0.839259,0.000000,0.000000,0.300773
2608,01 09 10 13 18 31,-0.00481756,0.39087973,-0.104542,-0.253920,-1.157140,-0.028940,0.000000,0.000000,0.570581
2609,01 10 12 18 24 31,-0.00481832,0.46924466,0.940875,-0.652473,-1.294894,0.405159,0.000000,0.000000,0.897603
2610,02 04 08 09 12 14,-0.00483276,0.38336400,-0.496573,0.755035,-1.157140,-0.318339,0.000000,0.000000,-3.110778
2611,01 07 10 12 24 31,-0.00483740,0.39405193,-0.627250,-0.854253,-0.881630,0.694559,0.000000,0.000000,0.815204
2612,01 07 08 10 13 22,-0.00483801,0.45929721,0.156813,0.167017,-0.192857,-0.318339,0.000000,0.000000,-0.373404
2613,02 07 12 13 14 18,-0.00484277,0.44800819,-0.104542,-0.793671,-1.294894,1.273358,0.000000,0.000000,-1.506044
2614,07 08 14 18 24 38,-0.00484325,0.56334958,1.594261,0.570161,0.633672,-1.186538,0.000000,0.000000,0.806071
2615,02 13 14 22 31 38,-0.00487600,0.46055071,-1.019281,-0.333087,1.322445,-0.028940,0.000000,0.000000,0.930568
2616,01 04 08 12 14 22,-0.00490004,0.41824230,0.156813,0.331639,-0.881630,-0.463039,0.000000,0.000000,-0.639583
2617,01 02 04 08 22 38,-0.00490492,0.61157893,1.071552,0.106619,1.460200,-0.318339,0.000000,0.000000,-0.102069
2618,02 07 10 12 24 38,-0.00491927,0.56250953,0.156813,-0.551508,1.322445,0.405159,0.000000,0.000000,0.412495
2619,08 09 10 18 24 31,-0.00496066,0.42583697,0.810198,0.580981,-0.881630,-1.186538,0.000000,0.000000,0.738294
2620,08 09 10 13 14 22,-0.00496408,0.35396284,-0.757927,1.306698,-0.192857,-1.620637,0.000000,0.000000,-1.112816
2621,01 02 04 09 12 14,-0.00498135,0.38146167,-1.149958,-0.037601,-1.019385,0.694559,0.000000,0.000000,-3.008930
2622,07 08 10 12 24 31,-0.00499614,0.39595426,0.026135,-0.061617,-1.019385,-0.318339,0.000000,0.000000,0.667824
2623,02 07 13 14 22 38,-0.00500241,0.49569602,-1.019281,-0.504185,1.735709,0.260460,0.000000,0.000000,0.689399
2624,01 04 08 14 18 38,-0.00504024,0.58160789,2.116969,0.590221,-0.055102,-0.897139,0.000000,0.000000,-0.335699
2625,01 02 04 10 22 31,-0.00505063,0.45216363,-0.757927,-1.326563,-0.192857,1.418058,0.000000,0.000000,0.435029
2626,01 10 14 22 24 38,-0.00506076,0.53595216,0.156813,0.389544,1.735709,-0.897139,0.000000,0.000000,0.595733
2627,09 10 12 14 24 38,-0.00510223,0.43203261,-0.496573,0.843070,1.046936,-1.475938,0.000000,0.000000,0.516055
2628,08 10 14 22 24 38,-0.00513603,0.53785449,0.810198,1.182179,1.597955,-1.910037,0.000000,0.000000,0.460718
2629,01 02 04 07 14 22,-0.00519209,0.43883949,-1.280636,-1.170598,-0.055102,1.562758,0.000000,0.000000,-0.821778
2630,02 04 08 10 12 14,-0.00521503,0.45837481,0.418167,0.456077,-1.432649,0.260460,0.000000,0.000000,-3.813639
2631,01 04 08 09 14 18,-0.00521763,0.43077115,0.810198,0.757006,-1.432649,-0.752439,0.000000,0.000000,-1.648213
2632,01 09 10 12 18 24,-0.00523151,0.46172296,0.679521,0.071953,-0.743875,-0.318339,0.000000,0.000000,0.010975
2633,02 04 07 08 10 14,-0.00524650,0.45573178,-0.104542,0.001372,-1.019385,0.694559,0.000000,0.000000,-3.229690
2634,07 10 12 13 14 31,-0.00528949,0.29832967,-1.541990,-0.652361,-1.432649,0.549859,0.000000,0.000000,0.317686
2635,02 04 07 08 14 18,-0.00532598,0.49858071,0.810198,-0.393415,-1.294894,0.839259,0.000000,0.000000,-1.912696
2636,07 08 10 14 22 24,-0.00533734,0.42968475,-0.235219,0.453440,0.082653,-0.752439,0.000000,0.000000,-0.252370
2637,01 08 09 12 13 22,-0.00534324,0.38692943,-0.235219,0.920681,-0.330611,-1.331238,0.000000,0.000000,-0.390640
2638,04 08 09 14 18 31,-0.00534389,0.34908413,0.026135,0.248632,-1.570404,-0.752439,0.000000,0.000000,0.700364
2639,08 13 14 18 22 31,-0.00535341,0.40433348,0.418167,0.187486,-1.019385,-0.752439,0.000000,0.000000,0.983687
2640,02 04 08 10 31 38,-0.00535572,0.54488185,0.810198,-0.022420,0.495917,-0.173640,0.000000,0.000000,-0.077562
2641,01 04 07 10 14 31,-0.00536638,0.34699986,-1.280636,-1.044741,-1.294894,1.128658,0.000000,0.000000,0.095094
2642,01 08 10 22 24 38,-0.00538350,0.60052185,1.463583,0.938022,1.735709,-1.620637,0.000000,0.000000,0.541818
2643,02 04 09 14 31 38,-0.00543997,0.40530136,-1.411313,-0.271940,0.771426,-0.028940,0.000000,0.000000,0.562281
2644,01 02 07 12 13 22,-0.00550470,0.45283666,-0.888604,-1.022376,-0.055102,1.273358,0.000000,0.000000,-0.539129
2645,08 09 13 14 22 38,-0.00551283,0.42978879,-0.365896,1.438872,1.460200,-2.344136,0.000000,0.000000,0.738346
2646,01 04 08 09 12 31,-0.00552008,0.33920178,-0.365896,0.257401,-1.432649,-0.607739,0.000000,0.000000,0.123841
2647,01 09 10 12 24 38,-0.00556124,0.49469997,0.156813,0.598913,1.184691,-1.186538,0.000000,0.000000,0.565816
2648,02 08 12 18 22 24,-0.00558536,0.56298664,1.594261,0.014304,-0.192857,-0.173640,0.000000,0.000000,-0.282593
2649,01 07 08 09 13 14,-0.00567788,0.35080692,-0.757927,1.172372,-1.019385,-0.897139,0.000000,0.000000,-3.141004
2650,02 04 07 14 18 31,-0.00568321,0.41499135,-0.627250,-1.694424,-1.294894,1.852157,0.000000,0.000000,0.525525
2651,01 13 14 18 22 31,-0.00570178,0.40243115,-0.235219,-0.605150,-0.881630,0.260460,0.000000,0.000000,1.055937
2652,02 07 10 12 18 24,-0.00573520,0.52953253,0.679521,-1.078468,-0.606121,1.273358,0.000000,0.000000,-0.312079
2653,01 02 04 07 14 18,-0.00575961,0.49667838,0.156813,-1.186051,-1.157140,1.852157,0.000000,0.000000,-1.853078
2654,10 12 13 14 18 31,-0.00578293,0.37352240,0.026135,-0.450582,-1.845913,0.260460,0.000000,0.000000,0.324156
2655,02 08 12 22 24 38,-0.00580204,0.59596364,1.071552,0.541265,1.735709,-1.041838,0.000000,0.000000,0.288996
2656,08 09 12 14 22 24,-0.00580876,0.35731698,-0.627250,1.207103,-0.055102,-1.765337,0.000000,0.000000,-0.264596
2657,01 02 13 22 31 38,-0.00583750,0.52321807,-0.365896,-0.577244,1.460200,0.260460,0.000000,0.000000,0.905883
2658,01 02 04 08 09 38,-0.00584052,0.55155807,0.679521,0.784912,0.909181,-0.752439,0.000000,0.000000,-1.870443
2659,07 08 13 14 22 31,-0.00584241,0.32914075,-1.149958,-0.014293,-0.606121,-0.463039,0.000000,0.000000,0.831667
2660,08 10 12 18 24 31,-0.00585353,0.47114700,1.594261,0.140162,-1.432649,-0.607739,0.000000,0.000000,0.620371
2661,02 07 08 13 22 38,-0.00586247,0.56026571,0.287490,0.044294,1.735709,-0.463039,0.000000,0.000000,0.555878
2662,02 12 14 22 24 38,-0.00587013,0.53139395,-0.235219,-0.007214,1.735709,-0.318339,0.000000,0.000000,0.285007
2663,01 07 08 10 13 18,-0.00591572,0.51713609,1.594261,0.151565,-1.294894,-0.028940,0.000000,0.000000,-1.480290
2664,01 04 08 10 12 14,-0.00593755,0.43323225,0.679521,0.710974,-1.708158,-0.318339,0.000000,0.000000,-3.069283
2665,01 02 07 09 13 22,-0.00593777,0.40752663,-1.672667,-0.581557,0.495917,0.694559,0.000000,0.000000,-0.617648
2666,02 07 08 12 13 18,-0.00594198,0.51257788,1.202229,-0.245193,-1.294894,0.549859,0.000000,0.000000,-1.674994
2667,02 10 12 22 24 31,-0.00596537,0.43654834,-0.757927,-0.891918,0.082653,0.694559,0.000000,0.000000,0.823483
2668,02 04 08 14 18 22,-0.00596837,0.51593457,0.940875,-0.176183,-0.606121,0.260460,0.000000,0.000000,-0.981076
2669,01 08 13 18 31 38,-0.00598606,0.55781673,1.986292,0.454837,-0.055102,-1.041838,0.000000,0.000000,0.664191
2670,01 02 04 08 18 22,-0.00600844,0.57860192,1.594261,-0.420341,-0.468366,0.549859,0.000000,0.000000,-0.869249
2671,01 08 09 12 13 18,-0.00603843,0.44476832,1.202229,0.905228,-1.432649,-1.041838,0.000000,0.000000,-1.440854
2672,07 08 13 14 18 38,-0.00605856,0.53029467,1.332906,0.527896,0.220408,-1.041838,0.000000,0.000000,0.313245
2673,01 07 09 10 24 31,-0.00605862,0.34874189,-1.411313,-0.413434,-0.330611,0.115760,0.000000,0.000000,0.619917
2674,01 02 04 10 31 38,-0.00606470,0.54297952,0.156813,-0.815055,0.633672,0.839259,0.000000,0.000000,-0.058737
2675,09 10 12 13 14 31,-0.00606918,0.25566266,-1.803344,0.243163,-1.294894,-0.463039,0.000000,0.000000,-0.400797
2676,02 04 09 10 14 22,-0.00607642,0.38197457,-1.672667,-0.357980,0.220408,0.405159,0.000000,0.000000,-0.660121
2677,02 10 12 13 18 38,-0.00608477,0.60464736,1.463583,-0.391994,0.495917,0.260460,0.000000,0.000000,0.006620
2678,01 07 13 14 31 38,-0.00615937,0.41805430,-0.888604,-0.295421,0.358162,-0.028940,0.000000,0.000000,0.565042
2679,02 07 08 09 13 18,-0.00620497,0.46726785,0.418167,0.195626,-0.743875,-0.028940,0.000000,0.000000,-1.728317
2680,07 09 10 13 14 31,-0.00621312,0.25301963,-2.326052,-0.211542,-0.881630,-0.028940,0.000000,0.000000,0.166489
2681,07 10 13 14 18 31,-0.00624257,0.37087937,-0.496573,-0.905287,-1.432649,0.694559,0.000000,0.000000,0.844669
2682,02 08 13 22 31 38,-0.00625517,0.52512041,0.287490,0.215392,1.322445,-0.752439,0.000000,0.000000,0.720142
2683,01 07 09 10 12 24,-0.00631349,0.38653022,-0.888604,-0.129827,-0.330611,-0.028940,0.000000,0.000000,-0.228897
2684,01 07 10 12 13 31,-0.00632054,0.36099703,-0.888604,-0.896518,-1.294894,0.839259,0.000000,0.000000,0.282697
2685,01 04 07 08 14 38,-0.00636506,0.50641516,0.548844,0.388442,0.358162,-0.607739,0.000000,0.000000,-0.611548
2686,02 08 09 10 12 13,-0.00636825,0.42706194,0.026135,1.045118,-0.881630,-0.607739,0.000000,0.000000,-3.669888
2687,02 13 14 18 22 38,-0.00637311,0.57088875,0.548844,-0.302405,1.322445,-0.028940,0.000000,0.000000,0.565898
2688,04 08 10 14 31 38,-0.00641405,0.45707193,0.418167,0.476634,0.082653,-1.041838,0.000000,0.000000,0.499280
2689,02 07 12 13 18 31,-0.00641710,0.42898852,-0.235219,-1.546202,-1.294894,1.562758,0.000000,0.000000,0.745761
2690,08 10 12 13 14 22,-0.00641764,0.39927288,0.026135,0.865880,-0.743875,-1.041838,0.000000,0.000000,-1.313805
2691,08 10 12 14 22 24,-0.00642181,0.43232778,0.287490,0.908145,-0.330611,-1.186538,0.000000,0.000000,-1.001649
2692,10 12 14 18 24 31,-0.00643053,0.40657731,0.287490,-0.408316,-1.432649,0.115760,0.000000,0.000000,0.540986
2693,08 09 10 12 24 38,-0.00644020,0.49660230,0.810198,1.391548,1.046936,-2.199437,0.000000,0.000000,0.311732
2694,02 09 10 12 13 38,-0.00644579,0.48678762,-0.365896,0.301750,1.046936,-0.463039,0.000000,0.000000,-0.729409
2695,01 02 07 18 22 24,-0.00645562,0.55844127,0.418167,-1.233036,0.358162,1.273358,0.000000,0.000000,0.300948
2696,02 04 09 14 22 31,-0.00649894,0.31448547,-2.326052,-0.783448,-0.055102,0.549859,0.000000,0.000000,0.748922
2697,01 07 08 24 31 38,-0.00653600,0.51567890,0.679521,0.295323,0.771426,-0.897139,0.000000,0.000000,0.815919
2698,01 09 14 18 22 24,-0.00654292,0.42796435,-0.235219,0.161542,0.082653,-0.607739,0.000000,0.000000,0.418682
2699,02 07 08 18 22 24,-0.00658559,0.56034361,1.071552,-0.440401,0.220408,0.260460,0.000000,0.000000,0.157830
2700,07 09 10 14 24 38,-0.00658911,0.42938958,-1.019281,0.388364,1.460200,-1.041838,0.000000,0.000000,0.884381
2701,04 08 12 14 18 31,-0.00659425,0.39439416,0.810198,-0.192186,-2.121423,-0.173640,0.000000,0.000000,0.529478
2702,07 08 14 22 24 31,-0.00659444,0.36219565,-0.888604,0.027972,-0.192857,-0.607739,0.000000,0.000000,1.033027
2703,01 07 08 18 24 38,-0.00659852,0.62601693,2.247646,0.326004,0.771426,-0.897139,0.000000,0.000000,0.663787
2704,01 02 13 18 22 38,-0.00660127,0.63355611,1.202229,-0.546562,1.460200,0.260460,0.000000,0.000000,0.649858
2705,07 08 10 13 14 22,-0.00660746,0.39662985,-0.496573,0.411175,-0.330611,-0.607739,0.000000,0.000000,-0.753318
2706,02 07 14 18 22 24,-0.00661210,0.49577391,-0.235219,-0.988879,0.220408,0.983958,0.000000,0.000000,0.160003
2707,01 04 08 12 14 18,-0.00666430,0.47608118,1.594261,0.316187,-1.983668,-0.173640,0.000000,0.000000,-1.848182
2708,01 02 04 07 12 31,-0.00669903,0.40510901,-1.019281,-1.685655,-1.157140,1.996857,0.000000,0.000000,-0.175393
2709,02 09 10 12 22 24,-0.00670138,0.42902664,-1.019281,-0.167492,0.633672,-0.028940,0.000000,0.000000,-0.110971
2710,02 04 12 14 31 38,-0.00670303,0.45061139,-0.627250,-0.712759,0.220408,0.549859,0.000000,0.000000,0.389515
2711,08 09 10 12 13 31,-0.00670886,0.32023236,-0.496573,0.791641,-1.294894,-1.186538,0.000000,0.000000,-0.501667
2712,04 07 08 12 14 31,-0.00672700,0.31920142,-0.757927,-0.393966,-1.708158,0.115760,0.000000,0.000000,0.430239
2713,01 09 13 14 22 38,-0.00674370,0.42788645,-1.019281,0.646236,1.597955,-1.331238,0.000000,0.000000,0.679851
2714,02 04 10 14 18 38,-0.00679905,0.59065020,1.071552,-0.540217,0.495917,0.549859,0.000000,0.000000,-0.428166
2715,01 07 13 14 22 31,-0.00683009,0.32723841,-1.803344,-0.806929,-0.468366,0.549859,0.000000,0.000000,0.809202
2716,08 09 14 22 24 38,-0.00683118,0.46284369,-0.104542,1.481137,1.873464,-2.488836,0.000000,0.000000,0.855804
2717,02 10 12 18 24 38,-0.00684279,0.63770227,1.724938,-0.349729,0.909181,0.115760,0.000000,0.000000,0.207092
2718,09 10 14 24 31 38,-0.00684969,0.39424428,-1.019281,0.559462,1.046936,-1.331238,0.000000,0.000000,1.068218
2719,01 02 09 10 12 13,-0.00685225,0.42515961,-0.627250,0.252482,-0.743875,0.405159,0.000000,0.000000,-3.617732
2720,09 10 13 14 31 38,-0.00685833,0.36118937,-1.280636,0.517197,0.633672,-1.186538,0.000000,0.000000,0.754163
2721,01 08 09 18 22 24,-0.00686338,0.49253404,1.071552,0.710020,0.082653,-1.331238,0.000000,0.000000,0.365105
2722,01 04 12 14 18 31,-0.00688114,0.39249182,0.156813,-0.984822,-1.983668,0.839259,0.000000,0.000000,0.610837
2723,02 04 10 12 14 38,-0.00690202,0.51810049,0.026135,-0.287291,0.495917,0.405159,0.000000,0.000000,-1.111605
2724,02 04 07 08 18 31,-0.00697562,0.47956105,0.679521,-1.145946,-1.294894,1.128658,0.000000,0.000000,0.327951
2725,02 07 13 14 18 22,-0.00699000,0.46271901,-0.496573,-1.031145,-0.192857,1.128658,0.000000,0.000000,-0.208760
2726,08 12 13 14 22 38,-0.00699093,0.47509882,0.418167,0.998053,0.909181,-1.765337,0.000000,0.000000,0.533721
2727,02 10 13 18 31 38,-0.00699844,0.56685903,0.940875,-0.675602,0.495917,0.405159,0.000000,0.000000,0.682311
2728,07 08 10 13 18 31,-0.00701407,0.43544907,0.810198,-0.356808,-1.432649,-0.028940,0.000000,0.000000,0.724269
2729,01 02 07 12 13 18,-0.00703092,0.51067555,0.548844,-1.037828,-1.157140,1.562758,0.000000,0.000000,-1.712462
2730,01 07 12 13 14 38,-0.00703905,0.45584263,-0.365896,-0.011814,0.358162,-0.173640,0.000000,0.000000,-0.376339
2731,01 04 07 08 10 31,-0.00703957,0.41156955,0.026135,-0.496262,-1.294894,0.405159,0.000000,0.000000,-0.158893
2732,02 09 12 13 31 38,-0.00705084,0.41929852,-1.019281,-0.123718,0.771426,-0.318339,0.000000,0.000000,0.652591
2733,01 07 12 14 22 24,-0.00709117,0.39808165,-1.019281,-0.481056,-0.055102,0.260460,0.000000,0.000000,0.272243
2734,01 07 09 14 22 24,-0.00711038,0.35277161,-1.803344,-0.040238,0.495917,-0.318339,0.000000,0.000000,0.255038
2735,01 07 14 24 31 38,-0.00712491,0.45110920,-0.627250,-0.253156,0.771426,-0.173640,0.000000,0.000000,0.734769
2736,02 07 09 18 24 31,-0.00716906,0.41673339,-0.757927,-1.063118,-0.330611,0.839259,0.000000,0.000000,0.932772
2737,01 07 09 13 14 38,-0.00718952,0.41053260,-1.149958,0.429005,0.909181,-0.752439,0.000000,0.000000,-0.412990
2738,01 07 14 18 24 38,-0.00720104,0.56144724,0.940875,-0.222475,0.771426,-0.173640,0.000000,0.000000,0.580620
2739,01 02 07 13 22 38,-0.00726936,0.55836337,-0.365896,-0.748342,1.873464,0.549859,0.000000,0.000000,0.471306
2740,02 07 14 22 24 38,-0.00728300,0.52875092,-0.757927,-0.461919,2.148974,0.115760,0.000000,0.000000,0.664298
2741,01 07 08 13 31 38,-0.00731093,0.48262400,0.418167,0.253057,0.358162,-0.752439,0.000000,0.000000,0.388336
2742,01 08 13 18 22 31,-0.00734407,0.46700084,1.071552,-0.056671,-0.881630,-0.463039,0.000000,0.000000,0.806527
2743,01 07 13 14 18 38,-0.00737101,0.52839234,0.679521,-0.264740,0.358162,-0.028940,0.000000,0.000000,0.242664
2744,02 04 08 09 22 31,-0.00739630,0.37905516,-1.019281,-0.234969,-0.055102,-0.173640,0.000000,0.000000,0.609875
2745,07 09 12 14 24 31,-0.00745096,0.25637377,-2.195375,-0.311138,-0.743875,-0.173640,0.000000,0.000000,0.956460
2746,08 10 13 14 18 22,-0.00745922,0.47182259,1.071552,0.612954,-0.743875,-0.897139,0.000000,0.000000,-0.799935
2747,01 08 09 13 22 38,-0.00746058,0.49245614,0.287490,1.194715,1.597955,-2.054737,0.000000,0.000000,0.567544
2748,01 02 07 09 13 18,-0.00748340,0.46536551,-0.235219,-0.597010,-0.606121,0.983958,0.000000,0.000000,-1.793857
2749,01 08 12 13 22 38,-0.00748483,0.53776618,1.071552,0.753896,1.046936,-1.475938,0.000000,0.000000,0.578310
2750,02 04 09 10 14 18,-0.00748522,0.43981345,-0.235219,-0.373432,-0.881630,0.694559,0.000000,0.000000,-1.816058
2751,01 07 08 22 24 31,-0.00749988,0.42486301,-0.235219,-0.216185,-0.055102,-0.318339,0.000000,0.000000,1.016645
2752,01 09 13 14 18 22,-0.00751906,0.39490945,-0.496573,0.119276,-0.330611,-0.463039,0.000000,0.000000,-0.038712
2753,01 07 14 22 24 31,-0.00752290,0.36029331,-1.541990,-0.764664,-0.055102,0.405159,0.000000,0.000000,1.019335
2754,02 07 08 22 24 38,-0.00754084,0.59332061,0.548844,0.086559,2.148974,-0.607739,0.000000,0.000000,0.619998
2755,08 09 10 13 31 38,-0.00754698,0.42575907,0.026135,1.065676,0.633672,-1.910037,0.000000,0.000000,0.646037
2756,02 09 12 13 22 31,-0.00755956,0.32848264,-1.934021,-0.635225,-0.055102,0.260460,0.000000,0.000000,0.920751
2757,08 09 10 13 14 18,-0.00756330,0.41180173,0.679521,1.291246,-1.294894,-1.331238,0.000000,0.000000,-2.445117
2758,01 07 08 12 22 24,-0.00757563,0.46265134,0.287490,0.067422,-0.055102,-0.463039,0.000000,0.000000,0.194369
2759,01 12 14 18 22 24,-0.00760839,0.47327438,0.548844,-0.279277,-0.468366,-0.028940,0.000000,0.000000,0.275189
2760,02 04 09 10 12 31,-0.00761477,0.34824408,-1.411313,-0.873037,-0.881630,0.839259,0.000000,0.000000,-0.018388
2761,01 02 04 07 08 22,-0.00761529,0.50340919,0.026135,-0.622120,-0.055102,0.839259,0.000000,0.000000,-1.186882
2762,02 08 13 18 22 38,-0.00765957,0.63545845,1.855615,0.246073,1.322445,-0.752439,0.000000,0.000000,0.369205
2763,02 07 09 13 18 31,-0.00768182,0.38367849,-1.019281,-1.105383,-0.743875,0.983958,0.000000,0.000000,0.544029
2764,02 04 12 14 22 31,-0.00768437,0.35979550,-1.541990,-1.224267,-0.606121,1.128658,0.000000,0.000000,0.587655
2765,01 04 08 09 12 14,-0.00770070,0.35822144,-0.235219,1.009932,-1.432649,-0.897139,0.000000,0.000000,-2.684272
2766,09 10 14 18 24 38,-0.00773381,0.50458231,0.548844,0.590144,1.046936,-1.331238,0.000000,0.000000,0.794363
2767,02 04 09 12 14 38,-0.00773954,0.44308969,-0.888604,0.011667,0.771426,-0.173640,0.000000,0.000000,-0.589460
2768,04 08 10 14 22 31,-0.00775789,0.36625604,-0.496573,-0.034873,-0.743875,-0.463039,0.000000,0.000000,0.643716
2769,01 07 08 13 22 31,-0.00776778,0.39180811,-0.496573,-0.258450,-0.468366,-0.173640,0.000000,0.000000,0.664181
2770,08 09 10 24 31 38,-0.00777802,0.45881397,0.287490,1.107941,1.046936,-2.054737,0.000000,0.000000,0.924584
2771,02 09 10 12 13 22,-0.00778692,0.39597174,-1.280636,-0.209758,0.220408,0.115760,0.000000,0.000000,-0.584572
2772,01 14 18 22 24 31,-0.00778950,0.43548605,0.026135,-0.562884,-0.468366,0.115760,0.000000,0.000000,1.059410
2773,04 07 08 09 14 31,-0.00782055,0.27389139,-1.541990,0.046853,-1.157140,-0.463039,0.000000,0.000000,0.253866
2774,07 08 09 13 14 38,-0.00785323,0.41243493,-0.496573,1.221640,0.771426,-1.765337,0.000000,0.000000,-0.635184
2775,01 02 04 10 18 38,-0.00786093,0.65331755,1.724938,-0.784374,0.633672,0.839259,0.000000,0.000000,-0.467724
2776,01 04 09 14 18 31,-0.00786376,0.34718179,-0.627250,-0.544003,-1.432649,0.260460,0.000000,0.000000,0.450899
2777,07 08 12 13 14 38,-0.00786778,0.45774497,0.287490,0.780822,0.220408,-1.186538,0.000000,0.000000,-0.622980
2778,01 02 07 22 24 38,-0.00788176,0.59141828,-0.104542,-0.706076,2.286728,0.405159,0.000000,0.000000,0.693353
2779,01 02 07 10 12 13,-0.00788873,0.46782661,-0.365896,-0.643042,-0.881630,1.418058,0.000000,0.000000,-3.168319
2780,01 02 04 07 08 18,-0.00790603,0.56124807,1.463583,-0.637572,-1.157140,1.128658,0.000000,0.000000,-2.177176
2781,01 08 18 22 24 31,-0.00791540,0.50005574,1.332906,-0.014406,-0.468366,-0.607739,0.000000,0.000000,1.034659
2782,07 08 10 18 24 31,-0.00793053,0.46850397,1.071552,-0.314543,-1.019385,-0.173640,0.000000,0.000000,0.901268
2783,01 04 08 09 18 31,-0.00794408,0.41175148,0.679521,0.004475,-1.432649,-0.463039,0.000000,0.000000,0.432901
2784,08 14 18 24 31 38,-0.00796647,0.52820428,1.594261,0.741259,0.220408,-1.475938,0.000000,0.000000,0.565800
2785,01 09 14 22 24 38,-0.00800283,0.46094135,-0.757927,0.688502,2.011219,-1.475938,0.000000,0.000000,0.806082
2786,02 07 09 12 24 38,-0.00802070,0.48749873,-0.757927,-0.252550,1.597955,-0.173640,0.000000,0.000000,0.599235
2787,07 10 12 14 24 38,-0.00804398,0.47469961,-0.235219,-0.052454,0.909181,-0.463039,0.000000,0.000000,0.683197
2788,02 04 08 10 18 38,-0.00804403,0.65521989,2.378323,0.008262,0.495917,-0.173640,0.000000,0.000000,-0.618714
2789,02 04 07 10 14 38,-0.00807689,0.51545746,-0.496573,-0.741996,0.909181,0.839259,0.000000,0.000000,-0.697055
2790,01 08 18 24 31 38,-0.00809542,0.59087163,2.247646,0.497102,0.358162,-1.186538,0.000000,0.000000,0.664459
2791,07 09 10 12 14 24,-0.00810001,0.32386287,-1.541990,0.114330,-0.468366,-0.318339,0.000000,0.000000,-0.611338
2792,07 08 09 10 24 31,-0.00812031,0.35064423,-0.757927,0.379202,-0.468366,-0.897139,0.000000,0.000000,0.190609
2793,01 04 07 08 10 14,-0.00812091,0.43058922,0.156813,0.256269,-1.294894,0.115760,0.000000,0.000000,-2.804142
2794,08 10 12 13 31 38,-0.00812140,0.47106910,0.810198,0.624857,0.082653,-1.331238,0.000000,0.000000,0.575295
2795,09 12 13 14 18 31,-0.00812231,0.29851160,-0.888604,-0.151624,-1.570404,-0.318339,0.000000,0.000000,0.623796
2796,01 14 18 24 31 38,-0.00812477,0.52630194,0.940875,-0.051377,0.358162,-0.463039,0.000000,0.000000,0.666209
2797,02 07 10 13 31 38,-0.00813166,0.49166630,-0.627250,-0.877381,0.909181,0.694559,0.000000,0.000000,0.434849
2798,08 09 12 13 18 31,-0.00815731,0.36308129,0.418167,0.396855,-1.570404,-1.041838,0.000000,0.000000,0.612511
2799,01 04 10 14 31 38,-0.00815958,0.45516960,-0.235219,-0.316001,0.220408,-0.028940,0.000000,0.000000,0.364537
2800,02 04 07 08 09 31,-0.00818610,0.36170131,-1.149958,-0.452201,-0.743875,0.405159,0.000000,0.000000,-0.533928
2801,01 08 09 22 24 38,-0.00819086,0.52551105,0.548844,1.236980,2.011219,-2.199437,0.000000,0.000000,0.772125
2802,01 12 13 14 22 38,-0.00819792,0.47319648,-0.235219,0.205418,1.046936,-0.752439,0.000000,0.000000,0.478764
2803,01 09 10 12 13 14,-0.00820942,0.33734969,-1.019281,0.751536,-1.157140,-0.463039,0.000000,0.000000,-3.085162
2804,02 07 10 24 31 38,-0.00822038,0.52472120,-0.365896,-0.835116,1.322445,0.549859,0.000000,0.000000,0.734479
2805,01 04 09 10 14 38,-0.00822457,0.44764789,-0.496573,0.408425,0.771426,-0.752439,0.000000,0.000000,-0.470505
2806,02 04 08 12 31 38,-0.00822657,0.51518108,0.679521,-0.164280,0.220408,-0.173640,0.000000,0.000000,0.157699
2807,02 07 09 12 13 14,-0.00823267,0.33014845,-1.934021,-0.099926,-0.743875,0.549859,0.000000,0.000000,-2.690812
2808,08 10 14 18 22 24,-0.00823789,0.50487749,1.332906,0.655219,-0.330611,-1.041838,0.000000,0.000000,-0.602522
2809,04 08 09 10 14 38,-0.00824274,0.44955023,0.156813,1.201060,0.633672,-1.765337,0.000000,0.000000,-0.597059
2810,02 09 10 13 22 38,-0.00826030,0.50149845,-0.757927,0.064277,2.148974,-0.607739,0.000000,0.000000,0.617170
2811,01 07 08 13 18 38,-0.00827959,0.59296203,1.986292,0.283739,0.358162,-0.752439,0.000000,0.000000,0.101955
2812,01 04 07 12 14 31,-0.00838267,0.31729909,-1.411313,-1.186601,-1.570404,1.128658,0.000000,0.000000,0.308808
2813,01 12 13 14 18 22,-0.00840010,0.44021948,0.287490,-0.321542,-0.881630,0.115760,0.000000,0.000000,-0.154881
2814,02 04 08 12 22 31,-0.00840024,0.42436519,-0.235219,-0.675788,-0.606121,0.405159,0.000000,0.000000,0.475499
2815,02 09 12 24 31 38,-0.00840544,0.45235343,-0.757927,-0.081452,1.184691,-0.463039,0.000000,0.000000,0.764678
2816,08 10 12 24 31 38,-0.00843067,0.50412400,1.071552,0.667122,0.495917,-1.475938,0.000000,0.000000,0.842251
2817,02 07 10 22 24 31,-0.00846638,0.43390531,-1.280636,-1.346623,0.495917,1.128658,0.000000,0.000000,1.041562
2818,02 07 08 13 18 22,-0.00846676,0.52728870,0.810198,-0.482666,-0.192857,0.405159,0.000000,0.000000,-0.433645
2819,08 09 12 18 24 31,-0.00846781,0.39613620,0.679521,0.439120,-1.157140,-1.186538,0.000000,0.000000,0.879285
2820,02 07 10 12 13 38,-0.00846838,0.52945463,-0.104542,-0.593774,0.909181,0.549859,0.000000,0.000000,-0.426092
2821,01 04 08 14 22 38,-0.00849560,0.52376901,0.679521,0.605674,1.046936,-1.186538,0.000000,0.000000,0.099598
2822,02 10 13 18 22 31,-0.00851182,0.47604315,0.026135,-1.187109,-0.330611,0.983958,0.000000,0.000000,0.801628
2823,01 04 07 08 14 22,-0.00853978,0.41559927,-0.365896,-0.123066,-0.468366,-0.028940,0.000000,0.000000,-0.590210
2824,01 07 09 10 13 31,-0.00854519,0.31568699,-1.672667,-0.455699,-0.743875,0.260460,0.000000,0.000000,-0.061251
2825,02 04 08 09 10 22,-0.00857251,0.44654426,-0.365896,0.190498,0.220408,-0.318339,0.000000,0.000000,-1.036023
2826,02 07 09 10 13 38,-0.00857572,0.48414459,-0.888604,-0.152955,1.460200,-0.028940,0.000000,0.000000,-0.456354
2827,01 08 12 18 22 24,-0.00857611,0.53784408,1.855615,0.269201,-0.468366,-0.752439,0.000000,0.000000,0.125719
2828,02 09 10 12 13 18,-0.00859584,0.45381062,0.156813,-0.225210,-0.881630,0.405159,0.000000,0.000000,-1.651636
2829,07 08 10 12 13 31,-0.00862917,0.36289936,-0.235219,-0.103882,-1.432649,-0.173640,0.000000,0.000000,-0.183196
2830,01 08 12 13 18 22,-0.00864790,0.50478917,1.594261,0.226936,-0.881630,-0.607739,0.000000,0.000000,-0.197692
2831,02 04 07 08 09 14,-0.00871165,0.38072097,-1.019281,0.300329,-0.743875,0.115760,0.000000,0.000000,-3.096837
2832,01 08 09 13 18 22,-0.00872068,0.45947914,0.810198,0.667755,-0.330611,-1.186538,0.000000,0.000000,-0.222834
2833,09 10 12 14 18 24,-0.00872731,0.39905560,0.026135,0.316110,-0.881630,-0.607739,0.000000,0.000000,-0.624701
2834,02 07 10 13 22 31,-0.00874388,0.40085041,-1.541990,-1.388889,0.082653,1.273358,0.000000,0.000000,0.687675
2835,01 07 10 12 13 14,-0.00875108,0.38001669,-0.757927,-0.143987,-1.294894,0.549859,0.000000,0.000000,-2.562442
2836,10 12 13 14 31 38,-0.00877728,0.40649941,-0.496573,0.076378,0.082653,-0.607739,0.000000,0.000000,0.484224
2837,02 09 12 22 24 31,-0.00877925,0.36153754,-1.672667,-0.592960,0.358162,0.115760,0.000000,0.000000,1.052826
2838,01 07 08 12 13 38,-0.00878486,0.52041233,0.940875,0.536665,0.358162,-0.897139,0.000000,0.000000,-0.641085
2839,02 07 12 18 24 31,-0.00879439,0.46204343,0.026135,-1.503936,-0.881630,1.418058,0.000000,0.000000,0.706334
2840,07 08 09 12 24 31,-0.00880093,0.32094346,-0.888604,0.237341,-0.743875,-0.897139,0.000000,0.000000,0.750359
2841,09 12 14 18 24 31,-0.00881743,0.33156650,-0.627250,-0.109358,-1.157140,-0.463039,0.000000,0.000000,0.833586
2842,02 04 09 10 18 31,-0.00882220,0.42079379,-0.365896,-1.125963,-0.881630,0.983958,0.000000,0.000000,0.470912
2843,01 09 10 24 31 38,-0.00882777,0.45691163,-0.365896,0.315305,1.184691,-1.041838,0.000000,0.000000,0.892923
2844,02 04 09 14 18 38,-0.00885625,0.51563939,0.156813,-0.241259,0.771426,-0.028940,0.000000,0.000000,-0.086720
2845,02 07 08 09 10 13,-0.00886616,0.42441891,-0.496573,0.590413,-0.468366,-0.173640,0.000000,0.000000,-3.451349
2846,02 07 09 12 18 24,-0.00886898,0.45452172,-0.235219,-0.779510,-0.330611,0.694559,0.000000,0.000000,-0.130131
2847,01 07 12 13 14 22,-0.00887739,0.36502674,-1.280636,-0.523322,-0.468366,0.405159,0.000000,0.000000,-0.305166
2848,09 10 13 14 18 38,-0.00887795,0.47152741,0.287490,0.547878,0.633672,-1.186538,0.000000,0.000000,0.312079
2849,07 10 14 18 24 31,-0.00887928,0.40393428,-0.235219,-0.863021,-1.019385,0.549859,0.000000,0.000000,0.766807
2850,01 04 08 10 22 31,-0.00888659,0.42892340,0.156813,-0.279030,-0.606121,-0.173640,0.000000,0.000000,0.594259
2851,01 04 08 12 18 31,-0.00890879,0.45706152,1.463583,-0.436343,-1.983668,0.115760,0.000000,0.000000,0.304336
2852,02 09 12 13 18 38,-0.00891158,0.52963656,0.548844,-0.093036,0.771426,-0.318339,0.000000,0.000000,0.234046
2853,02 04 08 09 31 38,-0.00892643,0.46987105,-0.104542,0.276538,0.771426,-0.752439,0.000000,0.000000,0.039653
2854,08 13 14 22 31 38,-0.00893321,0.43731049,-0.104542,0.714446,0.909181,-1.620637,0.000000,0.000000,1.057019
2855,01 09 12 13 18 31,-0.00894362,0.36117896,-0.235219,-0.395781,-1.432649,-0.028940,0.000000,0.000000,0.619880
2856,10 12 14 24 31 38,-0.00895307,0.43955431,-0.235219,0.118644,0.495917,-0.752439,0.000000,0.000000,0.770955
2857,08 09 10 18 24 38,-0.00895902,0.56915201,1.855615,1.138622,1.046936,-2.054737,0.000000,0.000000,0.606745
2858,01 02 07 09 10 13,-0.00896417,0.42251658,-1.149958,-0.202223,-0.330611,0.839259,0.000000,0.000000,-3.342007
2859,01 04 10 14 22 31,-0.00898555,0.36435371,-1.149958,-0.827509,-0.606121,0.549859,0.000000,0.000000,0.585696
2860,01 02 04 12 31 38,-0.00898882,0.51327875,0.026135,-0.956916,0.358162,0.839259,0.000000,0.000000,0.168632
2861,08 10 12 13 14 18,-0.00899745,0.45711176,1.463583,0.850427,-1.845913,-0.752439,0.000000,0.000000,-2.643231
2862,01 02 04 07 18 31,-0.00904541,0.47765871,0.026135,-1.938581,-1.157140,2.141557,0.000000,0.000000,0.145167
2863,01 10 12 13 31 38,-0.00906534,0.46916677,0.156813,-0.167779,0.220408,-0.318339,0.000000,0.000000,0.559310
2864,08 09 12 13 14 22,-0.00907073,0.32426208,-0.888604,1.164838,-0.468366,-1.620637,0.000000,0.000000,-1.060642
2865,01 02 04 08 10 12,-0.00907897,0.52104216,1.071552,0.211920,-1.294894,0.549859,0.000000,0.000000,-4.268331
2866,08 14 18 22 24 31,-0.00908105,0.43738839,0.679521,0.229751,-0.606121,-0.897139,0.000000,0.000000,0.744201
2867,07 08 10 13 14 18,-0.00908647,0.45446873,0.940875,0.395722,-1.432649,-0.318339,0.000000,0.000000,-2.067810
2868,01 07 09 13 14 22,-0.00910549,0.31971671,-2.064698,-0.082503,0.082653,-0.173640,0.000000,0.000000,-0.353318
2869,09 10 13 14 22 31,-0.00910839,0.27037349,-2.195375,0.005689,-0.192857,-0.607739,0.000000,0.000000,0.764338
2870,01 02 04 12 22 31,-0.00911061,0.42246286,-0.888604,-1.468424,-0.468366,1.418058,0.000000,0.000000,0.494116
2871,01 09 10 18 24 38,-0.00911669,0.56724967,1.202229,0.345987,1.184691,-1.041838,0.000000,0.000000,0.707249
2872,01 02 07 13 18 22,-0.00914486,0.52538637,0.156813,-1.275302,-0.055102,1.418058,0.000000,0.000000,-0.410246
2873,02 07 08 10 12 13,-0.00920958,0.46972894,0.287490,0.149594,-1.019385,0.405159,0.000000,0.000000,-3.487869
2874,04 08 09 14 31 38,-0.00928341,0.38206113,-0.496573,0.775592,0.358162,-1.620637,0.000000,0.000000,0.720403
2875,01 10 12 24 31 38,-0.00931539,0.50222167,0.418167,-0.125513,0.633672,-0.463039,0.000000,0.000000,0.835039
2876,08 09 10 13 18 38,-0.00932364,0.53609711,1.594261,1.096357,0.633672,-1.910037,0.000000,0.000000,0.239951
2877,01 02 04 09 22 31,-0.00933295,0.37715282,-1.672667,-1.027605,0.082653,0.839259,0.000000,0.000000,0.446817
2878,01 10 12 13 22 31,-0.00934107,0.37835088,-0.757927,-0.679286,-0.606121,0.260460,0.000000,0.000000,0.861989
2879,07 08 09 14 22 24,-0.00934359,0.35467395,-1.149958,0.752398,0.358162,-1.331238,0.000000,0.000000,-0.199682
2880,08 09 10 13 22 31,-0.00935019,0.33494318,-0.888604,0.554168,-0.192857,-1.331238,0.000000,0.000000,0.722416
2881,02 09 10 18 22 24,-0.00939014,0.50157634,0.026135,-0.420418,0.633672,0.115760,0.000000,0.000000,0.158865
2882,02 04 10 12 14 22,-0.00940230,0.42728460,-0.888604,-0.798799,-0.330611,0.983958,0.000000,0.000000,-1.138501
2883,01 02 04 09 10 22,-0.00940807,0.44464192,-1.019281,-0.602137,0.358162,0.694559,0.000000,0.000000,-1.035951
2884,01 04 07 08 14 18,-0.00942514,0.47343815,1.071552,-0.138518,-1.570404,0.260460,0.000000,0.000000,-1.668600
2885,01 02 04 10 12 38,-0.00943430,0.58076785,0.679521,-0.531448,0.633672,0.694559,0.000000,0.000000,-1.369008
2886,07 08 09 10 13 31,-0.00944311,0.31758933,-1.019281,0.336936,-0.881630,-0.752439,0.000000,0.000000,-0.318143
2887,07 09 10 14 18 24,-0.00944392,0.39641257,-0.496573,-0.138596,-0.468366,-0.173640,0.000000,0.000000,-0.142258
2888,02 04 08 09 10 18,-0.00945306,0.50438315,1.071552,0.175046,-0.881630,-0.028940,0.000000,0.000000,-2.113699
2889,08 09 14 18 22 24,-0.00947677,0.42986668,0.418167,0.954177,-0.055102,-1.620637,0.000000,0.000000,-0.139839
2890,02 08 22 24 31 38,-0.00947762,0.55817531,0.548844,0.257657,1.735709,-0.897139,0.000000,0.000000,0.555501
2891,02 04 07 08 12 14,-0.00947908,0.42603101,-0.235219,-0.140489,-1.294894,0.694559,0.000000,0.000000,-3.196174
2892,01 04 10 12 14 38,-0.00947943,0.49295793,0.287490,-0.032394,0.220408,-0.173640,0.000000,0.000000,-0.642056
2893,07 08 12 14 22 24,-0.00948941,0.39998398,-0.365896,0.311579,-0.192857,-0.752439,0.000000,0.000000,-0.206925
2894,02 14 22 24 31 38,-0.00949134,0.49360562,-0.757927,-0.290821,1.735709,-0.173640,0.000000,0.000000,0.559567
2895,01 02 18 22 24 38,-0.00949290,0.66661101,1.463583,-0.504297,1.873464,0.115760,0.000000,0.000000,0.534230
2896,02 04 08 10 12 38,-0.00954949,0.58267018,1.332906,0.261188,0.495917,-0.318339,0.000000,0.000000,-1.509935
2897,02 07 10 18 24 38,-0.00956957,0.63505924,1.202229,-0.804434,1.322445,0.549859,0.000000,0.000000,0.391723
2898,01 08 12 22 24 38,-0.00958309,0.57082108,1.332906,0.796162,1.460200,-1.620637,0.000000,0.000000,0.580222
2899,01 07 09 10 18 24,-0.00959618,0.45907993,0.156813,-0.382753,-0.330611,0.115760,0.000000,0.000000,-0.047053
2900,08 12 14 22 24 38,-0.00959826,0.50815372,0.679521,1.040319,1.322445,-1.910037,0.000000,0.000000,0.460212
2901,01 02 04 07 09 14,-0.00960174,0.37881864,-1.672667,-0.492306,-0.606121,1.128658,0.000000,0.000000,-3.104843
2902,02 10 12 13 22 38,-0.00960482,0.54680848,0.026135,-0.376542,1.597955,-0.028940,0.000000,0.000000,0.432334
2903,07 08 13 14 22 38,-0.00961095,0.47245579,-0.104542,0.543348,1.322445,-1.331238,0.000000,0.000000,0.734167
2904,01 02 04 10 12 22,-0.00962708,0.48995196,-0.235219,-1.042956,-0.192857,1.273358,0.000000,0.000000,-1.054040
2905,07 08 10 12 24 38,-0.00963984,0.53926930,1.071552,0.496024,0.909181,-1.186538,0.000000,0.000000,0.440666
2906,01 12 14 22 24 38,-0.00964148,0.50625139,0.026135,0.247683,1.460200,-0.897139,0.000000,0.000000,0.577671
2907,04 07 08 14 18 31,-0.00964569,0.39175113,0.287490,-0.646892,-1.708158,0.260460,0.000000,0.000000,0.666009
2908,01 04 07 09 14 31,-0.00966571,0.27198905,-2.195375,-0.745783,-1.019385,0.549859,0.000000,0.000000,0.104363
2909,01 07 12 13 14 18,-0.00967866,0.42286563,0.156813,-0.538774,-1.570404,0.694559,0.000000,0.000000,-1.371096
2910,02 04 14 18 31 38,-0.00970541,0.52316110,0.418167,-0.965685,0.220408,0.694559,0.000000,0.000000,0.612887
2911,01 02 04 07 12 14,-0.00971554,0.42412867,-0.888604,-0.933125,-1.157140,1.707457,0.000000,0.000000,-3.107344
2912,02 09 12 18 24 38,-0.00971712,0.56269146,0.810198,-0.050771,1.184691,-0.463039,0.000000,0.000000,0.427478
2913,01 07 08 12 13 22,-0.00972280,0.42959644,0.026135,0.025157,-0.468366,-0.318339,0.000000,0.000000,-0.436514
2914,01 09 10 13 31 38,-0.00976050,0.42385673,-0.627250,0.273040,0.771426,-0.897139,0.000000,0.000000,0.441961
2915,01 07 10 12 24 38,-0.00976059,0.53736697,0.418167,-0.296611,1.046936,-0.173640,0.000000,0.000000,0.546639
2916,08 10 13 18 31 38,-0.00976315,0.54361881,1.855615,0.371931,0.082653,-1.186538,0.000000,0.000000,1.000248
2917,01 07 09 10 24 38,-0.00976419,0.49205694,-0.365896,0.144207,1.597955,-0.752439,0.000000,0.000000,0.531747
2918,07 10 13 14 31 38,-0.00977420,0.40385638,-1.019281,-0.378327,0.495917,-0.173640,0.000000,0.000000,0.925138
2919,08 09 10 12 18 24,-0.00979335,0.46362530,1.332906,0.864588,-0.881630,-1.331238,0.000000,0.000000,-0.788737
2920,02 04 07 14 31 38,-0.00982997,0.44796836,-1.149958,-1.167464,0.633672,0.983958,0.000000,0.000000,0.514860
2921,01 07 08 09 22 24,-0.00984431,0.41734131,-0.496573,0.508241,0.495917,-1.041838,0.000000,0.000000,-0.156101
2922,02 07 10 12 22 24,-0.00984469,0.47169364,-0.757927,-1.063016,0.495917,0.983958,0.000000,0.000000,0.026308
2923,08 10 12 13 22 31,-0.00984698,0.38025321,-0.104542,0.113349,-0.743875,-0.752439,0.000000,0.000000,0.663174
2924,02 07 10 12 13 22,-0.00986126,0.43863874,-1.019281,-1.105281,0.082653,1.128658,0.000000,0.000000,-0.288922
2925,02 07 09 10 22 24,-0.00986688,0.42638361,-1.541990,-0.622197,1.046936,0.405159,0.000000,0.000000,0.008662
2926,10 13 14 18 31 38,-0.00988345,0.47904912,0.548844,-0.176548,0.082653,-0.463039,0.000000,0.000000,0.988525
2927,01 07 10 18 24 31,-0.00991297,0.46660163,0.418167,-1.107179,-0.881630,0.839259,0.000000,0.000000,0.731426
2928,01 09 10 22 24 31,-0.00991945,0.36609575,-1.280636,-0.196202,0.358162,-0.463039,0.000000,0.000000,1.074716
2929,01 07 09 13 14 18,-0.00992617,0.37755559,-0.627250,-0.097955,-1.019385,0.115760,0.000000,0.000000,-1.422124
2930,02 04 10 12 18 31,-0.00992621,0.46610382,0.418167,-1.566782,-1.432649,1.562758,0.000000,0.000000,0.321708
2931,09 10 14 22 24 31,-0.00993158,0.30342839,-1.934021,0.047955,0.220408,-0.752439,0.000000,0.000000,0.955156
2932,02 09 10 13 18 22,-0.00995593,0.46852144,-0.235219,-0.462683,0.220408,0.260460,0.000000,0.000000,-0.237734
2933,02 04 08 09 18 38,-0.00996349,0.58020909,1.463583,0.307220,0.771426,-0.752439,0.000000,0.000000,-0.256860
2934,01 07 08 09 13 38,-0.00999492,0.47510229,0.156813,0.977483,0.909181,-1.475938,0.000000,0.000000,-0.834719
2935,01 09 12 18 24 31,-0.01000878,0.39423386,0.026135,-0.353515,-1.019385,-0.173640,0.000000,0.000000,0.774848
2936,01 07 09 10 13 14,-0.01001896,0.33470666,-1.541990,0.296831,-0.743875,-0.028940,0.000000,0.000000,-2.764641
2937,01 07 09 12 24 31,-0.01003026,0.31904112,-1.541990,-0.555295,-0.606121,0.115760,0.000000,0.000000,0.692093
2938,02 07 09 10 13 22,-0.01004622,0.39332871,-1.803344,-0.664463,0.633672,0.549859,0.000000,0.000000,-0.330684
2939,08 13 14 18 22 38,-0.01005272,0.54764853,1.463583,0.745127,0.909181,-1.620637,0.000000,0.000000,0.748290
2940,01 04 08 10 31 38,-0.01005590,0.51973929,1.071552,0.232477,0.220408,-0.752439,0.000000,0.000000,0.077492
2941,02 04 08 09 10 38,-0.01006198,0.53736015,0.548844,0.702006,1.046936,-0.897139,0.000000,0.000000,-1.600221
2942,02 07 10 13 18 38,-0.01007650,0.60200433,0.940875,-0.846700,0.909181,0.694559,0.000000,0.000000,0.003844
2943,02 04 08 10 12 22,-0.01009371,0.49185429,0.418167,-0.250320,-0.330611,0.260460,0.000000,0.000000,-1.247034
2944,01 09 10 13 22 31,-0.01011385,0.33304084,-1.541990,-0.238468,-0.055102,-0.318339,0.000000,0.000000,0.733139
2945,01 04 07 08 12 31,-0.01011464,0.38186878,-0.104542,-0.638123,-1.570404,0.405159,0.000000,0.000000,0.046112
2946,01 07 10 12 18 24,-0.01014287,0.50438996,0.940875,-0.823571,-0.881630,0.694559,0.000000,0.000000,-0.113688
2947,02 09 10 22 24 38,-0.01015657,0.53455335,-0.496573,0.106542,2.562238,-0.752439,0.000000,0.000000,0.649006
2948,01 07 10 13 18 31,-0.01016028,0.43354673,0.156813,-1.149444,-1.294894,0.983958,0.000000,0.000000,0.382011
2949,01 02 04 09 10 18,-0.01020077,0.50248081,0.418167,-0.617590,-0.743875,0.983958,0.000000,0.000000,-2.100611
2950,02 08 18 22 24 38,-0.01020208,0.66851335,2.116969,0.288339,1.735709,-0.897139,0.000000,0.000000,0.305300
2951,02 04 08 18 31 38,-0.01021415,0.58773079,1.724938,-0.417206,0.220408,-0.028940,0.000000,0.000000,0.531417
2952,02 04 08 09 12 38,-0.01023296,0.50765938,0.418167,0.560146,0.771426,-0.897139,0.000000,0.000000,-0.964966
2953,02 14 18 22 24 38,-0.01023409,0.60394365,0.810198,-0.260140,1.735709,-0.173640,0.000000,0.000000,0.306658
2954,01 04 08 14 18 22,-0.01024172,0.49079200,1.202229,0.078714,-0.881630,-0.318339,0.000000,0.000000,-0.762786
2955,04 09 10 12 14 31,-0.01026364,0.26043416,-1.803344,-0.373983,-1.294894,-0.028940,0.000000,0.000000,0.322810
2956,02 04 09 12 14 22,-0.01026570,0.35227380,-1.803344,-0.499841,-0.055102,0.405159,0.000000,0.000000,-0.620189
2957,02 04 10 14 22 38,-0.01027381,0.53281131,-0.365896,-0.524765,1.597955,0.260460,0.000000,0.000000,0.004257
2958,02 12 13 18 31 38,-0.01028795,0.53715826,0.810198,-0.817462,0.220408,0.405159,0.000000,0.000000,0.855547
2959,01 04 09 10 14 22,-0.01029579,0.35683201,-1.411313,-0.103083,-0.055102,-0.173640,0.000000,0.000000,-0.433833
2960,07 09 12 13 14 31,-0.01034564,0.22331886,-2.456729,-0.353403,-1.157140,-0.028940,0.000000,0.000000,0.214830
2961,02 04 10 12 14 18,-0.01036906,0.48512348,0.548844,-0.814251,-1.432649,1.273358,0.000000,0.000000,-2.228948
2962,01 02 04 07 09 31,-0.01048884,0.35979897,-1.803344,-1.244837,-0.606121,1.418058,0.000000,0.000000,-0.751223
2963,02 10 18 22 24 31,-0.01055917,0.50909805,0.287490,-1.144844,0.082653,0.839259,0.000000,0.000000,0.811082
2964,01 10 12 22 24 31,-0.01056076,0.41140578,-0.496573,-0.637021,-0.192857,0.115760,0.000000,0.000000,0.994064
2965,02 10 18 24 31 38,-0.01058382,0.59991394,1.202229,-0.633336,0.909181,0.260460,0.000000,0.000000,0.463901
2966,01 10 12 18 24 38,-0.01062707,0.61255971,1.986292,-0.094832,0.633672,-0.463039,0.000000,0.000000,0.497839
2967,04 08 12 14 31 38,-0.01063080,0.42737116,0.287490,0.334774,-0.192857,-1.041838,0.000000,0.000000,0.535141
2968,08 10 12 18 24 38,-0.01063443,0.61446204,2.639677,0.697804,0.495917,-1.475938,0.000000,0.000000,0.372887
2969,01 09 10 13 18 38,-0.01064507,0.53419477,0.940875,0.303721,0.771426,-0.897139,0.000000,0.000000,0.168039
2970,04 08 09 14 22 31,-0.01065312,0.29124524,-1.411313,0.264085,-0.468366,-1.041838,0.000000,0.000000,0.861005
2971,01 13 14 22 31 38,-0.01068615,0.43540815,-0.757927,-0.078190,1.046936,-0.607739,0.000000,0.000000,0.921178
2972,01 02 04 08 09 12,-0.01069543,0.44603136,0.156813,0.510878,-1.019385,-0.028940,0.000000,0.000000,-3.861587
2973,02 04 07 10 14 22,-0.01070655,0.42464157,-1.411313,-1.253504,0.082653,1.418058,0.000000,0.000000,-0.743118
2974,07 08 10 13 31 38,-0.01072075,0.46842607,0.287490,0.170152,0.495917,-0.897139,0.000000,0.000000,0.778805
2975,04 08 10 14 18 38,-0.01072241,0.56740997,1.986292,0.507316,0.082653,-1.041838,0.000000,0.000000,-0.281886
2976,04 08 10 12 14 38,-0.01076716,0.49486026,0.940875,0.760242,0.082653,-1.186538,0.000000,0.000000,-0.956700
2977,01 07 08 12 13 18,-0.01078757,0.48743532,1.463583,0.009704,-1.570404,-0.028940,0.000000,0.000000,-1.541484
2978,07 10 12 14 18 24,-0.01080175,0.44172261,0.287490,-0.579414,-1.019385,0.405159,0.000000,0.000000,-0.329067
2979,02 04 08 09 12 22,-0.01080305,0.41684349,-0.496573,0.048638,-0.055102,-0.318339,0.000000,0.000000,-0.705899
2980,10 12 14 18 24 38,-0.01081336,0.54989235,1.332906,0.149325,0.495917,-0.752439,0.000000,0.000000,0.352477
2981,01 02 04 18 31 38,-0.01081800,0.58582845,1.071552,-1.209842,0.358162,0.983958,0.000000,0.000000,0.565816
2982,08 10 12 13 18 38,-0.01087423,0.58140714,2.378323,0.655538,0.082653,-1.331238,0.000000,0.000000,0.024585
2983,01 07 13 14 22 38,-0.01087812,0.47055345,-0.757927,-0.249288,1.460200,-0.318339,0.000000,0.000000,0.670294
2984,07 08 14 22 24 38,-0.01089372,0.50551069,0.156813,0.585613,1.735709,-1.475938,0.000000,0.000000,0.856896
2985,02 10 12 13 18 22,-0.01091275,0.51383148,0.548844,-0.903502,-0.330611,0.839259,0.000000,0.000000,-0.365130
2986,01 02 04 09 31 38,-0.01091495,0.46796871,-0.757927,-0.516097,0.909181,0.260460,0.000000,0.000000,-0.131090
2987,07 08 10 24 31 38,-0.01091620,0.50148097,0.548844,0.212417,0.909181,-1.041838,0.000000,0.000000,1.062622
2988,01 10 12 13 18 38,-0.01092609,0.57950480,1.724938,-0.137097,0.220408,-0.318339,0.000000,0.000000,0.140764
2989,01 02 04 10 12 18,-0.01092820,0.54779084,1.202229,-1.058408,-1.294894,1.562758,0.000000,0.000000,-2.194024
2990,02 04 07 14 22 31,-0.01094069,0.35715247,-2.064698,-1.678972,-0.192857,1.562758,0.000000,0.000000,0.693833
2991,02 09 13 18 31 38,-0.01097491,0.49184823,0.026135,-0.376644,0.771426,-0.173640,0.000000,0.000000,0.739411
2992,01 07 08 18 22 24,-0.01098032,0.53520105,1.332906,-0.185504,-0.055102,-0.318339,0.000000,0.000000,0.358138
2993,07 09 12 14 24 38,-0.01099252,0.39968881,-1.149958,0.246504,1.184691,-1.041838,0.000000,0.000000,0.892588
2994,01 07 14 18 22 24,-0.01099712,0.47063135,0.026135,-0.733982,-0.055102,0.405159,0.000000,0.000000,0.361748
2995,01 07 08 09 13 22,-0.01101048,0.38428640,-0.757927,0.465975,0.082653,-0.897139,0.000000,0.000000,-0.641648
2996,08 09 12 24 31 38,-0.01101260,0.42911320,0.156813,0.966080,0.771426,-2.054737,0.000000,0.000000,1.105957
2997,01 02 04 09 18 38,-0.01105993,0.57830675,0.810198,-0.485416,0.909181,0.260460,0.000000,0.000000,-0.295439
2998,02 04 12 14 18 38,-0.01109548,0.56094943,0.940875,-0.682078,0.220408,0.549859,0.000000,0.000000,-0.404110
2999,01 09 10 12 22 24,-0.01109934,0.40388408,-0.757927,0.087405,0.358162,-0.607739,0.000000,0.000000,0.088858
3000,02 04 07 10 12 31,-0.01111770,0.39091108,-1.149958,-1.768561,-1.019385,1.852157,0.000000,0.000000,0.065612
3001,01 08 09 10 12 13,-0.01112311,0.40191938,0.287490,1.300015,-1.157140,-1.186538,0.000000,0.000000,-3.522933
3002,02 07 12 13 31 38,-0.01115938,0.46196553,-0.757927,-1.019242,0.633672,0.694559,0.000000,0.000000,0.646868
3003,10 12 13 14 22 31,-0.01118272,0.31568352,-1.411313,-0.435129,-0.743875,-0.028940,0.000000,0.000000,0.471380
3004,02 04 14 18 22 31,-0.01118945,0.43234521,-0.496573,-1.477193,-0.606121,1.273358,0.000000,0.000000,0.736551
3005,01 13 14 18 22 38,-0.01119179,0.54574619,0.810198,-0.047508,1.046936,-0.607739,0.000000,0.000000,0.703396
3006,01 02 04 09 10 38,-0.01124898,0.53545781,-0.104542,-0.090629,1.184691,0.115760,0.000000,0.000000,-1.652217
3007,01 02 04 10 22 38,-0.01125160,0.59547867,0.287490,-0.768922,1.735709,0.549859,0.000000,0.000000,-0.022842
3008,01 02 22 24 31 38,-0.01126893,0.55627297,-0.104542,-0.534978,1.873464,0.115760,0.000000,0.000000,0.413975
3009,09 12 13 14 31 38,-0.01131732,0.33148861,-1.411313,0.375336,0.358162,-1.186538,0.000000,0.000000,0.754137
3010,08 09 13 14 18 22,-0.01134829,0.39681178,0.156813,0.911912,-0.468366,-1.475938,0.000000,0.000000,-0.729886
3011,02 04 07 09 14 38,-0.01138933,0.44044666,-1.411313,-0.443038,1.184691,0.260460,0.000000,0.000000,-0.541577
3012,01 04 12 14 31 38,-0.01139028,0.42546883,-0.365896,-0.457862,-0.055102,-0.028940,0.000000,0.000000,0.546486
3013,01 02 04 09 12 38,-0.01139732,0.50575704,-0.235219,-0.232490,0.909181,0.115760,0.000000,0.000000,-1.013607
3014,04 08 09 12 14 38,-0.01139862,0.41984946,0.026135,1.059200,0.358162,-1.765337,0.000000,0.000000,-0.404025
3015,08 09 10 22 24 31,-0.01142411,0.36799808,-0.627250,0.596433,0.220408,-1.475938,0.000000,0.000000,0.727934
3016,07 09 13 14 18 31,-0.01143015,0.29586857,-1.411313,-0.606329,-1.157140,0.115760,0.000000,0.000000,0.722339
3017,02 07 09 24 31 38,-0.01144026,0.44971040,-1.280636,-0.536158,1.597955,-0.028940,0.000000,0.000000,0.903671
3018,02 07 10 12 13 18,-0.01146240,0.49647762,0.418167,-1.120734,-1.019385,1.418058,0.000000,0.000000,-1.473355
3019,01 02 04 07 08 38,-0.01146401,0.59422508,0.940875,-0.110612,0.771426,0.260460,0.000000,0.000000,-2.100610
3020,01 04 10 12 14 22,-0.01147302,0.40214204,-0.627250,-0.543902,-0.606121,0.405159,0.000000,0.000000,-0.593884
3021,02 04 08 10 22 38,-0.01147999,0.59738100,0.940875,0.023714,1.597955,-0.463039,0.000000,0.000000,-0.180541
3022,02 04 08 10 12 18,-0.01148268,0.54969318,1.855615,-0.265773,-1.432649,0.549859,0.000000,0.000000,-2.400035
3023,09 12 14 24 31 38,-0.01154062,0.36454351,-1.149958,0.417602,0.771426,-1.331238,0.000000,0.000000,1.033828
3024,07 08 09 10 24 38,-0.01154639,0.49395927,0.287490,0.936843,1.460200,-1.765337,0.000000,0.000000,0.143846
3025,01 04 10 14 18 38,-0.01157585,0.56550764,1.332906,-0.285320,0.220408,-0.028940,0.000000,0.000000,-0.284464
3026,01 04 09 10 14 18,-0.01157791,0.41467089,0.026135,-0.118535,-1.157140,0.115760,0.000000,0.000000,-1.571003
3027,02 12 13 18 22 31,-0.01159086,0.44634238,-0.104542,-1.328970,-0.606121,0.983958,0.000000,0.000000,1.006044
3028,07 10 13 14 22 31,-0.01161002,0.31304049,-1.934021,-0.889834,-0.330611,0.405159,0.000000,0.000000,0.996685
3029,01 02 04 09 12 22,-0.01161597,0.41494116,-1.149958,-0.743998,0.082653,0.694559,0.000000,0.000000,-0.702473
3030,02 07 09 18 24 38,-0.01164896,0.56004843,0.287490,-0.505476,1.597955,-0.028940,0.000000,0.000000,0.729881
3031,08 09 12 13 14 18,-0.01165701,0.38210096,0.548844,1.149385,-1.570404,-1.331238,0.000000,0.000000,-2.391026
3032,02 04 09 12 14 18,-0.01166155,0.41011268,-0.365896,-0.515293,-1.157140,0.694559,0.000000,0.000000,-1.774208
3033,02 07 09 10 13 18,-0.01166677,0.45116759,-0.365896,-0.679915,-0.468366,0.839259,0.000000,0.000000,-1.517993
3034,04 07 08 10 14 38,-0.01167220,0.49221723,0.418167,0.305536,0.495917,-0.752439,0.000000,0.000000,-0.502173
3035,07 12 13 14 18 31,-0.01167973,0.34117860,-0.627250,-1.047148,-1.708158,0.694559,0.000000,0.000000,0.699723
3036,01 04 08 09 10 22,-0.01169703,0.42140170,-0.104542,0.445395,-0.055102,-0.897139,0.000000,0.000000,-0.647529
3037,07 08 09 10 12 24,-0.01170188,0.38843256,-0.235219,0.662809,-0.468366,-1.041838,0.000000,0.000000,-1.151065
3038,02 07 12 13 22 31,-0.01171986,0.37114964,-1.672667,-1.530749,-0.192857,1.273358,0.000000,0.000000,0.907361
3039,01 04 08 10 18 38,-0.01172599,0.63007733,2.639677,0.263159,0.220408,-0.752439,0.000000,0.000000,-0.312807
3040,04 08 09 10 14 22,-0.01173053,0.35873434,-0.757927,0.689553,-0.192857,-1.186538,0.000000,0.000000,-0.770256
3041,01 07 08 13 22 38,-0.01174789,0.53512315,0.548844,0.299191,1.460200,-1.041838,0.000000,0.000000,0.535336
3042,08 09 12 13 31 38,-0.01176037,0.39605830,-0.104542,0.923815,0.358162,-1.910037,0.000000,0.000000,0.682398
3043,10 12 13 14 18 38,-0.01177308,0.51683745,1.071552,0.107060,0.082653,-0.607739,0.000000,0.000000,-0.102484
3044,01 02 04 12 18 38,-0.01181112,0.62361678,1.594261,-0.926235,0.358162,0.839259,0.000000,0.000000,-0.392370
3045,07 10 13 14 18 38,-0.01183587,0.51419442,0.548844,-0.347645,0.495917,-0.173640,0.000000,0.000000,0.476825
3046,02 04 08 18 22 31,-0.01185344,0.49691490,0.810198,-0.928714,-0.606121,0.549859,0.000000,0.000000,0.632080
3047,02 10 12 18 22 24,-0.01186700,0.54688638,0.810198,-0.861237,0.082653,0.694559,0.000000,0.000000,-0.193730
3048,07 09 14 18 24 31,-0.01190527,0.32892347,-1.149958,-0.564064,-0.743875,-0.028940,0.000000,0.000000,0.964724
3049,04 08 12 14 22 31,-0.01192289,0.33655527,-0.627250,-0.176734,-1.019385,-0.463039,0.000000,0.000000,0.687244
3050,07 10 14 24 31 38,-0.01193909,0.43691128,-0.757927,-0.336061,0.909181,-0.318339,0.000000,0.000000,0.917178
3051,02 04 08 12 18 38,-0.01194095,0.62551912,2.247646,-0.133599,0.220408,-0.173640,0.000000,0.000000,-0.535468
3052,01 02 04 07 10 22,-0.01196897,0.48730893,-0.757927,-1.497661,0.220408,1.707457,0.000000,0.000000,-0.812387
3053,04 09 10 14 18 31,-0.01200807,0.33298387,-0.757927,-0.626909,-1.294894,0.115760,0.000000,0.000000,0.732552
3054,01 04 09 10 12 31,-0.01205708,0.32310152,-1.149958,-0.618140,-1.157140,0.260460,0.000000,0.000000,0.174871
3055,02 04 07 08 22 31,-0.01206049,0.42172216,-0.757927,-1.130493,-0.192857,0.839259,0.000000,0.000000,0.521831
3056,07 08 12 13 18 31,-0.01206448,0.40574830,0.679521,-0.498669,-1.708158,-0.028940,0.000000,0.000000,0.636621
3057,01 07 08 09 13 18,-0.01209467,0.44212529,0.679521,0.450523,-1.019385,-0.607739,0.000000,0.000000,-1.749493
3058,01 07 14 22 24 38,-0.01210167,0.50360836,-0.496573,-0.207022,1.873464,-0.463039,0.000000,0.000000,0.801796
3059,01 08 13 22 31 38,-0.01210177,0.49997785,0.548844,0.470289,1.046936,-1.331238,0.000000,0.000000,0.705350
3060,01 04 08 10 12 38,-0.01213660,0.55752762,1.594261,0.516085,0.220408,-0.897139,0.000000,0.000000,-1.041823
3061,07 08 10 18 24 38,-0.01213925,0.61181901,2.116969,0.243098,0.909181,-1.041838,0.000000,0.000000,0.738554
3062,01 04 12 14 22 31,-0.01216449,0.33465294,-1.280636,-0.969370,-0.881630,0.549859,0.000000,0.000000,0.775312
3063,01 04 08 10 12 22,-0.01217413,0.46671173,0.679521,0.004577,-0.606121,-0.318339,0.000000,0.000000,-0.703854
3064,08 09 12 18 24 38,-0.01219814,0.53945124,1.724938,0.996762,0.771426,-2.054737,0.000000,0.000000,0.787446
3065,02 04 08 09 12 18,-0.01219850,0.47468238,0.940875,0.033185,-1.157140,-0.028940,0.000000,0.000000,-1.859858
3066,02 04 07 12 14 38,-0.01222360,0.48575669,-0.627250,-0.883857,0.633672,0.839259,0.000000,0.000000,-0.650817
3067,08 10 12 22 24 31,-0.01223043,0.41330811,0.156813,0.155615,-0.330611,-0.897139,0.000000,0.000000,0.622833
3068,01 04 09 14 31 38,-0.01227587,0.38015879,-1.149958,-0.017043,0.495917,-0.607739,0.000000,0.000000,0.400923
3069,02 04 07 08 10 22,-0.01229123,0.48921126,-0.104542,-0.705025,0.082653,0.694559,0.000000,0.000000,-0.983993
3070,01 04 10 12 14 18,-0.01231310,0.45998092,0.810198,-0.559354,-1.708158,0.694559,0.000000,0.000000,-1.665564
3071,01 04 07 14 18 31,-0.01232168,0.38984879,-0.365896,-1.439527,-1.570404,1.273358,0.000000,0.000000,0.393415
3072,02 04 09 14 22 38,-0.01232454,0.45780051,-1.280636,-0.225807,1.873464,-0.318339,0.000000,0.000000,0.346661
3073,01 02 04 18 22 31,-0.01232515,0.49501256,0.156813,-1.721350,-0.468366,1.562758,0.000000,0.000000,0.686057
3074,02 07 09 13 31 38,-0.01232708,0.41665549,-1.541990,-0.578423,1.184691,0.115760,0.000000,0.000000,0.459511
3075,07 12 14 18 24 31,-0.01233927,0.37423351,-0.365896,-1.004882,-1.294894,0.549859,0.000000,0.000000,0.914785
3076,07 08 12 18 24 31,-0.01233940,0.43880320,0.940875,-0.456404,-1.294894,-0.173640,0.000000,0.000000,0.908667
3077,01 09 10 12 13 38,-0.01234091,0.46164506,-0.104542,0.556647,0.771426,-1.041838,0.000000,0.000000,-0.751389
3078,07 08 10 13 22 31,-0.01234270,0.37761018,-0.627250,-0.341356,-0.330611,-0.318339,0.000000,0.000000,0.882036
3079,01 04 07 08 12 14,-0.01235025,0.40088845,0.026135,0.114408,-1.570404,0.115760,0.000000,0.000000,-2.770147
3080,01 07 13 14 18 22,-0.01236549,0.43757645,-0.235219,-0.776248,-0.468366,0.549859,0.000000,0.000000,-0.153755
3081,01 07 08 22 24 38,-0.01236922,0.56817805,0.810198,0.341456,1.873464,-1.186538,0.000000,0.000000,0.756059
3082,09 12 14 18 24 38,-0.01238269,0.47488154,0.418167,0.448283,0.771426,-1.331238,0.000000,0.000000,0.766203
3083,07 08 09 12 24 38,-0.01239407,0.46425850,0.156813,0.794982,1.184691,-1.765337,0.000000,0.000000,0.678846
3084,02 09 12 13 22 38,-0.01242516,0.47179768,-0.888604,-0.077584,1.873464,-0.607739,0.000000,0.000000,0.660718
3085,01 04 08 09 10 18,-0.01245091,0.47924058,1.332906,0.429943,-1.157140,-0.607739,0.000000,0.000000,-1.706439
3086,02 04 10 14 18 22,-0.01245547,0.49983431,0.156813,-1.051725,-0.330611,1.128658,0.000000,0.000000,-0.922653
3087,09 10 13 14 22 38,-0.01245622,0.41368853,-1.149958,0.563331,1.735709,-1.475938,0.000000,0.000000,0.729168
3088,01 04 09 12 14 38,-0.01246236,0.41794713,-0.627250,0.266564,0.495917,-0.752439,0.000000,0.000000,-0.437760
3089,02 07 12 24 31 38,-0.01247841,0.49502043,-0.496573,-0.976976,1.046936,0.549859,0.000000,0.000000,0.764225
3090,01 08 13 18 22 38,-0.01248795,0.61031588,2.116969,0.500970,1.046936,-1.331238,0.000000,0.000000,0.505266
3091,07 09 10 13 14 38,-0.01251269,0.39633468,-1.280636,0.346099,1.046936,-0.897139,0.000000,0.000000,-0.305990
3092,02 09 13 18 22 31,-0.01251417,0.40103234,-0.888604,-0.888151,-0.055102,0.405159,0.000000,0.000000,0.854895
3093,01 04 07 08 18 31,-0.01251924,0.45441849,0.940875,-0.891049,-1.570404,0.549859,0.000000,0.000000,0.358047
3094,08 10 13 18 22 31,-0.01251926,0.45280292,0.940875,-0.139577,-0.743875,-0.607739,0.000000,0.000000,0.935451
3095,07 08 10 13 18 38,-0.01253945,0.57876411,1.855615,0.200833,0.495917,-0.897139,0.000000,0.000000,0.366489
3096,01 07 09 12 13 31,-0.01257044,0.28598622,-1.803344,-0.597560,-1.019385,0.260460,0.000000,0.000000,0.002982
3097,04 08 09 14 18 38,-0.01257354,0.49239917,1.071552,0.806274,0.358162,-1.620637,0.000000,0.000000,0.090090
3098,07 08 10 12 18 24,-0.01259168,0.50629230,1.594261,-0.030936,-1.019385,-0.318339,0.000000,0.000000,-0.600349
3099,02 04 07 10 14 18,-0.01261689,0.48248046,0.026135,-1.268956,-1.019385,1.707457,0.000000,0.000000,-1.973360
3100,02 07 09 12 13 38,-0.01262685,0.45444383,-1.019281,-0.294816,1.184691,-0.028940,0.000000,0.000000,-0.395955
3101,01 04 07 08 09 14,-0.01262692,0.35557841,-0.757927,0.555226,-1.019385,-0.463039,0.000000,0.000000,-2.825496
3102,08 12 14 18 22 24,-0.01263542,0.47517672,1.202229,0.513359,-0.606121,-1.041838,0.000000,0.000000,-0.593444
3103,07 10 12 13 14 38,-0.01266227,0.44164471,-0.496573,-0.094720,0.495917,-0.318339,0.000000,0.000000,-0.313792
3104,01 02 04 10 18 22,-0.01267384,0.56250167,0.810198,-1.295882,-0.192857,1.418058,0.000000,0.000000,-0.837242
3105,07 08 09 18 24 31,-0.01269770,0.39349317,0.156813,-0.015585,-0.743875,-0.752439,0.000000,0.000000,0.841224
3106,02 07 09 22 24 31,-0.01270104,0.35889451,-2.195375,-1.047665,0.771426,0.549859,0.000000,0.000000,1.060412
3107,07 08 14 18 22 24,-0.01271538,0.47253369,0.679521,0.058653,-0.192857,-0.607739,0.000000,0.000000,-0.016679
3108,07 08 12 13 14 22,-0.01272038,0.36692908,-0.627250,0.269314,-0.606121,-0.607739,0.000000,0.000000,-0.998379
3109,08 12 13 14 18 22,-0.01272936,0.44212182,0.940875,0.471093,-1.019385,-0.897139,0.000000,0.000000,-0.920136
3110,04 08 09 10 12 31,-0.01273766,0.32500385,-0.496573,0.174496,-1.294894,-0.752439,0.000000,0.000000,-0.049822
3111,01 02 04 07 10 18,-0.01277461,0.54514781,0.679521,-1.513113,-0.881630,1.996857,0.000000,0.000000,-1.878963
3112,07 08 09 13 14 22,-0.01278346,0.32161905,-1.411313,0.710133,-0.055102,-1.186538,0.000000,0.000000,-1.022083
3113,02 10 12 22 24 38,-0.01279569,0.57986338,0.287490,-0.334277,2.011219,-0.173640,0.000000,0.000000,0.272372
3114,01 10 13 18 31 38,-0.01284828,0.54171647,1.202229,-0.420705,0.220408,-0.173640,0.000000,0.000000,0.667040
3115,08 09 10 13 22 38,-0.01286309,0.47825822,0.156813,1.111809,1.735709,-2.199437,0.000000,0.000000,0.662790
3116,07 10 14 18 24 38,-0.01286525,0.54724932,0.810198,-0.305380,0.909181,-0.318339,0.000000,0.000000,0.637095
3117,02 07 12 22 24 31,-0.01290396,0.40420454,-1.411313,-1.488484,0.220408,1.128658,0.000000,0.000000,1.044707
3118,02 04 09 12 18 31,-0.01291238,0.39109302,-0.496573,-1.267824,-1.157140,0.983958,0.000000,0.000000,0.525525
3119,01 02 04 09 12 18,-0.01292356,0.47278004,0.287490,-0.759450,-1.019385,0.983958,0.000000,0.000000,-1.843415
3120,01 04 08 09 22 31,-0.01293023,0.35391260,-0.757927,0.019928,-0.330611,-0.752439,0.000000,0.000000,0.641408
3121,10 13 14 18 22 31,-0.01295030,0.38823323,-0.365896,-0.688055,-0.743875,0.115760,0.000000,0.000000,0.877690
3122,02 07 09 13 22 31,-0.01296518,0.32583961,-2.456729,-1.089931,0.358162,0.694559,0.000000,0.000000,0.708504
3123,02 07 09 12 22 24,-0.01297200,0.39668284,-1.672667,-0.764058,0.771426,0.405159,0.000000,0.000000,0.209214
3124,09 10 12 13 14 38,-0.01299861,0.39897771,-0.757927,0.800804,0.633672,-1.331238,0.000000,0.000000,-0.966591
3125,02 04 09 10 12 14,-0.01303851,0.36726374,-1.280636,-0.120506,-0.881630,0.549859,0.000000,0.000000,-3.306978
3126,02 07 12 13 18 38,-0.01306218,0.57230357,0.810198,-0.988560,0.633672,0.694559,0.000000,0.000000,0.222093
3127,07 08 09 13 18 31,-0.01310373,0.36043827,-0.104542,-0.057850,-1.157140,-0.607739,0.000000,0.000000,0.468294
3128,02 07 08 09 12 13,-0.01311168,0.39471814,-0.627250,0.448552,-0.743875,-0.173640,0.000000,0.000000,-3.419750
3129,01 07 12 13 18 31,-0.01312009,0.40384596,0.026135,-1.291305,-1.570404,0.983958,0.000000,0.000000,0.604093
3130,01 04 09 14 22 31,-0.01312771,0.28934291,-2.064698,-0.528551,-0.330611,-0.028940,0.000000,0.000000,0.618249
3131,02 10 13 22 31 38,-0.01313355,0.50902015,-0.496573,-0.660149,1.597955,0.115760,0.000000,0.000000,0.720595
3132,02 04 07 09 10 31,-0.01316945,0.34560105,-1.934021,-1.327742,-0.468366,1.273358,0.000000,0.000000,-0.252720
3133,01 09 10 12 13 22,-0.01317535,0.37082917,-1.019281,0.045139,-0.055102,-0.463039,0.000000,0.000000,-0.531484
3134,02 04 07 08 10 18,-0.01318473,0.54705015,1.332906,-0.720478,-1.019385,0.983958,0.000000,0.000000,-2.063587
3135,01 02 07 09 12 13,-0.01318704,0.39281581,-1.280636,-0.344084,-0.606121,0.839259,0.000000,0.000000,-3.307053
3136,02 04 08 10 18 22,-0.01320838,0.56440400,1.463583,-0.503246,-0.330611,0.405159,0.000000,0.000000,-1.040299
3137,02 07 09 13 18 38,-0.01325369,0.52699353,0.026135,-0.547742,1.184691,0.115760,0.000000,0.000000,0.179360
3138,02 09 18 24 31 38,-0.01327856,0.52490313,0.287490,-0.334378,1.184691,-0.318339,0.000000,0.000000,0.710894
3139,02 09 18 22 24 31,-0.01327978,0.43408724,-0.627250,-0.845886,0.358162,0.260460,0.000000,0.000000,1.054241
3140,02 04 07 14 18 38,-0.01328829,0.55830640,0.418167,-1.136783,0.633672,0.983958,0.000000,0.000000,-0.140371
3141,10 12 14 22 24 31,-0.01329488,0.34873842,-1.149958,-0.392864,-0.330611,-0.173640,0.000000,0.000000,0.471231
3142,09 12 13 14 18 38,-0.01329490,0.44182664,0.156813,0.406018,0.358162,-1.186538,0.000000,0.000000,0.318282
3143,04 07 09 10 14 31,-0.01333411,0.25779113,-2.326052,-0.828688,-0.881630,0.405159,0.000000,0.000000,0.456522
3144,02 04 08 09 22 38,-0.01339297,0.52237020,0.026135,0.322672,1.873464,-1.041838,0.000000,0.000000,0.182271
3145,04 07 10 12 14 31,-0.01340372,0.30310116,-1.541990,-1.269507,-1.432649,0.983958,0.000000,0.000000,0.460568
3146,02 04 07 10 18 31,-0.01341027,0.46346079,-0.104542,-2.021487,-1.019385,1.996857,0.000000,0.000000,0.394144
3147,01 07 08 13 18 22,-0.01342932,0.50214614,1.071552,-0.227769,-0.468366,-0.173640,0.000000,0.000000,-0.317464
3148,01 04 08 10 12 18,-0.01343643,0.52455062,2.116969,-0.010876,-1.708158,-0.028940,0.000000,0.000000,-1.838088
3149,08 10 18 24 31 38,-0.01345526,0.57667371,2.116969,0.414196,0.495917,-1.331238,0.000000,0.000000,0.766026
3150,07 08 09 12 13 31,-0.01349100,0.28788856,-1.149958,0.195076,-1.157140,-0.752439,0.000000,0.000000,-0.257264
3151,08 09 12 13 18 38,-0.01349497,0.50639634,1.463583,0.954496,0.358162,-1.910037,0.000000,0.000000,0.282541
3152,07 10 14 22 24 31,-0.01350218,0.34609539,-1.672667,-0.847569,0.082653,0.260460,0.000000,0.000000,1.029130
3153,08 09 12 13 22 31,-0.01351182,0.30524241,-1.019281,0.412307,-0.468366,-1.331238,0.000000,0.000000,0.766444
3154,09 12 13 14 22 31,-0.01351563,0.24067272,-2.326052,-0.136171,-0.468366,-0.607739,0.000000,0.000000,0.771978
3155,04 07 08 14 31 38,-0.01352052,0.42472813,-0.235219,-0.119931,0.220408,-0.607739,0.000000,0.000000,0.695632
3156,04 10 12 14 18 31,-0.01352645,0.37829390,0.026135,-1.067728,-1.845913,0.694559,0.000000,0.000000,0.521959
3157,08 09 13 18 31 38,-0.01353355,0.46860801,0.940875,0.670889,0.358162,-1.765337,0.000000,0.000000,1.087878
3158,02 07 10 13 22 38,-0.01356420,0.54416545,-0.496573,-0.831247,2.011219,0.405159,0.000000,0.000000,0.434350
3159,01 09 10 12 13 18,-0.01356693,0.42866806,0.418167,0.029687,-1.157140,-0.173640,0.000000,0.000000,-1.536717
3160,02 07 10 18 22 24,-0.01361860,0.54424335,0.287490,-1.315942,0.495917,1.128658,0.000000,0.000000,0.135376
3161,09 13 14 18 31 38,-0.01365947,0.40403831,-0.365896,0.122410,0.358162,-1.041838,0.000000,0.000000,1.075323
3162,01 04 07 08 09 31,-0.01367898,0.33655875,-0.888604,-0.197304,-1.019385,-0.173640,0.000000,0.000000,-0.496314
3163,01 04 08 09 10 38,-0.01369319,0.51221759,0.810198,0.956903,0.771426,-1.475938,0.000000,0.000000,-1.286795
3164,02 04 07 08 10 38,-0.01372895,0.58002715,0.810198,-0.193518,0.909181,0.115760,0.000000,0.000000,-1.540525
3165,08 09 12 22 24 31,-0.01373369,0.33829731,-0.757927,0.454573,-0.055102,-1.475938,0.000000,0.000000,1.046348
3166,01 02 04 07 10 38,-0.01375813,0.57812482,0.156813,-0.986153,1.046936,1.128658,0.000000,0.000000,-1.420985
3167,01 09 10 18 22 24,-0.01377840,0.47643378,0.287490,-0.165521,0.358162,-0.463039,0.000000,0.000000,0.360131
3168,07 09 12 14 18 24,-0.01378264,0.36671180,-0.627250,-0.280456,-0.743875,-0.173640,0.000000,0.000000,-0.124467
3169,02 04 09 10 22 31,-0.01378853,0.36295490,-1.803344,-1.110511,0.220408,0.694559,0.000000,0.000000,0.682354
3170,09 10 14 22 24 38,-0.01381015,0.44674343,-0.888604,0.605596,2.148974,-1.620637,0.000000,0.000000,0.841354
3171,02 07 12 18 24 38,-0.01383214,0.60535847,1.071552,-0.946295,1.046936,0.549859,0.000000,0.000000,0.420796
3172,04 08 09 10 14 18,-0.01385539,0.41657323,0.679521,0.674100,-1.294894,-0.897139,0.000000,0.000000,-2.032281
3173,01 07 09 18 24 31,-0.01385911,0.39159083,-0.496573,-0.808221,-0.606121,0.260460,0.000000,0.000000,0.793021
3174,01 07 08 10 12 13,-0.01390169,0.44458638,0.548844,0.404491,-1.294894,-0.173640,0.000000,0.000000,-3.331619
3175,01 07 09 12 24 38,-0.01390288,0.46235617,-0.496573,0.002347,1.322445,-0.752439,0.000000,0.000000,0.579172
3176,08 14 22 24 31 38,-0.01390673,0.47036539,0.156813,0.756711,1.322445,-1.765337,0.000000,0.000000,0.632951
3177,01 04 07 10 14 38,-0.01391073,0.49031490,-0.235219,-0.487099,0.633672,0.260460,0.000000,0.000000,-0.709956
3178,07 08 09 10 18 24,-0.01394793,0.46098227,0.810198,0.409883,-0.468366,-0.897139,0.000000,0.000000,-0.815641
3179,01 09 12 13 31 38,-0.01395124,0.39415596,-0.757927,0.131179,0.495917,-0.897139,0.000000,0.000000,0.481676
3180,02 09 12 18 22 24,-0.01395332,0.47187557,-0.104542,-0.562279,0.358162,0.115760,0.000000,0.000000,0.143401
3181,01 08 18 22 24 38,-0.01397343,0.64337079,2.378323,0.543236,1.460200,-1.475938,0.000000,0.000000,0.597964
3182,01 07 09 12 13 14,-0.01398923,0.30500589,-1.672667,0.154971,-1.019385,-0.028940,0.000000,0.000000,-2.692262
3183,01 04 08 12 22 31,-0.01399461,0.39922263,0.026135,-0.420891,-0.881630,-0.173640,0.000000,0.000000,0.498075
3184,01 14 18 22 24 38,-0.01399573,0.57880109,1.071552,-0.005243,1.460200,-0.752439,0.000000,0.000000,0.600759
3185,04 08 09 10 18 31,-0.01400330,0.39755356,0.548844,-0.078430,-1.294894,-0.607739,0.000000,0.000000,0.430853
3186,08 14 18 22 24 38,-0.01402043,0.58070343,1.724938,0.787393,1.322445,-1.765337,0.000000,0.000000,0.473237
3187,01 04 08 12 31 38,-0.01402807,0.49003852,0.940875,0.090617,-0.055102,-0.752439,0.000000,0.000000,0.149590
3188,08 12 13 18 31 38,-0.01403548,0.51391804,1.724938,0.230070,-0.192857,-1.186538,0.000000,0.000000,1.027876
3189,02 04 07 09 14 22,-0.01404487,0.34963077,-2.326052,-0.954546,0.358162,0.839259,0.000000,0.000000,-0.591473
3190,02 07 09 12 13 22,-0.01404560,0.36362794,-1.934021,-0.806323,0.358162,0.549859,0.000000,0.000000,-0.262618
3191,02 09 12 13 18 22,-0.01405611,0.43882067,-0.365896,-0.604544,-0.055102,0.260460,0.000000,0.000000,-0.184602
3192,01 07 10 24 31 38,-0.01407022,0.49957864,-0.104542,-0.580219,1.046936,-0.028940,0.000000,0.000000,0.719208
3193,01 02 08 10 14 31,-0.01410386,0.36065597,0.026135,-0.141618,-1.432649,-0.463039,0.000000,0.000000,0.200605
3194,01 07 10 22 24 31,-0.01410910,0.40876275,-1.019281,-1.091726,0.220408,0.549859,0.000000,0.000000,1.056977
3195,02 04 07 08 31 38,-0.01413268,0.51253805,0.156813,-0.618986,0.633672,0.260460,0.000000,0.000000,-0.128698
3196,01 09 10 13 22 38,-0.01413924,0.47635589,-0.496573,0.319174,1.873464,-1.186538,0.000000,0.000000,0.597586
3197,01 10 13 18 22 31,-0.01415454,0.45090058,0.287490,-0.932212,-0.606121,0.405159,0.000000,0.000000,0.817042
3198,04 08 10 12 14 22,-0.01417732,0.40404437,0.026135,0.248734,-0.743875,-0.607739,0.000000,0.000000,-1.118397
3199,04 08 10 12 18 31,-0.01422824,0.44286359,1.332906,-0.519249,-1.845913,-0.028940,0.000000,0.000000,0.411887
3200,04 08 10 14 22 38,-0.01423599,0.50957109,0.548844,0.522768,1.184691,-1.331238,0.000000,0.000000,0.144786
3201,01 07 10 12 22 24,-0.01424589,0.44655108,-0.496573,-0.808119,0.220408,0.405159,0.000000,0.000000,0.225657
3202,01 09 12 24 31 38,-0.01424881,0.42721087,-0.496573,0.173445,0.909181,-1.041838,0.000000,0.000000,0.750365
3203,01 09 12 13 22 31,-0.01425284,0.30334007,-1.672667,-0.380328,-0.330611,-0.318339,0.000000,0.000000,0.780521
3204,01 02 04 07 22 31,-0.01425618,0.41981983,-1.411313,-1.923129,-0.055102,1.852157,0.000000,0.000000,0.320395
3205,08 09 10 12 13 38,-0.01426521,0.46354740,0.548844,1.349283,0.633672,-2.054737,0.000000,0.000000,-1.160342
3206,01 08 22 24 31 38,-0.01426719,0.53303275,0.810198,0.512554,1.460200,-1.475938,0.000000,0.000000,0.697312
3207,01 14 22 24 31 38,-0.01431043,0.46846306,-0.496573,-0.035924,1.460200,-0.752439,0.000000,0.000000,0.697005
3208,01 07 09 12 18 24,-0.01431751,0.42937916,0.026135,-0.524613,-0.606121,0.115760,0.000000,0.000000,-0.085947
3209,02 07 10 22 24 38,-0.01432035,0.57722035,-0.235219,-0.788982,2.424483,0.260460,0.000000,0.000000,0.635100
3210,01 04 09 10 18 31,-0.01435935,0.39565123,-0.104542,-0.871066,-1.157140,0.405159,0.000000,0.000000,0.501965
3211,01 07 10 12 13 38,-0.01436674,0.50431207,0.156813,-0.338877,0.633672,-0.028940,0.000000,0.000000,-0.448551
3212,07 08 10 22 24 31,-0.01438104,0.41066508,-0.365896,-0.299091,0.082653,-0.463039,0.000000,0.000000,0.892824
3213,01 07 10 18 24 38,-0.01440118,0.60991668,1.463583,-0.549537,1.046936,-0.028940,0.000000,0.000000,0.527305
3214,01 09 12 22 24 31,-0.01441549,0.33639498,-1.411313,-0.338063,0.082653,-0.463039,0.000000,0.000000,1.069199
3215,01 04 10 12 18 31,-0.01441927,0.44096126,0.679521,-1.311885,-1.708158,0.983958,0.000000,0.000000,0.507448
3216,08 10 12 13 22 38,-0.01443309,0.52356825,0.940875,0.670991,1.184691,-1.620637,0.000000,0.000000,0.444549
3217,01 10 12 13 22 38,-0.01443967,0.52166592,0.287490,-0.121645,1.322445,-0.607739,0.000000,0.000000,0.567437
3218,01 07 12 18 24 31,-0.01444034,0.43690086,0.287490,-1.249039,-1.157140,0.839259,0.000000,0.000000,0.721269
3219,01 02 04 09 22 38,-0.01444413,0.52046787,-0.627250,-0.469964,2.011219,-0.028940,0.000000,0.000000,0.150401
3220,01 04 09 12 14 22,-0.01448183,0.32713124,-1.541990,-0.244944,-0.330611,-0.173640,0.000000,0.000000,-0.393421
3221,07 08 13 14 18 22,-0.01448993,0.43947879,0.418167,0.016388,-0.606121,-0.463039,0.000000,0.000000,-0.592359
3222,02 10 13 18 22 38,-0.01449591,0.61935819,1.071552,-0.629468,1.597955,0.115760,0.000000,0.000000,0.375887
3223,02 04 07 08 18 38,-0.01451278,0.62287609,1.724938,-0.588304,0.633672,0.260460,0.000000,0.000000,-0.327881
3224,01 09 12 18 24 38,-0.01454227,0.53754890,1.071552,0.204126,0.909181,-1.041838,0.000000,0.000000,0.564018
3225,02 09 12 22 24 38,-0.01455900,0.50485258,-0.627250,-0.035319,2.286728,-0.752439,0.000000,0.000000,0.657359
3226,09 12 14 22 24 31,-0.01457076,0.27372762,-2.064698,-0.093906,-0.055102,-0.752439,0.000000,0.000000,0.928433
3227,02 04 12 14 22 38,-0.01458318,0.50311054,-0.496573,-0.666625,1.322445,0.260460,0.000000,0.000000,0.026396
3228,01 07 08 09 10 13,-0.01460236,0.39927635,-0.235219,0.845310,-0.743875,-0.752439,0.000000,0.000000,-3.449785
3229,02 12 18 22 24 31,-0.01460887,0.47939728,0.156813,-1.286705,-0.192857,0.839259,0.000000,0.000000,0.871692
3230,01 02 04 08 09 10,-0.01462530,0.47573213,0.287490,0.652738,-0.743875,-0.028940,0.000000,0.000000,-5.104395
3231,01 04 08 09 31 38,-0.01466748,0.44472849,0.156813,0.531435,0.495917,-1.331238,0.000000,0.000000,0.040500
3232,01 04 09 14 18 38,-0.01467392,0.49049683,0.418167,0.013638,0.495917,-0.607739,0.000000,0.000000,-0.097225
3233,02 12 18 24 31 38,-0.01468527,0.57021317,1.071552,-0.775197,0.633672,0.260460,0.000000,0.000000,0.516844
3234,01 04 08 09 18 38,-0.01468631,0.55506653,1.724938,0.562117,0.495917,-1.331238,0.000000,0.000000,-0.105161
3235,02 04 07 09 10 14,-0.01476165,0.36462071,-1.803344,-0.575212,-0.468366,0.983958,0.000000,0.000000,-2.973656
3236,01 04 12 14 18 38,-0.01476450,0.53580687,1.202229,-0.427181,-0.055102,-0.028940,0.000000,0.000000,-0.096286
3237,02 04 09 10 31 38,-0.01477660,0.45377079,-0.888604,-0.599003,1.046936,0.115760,0.000000,0.000000,0.192440
3238,01 09 12 13 18 38,-0.01479377,0.50449400,0.810198,0.161861,0.495917,-0.897139,0.000000,0.000000,0.213983
3239,04 08 14 18 31 38,-0.01479595,0.49992087,1.332906,0.081848,-0.192857,-0.897139,0.000000,0.000000,0.586246
3240,01 04 09 10 12 14,-0.01479866,0.34212118,-1.019281,0.134391,-1.157140,-0.028940,0.000000,0.000000,-2.716350
3241,02 04 07 12 14 22,-0.01480151,0.39494080,-1.541990,-1.395365,-0.192857,1.418058,0.000000,0.000000,-0.689213
3242,02 04 07 08 12 38,-0.01480165,0.55032638,0.679521,-0.335378,0.633672,0.115760,0.000000,0.000000,-1.038862
3243,04 08 09 12 14 22,-0.01483465,0.32903357,-0.888604,0.547692,-0.468366,-1.186538,0.000000,0.000000,-0.569555
3244,07 09 14 18 24 38,-0.01484067,0.47223852,-0.104542,-0.006422,1.184691,-0.897139,0.000000,0.000000,0.990656
3245,04 08 12 14 18 38,-0.01489711,0.53770920,1.855615,0.365455,-0.192857,-1.041838,0.000000,0.000000,-0.239795
3246,02 04 10 12 31 38,-0.01490952,0.49908082,-0.104542,-1.039822,0.495917,0.694559,0.000000,0.000000,0.187106
3247,01 10 18 22 24 31,-0.01492015,0.48395549,0.548844,-0.889947,-0.192857,0.260460,0.000000,0.000000,1.016389
3248,02 04 08 09 18 22,-0.01492902,0.48939320,0.548844,-0.204288,-0.055102,-0.173640,0.000000,0.000000,-0.648990
3249,07 09 13 14 31 38,-0.01492943,0.32884558,-1.934021,-0.079369,0.771426,-0.752439,0.000000,0.000000,0.807601
3250,07 09 14 24 31 38,-0.01493274,0.36190048,-1.672667,-0.037103,1.184691,-0.897139,0.000000,0.000000,1.119887
3251,04 07 08 14 22 31,-0.01494198,0.33391224,-1.149958,-0.631439,-0.606121,-0.028940,0.000000,0.000000,0.828568
3252,02 04 09 14 18 22,-0.01496117,0.42482350,-0.757927,-0.752767,-0.055102,0.549859,0.000000,0.000000,-0.647654
3253,01 04 08 09 12 38,-0.01496548,0.48251682,0.679521,0.815043,0.495917,-1.475938,0.000000,0.000000,-0.814704
3254,01 09 10 22 24 38,-0.01497849,0.50941079,-0.235219,0.361439,2.286728,-1.331238,0.000000,0.000000,0.786025
3255,01 10 12 18 22 24,-0.01498647,0.52174382,1.071552,-0.606340,-0.192857,0.115760,0.000000,0.000000,0.195511
3256,01 10 12 13 18 22,-0.01502268,0.48868891,0.810198,-0.648605,-0.606121,0.260460,0.000000,0.000000,-0.122629
3257,01 04 08 09 12 22,-0.01502889,0.39170093,-0.235219,0.303535,-0.330611,-0.897139,0.000000,0.000000,-0.480569
3258,02 04 10 12 22 31,-0.01503144,0.40826493,-1.019281,-1.551329,-0.330611,1.273358,0.000000,0.000000,0.512572
3259,01 07 10 13 31 38,-0.01503853,0.46652374,-0.365896,-0.622484,0.633672,0.115760,0.000000,0.000000,0.262975
3260,01 09 10 13 18 22,-0.01504398,0.44337888,0.026135,-0.207786,-0.055102,-0.318339,0.000000,0.000000,-0.140144
3261,01 04 10 14 22 38,-0.01504415,0.50766875,-0.104542,-0.269868,1.322445,-0.318339,0.000000,0.000000,0.148917
3262,07 08 12 24 31 38,-0.01505250,0.47178020,0.418167,0.070556,0.633672,-1.041838,0.000000,0.000000,1.110403
3263,02 07 13 18 31 38,-0.01506405,0.53451523,0.287490,-1.272168,0.633672,0.839259,0.000000,0.000000,0.736563
3264,07 09 10 14 22 24,-0.01509959,0.33857369,-1.934021,-0.123143,0.633672,-0.463039,0.000000,0.000000,-0.032943
3265,01 10 18 24 31 38,-0.01515193,0.57477138,1.463583,-0.378439,0.633672,-0.318339,0.000000,0.000000,0.638522
3266,01 04 08 10 22 38,-0.01515548,0.57223844,1.202229,0.278611,1.322445,-1.041838,0.000000,0.000000,0.126324
3267,10 14 18 24 31 38,-0.01518470,0.51210402,0.810198,-0.134282,0.495917,-0.607739,0.000000,0.000000,0.515904
3268,07 08 12 13 14 18,-0.01518645,0.42476796,0.810198,0.253862,-1.708158,-0.318339,0.000000,0.000000,-2.310955
3269,04 07 08 10 14 22,-0.01521173,0.40140134,-0.496573,-0.205971,-0.330611,-0.173640,0.000000,0.000000,-0.683037
3270,01 02 04 12 22 38,-0.01521473,0.56577790,0.156813,-0.910782,1.460200,0.549859,0.000000,0.000000,0.050594
3271,01 02 04 07 08 12,-0.01524216,0.48869836,0.418167,-0.384646,-1.157140,0.983958,0.000000,0.000000,-3.932229
3272,01 07 10 12 13 22,-0.01525292,0.41349618,-0.757927,-0.850384,-0.192857,0.549859,0.000000,0.000000,-0.236313
3273,07 08 09 13 14 18,-0.01526894,0.37945793,0.026135,0.694680,-1.157140,-0.897139,0.000000,0.000000,-2.337534
3274,07 12 13 14 31 38,-0.01527604,0.37415561,-1.149958,-0.520187,0.220408,-0.173640,0.000000,0.000000,0.770609
3275,01 07 09 10 22 24,-0.01531217,0.40124105,-1.280636,-0.367300,0.771426,-0.173640,0.000000,0.000000,0.053325
3276,02 04 07 09 12 31,-0.01534281,0.31590028,-2.064698,-1.469603,-0.743875,1.273358,0.000000,0.000000,0.085876
3277,10 12 13 14 22 38,-0.01537075,0.45899856,-0.365896,0.122512,1.184691,-0.897139,0.000000,0.000000,0.311730
3278,07 08 09 12 18 24,-0.01537825,0.43128150,0.679521,0.268022,-0.743875,-0.897139,0.000000,0.000000,-0.366961
3279,02 04 08 12 22 38,-0.01538984,0.56768024,0.810198,-0.118147,1.322445,-0.463039,0.000000,0.000000,-0.099212
3280,07 10 13 14 22 38,-0.01540120,0.45635553,-0.888604,-0.332193,1.597955,-0.463039,0.000000,0.000000,0.895830
3281,01 04 07 08 10 22,-0.01541899,0.46406870,0.156813,-0.450128,-0.192857,0.115760,0.000000,0.000000,-0.595979
3282,02 04 07 08 12 22,-0.01542350,0.45951049,-0.235219,-0.846886,-0.192857,0.694559,0.000000,0.000000,-0.787461
3283,01 07 09 13 18 31,-0.01542891,0.35853593,-0.757927,-0.850486,-1.019385,0.405159,0.000000,0.000000,0.247675
3284,01 07 10 13 22 31,-0.01544363,0.37570785,-1.280636,-1.133992,-0.192857,0.694559,0.000000,0.000000,0.546486
3285,07 12 14 24 31 38,-0.01546377,0.40721051,-0.888604,-0.477922,0.633672,-0.318339,0.000000,0.000000,1.055572
3286,02 04 07 09 14 18,-0.01547307,0.40746965,-0.888604,-0.969998,-0.743875,1.128658,0.000000,0.000000,-1.750285
3287,01 04 14 18 31 38,-0.01548750,0.49801854,0.679521,-0.710788,-0.055102,0.115760,0.000000,0.000000,0.607653
3288,01 07 09 10 13 38,-0.01551818,0.45900203,-0.627250,0.101942,1.184691,-0.607739,0.000000,0.000000,-0.633499
3289,09 10 12 14 22 24,-0.01551987,0.34121672,-1.411313,0.331562,0.220408,-0.897139,0.000000,0.000000,-0.683821
3290,02 07 09 12 13 18,-0.01565321,0.42146682,-0.496573,-0.821776,-0.743875,0.839259,0.000000,0.000000,-1.448010
3291,01 02 04 09 18 22,-0.01567402,0.48749086,-0.104542,-0.996924,0.082653,0.839259,0.000000,0.000000,-0.635501
3292,02 04 14 22 31 38,-0.01568207,0.46532221,-1.019281,-0.950233,1.322445,0.405159,0.000000,0.000000,0.674646
3293,01 02 04 07 18 38,-0.01569708,0.62097375,1.071552,-1.380940,0.771426,1.273358,0.000000,0.000000,-0.379477
3294,04 07 08 12 14 38,-0.01571349,0.46251646,0.287490,0.163676,0.220408,-0.752439,0.000000,0.000000,-0.440316
3295,04 07 08 09 14 38,-0.01573384,0.41720643,-0.496573,0.604494,0.771426,-1.331238,0.000000,0.000000,-0.457690
3296,01 04 09 12 14 18,-0.01575101,0.38497012,-0.104542,-0.260396,-1.432649,0.115760,0.000000,0.000000,-1.528674
3297,08 10 18 22 24 31,-0.01577790,0.48585782,1.202229,-0.097311,-0.330611,-0.752439,0.000000,0.000000,0.765450
3298,09 10 12 18 24 31,-0.01577887,0.38003594,-0.104542,-0.436421,-0.881630,-0.318339,0.000000,0.000000,0.815636
3299,07 09 10 12 24 31,-0.01580895,0.30484320,-1.672667,-0.638200,-0.468366,-0.028940,0.000000,0.000000,0.731606
3300,07 08 12 13 31 38,-0.01583585,0.43872530,0.156813,0.028291,0.220408,-0.897139,0.000000,0.000000,0.681573
3301,08 10 13 22 31 38,-0.01593708,0.48577992,0.418167,0.387383,1.184691,-1.475938,0.000000,0.000000,1.032782
3302,08 09 18 24 31 38,-0.01594394,0.50166291,1.202229,0.713154,0.771426,-1.910037,0.000000,0.000000,1.043548
3303,01 07 10 13 18 38,-0.01596515,0.57686177,1.202229,-0.591803,0.633672,0.115760,0.000000,0.000000,-0.017177
3304,08 09 10 22 24 38,-0.01597065,0.51131312,0.418167,1.154075,2.148974,-2.344136,0.000000,0.000000,0.515170
3305,07 09 13 14 18 38,-0.01597288,0.43918361,-0.365896,-0.048688,0.771426,-0.752439,0.000000,0.000000,0.510141
3306,02 04 08 22 31 38,-0.01598126,0.52989190,0.287490,-0.401754,1.322445,-0.318339,0.000000,0.000000,0.624222
3307,07 08 09 24 31 38,-0.01599798,0.42647017,-0.365896,0.511375,1.184691,-1.620637,0.000000,0.000000,0.955968
3308,01 04 08 18 31 38,-0.01600594,0.56258823,1.986292,-0.162309,-0.055102,-0.607739,0.000000,0.000000,0.524745
3309,04 09 10 14 31 38,-0.01601228,0.36596087,-1.280636,-0.099949,0.633672,-0.752439,0.000000,0.000000,0.743007
3310,01 04 07 10 14 22,-0.01603370,0.39949901,-1.149958,-0.998607,-0.192857,0.839259,0.000000,0.000000,-0.680952
3311,12 13 14 18 31 38,-0.01603403,0.44934835,0.418167,-0.318408,-0.192857,-0.463039,0.000000,0.000000,0.737884
3312,02 04 12 14 18 22,-0.01605283,0.47013354,0.026135,-1.193585,-0.606121,1.128658,0.000000,0.000000,-0.795027
3313,01 02 04 07 12 38,-0.01605388,0.54842405,0.026135,-1.128014,0.771426,1.128658,0.000000,0.000000,-1.100521
3314,07 08 10 13 22 38,-0.01606596,0.52092522,0.418167,0.216285,1.597955,-1.186538,0.000000,0.000000,0.791244
3315,07 08 09 18 24 38,-0.01608055,0.53680821,1.202229,0.542056,1.184691,-1.620637,0.000000,0.000000,0.800866
3316,04 08 09 14 22 38,-0.01608065,0.43456028,-0.365896,0.821726,1.460200,-1.910037,0.000000,0.000000,0.517720
3317,02 07 10 13 18 22,-0.01610380,0.51118845,0.026135,-1.358207,0.082653,1.273358,0.000000,0.000000,-0.545590
3318,10 13 14 22 31 38,-0.01612880,0.42121023,-0.888604,-0.161095,1.184691,-0.752439,0.000000,0.000000,1.010477
3319,01 12 13 18 31 38,-0.01613455,0.51201570,1.071552,-0.562565,-0.055102,-0.173640,0.000000,0.000000,0.840755
3320,07 08 09 10 13 38,-0.01613661,0.46090437,0.026135,0.894578,1.046936,-1.620637,0.000000,0.000000,-0.848984
3321,08 09 10 12 22 24,-0.01616369,0.40578641,-0.104542,0.880041,0.220408,-1.620637,0.000000,0.000000,-0.785303
3322,01 04 07 08 10 18,-0.01618581,0.52190759,1.594261,-0.465581,-1.294894,0.405159,0.000000,0.000000,-1.656806
3323,04 07 08 10 12 31,-0.01619622,0.36767086,-0.235219,-0.721028,-1.432649,0.260460,0.000000,0.000000,0.040751
3324,02 04 07 12 14 18,-0.01621030,0.45277969,-0.104542,-1.410817,-1.294894,1.707457,0.000000,0.000000,-1.845150
3325,02 10 22 24 31 38,-0.01624716,0.54207505,-0.235219,-0.617884,2.011219,-0.028940,0.000000,0.000000,0.572079
3326,02 04 07 08 09 22,-0.01627128,0.41420046,-1.019281,-0.406067,0.358162,0.115760,0.000000,0.000000,-0.927422
3327,02 12 13 22 31 38,-0.01627728,0.47931938,-0.627250,-0.802010,1.322445,0.115760,0.000000,0.000000,0.915428
3328,07 08 12 18 24 38,-0.01628009,0.58211824,1.986292,0.101238,0.633672,-1.041838,0.000000,0.000000,0.785662
3329,04 08 10 12 14 18,-0.01628279,0.46188326,1.463583,0.233282,-1.845913,-0.318339,0.000000,0.000000,-2.377547
3330,01 04 08 09 12 18,-0.01629766,0.44953981,1.202229,0.288082,-1.432649,-0.607739,0.000000,0.000000,-1.615761
3331,01 07 10 12 13 18,-0.01630476,0.47133506,0.679521,-0.865837,-1.294894,0.839259,0.000000,0.000000,-1.339366
3332,08 09 13 18 22 31,-0.01631554,0.37779212,0.026135,0.159381,-0.468366,-1.186538,0.000000,0.000000,1.019248
3333,01 02 04 07 12 22,-0.01632428,0.45760816,-0.888604,-1.639522,-0.055102,1.707457,0.000000,0.000000,-0.797053
3334,07 12 14 18 24 38,-0.01634788,0.51754855,0.679521,-0.447241,0.633672,-0.318339,0.000000,0.000000,0.781718
3335,04 09 12 14 18 31,-0.01635973,0.30328310,-0.888604,-0.768770,-1.570404,0.115760,0.000000,0.000000,0.748426
3336,01 04 08 10 18 22,-0.01638365,0.53926144,1.724938,-0.248349,-0.606121,-0.173640,0.000000,0.000000,-0.659324
3337,07 08 10 12 13 38,-0.01639588,0.50621440,0.810198,0.453759,0.495917,-1.041838,0.000000,0.000000,-0.873036
3338,02 04 09 10 18 38,-0.01640464,0.56410883,0.679521,-0.568322,1.046936,0.115760,0.000000,0.000000,-0.191630
3339,07 10 12 14 22 24,-0.01647683,0.38388372,-1.149958,-0.563962,0.082653,0.115760,0.000000,0.000000,-0.222627
3340,01 07 09 10 13 22,-0.01648199,0.36818614,-1.541990,-0.409566,0.358162,-0.028940,0.000000,0.000000,-0.432762
3341,09 13 14 18 22 31,-0.01651920,0.31322242,-1.280636,-0.389097,-0.468366,-0.463039,0.000000,0.000000,0.995173
3342,02 04 07 10 12 14,-0.01653507,0.40993075,-1.019281,-1.016030,-1.019385,1.562758,0.000000,0.000000,-3.222034
3343,09 10 12 13 18 31,-0.01653734,0.34698104,-0.365896,-0.478686,-1.294894,-0.173640,0.000000,0.000000,0.390490
3344,02 07 12 13 22 38,-0.01656282,0.51446468,-0.627250,-0.973108,1.735709,0.405159,0.000000,0.000000,0.650682
3345,01 02 04 12 18 22,-0.01657228,0.53280090,0.679521,-1.437742,-0.468366,1.418058,0.000000,0.000000,-0.754222
3346,01 10 12 22 24 38,-0.01657350,0.55472082,0.548844,-0.079380,1.735709,-0.752439,0.000000,0.000000,0.564077
3347,02 07 09 18 22 24,-0.01660373,0.46923255,-0.627250,-1.016984,0.771426,0.549859,0.000000,0.000000,0.339346
3348,02 07 13 18 22 31,-0.01665506,0.44369935,-0.627250,-1.783675,-0.192857,1.418058,0.000000,0.000000,0.844379
3349,01 04 07 10 12 31,-0.01666779,0.36576852,-0.888604,-1.513664,-1.294894,1.273358,0.000000,0.000000,0.094749
3350,07 09 12 13 14 38,-0.01666785,0.36663391,-1.411313,0.204238,0.771426,-0.897139,0.000000,0.000000,-0.261004
3351,01 04 07 14 31 38,-0.01666910,0.42282580,-0.888604,-0.912567,0.358162,0.405159,0.000000,0.000000,0.353022
3352,10 14 18 22 24 31,-0.01671352,0.42128813,-0.104542,-0.645790,-0.330611,-0.028940,0.000000,0.000000,0.632933
3353,01 04 08 12 18 38,-0.01672423,0.60037656,2.509000,0.121298,-0.055102,-0.752439,0.000000,0.000000,-0.392725
3354,01 04 10 14 18 22,-0.01672559,0.47469175,0.418167,-0.796828,-0.606121,0.549859,0.000000,0.000000,-0.703884
3355,02 07 09 13 22 38,-0.01673493,0.46915465,-1.411313,-0.532289,2.286728,-0.173640,0.000000,0.000000,0.610824
3356,08 12 13 18 22 31,-0.01673984,0.42310215,0.810198,-0.281437,-1.019385,-0.607739,0.000000,0.000000,0.970746
3357,02 04 07 14 22 38,-0.01674365,0.50046751,-1.019281,-1.121330,1.735709,0.694559,0.000000,0.000000,0.294927
3358,04 08 14 18 22 31,-0.01674945,0.40910498,0.418167,-0.429660,-1.019385,-0.318339,0.000000,0.000000,0.640358
3359,01 04 14 18 22 31,-0.01676442,0.40720265,-0.235219,-1.222296,-0.881630,0.694559,0.000000,0.000000,0.762002
3360,07 08 09 13 31 38,-0.01677807,0.39341527,-0.627250,0.469110,0.771426,-1.475938,0.000000,0.000000,0.527621
3361,07 09 13 14 22 31,-0.01679113,0.23802969,-2.848761,-0.590877,-0.055102,-0.173640,0.000000,0.000000,0.875314
3362,02 04 07 08 12 18,-0.01683188,0.51734938,1.202229,-0.862338,-1.294894,0.983958,0.000000,0.000000,-1.943337
3363,04 07 08 14 18 38,-0.01685270,0.53506617,1.332906,-0.089250,0.220408,-0.607739,0.000000,0.000000,0.059090
3364,02 04 10 18 31 38,-0.01687321,0.57163053,0.940875,-1.292748,0.495917,0.839259,0.000000,0.000000,0.564363
3365,09 12 13 14 22 38,-0.01688610,0.38398776,-1.280636,0.421470,1.460200,-1.475938,0.000000,0.000000,0.733454
3366,02 04 07 08 09 18,-0.01690733,0.47203935,0.418167,-0.421520,-0.743875,0.405159,0.000000,0.000000,-1.968874
3367,04 08 09 12 14 18,-0.01694658,0.38687246,0.548844,0.532240,-1.570404,-0.897139,0.000000,0.000000,-1.829664
3368,01 04 07 12 14 38,-0.01694966,0.46061413,-0.365896,-0.628960,0.358162,0.260460,0.000000,0.000000,-0.499597
3369,01 02 04 07 31 38,-0.01697405,0.51063572,-0.496573,-1.411621,0.771426,1.273358,0.000000,0.000000,-0.425793
3370,04 08 09 12 18 31,-0.01700834,0.36785279,0.418167,-0.220291,-1.570404,-0.607739,0.000000,0.000000,0.646234
3371,08 09 12 13 22 38,-0.01704736,0.44855745,0.026135,0.969949,1.460200,-2.199437,0.000000,0.000000,0.703463
3372,07 12 13 14 22 31,-0.01706011,0.28333972,-2.064698,-1.031695,-0.606121,0.405159,0.000000,0.000000,0.849823
3373,02 10 18 22 24 38,-0.01707400,0.65241309,1.332906,-0.587203,2.011219,-0.028940,0.000000,0.000000,0.306711
3374,02 07 18 24 31 38,-0.01708067,0.56757014,0.548844,-1.229902,1.046936,0.694559,0.000000,0.000000,0.750570
3375,02 09 13 22 31 38,-0.01710355,0.43400935,-1.411313,-0.361191,1.873464,-0.463039,0.000000,0.000000,0.778654
3376,02 07 18 22 24 31,-0.01713364,0.47675425,-0.365896,-1.741410,0.220408,1.273358,0.000000,0.000000,1.086250
3377,01 12 13 18 22 31,-0.01713761,0.42119981,0.156813,-1.074073,-0.881630,0.405159,0.000000,0.000000,1.035678
3378,01 04 07 09 14 38,-0.01715949,0.41530410,-1.149958,-0.188141,0.909181,-0.318339,0.000000,0.000000,-0.545043
3379,08 10 13 18 22 38,-0.01717329,0.59611796,1.986292,0.418065,1.184691,-1.475938,0.000000,0.000000,0.706763
3380,10 13 14 18 22 38,-0.01720626,0.53154827,0.679521,-0.130414,1.184691,-0.752439,0.000000,0.000000,0.707977
3381,07 12 13 14 18 38,-0.01729567,0.48449365,0.418167,-0.489506,0.220408,-0.173640,0.000000,0.000000,0.328526
3382,04 09 10 14 22 31,-0.01733023,0.27514498,-2.195375,-0.611457,-0.192857,-0.173640,0.000000,0.000000,0.891277
3383,01 02 04 07 09 22,-0.01733709,0.41229813,-1.672667,-1.198703,0.495917,1.128658,0.000000,0.000000,-0.961462
3384,04 07 10 14 18 31,-0.01733785,0.37565087,-0.496573,-1.522433,-1.432649,1.128658,0.000000,0.000000,0.545899
3385,09 10 14 18 22 24,-0.01734565,0.41376643,-0.365896,0.078636,0.220408,-0.752439,0.000000,0.000000,-0.286132
3386,04 07 08 10 14 18,-0.01734954,0.45924023,0.940875,-0.221424,-1.432649,0.115760,0.000000,0.000000,-1.946979
3387,01 04 07 08 10 38,-0.01736340,0.55488459,1.071552,0.061379,0.633672,-0.463039,0.000000,0.000000,-1.227578
3388,01 02 04 22 31 38,-0.01738476,0.52798957,-0.365896,-1.194390,1.460200,0.694559,0.000000,0.000000,0.540150
3389,07 09 10 13 14 22,-0.01739116,0.30551879,-2.195375,-0.165409,0.220408,-0.318339,0.000000,0.000000,-0.685222
3390,07 08 12 13 22 31,-0.01740606,0.34790941,-0.757927,-0.483217,-0.606121,-0.318339,0.000000,0.000000,0.792471
3391,02 04 07 12 18 31,-0.01740614,0.43376002,-0.235219,-2.163348,-1.294894,1.996857,0.000000,0.000000,0.462729
3392,01 04 08 18 22 31,-0.01743811,0.47177234,1.071552,-0.673817,-0.881630,-0.028940,0.000000,0.000000,0.656093
3393,04 07 08 10 18 31,-0.01744246,0.44022056,0.810198,-0.973954,-1.432649,0.405159,0.000000,0.000000,0.524301
3394,02 09 13 18 22 38,-0.01744769,0.54434738,0.156813,-0.330510,1.873464,-0.463039,0.000000,0.000000,0.584799
3395,07 10 12 13 14 22,-0.01746312,0.35082882,-1.411313,-0.606227,-0.330611,0.260460,0.000000,0.000000,-0.681524
3396,02 07 09 22 24 38,-0.01746521,0.50220955,-1.149958,-0.490024,2.699992,-0.318339,0.000000,0.000000,0.815405
3397,01 07 09 18 24 38,-0.01752144,0.53490587,0.548844,-0.250579,1.322445,-0.607739,0.000000,0.000000,0.711255
3398,01 07 09 10 13 18,-0.01755324,0.42602503,-0.104542,-0.425018,-0.743875,0.260460,0.000000,0.000000,-1.538690
3399,04 07 09 12 14 31,-0.01756866,0.22809036,-2.456729,-0.970549,-1.157140,0.405159,0.000000,0.000000,0.489747
3400,01 04 07 14 22 31,-0.01757269,0.33200991,-1.803344,-1.424075,-0.468366,0.983958,0.000000,0.000000,0.562681
3401,07 08 09 13 18 38,-0.01757854,0.50375331,0.940875,0.499791,0.771426,-1.475938,0.000000,0.000000,0.266158
3402,07 08 13 18 31 38,-0.01758963,0.51127501,1.202229,-0.224635,0.220408,-0.752439,0.000000,0.000000,1.089929
3403,07 08 12 22 24 31,-0.01759234,0.38096432,-0.496573,-0.440951,-0.192857,-0.463039,0.000000,0.000000,1.077647
3404,01 04 07 08 22 31,-0.01759765,0.39657960,-0.496573,-0.875596,-0.468366,0.260460,0.000000,0.000000,0.552885
3405,07 13 14 18 31 38,-0.01759879,0.44670532,-0.104542,-0.773113,0.220408,-0.028940,0.000000,0.000000,1.094671
3406,07 08 12 13 18 38,-0.01761250,0.54906334,1.724938,0.058972,0.220408,-0.897139,0.000000,0.000000,0.275486
3407,07 09 14 22 24 31,-0.01762625,0.27108459,-2.587406,-0.548611,0.358162,-0.318339,0.000000,0.000000,1.064363
3408,04 10 12 14 31 38,-0.01762769,0.41127090,-0.496573,-0.540767,0.082653,-0.173640,0.000000,0.000000,0.518038
3409,01 02 04 07 12 18,-0.01764481,0.51544704,0.548844,-1.654974,-1.157140,1.996857,0.000000,0.000000,-1.939912
3410,02 04 08 12 18 22,-0.01770087,0.53470323,1.332906,-0.645107,-0.606121,0.405159,0.000000,0.000000,-1.045289
3411,01 02 04 07 08 10,-0.01772035,0.51839913,0.548844,-0.242786,-0.881630,0.983958,0.000000,0.000000,-4.959966
3412,08 10 12 22 24 38,-0.01773069,0.55662316,1.202229,0.713256,1.597955,-1.765337,0.000000,0.000000,0.268774
3413,02 12 13 18 22 38,-0.01775631,0.58965742,0.940875,-0.771329,1.322445,0.115760,0.000000,0.000000,0.553436
3414,02 04 07 09 18 31,-0.01776681,0.38844999,-1.019281,-1.722529,-0.743875,1.418058,0.000000,0.000000,0.394936
3415,08 09 10 18 22 24,-0.01780612,0.47833612,0.940875,0.627115,0.220408,-1.475938,0.000000,0.000000,-0.360450
3416,01 04 07 10 14 18,-0.01781737,0.45733789,0.287490,-1.014059,-1.294894,1.128658,0.000000,0.000000,-1.892427
3417,07 10 14 22 24 38,-0.01782410,0.48941043,-0.627250,-0.289928,2.011219,-0.607739,0.000000,0.000000,0.849645
3418,02 04 09 12 31 38,-0.01786335,0.42407002,-1.019281,-0.740864,0.771426,0.115760,0.000000,0.000000,0.395714
3419,01 09 13 18 31 38,-0.01786561,0.46670567,0.287490,-0.121747,0.495917,-0.752439,0.000000,0.000000,0.569933
3420,01 02 04 07 09 18,-0.01788527,0.47013701,-0.235219,-1.214155,-0.606121,1.418058,0.000000,0.000000,-1.989898
3421,02 04 09 10 12 38,-0.01790039,0.49155912,-0.365896,-0.315396,1.046936,-0.028940,0.000000,0.000000,-1.081413
3422,09 14 18 24 31 38,-0.01790369,0.43709321,-0.104542,0.164676,0.771426,-1.186538,0.000000,0.000000,0.759304
3423,02 04 07 08 22 38,-0.01792932,0.56503721,0.287490,-0.572852,1.735709,-0.028940,0.000000,0.000000,0.113167
3424,07 10 12 13 18 31,-0.01795382,0.38964804,-0.104542,-1.374210,-1.432649,0.839259,0.000000,0.000000,0.783604
3425,01 07 10 18 22 24,-0.01801009,0.51910079,0.548844,-1.061045,0.220408,0.549859,0.000000,0.000000,0.336162
3426,02 04 09 12 22 31,-0.01801114,0.33325413,-1.934021,-1.252371,-0.055102,0.694559,0.000000,0.000000,0.717347
3427,10 12 14 22 24 38,-0.01801366,0.49205346,-0.104542,0.164777,1.597955,-1.041838,0.000000,0.000000,0.232950
3428,01 09 12 18 22 24,-0.01804768,0.44673301,0.156813,-0.307382,0.082653,-0.463039,0.000000,0.000000,0.388210
3429,01 07 12 13 31 38,-0.01806302,0.43682297,-0.496573,-0.764345,0.358162,0.115760,0.000000,0.000000,0.475473
3430,07 12 14 22 24 31,-0.01807966,0.31639462,-1.803344,-0.989430,-0.192857,0.260460,0.000000,0.000000,1.011548
3431,01 02 08 12 14 31,-0.01809663,0.33095520,-0.104542,-0.283478,-1.708158,-0.463039,0.000000,0.000000,0.269649
3432,01 04 08 09 22 38,-0.01810933,0.49722764,0.287490,0.577569,1.597955,-1.620637,0.000000,0.000000,0.334929
3433,01 04 09 14 22 38,-0.01813575,0.43265795,-1.019281,0.029090,1.597955,-0.897139,0.000000,0.000000,0.337114
3434,09 10 12 24 31 38,-0.01815535,0.41301294,-0.627250,0.090539,1.046936,-1.186538,0.000000,0.000000,1.067243
3435,08 09 12 22 24 38,-0.01818338,0.48161235,0.287490,1.012214,1.873464,-2.344136,0.000000,0.000000,0.847933
3436,04 08 10 14 18 22,-0.01819995,0.47659408,1.071552,-0.004192,-0.743875,-0.463039,0.000000,0.000000,-1.046177
3437,01 04 12 14 22 38,-0.01824573,0.47796798,-0.235219,-0.411728,1.046936,-0.318339,0.000000,0.000000,0.335178
3438,08 09 18 22 24 31,-0.01829244,0.41084702,0.287490,0.201647,-0.055102,-1.331238,0.000000,0.000000,1.039138
3439,01 09 12 13 22 38,-0.01830088,0.44665512,-0.627250,0.177313,1.597955,-1.186538,0.000000,0.000000,0.641614
3440,02 04 14 18 22 38,-0.01831490,0.57566025,0.548844,-0.919551,1.322445,0.405159,0.000000,0.000000,0.141715
3441,01 07 12 24 31 38,-0.01832501,0.46987787,-0.235219,-0.722079,0.771426,-0.028940,0.000000,0.000000,0.749433
3442,01 07 09 24 31 38,-0.01833096,0.42456784,-1.019281,-0.281261,1.322445,-0.607739,0.000000,0.000000,0.734193
3443,08 09 10 13 18 22,-0.01833932,0.44528122,0.679521,0.584849,-0.192857,-1.331238,0.000000,0.000000,-0.752221
3444,02 04 07 10 22 31,-0.01836366,0.40562191,-1.541990,-2.006034,0.082653,1.707457,0.000000,0.000000,0.607504
3445,01 07 09 12 22 24,-0.01841406,0.37154028,-1.411313,-0.509161,0.495917,-0.173640,0.000000,0.000000,0.254356
3446,01 07 12 13 22 31,-0.01841638,0.34600708,-1.411313,-1.275852,-0.468366,0.694559,0.000000,0.000000,0.766651
3447,02 04 09 10 12 22,-0.01841873,0.40074323,-1.280636,-0.826903,0.220408,0.549859,0.000000,0.000000,-0.814678
3448,04 08 12 14 22 38,-0.01842363,0.47987032,0.418167,0.380907,0.909181,-1.331238,0.000000,0.000000,0.184960
3449,07 08 09 13 22 31,-0.01842590,0.30259938,-1.541990,-0.042398,-0.055102,-0.897139,0.000000,0.000000,0.627019
3450,09 12 14 22 24 38,-0.01847197,0.41704266,-1.019281,0.463735,1.873464,-1.620637,0.000000,0.000000,0.811277
3451,01 02 04 18 22 38,-0.01847226,0.63832761,1.202229,-1.163708,1.460200,0.694559,0.000000,0.000000,0.236164
3452,02 07 12 18 22 24,-0.01847674,0.51454258,0.156813,-1.457803,0.220408,1.128658,0.000000,0.000000,0.076213
3453,01 07 12 22 24 31,-0.01854345,0.37906198,-1.149958,-1.233587,-0.055102,0.549859,0.000000,0.000000,1.060600
3454,02 04 10 12 18 38,-0.01858186,0.60941886,1.463583,-1.009140,0.495917,0.694559,0.000000,0.000000,-0.499832
3455,02 04 10 18 22 31,-0.01861946,0.48081464,0.026135,-1.804255,-0.330611,1.418058,0.000000,0.000000,0.649179
3456,08 09 10 12 13 22,-0.01864647,0.37273151,-0.365896,0.837775,-0.192857,-1.475938,0.000000,0.000000,-1.465910
3457,01 04 07 09 10 31,-0.01865909,0.32045849,-1.672667,-1.072845,-0.743875,0.694559,0.000000,0.000000,-0.214627
3458,01 07 12 18 24 38,-0.01866052,0.58021591,1.332906,-0.691398,0.771426,-0.028940,0.000000,0.000000,0.556857
3459,02 07 12 22 24 38,-0.01866108,0.54751958,-0.365896,-0.930843,2.148974,0.260460,0.000000,0.000000,0.652594
3460,02 04 07 14 18 22,-0.01866569,0.46749051,-0.496573,-1.648291,-0.192857,1.562758,0.000000,0.000000,-0.593519
3461,01 04 07 09 10 14,-0.01867369,0.33947815,-1.541990,-0.320315,-0.743875,0.405159,0.000000,0.000000,-2.701836
3462,02 04 07 08 09 38,-0.01873878,0.50501635,-0.104542,0.105440,1.184691,-0.463039,0.000000,0.000000,-1.636519
3463,07 09 10 18 24 31,-0.01875305,0.37739291,-0.627250,-0.891126,-0.468366,0.115760,0.000000,0.000000,0.963613
3464,09 10 13 14 18 22,-0.01875956,0.38071152,-0.627250,0.036371,-0.192857,-0.607739,0.000000,0.000000,-0.808382
3465,09 10 12 13 14 22,-0.01881283,0.30816182,-1.672667,0.289297,-0.192857,-0.752439,0.000000,0.000000,-1.484458
3466,01 07 08 09 12 13,-0.01884465,0.36957558,-0.365896,0.703449,-1.019385,-0.752439,0.000000,0.000000,-3.417707
3467,02 04 08 09 10 12,-0.01884900,0.43183344,0.026135,0.427972,-0.881630,-0.173640,0.000000,0.000000,-4.173920
3468,07 09 10 13 18 31,-0.01885804,0.34433801,-0.888604,-0.933392,-0.881630,0.260460,0.000000,0.000000,0.635282
3469,04 10 12 14 22 31,-0.01886802,0.32045502,-1.411313,-1.052275,-0.743875,0.405159,0.000000,0.000000,0.677808
3470,01 09 18 22 24 31,-0.01890633,0.40894468,-0.365896,-0.590989,0.082653,-0.318339,0.000000,0.000000,1.072052
3471,02 04 08 18 22 38,-0.01891097,0.64022994,1.855615,-0.371073,1.322445,-0.318339,0.000000,0.000000,0.047306
3472,04 08 10 12 31 38,-0.01893962,0.47584060,0.810198,0.007711,0.082653,-0.897139,0.000000,0.000000,0.317573
3473,01 07 12 13 18 38,-0.01894759,0.54716100,1.071552,-0.733663,0.358162,0.115760,0.000000,0.000000,0.201551
3474,07 08 10 12 22 24,-0.01894908,0.44845342,0.156813,-0.015483,0.082653,-0.607739,0.000000,0.000000,-0.594998
3475,02 09 18 22 24 38,-0.01896874,0.57740229,0.418167,-0.288245,2.286728,-0.607739,0.000000,0.000000,0.672226
3476,01 02 04 09 10 12,-0.01897631,0.42993110,-0.627250,-0.364664,-0.743875,0.839259,0.000000,0.000000,-4.068918
3477,01 10 13 22 31 38,-0.01897692,0.48387759,-0.235219,-0.405252,1.322445,-0.463039,0.000000,0.000000,0.706282
3478,04 08 09 10 22 31,-0.01900844,0.33971468,-0.888604,-0.062978,-0.192857,-0.897139,0.000000,0.000000,0.636545
3479,01 04 07 12 14 22,-0.01902088,0.36979824,-1.280636,-1.140468,-0.468366,0.839259,0.000000,0.000000,-0.462925
3480,02 07 12 13 18 22,-0.01903773,0.48148768,-0.104542,-1.500068,-0.192857,1.273358,0.000000,0.000000,-0.319674
3481,01 02 04 07 22 38,-0.01906835,0.56313487,-0.365896,-1.365488,1.873464,0.983958,0.000000,0.000000,0.068280
3482,01 12 18 22 24 31,-0.01909858,0.45425472,0.418167,-1.031808,-0.468366,0.260460,0.000000,0.000000,1.057928
3483,01 04 07 14 18 38,-0.01910920,0.53316384,0.679521,-0.881886,0.358162,0.405159,0.000000,0.000000,-0.151355
3484,01 09 18 24 31 38,-0.01911222,0.49976057,0.548844,-0.079481,0.909181,-0.897139,0.000000,0.000000,0.698019
3485,07 08 10 22 24 38,-0.01913795,0.55398013,0.679521,0.258551,2.011219,-1.331238,0.000000,0.000000,0.648895
3486,01 09 12 13 18 22,-0.01914093,0.41367811,-0.104542,-0.349647,-0.330611,-0.318339,0.000000,0.000000,-0.086533
3487,01 04 08 09 18 22,-0.01914515,0.46425064,0.810198,0.050609,-0.330611,-0.752439,0.000000,0.000000,-0.422223
3488,01 07 10 22 24 38,-0.01914549,0.55207779,0.026135,-0.534085,2.148974,-0.318339,0.000000,0.000000,0.771640
3489,01 09 13 18 22 31,-0.01919775,0.37588978,-0.627250,-0.633254,-0.330611,-0.173640,0.000000,0.000000,0.716102
3490,02 09 22 24 31 38,-0.01919935,0.46706425,-1.149958,-0.318926,2.286728,-0.607739,0.000000,0.000000,0.780930
3491,04 07 08 12 14 22,-0.01920127,0.37170058,-0.627250,-0.347832,-0.606121,-0.173640,0.000000,0.000000,-0.613513
3492,08 12 18 24 31 38,-0.01921362,0.54697294,1.986292,0.272336,0.220408,-1.331238,0.000000,0.000000,0.573494
3493,01 04 12 14 18 22,-0.01921516,0.44499098,0.287490,-0.938688,-0.881630,0.549859,0.000000,0.000000,-0.412136
3494,09 14 18 22 24 31,-0.01922539,0.34627733,-1.019281,-0.346832,-0.055102,-0.607739,0.000000,0.000000,0.907019
3495,01 02 08 09 14 31,-0.01922900,0.28564517,-0.888604,0.157340,-1.157140,-1.041838,0.000000,0.000000,0.087526
3496,01 04 07 08 18 38,-0.01923883,0.59773353,1.986292,-0.333407,0.358162,-0.318339,0.000000,0.000000,-0.176661
3497,04 09 10 14 18 38,-0.01926036,0.47629891,0.287490,-0.069268,0.633672,-0.752439,0.000000,0.000000,0.118924
3498,04 09 10 12 14 38,-0.01929541,0.40374920,-0.757927,0.183658,0.633672,-0.897139,0.000000,0.000000,-0.554453
3499,09 10 12 18 24 38,-0.01929884,0.52335098,0.940875,0.121220,1.046936,-1.186538,0.000000,0.000000,0.754962
3500,04 07 08 09 14 22,-0.01929924,0.32639054,-1.411313,0.092987,-0.055102,-0.752439,0.000000,0.000000,-0.642388
3501,02 04 07 10 31 38,-0.01929998,0.49643779,-0.627250,-1.494527,0.909181,1.128658,0.000000,0.000000,0.125256
3502,02 07 09 13 18 22,-0.01930687,0.43617764,-0.888604,-1.059249,0.358162,0.694559,0.000000,0.000000,-0.373908
3503,01 04 07 09 14 22,-0.01930833,0.32448821,-2.064698,-0.699649,0.082653,0.260460,0.000000,0.000000,-0.519871
3504,01 04 09 10 22 31,-0.01931921,0.33781234,-1.541990,-0.855614,-0.055102,0.115760,0.000000,0.000000,0.714366
3505,01 10 13 18 22 38,-0.01932106,0.59421563,1.332906,-0.374571,1.322445,-0.463039,0.000000,0.000000,0.512427
3506,12 14 18 24 31 38,-0.01935812,0.48240325,0.679521,-0.276143,0.220408,-0.607739,0.000000,0.000000,0.558185
3507,07 10 12 18 24 31,-0.01936887,0.42270294,0.156813,-1.331945,-1.019385,0.694559,0.000000,0.000000,0.886736
3508,02 04 07 08 18 22,-0.01937134,0.53206020,0.810198,-1.099812,-0.192857,0.839259,0.000000,0.000000,-0.704164
3509,04 08 10 12 22 31,-0.01937228,0.38502471,-0.104542,-0.503797,-0.743875,-0.318339,0.000000,0.000000,0.597001
3510,07 08 09 22 24 31,-0.01937305,0.33565428,-1.280636,-0.000133,0.358162,-1.041838,0.000000,0.000000,0.799471
3511,01 09 12 22 24 38,-0.01937768,0.47971002,-0.365896,0.219578,2.011219,-1.331238,0.000000,0.000000,0.794857
3512,01 12 18 24 31 38,-0.01938210,0.54507061,1.332906,-0.520300,0.358162,-0.318339,0.000000,0.000000,0.672395
3513,01 07 09 22 24 31,-0.01938462,0.33375195,-1.934021,-0.792768,0.495917,-0.028940,0.000000,0.000000,0.921619
3514,01 04 07 10 12 14,-0.01940300,0.38478819,-0.757927,-0.761133,-1.294894,0.983958,0.000000,0.000000,-2.795527
3515,07 09 10 12 24 38,-0.01942472,0.44815824,-0.627250,-0.080559,1.460200,-0.897139,0.000000,0.000000,0.656739
3516,01 07 10 13 22 38,-0.01944638,0.51902289,-0.235219,-0.576350,1.735709,-0.173640,0.000000,0.000000,0.414287
3517,07 09 12 14 22 24,-0.01945125,0.30887292,-2.064698,-0.265004,0.358162,-0.463039,0.000000,0.000000,-0.017069
3518,12 13 14 18 22 31,-0.01951513,0.35853246,-0.496573,-0.829916,-1.019385,0.115760,0.000000,0.000000,0.565677
3519,01 04 10 12 22 31,-0.01951803,0.38312237,-0.757927,-1.296432,-0.606121,0.694559,0.000000,0.000000,0.699271
3520,07 09 13 14 22 38,-0.01953174,0.38134473,-1.803344,-0.033235,1.873464,-1.041838,0.000000,0.000000,0.930105
3521,01 04 07 08 12 38,-0.01953741,0.52518382,0.940875,-0.080481,0.358162,-0.463039,0.000000,0.000000,-0.889079
3522,01 04 09 12 18 31,-0.01955085,0.36595046,-0.235219,-1.012927,-1.432649,0.405159,0.000000,0.000000,0.393415
3523,01 07 09 12 13 38,-0.01956607,0.42930126,-0.757927,-0.039919,0.909181,-0.607739,0.000000,0.000000,-0.572621
3524,04 08 09 14 18 22,-0.01958835,0.40158328,0.156813,0.294766,-0.468366,-1.041838,0.000000,0.000000,-0.605646
3525,01 04 10 12 31 38,-0.01960323,0.47393826,0.156813,-0.784925,0.220408,0.115760,0.000000,0.000000,0.343118
3526,04 08 09 10 12 14,-0.01961675,0.34402352,-0.365896,0.927026,-1.294894,-1.041838,0.000000,0.000000,-3.554027
3527,01 04 07 08 12 22,-0.01965257,0.43436793,0.026135,-0.591989,-0.468366,0.115760,0.000000,0.000000,-0.562611
3528,04 08 09 10 31 38,-0.01968577,0.43053057,0.026135,0.448530,0.633672,-1.475938,0.000000,0.000000,0.192668
3529,08 09 13 22 31 38,-0.01970101,0.41076912,-0.496573,0.686341,1.460200,-2.054737,0.000000,0.000000,1.121371
3530,02 04 07 09 12 14,-0.01974842,0.33491995,-1.934021,-0.717072,-0.743875,0.983958,0.000000,0.000000,-3.051875
3531,02 07 09 10 12 13,-0.01979976,0.37861788,-1.411313,-0.426989,-0.468366,0.694559,0.000000,0.000000,-3.391104
3532,02 04 09 10 12 18,-0.01980124,0.45858212,0.156813,-0.842356,-0.881630,0.839259,0.000000,0.000000,-1.966721
3533,07 08 18 24 31 38,-0.01980572,0.54432991,1.463583,-0.182369,0.633672,-0.897139,0.000000,0.000000,1.074383
3534,08 10 12 13 18 22,-0.01981229,0.49059125,1.463583,0.144031,-0.743875,-0.752439,0.000000,0.000000,-0.956086
3535,02 04 09 10 22 38,-0.01984706,0.50626994,-0.757927,-0.552869,2.148974,-0.173640,0.000000,0.000000,0.245585
3536,07 09 10 13 14 18,-0.01986371,0.36335767,-0.757927,-0.180861,-0.881630,-0.028940,0.000000,0.000000,-1.998757
3537,01 04 07 08 31 38,-0.01987696,0.48739549,0.418167,-0.364089,0.358162,-0.318339,0.000000,0.000000,-0.128330
3538,09 13 14 22 31 38,-0.01989835,0.34619943,-1.803344,0.137863,1.460200,-1.331238,0.000000,0.000000,1.098233
3539,02 04 09 18 31 38,-0.01990955,0.49661973,0.026135,-0.993790,0.771426,0.260460,0.000000,0.000000,0.760747
3540,07 10 12 13 14 18,-0.01991626,0.40866770,0.026135,-0.621680,-1.432649,0.549859,0.000000,0.000000,-1.992183
3541,08 09 13 18 22 38,-0.01991900,0.52110716,1.071552,0.717023,1.460200,-2.054737,0.000000,0.000000,0.946204
3542,07 08 09 10 13 14,-0.01993826,0.33660899,-0.888604,1.089467,-0.881630,-1.041838,0.000000,0.000000,-4.358078
3543,09 13 14 18 22 38,-0.01995759,0.45653747,-0.235219,0.168544,1.460200,-1.331238,0.000000,0.000000,0.946586
3544,09 10 12 13 31 38,-0.01997209,0.37995804,-0.888604,0.048274,0.633672,-1.041838,0.000000,0.000000,0.485313
3545,07 13 14 18 22 31,-0.02004428,0.35588943,-1.019281,-1.284621,-0.606121,0.549859,0.000000,0.000000,1.075893
3546,08 10 12 18 22 24,-0.02005122,0.52364615,1.724938,0.186296,-0.330611,-0.897139,0.000000,0.000000,-0.678710
3547,01 04 07 10 18 31,-0.02005522,0.43831823,0.156813,-1.766590,-1.294894,1.418058,0.000000,0.000000,0.261076
3548,04 07 08 09 12 31,-0.02006597,0.29266005,-1.149958,-0.422070,-1.157140,-0.318339,0.000000,0.000000,0.113663
3549,04 07 08 09 10 31,-0.02008231,0.32236082,-1.019281,-0.280210,-0.881630,-0.318339,0.000000,0.000000,-0.549344
3550,01 02 04 07 18 22,-0.02011147,0.53015787,0.156813,-1.892448,-0.055102,1.852157,0.000000,0.000000,-0.689953
3551,07 08 09 10 13 22,-0.02011468,0.37008848,-0.888604,0.383070,0.220408,-1.041838,0.000000,0.000000,-1.094818
3552,01 02 04 07 09 38,-0.02015603,0.50311401,-0.757927,-0.687195,1.322445,0.549859,0.000000,0.000000,-1.722626
3553,01 04 08 12 22 38,-0.02016665,0.54253767,1.071552,0.136750,1.046936,-1.041838,0.000000,0.000000,0.044490
3554,01 07 09 13 18 38,-0.02018321,0.50185097,0.287490,-0.292845,0.909181,-0.463039,0.000000,0.000000,0.004131
3555,07 08 13 18 22 31,-0.02019037,0.42045912,0.287490,-0.736143,-0.606121,-0.173640,0.000000,0.000000,1.048150
3556,07 08 09 12 13 38,-0.02020714,0.43120360,-0.104542,0.752717,0.771426,-1.620637,0.000000,0.000000,-0.791460
3557,08 12 13 22 31 38,-0.02022234,0.45607915,0.287490,0.245523,0.909181,-1.475938,0.000000,0.000000,1.058493
3558,08 10 22 24 31 38,-0.02026197,0.51883483,0.679521,0.429649,1.597955,-1.620637,0.000000,0.000000,0.704810
3559,01 04 09 14 18 22,-0.02027216,0.39968094,-0.496573,-0.497870,-0.330611,-0.028940,0.000000,0.000000,-0.583092
3560,01 07 09 13 31 38,-0.02027481,0.39151293,-1.280636,-0.323526,0.909181,-0.463039,0.000000,0.000000,0.133430
3561,07 08 10 12 13 22,-0.02029632,0.41539851,-0.104542,-0.057749,-0.330611,-0.463039,0.000000,0.000000,-1.107370
3562,01 04 07 12 14 18,-0.02030300,0.42763712,0.156813,-1.155920,-1.570404,1.128658,0.000000,0.000000,-1.600095
3563,04 07 08 14 22 38,-0.02034687,0.47722729,-0.104542,-0.073798,1.322445,-0.897139,0.000000,0.000000,0.488637
3564,08 12 18 22 24 31,-0.02037995,0.45615705,1.071552,-0.239172,-0.606121,-0.752439,0.000000,0.000000,0.744227
3565,08 09 10 12 13 14,-0.02039677,0.33925202,-0.365896,1.544172,-1.294894,-1.475938,0.000000,0.000000,-5.014617
3566,04 09 12 14 31 38,-0.02042863,0.33626010,-1.411313,-0.241809,0.358162,-0.752439,0.000000,0.000000,0.749297
3567,01 04 07 08 09 22,-0.02043990,0.38905790,-0.757927,-0.151170,0.082653,-0.463039,0.000000,0.000000,-0.693615
3568,07 09 10 12 13 31,-0.02046344,0.27178830,-1.934021,-0.680466,-0.881630,0.115760,0.000000,0.000000,-0.270746
3569,01 07 09 12 13 22,-0.02047813,0.33848538,-1.672667,-0.551426,0.082653,-0.028940,0.000000,0.000000,-0.364217
3570,07 10 14 18 22 24,-0.02049230,0.45643343,-0.104542,-0.816888,0.082653,0.260460,0.000000,0.000000,-0.149348
3571,04 07 09 14 18 31,-0.02051336,0.30064007,-1.411313,-1.223475,-1.157140,0.549859,0.000000,0.000000,0.721664
3572,01 04 09 10 31 38,-0.02051441,0.42862823,-0.627250,-0.344106,0.771426,-0.463039,0.000000,0.000000,0.193766
3573,02 04 09 12 18 38,-0.02051746,0.53440806,0.548844,-0.710182,0.771426,0.115760,0.000000,0.000000,-0.140371
3574,09 10 13 18 31 38,-0.02051899,0.45250775,0.156813,-0.204652,0.633672,-0.897139,0.000000,0.000000,1.072471
3575,04 07 12 14 18 31,-0.02052326,0.34595010,-0.627250,-1.664293,-1.708158,1.128658,0.000000,0.000000,0.734556
3576,08 09 12 18 22 24,-0.02053625,0.44863535,0.810198,0.485254,-0.055102,-1.475938,0.000000,0.000000,-0.104342
3577,01 04 08 09 10 12,-0.02055229,0.40669088,0.287490,0.682869,-1.157140,-0.752439,0.000000,0.000000,-3.574867
3578,07 08 10 18 22 24,-0.02057210,0.52100312,1.202229,-0.268409,0.082653,-0.463039,0.000000,0.000000,-0.167270
3579,01 04 07 09 14 18,-0.02060986,0.38232709,-0.627250,-0.715101,-1.019385,0.549859,0.000000,0.000000,-1.659916
3580,07 08 09 12 22 24,-0.02062463,0.37344261,-0.757927,0.283475,0.358162,-1.186538,0.000000,0.000000,-0.197009
3581,07 08 10 12 13 14,-0.02070166,0.38191903,-0.104542,0.648648,-1.432649,-0.463039,0.000000,0.000000,-4.456818
3582,07 10 13 14 18 22,-0.02070410,0.42337853,-0.365896,-0.859153,-0.330611,0.405159,0.000000,0.000000,-0.493501
3583,01 07 09 13 22 31,-0.02070579,0.30069704,-2.195375,-0.835034,0.082653,0.115760,0.000000,0.000000,0.413108
3584,07 08 09 10 22 24,-0.02081376,0.40314338,-0.627250,0.425335,0.633672,-1.186538,0.000000,0.000000,-0.885615
3585,01 10 18 22 24 38,-0.02084211,0.62727053,1.594261,-0.332306,1.735709,-0.607739,0.000000,0.000000,0.599854
3586,02 12 22 24 31 38,-0.02086446,0.51237428,-0.365896,-0.759745,1.735709,-0.028940,0.000000,0.000000,0.548599
3587,07 12 13 14 22 38,-0.02087393,0.42665476,-1.019281,-0.474054,1.322445,-0.463039,0.000000,0.000000,0.745614
3588,07 09 14 22 24 38,-0.02089761,0.41439963,-1.541990,0.009030,2.286728,-1.186538,0.000000,0.000000,1.040522
3589,01 04 07 08 12 18,-0.02093428,0.49220682,1.463583,-0.607441,-1.570404,0.405159,0.000000,0.000000,-1.699720
3590,01 02 08 14 18 31,-0.02093769,0.40350491,0.940875,-0.536404,-1.708158,-0.318339,0.000000,0.000000,0.516920
3591,01 04 07 08 09 18,-0.02094927,0.44689679,0.679521,-0.166623,-1.019385,-0.173640,0.000000,0.000000,-1.716300
3592,04 07 08 09 14 18,-0.02095491,0.38422943,0.026135,0.077534,-1.157140,-0.463039,0.000000,0.000000,-1.834899
3593,04 08 10 18 31 38,-0.02096152,0.54839031,1.855615,-0.245215,0.082653,-0.752439,0.000000,0.000000,0.686205
3594,08 10 18 22 24 38,-0.02096267,0.62917286,2.247646,0.460330,1.597955,-1.620637,0.000000,0.000000,0.458130
3595,02 04 07 10 18 38,-0.02097007,0.60677583,0.940875,-1.463845,0.909181,1.128658,0.000000,0.000000,-0.265043
3596,04 08 14 22 31 38,-0.02097014,0.44208199,-0.104542,0.097300,0.909181,-1.186538,0.000000,0.000000,0.618740
3597,08 09 10 12 13 18,-0.02099471,0.43057040,1.071552,0.822323,-1.294894,-1.186538,0.000000,0.000000,-2.761028
3598,01 10 22 24 31 38,-0.02103350,0.51693249,0.026135,-0.362987,1.735709,-0.607739,0.000000,0.000000,0.714369
3599,01 07 10 13 18 22,-0.02106313,0.48604589,0.287490,-1.103310,-0.192857,0.694559,0.000000,0.000000,-0.428930
3600,07 08 10 13 18 22,-0.02107432,0.48794822,0.940875,-0.310675,-0.330611,-0.318339,0.000000,0.000000,-0.554449
3601,07 08 09 13 22 38,-0.02109859,0.44591442,-0.496573,0.515243,1.873464,-1.765337,0.000000,0.000000,0.691872
3602,01 04 09 10 18 38,-0.02112423,0.53896627,0.940875,-0.313425,0.771426,-0.463039,0.000000,0.000000,-0.039450
3603,10 14 22 24 31 38,-0.02113790,0.45426513,-0.627250,-0.118830,1.597955,-0.897139,0.000000,0.000000,0.581138
3604,02 04 12 18 31 38,-0.02114871,0.54192976,0.810198,-1.434608,0.220408,0.839259,0.000000,0.000000,0.591520
3605,07 08 12 13 22 38,-0.02115195,0.49122446,0.287490,0.074425,1.322445,-1.186538,0.000000,0.000000,0.698325
3606,02 07 13 22 31 38,-0.02117976,0.47667635,-1.149958,-1.256715,1.735709,0.549859,0.000000,0.000000,0.777722
3607,04 08 09 10 18 38,-0.02118767,0.54086860,1.594261,0.479211,0.633672,-1.475938,0.000000,0.000000,-0.172713
3608,10 14 18 22 24 38,-0.02120955,0.56460317,0.940875,-0.088148,1.597955,-0.897139,0.000000,0.000000,0.427653
3609,04 07 09 10 14 38,-0.02127003,0.40110617,-1.280636,-0.271047,1.046936,-0.463039,0.000000,0.000000,-0.258388
3610,04 07 10 14 31 38,-0.02127737,0.40862788,-1.019281,-0.995473,0.495917,0.260460,0.000000,0.000000,0.565938
3611,04 07 08 12 14 18,-0.02132614,0.42953946,0.810198,-0.363284,-1.708158,0.115760,0.000000,0.000000,-1.875539
3612,04 07 08 12 18 31,-0.02133291,0.41051980,0.679521,-1.115815,-1.708158,0.405159,0.000000,0.000000,0.608505
3613,10 12 13 18 31 38,-0.02135280,0.49781778,0.940875,-0.645471,0.082653,-0.318339,0.000000,0.000000,0.963299
3614,02 04 07 10 12 38,-0.02138068,0.53422612,-0.104542,-1.210920,0.909181,0.983958,0.000000,0.000000,-0.994059
3615,08 12 13 18 22 38,-0.02141651,0.56641719,1.855615,0.276204,0.909181,-1.475938,0.000000,0.000000,0.738703
3616,01 04 14 22 31 38,-0.02145770,0.44017965,-0.757927,-0.695336,1.046936,-0.173640,0.000000,0.000000,0.670370
3617,07 09 12 13 14 22,-0.02149458,0.27581802,-2.326052,-0.307269,-0.055102,-0.318339,0.000000,0.000000,-0.632569
3618,01 02 04 07 10 12,-0.02150820,0.47259811,-0.365896,-1.260187,-0.881630,1.852157,0.000000,0.000000,-3.841055
3619,09 10 12 13 14 18,-0.02151931,0.36600070,-0.235219,0.273844,-1.294894,-0.463039,0.000000,0.000000,-2.832651
3620,01 04 09 10 12 38,-0.02152513,0.46641656,-0.104542,-0.060499,0.771426,-0.607739,0.000000,0.000000,-0.767029
3621,02 12 18 22 24 38,-0.02152975,0.62271232,1.202229,-0.729063,1.735709,-0.028940,0.000000,0.000000,0.307163
3622,01 07 09 12 13 18,-0.02153644,0.39632426,-0.235219,-0.566879,-1.019385,0.260460,0.000000,0.000000,-1.468228
3623,01 04 09 10 12 22,-0.02153678,0.37560067,-1.019281,-0.572006,-0.055102,-0.028940,0.000000,0.000000,-0.425227
3624,02 04 09 10 18 22,-0.02154311,0.47329294,-0.235219,-1.079829,0.220408,0.694559,0.000000,0.000000,-0.609381
3625,02 07 13 18 22 38,-0.02156594,0.58701439,0.418167,-1.226034,1.735709,0.549859,0.000000,0.000000,0.577638
3626,09 10 12 13 18 38,-0.02166465,0.49029608,0.679521,0.078955,0.633672,-1.041838,0.000000,0.000000,0.091685
3627,04 10 14 18 31 38,-0.02167110,0.48382061,0.548844,-0.793693,0.082653,-0.028940,0.000000,0.000000,0.587177
3628,02 04 09 18 22 31,-0.02168168,0.40580384,-0.888604,-1.505297,-0.055102,0.839259,0.000000,0.000000,0.841729
3629,04 08 09 12 31 38,-0.02168738,0.40082980,-0.104542,0.306669,0.358162,-1.475938,0.000000,0.000000,0.556711
3630,04 09 12 14 22 31,-0.02169483,0.24544421,-2.326052,-0.753317,-0.468366,-0.173640,0.000000,0.000000,0.905234
3631,01 04 08 22 31 38,-0.02176658,0.50474934,0.548844,-0.146857,1.046936,-0.897139,0.000000,0.000000,0.618508
3632,07 09 10 24 31 38,-0.02177106,0.41036991,-1.149958,-0.364166,1.460200,-0.752439,0.000000,0.000000,1.120176
3633,07 10 12 13 31 38,-0.02178987,0.42262504,-0.627250,-0.847250,0.495917,-0.028940,0.000000,0.000000,0.818972
3634,07 14 18 24 31 38,-0.02180743,0.47976022,0.156813,-0.730848,0.633672,-0.173640,0.000000,0.000000,0.783923
3635,02 04 07 09 10 22,-0.02181933,0.39810020,-1.803344,-1.281609,0.633672,0.983958,0.000000,0.000000,-0.729876
3636,04 10 12 14 18 38,-0.02185195,0.52160894,1.071552,-0.510086,0.082653,-0.173640,0.000000,0.000000,-0.250669
3637,02 13 18 22 31 38,-0.02188830,0.55186909,0.418167,-1.054936,1.322445,0.260460,0.000000,0.000000,0.752323
3638,09 10 12 13 22 31,-0.02190479,0.28914215,-1.803344,-0.463234,-0.192857,-0.463039,0.000000,0.000000,0.542506
3639,10 12 14 18 22 24,-0.02191813,0.45907646,0.418167,-0.362183,-0.330611,-0.173640,0.000000,0.000000,-0.949199
3640,01 04 07 09 12 31,-0.02193377,0.29075772,-1.803344,-1.214706,-1.019385,0.694559,0.000000,0.000000,-0.039194
3641,07 09 10 18 24 38,-0.02193384,0.52070795,0.418167,-0.333485,1.460200,-0.752439,0.000000,0.000000,0.953189
3642,09 12 14 18 22 24,-0.02194279,0.38406566,-0.496573,-0.063225,-0.055102,-0.752439,0.000000,0.000000,-0.306625
3643,02 04 07 10 12 22,-0.02195077,0.44341024,-1.019281,-1.722427,0.082653,1.562758,0.000000,0.000000,-0.734991
3644,01 07 13 18 31 38,-0.02195799,0.50937267,0.548844,-1.017271,0.358162,0.260460,0.000000,0.000000,0.566606
3645,07 08 18 22 24 31,-0.02197298,0.45351402,0.548844,-0.693877,-0.192857,-0.318339,0.000000,0.000000,1.096826
3646,01 04 08 12 18 22,-0.02197746,0.50956067,1.594261,-0.390210,-0.881630,-0.173640,0.000000,0.000000,-0.827478
3647,01 12 13 22 31 38,-0.02202468,0.45417682,-0.365896,-0.547113,1.046936,-0.463039,0.000000,0.000000,0.915334
3648,01 07 09 18 22 24,-0.02203609,0.44408998,-0.365896,-0.762087,0.495917,-0.028940,0.000000,0.000000,0.385926
3649,02 04 10 12 22 38,-0.02204368,0.55157998,0.026135,-0.993688,1.597955,0.405159,0.000000,0.000000,-0.065493
3650,10 12 13 14 18 22,-0.02210963,0.42602156,0.156813,-0.404448,-0.743875,-0.028940,0.000000,0.000000,-1.290345
3651,04 08 09 12 22 31,-0.02214591,0.31001391,-1.019281,-0.204839,-0.468366,-0.897139,0.000000,0.000000,0.832306
3652,07 10 12 24 31 38,-0.02214666,0.45567995,-0.365896,-0.804985,0.909181,-0.173640,0.000000,0.000000,1.078888
3653,09 10 12 22 24 31,-0.02216224,0.32219705,-1.541990,-0.420969,0.220408,-0.607739,0.000000,0.000000,0.817140
3654,07 08 12 22 24 38,-0.02225239,0.52427936,0.548844,0.116690,1.735709,-1.331238,0.000000,0.000000,0.848067
3655,01 04 10 12 18 38,-0.02225735,0.58427630,1.724938,-0.754243,0.220408,0.115760,0.000000,0.000000,-0.192967
3656,12 13 14 22 31 38,-0.02229232,0.39150946,-1.019281,-0.302956,0.909181,-0.752439,0.000000,0.000000,0.757919
3657,02 04 07 12 31 38,-0.02229243,0.46673702,-0.757927,-1.636387,0.633672,1.128658,0.000000,0.000000,0.342503
3658,04 08 12 14 18 22,-0.02232290,0.44689331,0.940875,-0.146053,-1.019385,-0.463039,0.000000,0.000000,-0.996419
3659,07 09 10 12 18 24,-0.02234422,0.41518124,-0.104542,-0.607519,-0.468366,-0.028940,0.000000,0.000000,-0.379484
3660,07 08 09 10 13 18,-0.02236212,0.42792737,0.548844,0.367618,-0.881630,-0.752439,0.000000,0.000000,-2.375003
3661,12 14 18 22 24 31,-0.02240574,0.39158736,-0.235219,-0.787651,-0.606121,-0.028940,0.000000,0.000000,0.450200
3662,04 07 10 12 14 38,-0.02241285,0.44641621,-0.496573,-0.711865,0.495917,0.115760,0.000000,0.000000,-0.413341
3663,07 12 14 22 24 38,-0.02242423,0.45970966,-0.757927,-0.431788,1.735709,-0.607739,0.000000,0.000000,0.828709
3664,04 07 08 10 22 31,-0.02243467,0.38238168,-0.627250,-0.958502,-0.330611,0.115760,0.000000,0.000000,0.731910
3665,01 07 12 13 22 38,-0.02244177,0.48932212,-0.365896,-0.718211,1.460200,-0.173640,0.000000,0.000000,0.631098
3666,08 09 12 13 18 22,-0.02245891,0.41558045,0.548844,0.442989,-0.468366,-1.331238,0.000000,0.000000,-0.701964
3667,04 08 10 12 18 38,-0.02248581,0.58617864,2.378323,0.038392,0.082653,-0.897139,0.000000,0.000000,-0.350677
3668,02 04 07 12 22 31,-0.02249197,0.37592114,-1.672667,-2.147895,-0.192857,1.707457,0.000000,0.000000,0.656469
3669,07 08 10 12 13 18,-0.02252435,0.47323740,1.332906,-0.073201,-1.432649,-0.173640,0.000000,0.000000,-2.384680
3670,04 07 08 09 18 31,-0.02254820,0.36520976,-0.104542,-0.674996,-1.157140,-0.173640,0.000000,0.000000,0.414097
3671,01 04 07 14 22 38,-0.02255809,0.47532495,-0.757927,-0.866433,1.460200,0.115760,0.000000,0.000000,0.284901
3672,02 04 10 22 31 38,-0.02257405,0.51379165,-0.496573,-1.277295,1.597955,0.549859,0.000000,0.000000,0.666985
3673,01 12 13 18 22 38,-0.02257822,0.56451486,1.202229,-0.516432,1.046936,-0.463039,0.000000,0.000000,0.690455
3674,07 09 10 13 31 38,-0.02259706,0.37731501,-1.411313,-0.406431,1.046936,-0.607739,0.000000,0.000000,0.685026
3675,04 08 09 10 12 38,-0.02262521,0.46831890,0.548844,0.732137,0.633672,-1.620637,0.000000,0.000000,-1.053871
3676,04 07 08 09 10 14,-0.02264126,0.34138049,-0.888604,0.472321,-0.881630,-0.607739,0.000000,0.000000,-3.413506
3677,04 07 10 14 22 31,-0.02264707,0.31781199,-1.934021,-1.506980,-0.330611,0.839259,0.000000,0.000000,0.706540
3678,01 04 07 08 22 38,-0.02264891,0.53989464,0.548844,-0.317955,1.460200,-0.607739,0.000000,0.000000,0.265346
3679,08 09 18 22 24 38,-0.02265134,0.55416206,1.332906,0.759288,1.873464,-2.199437,0.000000,0.000000,0.854175
3680,01 04 10 18 31 38,-0.02266177,0.54648797,1.202229,-1.037851,0.220408,0.260460,0.000000,0.000000,0.558171
3681,04 09 10 12 14 22,-0.02267970,0.31293331,-1.672667,-0.327849,-0.192857,-0.318339,0.000000,0.000000,-0.712316
3682,02 04 07 09 10 18,-0.02270635,0.45593909,-0.365896,-1.297061,-0.468366,1.273358,0.000000,0.000000,-1.808511
3683,07 14 18 22 24 31,-0.02271488,0.38894433,-0.757927,-1.242356,-0.192857,0.405159,0.000000,0.000000,0.993010
3684,02 04 07 09 22 31,-0.02275296,0.33061110,-2.456729,-1.707077,0.358162,1.128658,0.000000,0.000000,0.603443
3685,01 07 18 22 24 31,-0.02276342,0.45161169,-0.104542,-1.486513,-0.055102,0.694559,0.000000,0.000000,1.103582
3686,04 09 10 14 22 38,-0.02278041,0.41846002,-1.149958,-0.053815,1.735709,-1.041838,0.000000,0.000000,0.544637
3687,01 04 09 10 12 18,-0.02279262,0.43343956,0.418167,-0.587459,-1.157140,0.260460,0.000000,0.000000,-1.558502
3688,02 04 12 18 22 31,-0.02284322,0.45111387,-0.104542,-1.946116,-0.606121,1.418058,0.000000,0.000000,0.684003
3689,01 07 12 18 22 24,-0.02286500,0.48940002,0.418167,-1.202906,-0.055102,0.549859,0.000000,0.000000,0.277479
3690,09 14 18 22 24 38,-0.02290385,0.48959237,0.026135,0.210809,1.873464,-1.475938,0.000000,0.000000,0.822865
3691,01 07 18 24 31 38,-0.02291757,0.54242758,0.810198,-0.975005,0.771426,0.115760,0.000000,0.000000,0.737216
3692,07 09 12 13 18 31,-0.02300350,0.31463724,-1.019281,-1.075252,-1.157140,0.260460,0.000000,0.000000,0.681706
3693,08 09 22 24 31 38,-0.02300809,0.44382402,-0.235219,0.728607,1.873464,-2.199437,0.000000,0.000000,0.944191
3694,04 08 10 18 22 31,-0.02301852,0.45757442,0.940875,-0.756723,-0.743875,-0.173640,0.000000,0.000000,0.724983
3695,07 08 09 22 24 38,-0.02304016,0.47896932,-0.235219,0.557509,2.286728,-1.910037,0.000000,0.000000,0.716997
3696,02 07 18 22 24 38,-0.02305141,0.62006929,0.679521,-1.183768,2.148974,0.405159,0.000000,0.000000,0.670336
3697,04 07 08 10 31 38,-0.02306024,0.47319757,0.287490,-0.446994,0.495917,-0.463039,0.000000,0.000000,0.295700
3698,01 04 14 18 22 38,-0.02307230,0.55051769,0.810198,-0.664654,1.046936,-0.173640,0.000000,0.000000,0.288292
3699,07 09 14 18 22 24,-0.02310955,0.38142263,-1.019281,-0.517930,0.358162,-0.318339,0.000000,0.000000,0.109126
3700,09 12 13 14 18 22,-0.02312475,0.35101075,-0.757927,-0.105490,-0.468366,-0.607739,0.000000,0.000000,-0.794512
3701,02 04 07 08 10 12,-0.02315466,0.47450044,0.287490,-0.467552,-1.019385,0.839259,0.000000,0.000000,-4.208846
3702,09 10 18 24 31 38,-0.02318965,0.48556265,0.418167,-0.162387,1.046936,-1.041838,0.000000,0.000000,0.989580
3703,02 04 07 09 10 38,-0.02328292,0.48891609,-0.888604,-0.770101,1.460200,0.405159,0.000000,0.000000,-1.290241
3704,07 10 12 13 22 31,-0.02330833,0.33180915,-1.541990,-1.358758,-0.330611,0.549859,0.000000,0.000000,0.937537
3705,01 09 13 18 22 38,-0.02331370,0.51920482,0.418167,-0.075613,1.597955,-1.041838,0.000000,0.000000,0.567132
3706,04 08 14 18 22 38,-0.02331811,0.55242002,1.463583,0.127981,0.909181,-1.186538,0.000000,0.000000,0.128011
3707,12 13 14 18 22 38,-0.02332774,0.50184750,0.548844,-0.272275,0.909181,-0.752439,0.000000,0.000000,0.461649
3708,01 07 09 22 24 38,-0.02333123,0.47706699,-0.888604,-0.235127,2.424483,-0.897139,0.000000,0.000000,0.797738
3709,07 10 12 18 24 38,-0.02333220,0.56601798,1.202229,-0.774303,0.909181,-0.173640,0.000000,0.000000,0.760377
3710,01 07 13 18 22 31,-0.02334187,0.41855679,-0.365896,-1.528778,-0.468366,0.839259,0.000000,0.000000,0.705108
3711,02 04 07 10 12 18,-0.02334622,0.50124912,0.418167,-1.737880,-1.019385,1.852157,0.000000,0.000000,-1.888950
3712,07 09 10 13 18 38,-0.02335549,0.48765305,0.156813,-0.375750,1.046936,-0.607739,0.000000,0.000000,0.429792
3713,07 09 12 18 24 31,-0.02336151,0.34769214,-0.757927,-1.032987,-0.743875,0.115760,0.000000,0.000000,0.941440
3714,01 04 07 08 09 38,-0.02341409,0.47987379,0.156813,0.360337,0.909181,-1.041838,0.000000,0.000000,-1.477780
3715,09 10 13 18 22 31,-0.02348223,0.36169186,-0.757927,-0.716160,-0.192857,-0.318339,0.000000,0.000000,0.976988
3716,01 07 12 22 24 38,-0.02348299,0.52237702,-0.104542,-0.675946,1.873464,-0.318339,0.000000,0.000000,0.789613
3717,04 07 08 14 18 22,-0.02349662,0.44425028,0.418167,-0.600758,-0.606121,-0.028940,0.000000,0.000000,-0.581699
3718,02 07 22 24 31 38,-0.02351635,0.50973125,-0.888604,-1.214450,2.148974,0.405159,0.000000,0.000000,0.744323
3719,07 10 12 13 18 38,-0.02352448,0.53296308,0.940875,-0.816569,0.495917,-0.028940,0.000000,0.000000,0.419115
3720,04 10 14 18 22 31,-0.02357285,0.39300472,-0.365896,-1.305201,-0.743875,0.549859,0.000000,0.000000,0.648956
3721,01 04 07 08 18 22,-0.02359071,0.50691764,1.071552,-0.844915,-0.468366,0.260460,0.000000,0.000000,-0.477875
3722,04 09 12 14 18 38,-0.02363466,0.44659814,0.156813,-0.211128,0.358162,-0.752439,0.000000,0.000000,0.131443
3723,01 04 07 09 12 14,-0.02365722,0.30977738,-1.672667,-0.462175,-1.019385,0.405159,0.000000,0.000000,-2.779576
3724,01 07 09 13 22 38,-0.02365797,0.44401209,-1.149958,-0.277392,2.011219,-0.752439,0.000000,0.000000,0.436554
3725,01 02 08 10 14 38,-0.02367613,0.50397101,1.071552,0.416024,0.495917,-1.331238,0.000000,0.000000,-0.756736
3726,01 04 08 18 22 38,-0.02367807,0.61508738,2.116969,-0.116176,1.046936,-0.897139,0.000000,0.000000,0.192445
3727,04 07 08 10 12 14,-0.02368489,0.38669052,-0.104542,0.031502,-1.432649,-0.028940,0.000000,0.000000,-3.553763
3728,07 08 13 22 31 38,-0.02374415,0.45343612,-0.235219,-0.209183,1.322445,-1.041838,0.000000,0.000000,1.125337
3729,01 09 18 22 24 38,-0.02377772,0.55225973,0.679521,-0.033348,2.011219,-1.186538,0.000000,0.000000,0.811162
3730,04 09 10 12 18 31,-0.02379088,0.35175253,-0.365896,-1.095832,-1.294894,0.260460,0.000000,0.000000,0.660886
3731,04 08 09 18 31 38,-0.02379180,0.47337950,0.940875,0.053743,0.358162,-1.331238,0.000000,0.000000,0.913118
3732,01 02 07 08 14 31,-0.02382357,0.32831217,-0.627250,-0.738183,-1.294894,-0.028940,0.000000,0.000000,0.009797
3733,07 13 14 22 31 38,-0.02382473,0.38886643,-1.541990,-0.757661,1.322445,-0.318339,0.000000,0.000000,1.119498
3734,09 14 22 24 31 38,-0.02385042,0.37925433,-1.541990,0.180128,1.873464,-1.475938,0.000000,0.000000,0.825497
3735,07 13 14 18 22 38,-0.02392602,0.49920447,0.026135,-0.726980,1.322445,-0.318339,0.000000,0.000000,0.961622
3736,07 08 09 12 13 14,-0.02393117,0.30690822,-1.019281,0.947606,-1.157140,-1.041838,0.000000,0.000000,-4.289053
3737,07 09 12 13 14 18,-0.02395418,0.33365690,-0.888604,-0.322722,-1.157140,-0.028940,0.000000,0.000000,-1.944187
3738,02 04 09 12 22 38,-0.02397282,0.47656917,-0.888604,-0.694730,1.873464,-0.173640,0.000000,0.000000,0.294927
3739,01 04 07 14 18 22,-0.02397991,0.44234795,-0.235219,-1.393394,-0.468366,0.983958,0.000000,0.000000,-0.529436
3740,01 09 13 22 31 38,-0.02398779,0.40886679,-1.149958,-0.106294,1.597955,-1.041838,0.000000,0.000000,0.610134
3741,01 07 12 13 18 22,-0.02399383,0.45634512,0.156813,-1.245171,-0.468366,0.694559,0.000000,0.000000,-0.202535
3742,07 08 13 18 22 38,-0.02400419,0.56377416,1.332906,-0.178501,1.322445,-1.041838,0.000000,0.000000,0.943942
3743,01 04 07 12 18 31,-0.02404785,0.40861746,0.026135,-1.908451,-1.570404,1.418058,0.000000,0.000000,0.330140
3744,04 08 09 10 12 22,-0.02405343,0.37750301,-0.365896,0.220629,-0.192857,-1.041838,0.000000,0.000000,-0.921938
3745,07 08 09 12 13 22,-0.02413346,0.34038771,-1.019281,0.241209,-0.055102,-1.041838,0.000000,0.000000,-1.029627
3746,07 09 10 13 22 31,-0.02419314,0.28649912,-2.326052,-0.917939,0.220408,-0.028940,0.000000,0.000000,0.792090
3747,01 04 10 18 22 31,-0.02420090,0.45567208,0.287490,-1.549358,-0.606121,0.839259,0.000000,0.000000,0.673672
3748,07 08 12 18 22 24,-0.02420396,0.49130235,1.071552,-0.410270,-0.192857,-0.463039,0.000000,0.000000,-0.044754
3749,04 08 09 12 18 38,-0.02421535,0.51116783,1.463583,0.337350,0.358162,-1.475938,0.000000,0.000000,0.039314
3750,02 04 07 18 31 38,-0.02422139,0.53928673,0.287490,-1.889313,0.633672,1.273358,0.000000,0.000000,0.724905
3751,02 04 07 09 31 38,-0.02425721,0.42142699,-1.541990,-1.195569,1.184691,0.549859,0.000000,0.000000,0.037055
3752,02 04 07 09 18 38,-0.02427605,0.53176503,0.026135,-1.164888,1.184691,0.549859,0.000000,0.000000,-0.108606
3753,02 04 10 12 18 22,-0.02429003,0.51860297,0.548844,-1.520648,-0.330611,1.273358,0.000000,0.000000,-1.001986
3754,04 09 10 12 14 18,-0.02429009,0.37077220,-0.235219,-0.343302,-1.294894,-0.028940,0.000000,0.000000,-1.898120
3755,07 08 09 18 22 24,-0.02431458,0.44599232,0.287490,0.030549,0.358162,-1.041838,0.000000,0.000000,-0.075502
3756,01 04 07 09 18 31,-0.02434807,0.36330743,-0.757927,-1.467632,-1.019385,0.839259,0.000000,0.000000,0.271303
3757,02 04 07 10 22 38,-0.02439956,0.54893695,-0.496573,-1.448393,2.011219,0.839259,0.000000,0.000000,0.174089
3758,02 08 09 10 14 31,-0.02441148,0.27144724,-1.019281,0.074435,-1.019385,-1.186538,0.000000,0.000000,0.215369
3759,04 07 09 14 31 38,-0.02442054,0.33361707,-1.934021,-0.696515,0.771426,-0.318339,0.000000,0.000000,0.746494
3760,10 12 13 18 22 31,-0.02447140,0.40700189,0.026135,-1.156979,-0.743875,0.260460,0.000000,0.000000,0.844797
3761,04 07 12 14 31 38,-0.02452747,0.37892711,-1.149958,-1.137333,0.220408,0.260460,0.000000,0.000000,0.745011
3762,07 12 14 18 22 24,-0.02453913,0.42673266,-0.235219,-0.958748,-0.192857,0.260460,0.000000,0.000000,-0.088312
3763,02 04 07 09 12 38,-0.02455522,0.45921532,-1.019281,-0.911962,1.184691,0.405159,0.000000,0.000000,-0.818150
3764,01 04 09 10 22 38,-0.02456018,0.48112738,-0.496573,-0.297972,1.873464,-0.752439,0.000000,0.000000,0.398722
3765,04 07 10 14 18 38,-0.02456750,0.51896591,0.548844,-0.964791,0.495917,0.260460,0.000000,0.000000,-0.064375
3766,04 09 14 18 31 38,-0.02460348,0.40880981,-0.365896,-0.494735,0.358162,-0.607739,0.000000,0.000000,0.798964
3767,04 07 08 10 18 38,-0.02460419,0.58353561,1.855615,-0.416313,0.495917,-0.463039,0.000000,0.000000,-0.075910
3768,07 10 12 22 24 31,-0.02463475,0.36486406,-1.280636,-1.316492,0.082653,0.405159,0.000000,0.000000,1.053799
3769,01 04 09 12 22 31,-0.02464315,0.30811157,-1.672667,-0.997474,-0.330611,0.115760,0.000000,0.000000,0.586196
3770,04 08 09 10 22 38,-0.02466891,0.48302972,0.156813,0.494663,1.735709,-1.765337,0.000000,0.000000,0.258751
3771,01 04 09 12 31 38,-0.02470248,0.39892746,-0.757927,-0.485967,0.495917,-0.463039,0.000000,0.000000,0.233877
3772,08 12 22 24 31 38,-0.02475754,0.48913406,0.548844,0.287788,1.322445,-1.620637,0.000000,0.000000,0.699365
3773,02 04 07 08 09 12,-0.02476142,0.39948964,-0.627250,-0.168594,-0.743875,0.260460,0.000000,0.000000,-3.800665
3774,04 07 09 10 14 22,-0.02478369,0.31029028,-2.195375,-0.782554,0.220408,0.115760,0.000000,0.000000,-0.435418
3775,01 04 07 08 10 12,-0.02486118,0.44935788,0.548844,-0.212655,-1.294894,0.260460,0.000000,0.000000,-3.610272
3776,07 09 13 14 18 22,-0.02486699,0.34836772,-1.280636,-0.560195,-0.055102,-0.173640,0.000000,0.000000,-0.464019
3777,02 04 07 12 18 38,-0.02498859,0.57707506,0.810198,-1.605706,0.633672,1.128658,0.000000,0.000000,-0.199812
3778,09 12 13 18 31 38,-0.02499092,0.42280698,0.026135,-0.346513,0.358162,-0.897139,0.000000,0.000000,1.070527
3779,01 04 07 10 22 31,-0.02500214,0.38047934,-1.280636,-1.751137,-0.192857,1.128658,0.000000,0.000000,0.475394
3780,01 09 22 24 31 38,-0.02502655,0.44192169,-0.888604,-0.064029,2.011219,-1.186538,0.000000,0.000000,0.769014
3781,02 04 07 09 12 22,-0.02515119,0.36839943,-1.934021,-1.423469,0.358162,0.983958,0.000000,0.000000,-0.562915
3782,04 12 14 18 31 38,-0.02516668,0.45411984,0.418167,-0.935554,-0.192857,-0.028940,0.000000,0.000000,0.729884
3783,07 09 10 22 24 31,-0.02521003,0.31955402,-2.064698,-0.875674,0.633672,-0.173640,0.000000,0.000000,0.954211
3784,09 10 12 13 22 38,-0.02522998,0.43245719,-0.757927,0.094407,1.735709,-1.331238,0.000000,0.000000,0.510690
3785,01 02 08 14 31 38,-0.02525277,0.43648191,0.418167,-0.009444,0.220408,-1.186538,0.000000,0.000000,0.481320
3786,01 12 18 22 24 38,-0.02529463,0.59756976,1.463583,-0.474166,1.460200,-0.607739,0.000000,0.000000,0.600786
3787,08 12 18 22 24 38,-0.02529669,0.59947209,2.116969,0.318469,1.322445,-1.620637,0.000000,0.000000,0.476618
3788,01 07 09 13 18 22,-0.02530707,0.41103508,-0.627250,-0.804352,0.082653,0.115760,0.000000,0.000000,-0.411455
3789,04 10 12 14 22 38,-0.02539140,0.46377006,-0.365896,-0.494634,1.184691,-0.463039,0.000000,0.000000,0.172170
3790,04 07 08 09 12 14,-0.02543833,0.31167972,-1.019281,0.330460,-1.157140,-0.607739,0.000000,0.000000,-3.167315
3791,10 12 18 24 31 38,-0.02546197,0.53087268,1.202229,-0.603205,0.495917,-0.463039,0.000000,0.000000,0.667288
3792,04 07 09 12 14 38,-0.02552722,0.37140540,-1.411313,-0.412907,0.771426,-0.463039,0.000000,0.000000,-0.228518
3793,01 07 09 10 12 13,-0.02552950,0.35347532,-1.149958,-0.172092,-0.743875,0.115760,0.000000,0.000000,-3.388582
3794,02 04 10 18 22 38,-0.02554092,0.62412968,1.071552,-1.246614,1.597955,0.549859,0.000000,0.000000,0.084566
3795,01 12 22 24 31 38,-0.02555482,0.48723172,-0.104542,-0.504848,1.460200,-0.607739,0.000000,0.000000,0.705107
3796,01 02 04 07 09 12,-0.02560757,0.39758730,-1.280636,-0.961229,-0.606121,1.273358,0.000000,0.000000,-3.802163
3797,02 04 09 22 31 38,-0.02561054,0.43878084,-1.411313,-0.978337,1.873464,-0.028940,0.000000,0.000000,0.863348
3798,07 12 13 14 18 22,-0.02562354,0.39367776,-0.496573,-1.001014,-0.606121,0.405159,0.000000,0.000000,-0.561745
3799,01 02 09 10 14 31,-0.02562486,0.26954491,-1.672667,-0.718201,-0.881630,-0.173640,0.000000,0.000000,0.159465
3800,07 10 13 18 31 38,-0.02563103,0.49517475,0.418167,-1.100176,0.495917,0.115760,0.000000,0.000000,0.918077
3801,04 08 09 10 12 18,-0.02566341,0.43534189,1.071552,0.205177,-1.294894,-0.752439,0.000000,0.000000,-2.107680
3802,01 04 10 12 22 38,-0.02571271,0.52643742,0.287490,-0.738791,1.322445,-0.173640,0.000000,0.000000,0.242331
3803,09 10 18 22 24 31,-0.02571940,0.39474676,-0.496573,-0.673895,0.220408,-0.463039,0.000000,0.000000,0.958318
3804,01 04 09 10 18 22,-0.02575601,0.44815038,0.026135,-0.824932,-0.055102,0.115760,0.000000,0.000000,-0.382135
3805,02 04 07 18 22 31,-0.02579382,0.44847084,-0.627250,-2.400821,-0.192857,1.852157,0.000000,0.000000,0.835474
3806,01 02 10 12 14 31,-0.02579681,0.31485494,-0.888604,-1.159019,-1.432649,0.405159,0.000000,0.000000,0.148351
3807,04 07 09 14 22 31,-0.02581612,0.24280118,-2.848761,-1.208022,-0.055102,0.260460,0.000000,0.000000,0.883264
3808,01 02 08 10 14 22,-0.02582497,0.41315512,0.156813,-0.095484,-0.330611,-0.752439,0.000000,0.000000,-0.731565
3809,04 07 12 14 22 31,-0.02584542,0.28811122,-2.064698,-1.648841,-0.606121,0.839259,0.000000,0.000000,0.893281
3810,04 07 10 12 14 22,-0.02584889,0.35560032,-1.411313,-1.223373,-0.330611,0.694559,0.000000,0.000000,-0.578871
3811,02 08 10 12 14 31,-0.02585300,0.31675728,-0.235219,-0.366384,-1.570404,-0.607739,0.000000,0.000000,0.016164
3812,01 02 04 07 08 09,-0.02585547,0.44338833,-0.365896,0.056172,-0.606121,0.405159,0.000000,0.000000,-5.518982
3813,04 08 09 18 22 31,-0.02587467,0.38256361,0.026135,-0.457765,-0.468366,-0.752439,0.000000,0.000000,0.948062
3814,04 07 08 12 31 38,-0.02594726,0.44349680,0.156813,-0.588855,0.220408,-0.463039,0.000000,0.000000,0.528566
3815,02 18 22 24 31 38,-0.02596360,0.58492399,0.679521,-1.012671,1.735709,0.115760,0.000000,0.000000,0.461329
3816,08 13 18 22 31 38,-0.02598431,0.52862886,1.332906,-0.007403,0.909181,-1.331238,0.000000,0.000000,0.873023
3817,01 04 07 09 10 22,-0.02598471,0.37295764,-1.541990,-1.026712,0.358162,0.405159,0.000000,0.000000,-0.495590
3818,04 08 10 12 22 38,-0.02598645,0.52833975,0.940875,0.053845,1.184691,-1.186538,0.000000,0.000000,0.077912
3819,04 07 08 10 12 38,-0.02606113,0.51098590,0.810198,-0.163387,0.495917,-0.607739,0.000000,0.000000,-0.959944
3820,07 08 12 13 18 22,-0.02609562,0.45824745,0.810198,-0.452535,-0.606121,-0.318339,0.000000,0.000000,-0.637785
3821,07 09 12 24 31 38,-0.02610696,0.38066914,-1.280636,-0.506027,1.184691,-0.752439,0.000000,0.000000,1.138385
3822,01 04 07 10 12 38,-0.02611320,0.50908356,0.156813,-0.956023,0.633672,0.405159,0.000000,0.000000,-0.843796
3823,07 08 09 13 18 22,-0.02613929,0.41293742,0.026135,-0.011717,-0.055102,-0.897139,0.000000,0.000000,-0.658614
3824,01 04 07 10 31 38,-0.02614558,0.47129523,-0.365896,-1.239630,0.633672,0.549859,0.000000,0.000000,-0.037540
3825,02 04 07 10 18 22,-0.02616030,0.51595994,0.026135,-1.975353,0.082653,1.707457,0.000000,0.000000,-0.690461
3826,01 04 07 10 12 22,-0.02617661,0.41826767,-0.757927,-1.467530,-0.192857,0.983958,0.000000,0.000000,-0.509661
3827,01 02 08 14 22 31,-0.02618223,0.34566602,-0.496573,-0.520952,-0.606121,-0.607739,0.000000,0.000000,0.687145
3828,04 08 12 18 31 38,-0.02621985,0.51868954,1.724938,-0.387076,-0.192857,-0.752439,0.000000,0.000000,0.567754
3829,04 09 10 14 18 22,-0.02622342,0.38548302,-0.627250,-0.580775,-0.192857,-0.173640,0.000000,0.000000,-0.569145
3830,02 04 09 12 18 22,-0.02625151,0.44359217,-0.365896,-1.221690,-0.055102,0.694559,0.000000,0.000000,-0.646358
3831,07 09 12 18 24 38,-0.02627428,0.49100718,0.287490,-0.475345,1.184691,-0.752439,0.000000,0.000000,0.970727
3832,01 04 09 12 18 38,-0.02633837,0.50926550,0.810198,-0.455285,0.495917,-0.463039,0.000000,0.000000,-0.151355
3833,13 14 18 22 31 38,-0.02635486,0.46405917,0.026135,-0.555882,0.909181,-0.607739,0.000000,0.000000,0.824224
3834,07 08 09 12 13 18,-0.02636796,0.39822660,0.418167,0.225757,-1.157140,-0.752439,0.000000,0.000000,-2.307895
3835,09 10 12 22 24 38,-0.02640157,0.46551210,-0.496573,0.136673,2.148974,-1.475938,0.000000,0.000000,0.649890
3836,12 14 22 24 31 38,-0.02642881,0.42456436,-0.757927,-0.260690,1.322445,-0.897139,0.000000,0.000000,0.457860
3837,04 07 08 12 22 31,-0.02645755,0.35268091,-0.757927,-1.100362,-0.606121,0.115760,0.000000,0.000000,0.796494
3838,12 14 18 22 24 38,-0.02645842,0.53490240,0.810198,-0.230009,1.322445,-0.897139,0.000000,0.000000,0.310604
3839,04 09 14 18 22 31,-0.02653110,0.31799392,-1.280636,-1.006243,-0.468366,-0.028940,0.000000,0.000000,0.856910
3840,02 04 07 09 12 18,-0.02655310,0.42623832,-0.496573,-1.438922,-0.743875,1.273358,0.000000,0.000000,-1.717833
3841,04 07 09 14 18 38,-0.02669245,0.44395511,-0.365896,-0.665833,0.771426,-0.318339,0.000000,0.000000,0.267034
3842,09 10 13 22 31 38,-0.02669939,0.39466886,-1.280636,-0.189200,1.735709,-1.186538,0.000000,0.000000,1.104046
3843,07 08 18 22 24 38,-0.02670095,0.59682906,1.594261,-0.136236,1.735709,-1.186538,0.000000,0.000000,0.857183
3844,04 08 10 22 31 38,-0.02670118,0.49055142,0.418167,-0.229763,1.184691,-1.041838,0.000000,0.000000,0.783076
3845,01 02 08 10 14 18,-0.02670387,0.47099401,1.594261,-0.110936,-1.432649,-0.463039,0.000000,0.000000,-1.808996
3846,01 04 09 18 31 38,-0.02673897,0.47147717,0.287490,-0.738893,0.495917,-0.318339,0.000000,0.000000,0.600347
3847,01 04 07 09 10 18,-0.02674506,0.43079653,-0.104542,-1.042164,-0.743875,0.694559,0.000000,0.000000,-1.555458
3848,01 04 07 10 18 38,-0.02679745,0.58163327,1.202229,-1.208948,0.633672,0.549859,0.000000,0.000000,-0.276985
3849,07 09 12 13 31 38,-0.02680721,0.34761424,-1.541990,-0.548292,0.771426,-0.607739,0.000000,0.000000,0.721866
3850,04 07 09 10 12 31,-0.02681875,0.27655980,-1.934021,-1.297611,-0.881630,0.549859,0.000000,0.000000,0.132725
3851,07 14 18 22 24 38,-0.02683670,0.53225937,0.287490,-0.684714,1.735709,-0.463039,0.000000,0.000000,0.843171
3852,09 10 13 18 22 38,-0.02687534,0.50500690,0.287490,-0.158519,1.735709,-1.186538,0.000000,0.000000,0.935109
3853,07 09 10 13 22 38,-0.02688848,0.42981416,-1.280636,-0.360298,2.148974,-0.897139,0.000000,0.000000,0.853589
3854,04 07 09 10 14 18,-0.02691503,0.36812917,-0.757927,-0.798007,-0.881630,0.405159,0.000000,0.000000,-1.698402
3855,01 04 12 18 31 38,-0.02693404,0.51678720,1.071552,-1.179711,-0.055102,0.260460,0.000000,0.000000,0.585807
3856,04 12 14 18 22 31,-0.02701668,0.36330395,-0.496573,-1.447062,-1.019385,0.549859,0.000000,0.000000,0.799330
3857,02 04 12 22 31 38,-0.02704722,0.48409088,-0.627250,-1.419156,1.322445,0.549859,0.000000,0.000000,0.664859
3858,07 10 12 13 22 38,-0.02707687,0.47512420,-0.496573,-0.801116,1.597955,-0.318339,0.000000,0.000000,0.840037
3859,07 08 22 24 31 38,-0.02712085,0.48649103,0.026135,-0.166917,1.735709,-1.186538,0.000000,0.000000,0.937844
3860,04 09 12 14 22 38,-0.02716765,0.38875925,-1.280636,-0.195676,1.460200,-1.041838,0.000000,0.000000,0.555241
3861,07 09 10 12 13 38,-0.02720222,0.41510334,-0.888604,-0.122824,1.046936,-0.752439,0.000000,0.000000,-0.808295
3862,04 08 09 10 18 22,-0.02723602,0.45005271,0.679521,-0.032297,-0.192857,-0.897139,0.000000,0.000000,-0.725266
3863,01 07 13 18 22 38,-0.02743518,0.56187183,0.679521,-0.971137,1.460200,-0.028940,0.000000,0.000000,0.559492
3864,01 02 10 14 18 31,-0.02744420,0.38740465,0.156813,-1.411945,-1.432649,0.549859,0.000000,0.000000,0.572468
3865,01 04 07 10 12 18,-0.02744538,0.47610656,0.679521,-1.482983,-1.294894,1.273358,0.000000,0.000000,-1.644853
3866,01 04 10 12 18 22,-0.02745883,0.49346041,0.810198,-1.265751,-0.606121,0.694559,0.000000,0.000000,-0.620053
3867,07 09 12 13 18 38,-0.02752359,0.45795228,0.026135,-0.517611,0.771426,-0.607739,0.000000,0.000000,0.472861
3868,02 08 09 12 14 31,-0.02753825,0.24174647,-1.149958,-0.067426,-1.294894,-1.186538,0.000000,0.000000,0.412715
3869,04 07 08 10 12 22,-0.02754110,0.42017001,-0.104542,-0.674895,-0.330611,-0.028940,0.000000,0.000000,-0.835677
3870,02 04 09 18 22 38,-0.02755257,0.54911888,0.156813,-0.947656,1.873464,-0.028940,0.000000,0.000000,0.432760
3871,10 12 13 22 31 38,-0.02755260,0.43997890,-0.496573,-0.630018,1.184691,-0.607739,0.000000,0.000000,0.991999
3872,02 08 10 14 18 31,-0.02756831,0.38930698,0.810198,-0.619310,-1.570404,-0.463039,0.000000,0.000000,0.430218
3873,04 07 08 09 22 31,-0.02757315,0.30737088,-1.541990,-0.659544,-0.055102,-0.463039,0.000000,0.000000,0.616854
3874,01 02 08 10 12 31,-0.02761760,0.37942464,0.418167,-0.610541,-1.432649,-0.318339,0.000000,0.000000,-0.127505
3875,01 02 08 12 14 38,-0.02769155,0.47427024,0.940875,0.274163,0.220408,-1.331238,0.000000,0.000000,-0.691046
3876,01 13 18 22 31 38,-0.02769197,0.52672653,0.679521,-0.800039,1.046936,-0.318339,0.000000,0.000000,0.743891
3877,02 04 07 09 22 38,-0.02769906,0.47392614,-1.411313,-1.149435,2.286728,0.260460,0.000000,0.000000,0.331483
3878,04 08 09 12 22 38,-0.02770952,0.45332895,0.026135,0.352803,1.460200,-1.765337,0.000000,0.000000,0.468861
3879,07 14 22 24 31 38,-0.02774122,0.42192133,-1.280636,-0.715396,1.735709,-0.463039,0.000000,0.000000,0.852033
3880,01 02 08 09 14 38,-0.02775071,0.42896021,0.156813,0.714982,0.771426,-1.910037,0.000000,0.000000,-0.714170
3881,04 07 12 14 18 38,-0.02777555,0.48926514,0.418167,-1.106652,0.220408,0.260460,0.000000,0.000000,0.120928
3882,04 10 14 22 31 38,-0.02785823,0.42598173,-0.888604,-0.778241,1.184691,-0.318339,0.000000,0.000000,0.617755
3883,01 07 18 22 24 38,-0.02786362,0.59492673,0.940875,-0.928871,1.873464,-0.173640,0.000000,0.000000,0.808792
3884,02 07 08 10 14 31,-0.02787005,0.31411425,-0.757927,-0.821089,-1.157140,-0.173640,0.000000,0.000000,0.305942
3885,09 12 13 18 22 31,-0.02790240,0.33199109,-0.888604,-0.858021,-0.468366,-0.318339,0.000000,0.000000,0.982711
3886,01 04 07 09 10 38,-0.02795499,0.46377353,-0.627250,-0.515204,1.184691,-0.173640,0.000000,0.000000,-1.131022
3887,04 07 10 12 14 18,-0.02796082,0.41343920,0.026135,-1.238825,-1.432649,0.983958,0.000000,0.000000,-1.838980
3888,04 07 08 18 31 38,-0.02798336,0.51604651,1.202229,-0.841781,0.220408,-0.318339,0.000000,0.000000,0.895095
3889,04 07 10 12 18 31,-0.02802257,0.39441954,-0.104542,-1.991356,-1.432649,1.273358,0.000000,0.000000,0.636917
3890,01 07 13 22 31 38,-0.02806722,0.45153379,-0.888604,-1.001818,1.460200,-0.028940,0.000000,0.000000,0.608723
3891,04 07 08 10 22 38,-0.02807249,0.52569672,0.418167,-0.400860,1.597955,-0.752439,0.000000,0.000000,0.357470
3892,04 07 10 14 22 38,-0.02807461,0.46112703,-0.888604,-0.949339,1.597955,-0.028940,0.000000,0.000000,0.363256
3893,04 07 09 10 18 31,-0.02807469,0.34910950,-0.888604,-1.550537,-0.881630,0.694559,0.000000,0.000000,0.614837
3894,10 12 18 22 24 31,-0.02814709,0.44005679,0.287490,-1.114713,-0.330611,0.115760,0.000000,0.000000,0.613008
3895,07 10 13 18 22 31,-0.02818002,0.40435886,-0.496573,-1.611684,-0.330611,0.694559,0.000000,0.000000,0.883965
3896,04 08 12 18 22 31,-0.02822510,0.42787365,0.810198,-0.898583,-1.019385,-0.173640,0.000000,0.000000,0.614199
3897,07 10 18 24 31 38,-0.02826610,0.52822965,0.679521,-1.057911,0.909181,-0.028940,0.000000,0.000000,0.840458
3898,01 04 09 18 22 31,-0.02830398,0.38066128,-0.627250,-1.250400,-0.330611,0.260460,0.000000,0.000000,0.712015
3899,04 10 12 14 18 22,-0.02831475,0.43079305,0.156813,-1.021594,-0.743875,0.405159,0.000000,0.000000,-0.864623
3900,07 09 12 13 22 31,-0.02835154,0.25679835,-2.456729,-1.059800,-0.055102,-0.028940,0.000000,0.000000,0.836597
3901,01 04 10 22 31 38,-0.02835615,0.48864909,-0.235219,-1.022398,1.322445,-0.028940,0.000000,0.000000,0.661751
3902,01 04 12 18 22 31,-0.02842142,0.42597131,0.156813,-1.691219,-0.881630,0.839259,0.000000,0.000000,0.708975
3903,02 04 07 12 22 38,-0.02843101,0.51923618,-0.627250,-1.590254,1.735709,0.839259,0.000000,0.000000,0.237403
3904,01 02 04 07 09 10,-0.02843613,0.42728807,-1.149958,-0.819369,-0.330611,1.273358,0.000000,0.000000,-4.881808
3905,04 07 08 12 18 38,-0.02851728,0.55383484,1.724938,-0.558174,0.220408,-0.463039,0.000000,0.000000,0.004939
3906,04 09 10 12 31 38,-0.02853461,0.38472954,-0.888604,-0.568872,0.633672,-0.607739,0.000000,0.000000,0.561779
3907,01 04 07 08 09 12,-0.02861335,0.37434708,-0.365896,0.086303,-1.019385,-0.318339,0.000000,0.000000,-3.519940
3908,07 09 12 22 24 31,-0.02862093,0.28985325,-2.195375,-1.017534,0.358162,-0.173640,0.000000,0.000000,1.109462
3909,04 07 08 09 18 38,-0.02865936,0.50852480,0.940875,-0.117355,0.771426,-1.041838,0.000000,0.000000,-0.030469
3910,04 07 14 18 31 38,-0.02868291,0.45147681,-0.104542,-1.390259,0.220408,0.405159,0.000000,0.000000,0.797553
3911,10 12 13 18 22 38,-0.02870472,0.55031693,1.071552,-0.599337,1.184691,-0.607739,0.000000,0.000000,0.678439
3912,07 09 10 12 22 24,-0.02870809,0.35734235,-1.541990,-0.592067,0.633672,-0.318339,0.000000,0.000000,-0.375091
3913,01 02 09 12 14 31,-0.02872899,0.23984414,-1.803344,-0.860061,-1.157140,-0.173640,0.000000,0.000000,0.360166
3914,02 04 07 08 09 10,-0.02873845,0.42919041,-0.496573,-0.026733,-0.468366,0.260460,0.000000,0.000000,-5.050461
3915,01 02 08 14 18 38,-0.02875313,0.54681995,1.986292,0.021237,0.220408,-1.186538,0.000000,0.000000,-0.180140
3916,04 07 08 09 31 38,-0.02876666,0.39818677,-0.627250,-0.148036,0.771426,-1.041838,0.000000,0.000000,0.096503
3917,01 02 08 10 18 31,-0.02878622,0.45197434,1.463583,-0.863467,-1.432649,-0.173640,0.000000,0.000000,0.367545
3918,04 07 08 09 12 38,-0.02888031,0.43597510,-0.104542,0.135571,0.771426,-1.186538,0.000000,0.000000,-0.731388
3919,07 12 13 18 31 38,-0.02893671,0.46547398,0.287490,-1.242037,0.220408,0.115760,0.000000,0.000000,1.088917
3920,07 09 10 22 24 38,-0.02893900,0.46286907,-1.019281,-0.318032,2.562238,-1.041838,0.000000,0.000000,0.862572
3921,04 09 10 12 22 31,-0.02894139,0.29391365,-1.803344,-1.080380,-0.192857,-0.028940,0.000000,0.000000,0.845042
3922,04 07 09 12 14 22,-0.02898913,0.28058951,-2.326052,-0.924415,-0.055102,0.115760,0.000000,0.000000,-0.397882
3923,04 08 10 12 18 22,-0.02910386,0.49536275,1.463583,-0.473115,-0.743875,-0.318339,0.000000,0.000000,-0.987632
3924,01 04 07 12 22 31,-0.02912721,0.35077857,-1.411313,-1.892998,-0.468366,1.128658,0.000000,0.000000,0.524838
3925,01 02 07 10 14 31,-0.02913103,0.31221191,-1.411313,-1.613725,-1.019385,0.839259,0.000000,0.000000,0.242987
3926,01 04 07 12 31 38,-0.02913479,0.44159446,-0.496573,-1.381490,0.358162,0.549859,0.000000,0.000000,0.180186
3927,09 12 18 24 31 38,-0.02914760,0.45586188,0.287490,-0.304247,0.771426,-1.041838,0.000000,0.000000,0.767477
3928,09 10 12 18 22 24,-0.02915575,0.43253509,0.026135,-0.390287,0.220408,-0.607739,0.000000,0.000000,-0.361841
3929,04 07 08 10 12 18,-0.02916402,0.47800890,1.332906,-0.690347,-1.432649,0.260460,0.000000,0.000000,-2.023337
3930,04 07 08 09 10 22,-0.02924400,0.37485998,-0.888604,-0.234076,0.220408,-0.607739,0.000000,0.000000,-1.102326
3931,02 04 07 09 18 22,-0.02926745,0.44094914,-0.888604,-1.676395,0.358162,1.128658,0.000000,0.000000,-0.504569
3932,07 10 18 22 24 31,-0.02927706,0.43741376,-0.235219,-1.569418,0.082653,0.549859,0.000000,0.000000,1.034210
3933,07 10 12 22 24 38,-0.02931744,0.50817910,-0.235219,-0.758851,2.011219,-0.463039,0.000000,0.000000,0.820865
3934,01 04 07 09 22 31,-0.02932775,0.30546854,-2.195375,-1.452180,0.082653,0.549859,0.000000,0.000000,0.480769
3935,01 07 22 24 31 38,-0.02934678,0.48458869,-0.627250,-0.959553,1.873464,-0.173640,0.000000,0.000000,0.731928
3936,08 18 22 24 31 38,-0.02948164,0.56168376,1.594261,0.034862,1.322445,-1.475938,0.000000,0.000000,0.667659
3937,04 08 09 22 31 38,-0.02953160,0.41554062,-0.496573,0.069195,1.460200,-1.620637,0.000000,0.000000,1.009968
3938,04 08 10 18 22 38,-0.02954190,0.60088946,1.986292,-0.199081,1.184691,-1.041838,0.000000,0.000000,0.219345
3939,09 10 18 22 24 38,-0.02964325,0.53806180,0.548844,-0.116253,2.148974,-1.331238,0.000000,0.000000,0.837809
3940,07 09 13 18 31 38,-0.02967525,0.42016395,-0.496573,-0.801218,0.771426,-0.463039,0.000000,0.000000,0.965141
3941,01 04 09 12 22 38,-0.02978726,0.45142661,-0.627250,-0.439833,1.597955,-0.752439,0.000000,0.000000,0.284901
3942,02 04 12 18 22 38,-0.02978731,0.59442891,0.940875,-1.388475,1.322445,0.549859,0.000000,0.000000,0.116035
3943,01 02 08 12 14 22,-0.02978864,0.38345435,0.026135,-0.237345,-0.606121,-0.752439,0.000000,0.000000,-0.658208
3944,04 07 08 09 10 38,-0.02979771,0.46567587,0.026135,0.277432,1.046936,-1.186538,0.000000,0.000000,-1.527889
3945,01 02 08 09 14 22,-0.02992543,0.33814432,-0.757927,0.203474,-0.055102,-1.331238,0.000000,0.000000,-0.692833
3946,04 07 08 18 22 31,-0.02995927,0.42523062,0.287490,-1.353288,-0.606121,0.260460,0.000000,0.000000,0.945887
3947,09 10 22 24 31 38,-0.03000283,0.42772376,-1.019281,-0.146934,2.148974,-1.331238,0.000000,0.000000,0.927407
3948,01 04 07 09 18 38,-0.03003973,0.50662247,0.287490,-0.909991,0.909181,-0.028940,0.000000,0.000000,-0.111113
3949,01 08 09 10 14 31,-0.03008978,0.24630468,-0.757927,0.329332,-1.294894,-1.765337,0.000000,0.000000,0.225513
3950,02 04 07 22 31 38,-0.03012059,0.48144785,-1.149958,-1.873861,1.735709,0.983958,0.000000,0.000000,0.798140
3951,04 10 14 18 22 38,-0.03016416,0.53631976,0.679521,-0.747560,1.184691,-0.318339,0.000000,0.000000,0.133255
3952,04 07 09 14 22 38,-0.03019309,0.38611623,-1.803344,-0.650381,1.873464,-0.607739,0.000000,0.000000,0.695623
3953,01 04 07 10 22 38,-0.03022046,0.52379439,-0.235219,-1.193496,1.735709,0.260460,0.000000,0.000000,0.163104
3954,01 04 10 18 22 38,-0.03030479,0.59898712,1.332906,-0.991717,1.322445,-0.028940,0.000000,0.000000,0.230184
3955,01 04 07 09 12 38,-0.03032861,0.43407276,-0.757927,-0.657065,0.909181,-0.173640,0.000000,0.000000,-0.822094
3956,07 09 10 18 22 24,-0.03034081,0.42989206,-0.496573,-0.844993,0.633672,-0.173640,0.000000,0.000000,0.051199
3957,04 07 08 09 10 18,-0.03035849,0.43269886,0.548844,-0.249528,-0.881630,-0.318339,0.000000,0.000000,-2.214661
3958,04 07 08 09 12 22,-0.03038616,0.34515921,-1.019281,-0.375937,-0.055102,-0.607739,0.000000,0.000000,-0.610954
3959,01 04 07 09 12 22,-0.03041789,0.34325687,-1.672667,-1.168572,0.082653,0.405159,0.000000,0.000000,-0.491793
3960,02 08 09 14 18 31,-0.03047325,0.31429618,-0.104542,-0.320352,-1.294894,-1.041838,0.000000,0.000000,0.646070
3961,01 08 10 12 14 31,-0.03048719,0.29161472,0.026135,-0.111487,-1.845913,-1.186538,0.000000,0.000000,0.180994
3962,09 12 18 22 24 31,-0.03052106,0.36504599,-0.627250,-0.815755,-0.055102,-0.463039,0.000000,0.000000,0.907525
3963,04 09 12 14 18 22,-0.03054597,0.35578225,-0.757927,-0.722636,-0.468366,-0.173640,0.000000,0.000000,-0.548958
3964,04 09 10 18 31 38,-0.03056621,0.45727924,0.156813,-0.821798,0.633672,-0.463039,0.000000,0.000000,0.928974
3965,01 02 08 12 14 18,-0.03065460,0.44129324,1.463583,-0.252797,-1.708158,-0.463039,0.000000,0.000000,-1.733722
3966,04 07 14 18 22 31,-0.03066229,0.36066092,-1.019281,-1.901767,-0.606121,0.983958,0.000000,0.000000,0.847832
3967,04 07 08 10 18 22,-0.03070429,0.49271972,0.940875,-0.927821,-0.330611,0.115760,0.000000,0.000000,-0.636130
3968,02 04 07 12 18 22,-0.03077438,0.48625917,-0.104542,-2.117214,-0.192857,1.707457,0.000000,0.000000,-0.713466
3969,04 09 14 22 31 38,-0.03078414,0.35097092,-1.803344,-0.479283,1.460200,-0.897139,0.000000,0.000000,0.830500
3970,01 02 08 09 14 18,-0.03081079,0.39598321,0.679521,0.188022,-1.157140,-1.041838,0.000000,0.000000,-1.771222
3971,01 04 07 12 18 38,-0.03081273,0.55193250,1.071552,-1.350809,0.358162,0.549859,0.000000,0.000000,-0.211275
3972,04 08 09 12 18 22,-0.03085927,0.42035194,0.548844,-0.174157,-0.468366,-0.897139,0.000000,0.000000,-0.601475
3973,04 09 10 12 18 38,-0.03102053,0.49506757,0.679521,-0.538191,0.633672,-0.607739,0.000000,0.000000,0.050612
3974,07 09 18 24 31 38,-0.03102859,0.45321885,-0.235219,-0.758953,1.184691,-0.607739,0.000000,0.000000,1.077414
3975,01 04 07 09 31 38,-0.03103912,0.39628443,-1.280636,-0.940672,0.909181,-0.028940,0.000000,0.000000,-0.116305
3976,01 18 22 24 31 38,-0.03104013,0.55978143,0.940875,-0.757774,1.460200,-0.463039,0.000000,0.000000,0.560626
3977,01 04 07 18 31 38,-0.03105405,0.51414417,0.548844,-1.634416,0.358162,0.694559,0.000000,0.000000,0.564026
3978,07 09 12 13 22 38,-0.03106951,0.40011339,-1.411313,-0.502158,1.873464,-0.897139,0.000000,0.000000,0.894742
3979,07 09 10 12 13 22,-0.03107679,0.32428745,-1.803344,-0.634332,0.220408,-0.173640,0.000000,0.000000,-1.038796
3980,04 07 09 12 14 18,-0.03110753,0.33842840,-0.888604,-0.939868,-1.157140,0.405159,0.000000,0.000000,-1.658949
3981,09 10 12 13 18 22,-0.03110940,0.39948019,-0.235219,-0.432553,-0.192857,-0.463039,0.000000,0.000000,-0.964054
3982,09 12 13 22 31 38,-0.03118425,0.36496809,-1.411313,-0.331061,1.460200,-1.186538,0.000000,0.000000,1.100186
3983,07 10 12 18 22 24,-0.03120432,0.47520209,0.287490,-1.285811,0.082653,0.405159,0.000000,0.000000,-0.062373
3984,04 07 12 14 22 38,-0.03129560,0.43142626,-1.019281,-1.091200,1.322445,-0.028940,0.000000,0.000000,0.546642
3985,09 12 13 18 22 38,-0.03131815,0.47530613,0.156813,-0.300379,1.460200,-1.186538,0.000000,0.000000,0.937478
3986,04 08 09 18 22 38,-0.03134749,0.52587866,1.071552,0.099877,1.460200,-1.620637,0.000000,0.000000,0.598069
3987,04 12 14 22 31 38,-0.03136675,0.39628096,-1.019281,-0.920102,0.909181,-0.318339,0.000000,0.000000,0.758544
3988,01 04 07 08 09 10,-0.03142250,0.40404785,-0.235219,0.228164,-0.743875,-0.318339,0.000000,0.000000,-4.596710
3989,07 12 13 18 22 31,-0.03143395,0.37465809,-0.627250,-1.753544,-0.606121,0.694559,0.000000,0.000000,1.062472
3990,07 09 10 12 13 14,-0.03146918,0.29080796,-1.803344,0.072065,-0.881630,-0.173640,0.000000,0.000000,-4.386327
3991,01 04 07 10 18 22,-0.03148098,0.49081738,0.287490,-1.720456,-0.192857,1.128658,0.000000,0.000000,-0.627337
3992,01 02 08 09 12 31,-0.03150029,0.30441383,-0.496573,-0.311583,-1.157140,-0.897139,0.000000,0.000000,-0.056510
3993,02 04 18 22 31 38,-0.03150129,0.55664058,0.418167,-1.672082,1.322445,0.694559,0.000000,0.000000,0.673157
3994,01 02 08 09 10 31,-0.03154251,0.33411460,-0.365896,-0.169722,-0.881630,-0.897139,0.000000,0.000000,-0.723351
3995,01 04 09 12 18 22,-0.03156572,0.41844961,-0.104542,-0.966793,-0.330611,0.115760,0.000000,0.000000,-0.582275
3996,01 02 09 14 18 31,-0.03159606,0.31239385,-0.757927,-1.112987,-1.157140,-0.028940,0.000000,0.000000,0.603583
3997,01 04 07 09 12 18,-0.03169313,0.40109576,-0.235219,-1.184025,-1.019385,0.694559,0.000000,0.000000,-1.627943
3998,01 02 12 14 18 31,-0.03170829,0.35770388,0.026135,-1.553806,-1.708158,0.549859,0.000000,0.000000,0.601316
3999,01 02 08 09 10 14,-0.03171261,0.35313427,-0.235219,0.582808,-0.881630,-1.186538,0.000000,0.000000,-3.233598
4000,02 08 12 14 18 31,-0.03171391,0.35960622,0.679521,-0.761170,-1.845913,-0.463039,0.000000,0.000000,0.476622
4001,07 10 13 22 31 38,-0.03179849,0.43733587,-1.019281,-1.084724,1.597955,-0.173640,0.000000,0.000000,0.951569
4002,01 02 10 14 31 38,-0.03182396,0.42038165,-0.365896,-0.884985,0.495917,-0.318339,0.000000,0.000000,0.527284
4003,07 09 10 13 18 22,-0.03186449,0.39683716,-0.757927,-0.887258,0.220408,-0.028940,0.000000,0.000000,-0.487313
4004,02 07 08 12 14 31,-0.03188223,0.28441348,-0.888604,-0.962950,-1.432649,-0.173640,0.000000,0.000000,0.372111
4005,02 04 07 18 22 38,-0.03189351,0.59178588,0.418167,-1.843180,1.735709,0.983958,0.000000,0.000000,0.392606
4006,02 08 10 14 31 38,-0.03194148,0.42228399,0.287490,-0.092350,0.358162,-1.331238,0.000000,0.000000,0.386010
4007,07 10 12 13 18 22,-0.03195585,0.44214719,0.026135,-1.328077,-0.330611,0.549859,0.000000,0.000000,-0.486489
4008,04 07 08 12 22 38,-0.03199851,0.49599595,0.287490,-0.542721,1.322445,-0.752439,0.000000,0.000000,0.436404
4009,04 07 08 09 12 18,-0.03201555,0.40299809,0.418167,-0.391389,-1.157140,-0.318339,0.000000,0.000000,-1.799572
4010,07 10 13 18 22 38,-0.03201648,0.54767390,0.548844,-1.054042,1.597955,-0.173640,0.000000,0.000000,0.776403
4011,04 07 10 14 18 22,-0.03207091,0.42815002,-0.365896,-1.476299,-0.330611,0.839259,0.000000,0.000000,-0.832500
4012,04 09 14 18 22 38,-0.03207184,0.46130896,-0.235219,-0.448602,1.460200,-0.897139,0.000000,0.000000,0.496854
4013,04 07 08 09 22 38,-0.03212119,0.45068592,-0.496573,-0.101903,1.873464,-1.331238,0.000000,0.000000,0.403870
4014,10 12 22 24 31 38,-0.03212338,0.47303380,-0.235219,-0.587753,1.597955,-0.752439,0.000000,0.000000,0.627600
4015,04 10 12 18 31 38,-0.03212512,0.50258928,0.940875,-1.262617,0.082653,0.115760,0.000000,0.000000,0.712377
4016,04 08 12 22 31 38,-0.03215717,0.46085065,0.287490,-0.371623,0.909181,-1.041838,0.000000,0.000000,0.635342
4017,01 02 08 10 12 14,-0.03216284,0.39844430,0.548844,0.141990,-1.432649,-0.607739,0.000000,0.000000,-3.285941
4018,04 07 09 12 18 31,-0.03218104,0.31940873,-1.019281,-1.692398,-1.157140,0.694559,0.000000,0.000000,0.667054
4019,01 08 10 14 18 31,-0.03219281,0.36416442,1.071552,-0.364413,-1.845913,-1.041838,0.000000,0.000000,0.596485
4020,01 02 08 14 22 38,-0.03219555,0.48898106,0.548844,0.036690,1.322445,-1.475938,0.000000,0.000000,0.257074
4021,07 09 13 18 22 31,-0.03225011,0.32934806,-1.411313,-1.312726,-0.055102,0.115760,0.000000,0.000000,0.927196
4022,07 09 12 22 24 38,-0.03225305,0.43316830,-1.149958,-0.459893,2.286728,-1.041838,0.000000,0.000000,1.032173
4023,14 18 22 24 31 38,-0.03230859,0.49711407,0.287490,-0.513616,1.322445,-0.752439,0.000000,0.000000,0.254936
4024,01 02 07 08 14 38,-0.03232264,0.47162721,0.418167,-0.180542,0.633672,-0.897139,0.000000,0.000000,-0.788545
4025,01 04 07 18 22 31,-0.03241935,0.42332828,-0.365896,-2.145924,-0.468366,1.273358,0.000000,0.000000,0.705280
4026,01 04 09 22 31 38,-0.03243349,0.41363828,-1.149958,-0.723440,1.597955,-0.607739,0.000000,0.000000,0.703906
4027,04 09 10 18 22 31,-0.03259734,0.36646336,-0.757927,-1.333306,-0.192857,0.115760,0.000000,0.000000,0.971586
4028,10 12 18 22 24 38,-0.03262048,0.58337184,1.332906,-0.557072,1.597955,-0.752439,0.000000,0.000000,0.411082
4029,01 02 08 12 18 31,-0.03265079,0.42227357,1.332906,-1.005327,-1.708158,-0.173640,0.000000,0.000000,0.455582
4030,02 04 07 09 10 12,-0.03266658,0.38338938,-1.411313,-1.044135,-0.468366,1.128658,0.000000,0.000000,-3.952333
4031,04 07 10 12 31 38,-0.03270161,0.42739654,-0.627250,-1.464396,0.495917,0.405159,0.000000,0.000000,0.547394
4032,01 02 10 14 22 31,-0.03270168,0.32956576,-1.280636,-1.396493,-0.330611,0.260460,0.000000,0.000000,0.740776
4033,01 04 12 22 31 38,-0.03282607,0.45894832,-0.365896,-1.164259,1.046936,-0.028940,0.000000,0.000000,0.660103
4034,02 08 10 14 22 31,-0.03287107,0.33146810,-0.627250,-0.603857,-0.468366,-0.752439,0.000000,0.000000,0.591818
4035,02 07 08 09 14 31,-0.03298549,0.23910345,-1.672667,-0.522131,-0.881630,-0.752439,0.000000,0.000000,0.194301
4036,07 12 18 24 31 38,-0.03305781,0.49852888,0.548844,-1.199771,0.633672,-0.028940,0.000000,0.000000,0.791138
4037,04 07 09 10 22 31,-0.03307336,0.29127062,-2.326052,-1.535085,0.220408,0.405159,0.000000,0.000000,0.821488
4038,04 07 10 12 22 31,-0.03316015,0.33658065,-1.541990,-1.975904,-0.330611,0.983958,0.000000,0.000000,0.822990
4039,07 09 18 22 24 31,-0.03316998,0.36240296,-1.149958,-1.270460,0.358162,-0.028940,0.000000,0.000000,1.103690
4040,10 13 18 22 31 38,-0.03319284,0.51252860,0.548844,-0.882944,1.184691,-0.463039,0.000000,0.000000,0.824564
4041,01 08 09 12 14 31,-0.03321331,0.21660391,-0.888604,0.187471,-1.570404,-1.765337,0.000000,0.000000,0.423338
4042,04 07 09 10 12 14,-0.03324067,0.29557946,-1.803344,-0.545081,-0.881630,0.260460,0.000000,0.000000,-3.303749
4043,01 02 07 12 14 31,-0.03324540,0.28251114,-1.541990,-1.755585,-1.294894,0.839259,0.000000,0.000000,0.294016
4044,07 09 10 12 13 18,-0.03329835,0.38212634,-0.365896,-0.649784,-0.881630,0.115760,0.000000,0.000000,-2.315147
4045,01 04 09 18 22 38,-0.03335730,0.52397632,0.418167,-0.692759,1.597955,-0.607739,0.000000,0.000000,0.424171
4046,01 04 07 09 22 38,-0.03345628,0.44878358,-1.149958,-0.894538,2.011219,-0.318339,0.000000,0.000000,0.329934
4047,01 07 08 10 14 31,-0.03355158,0.28897169,-0.496573,-0.566192,-1.432649,-0.752439,0.000000,0.000000,0.315607
4048,04 12 14 18 22 38,-0.03363062,0.50661900,0.548844,-0.889420,0.909181,-0.318339,0.000000,0.000000,0.280274
4049,07 10 18 22 24 38,-0.03364427,0.58072881,0.810198,-1.011777,2.011219,-0.318339,0.000000,0.000000,0.848016
4050,04 07 09 10 31 38,-0.03372482,0.38208651,-1.411313,-1.023577,1.046936,-0.173640,0.000000,0.000000,0.381445
4051,01 02 08 10 22 31,-0.03372667,0.39413546,0.026135,-0.848014,-0.330611,-0.463039,0.000000,0.000000,0.582821
4052,04 07 09 14 18 22,-0.03373312,0.35313922,-1.280636,-1.177341,-0.055102,0.260460,0.000000,0.000000,-0.432535
4053,04 07 08 22 31 38,-0.03378281,0.45820762,-0.235219,-0.826328,1.322445,-0.607739,0.000000,0.000000,0.983109
4054,02 08 09 10 14 38,-0.03384132,0.41476229,0.026135,0.632076,0.909181,-2.054737,0.000000,0.000000,-0.720870
4055,01 02 08 09 18 31,-0.03390489,0.37696354,0.548844,-0.564509,-1.157140,-0.752439,0.000000,0.000000,0.255424
4056,01 02 08 09 12 14,-0.03392922,0.32343350,-0.365896,0.440948,-1.157140,-1.186538,0.000000,0.000000,-2.901409
4057,07 10 22 24 31 38,-0.03396180,0.47039077,-0.757927,-1.042458,2.011219,-0.318339,0.000000,0.000000,0.943843
4058,01 02 08 14 18 22,-0.03400637,0.45600406,1.071552,-0.490271,-0.606121,-0.607739,0.000000,0.000000,-0.614894
4059,07 12 18 22 24 31,-0.03401702,0.40771299,-0.365896,-1.711279,-0.192857,0.549859,0.000000,0.000000,0.992557
4060,04 10 12 18 22 31,-0.03407862,0.41177339,0.026135,-1.774124,-0.743875,0.694559,0.000000,0.000000,0.766489
4061,01 02 07 08 10 31,-0.03413728,0.37678161,-0.104542,-1.065246,-1.019385,0.115760,0.000000,0.000000,-0.504804
4062,01 02 09 10 14 38,-0.03416921,0.41285995,-0.627250,-0.160559,1.046936,-1.041838,0.000000,0.000000,-0.645585
4063,07 09 12 18 22 24,-0.03417227,0.40019129,-0.627250,-0.986853,0.358162,-0.173640,0.000000,0.000000,0.144143
4064,09 12 18 22 24 38,-0.03417687,0.50836103,0.418167,-0.258114,1.873464,-1.331238,0.000000,0.000000,0.826725
4065,04 07 09 10 18 38,-0.03420849,0.49242454,0.156813,-0.992896,1.046936,-0.173640,0.000000,0.000000,0.166916
4066,01 04 07 12 22 38,-0.03424868,0.49409362,-0.365896,-1.335357,1.460200,0.260460,0.000000,0.000000,0.226897
4067,01 04 07 09 18 22,-0.03452445,0.41580658,-0.627250,-1.421498,0.082653,0.549859,0.000000,0.000000,-0.432009
4068,04 09 10 12 22 38,-0.03452764,0.43722869,-0.757927,-0.522738,1.735709,-0.897139,0.000000,0.000000,0.478242
4069,01 02 07 09 14 31,-0.03453814,0.23720111,-2.326052,-1.314767,-0.743875,0.260460,0.000000,0.000000,0.088134
4070,01 04 12 18 22 38,-0.03454795,0.56928635,1.202229,-1.133578,1.046936,-0.028940,0.000000,0.000000,0.262133
4071,01 02 07 08 14 22,-0.03454910,0.38081132,-0.496573,-0.692050,-0.192857,-0.318339,0.000000,0.000000,-0.774875
4072,04 07 08 09 18 22,-0.03456064,0.41770891,0.026135,-0.628863,-0.055102,-0.463039,0.000000,0.000000,-0.561234
4073,09 12 22 24 31 38,-0.03469799,0.39802299,-1.149958,-0.288795,1.873464,-1.331238,0.000000,0.000000,0.892390
4074,04 07 12 14 18 22,-0.03473861,0.39844925,-0.496573,-1.618160,-0.606121,0.839259,0.000000,0.000000,-0.567141
4075,04 08 12 18 22 38,-0.03477112,0.57118869,1.855615,-0.340942,0.909181,-1.041838,0.000000,0.000000,0.105206
4076,02 07 08 14 18 31,-0.03478151,0.35696319,0.156813,-1.215876,-1.432649,-0.028940,0.000000,0.000000,0.610757
4077,01 02 07 08 10 14,-0.03478499,0.39580127,0.026135,-0.312716,-1.019385,-0.173640,0.000000,0.000000,-3.085811
4078,02 08 09 14 31 38,-0.03481407,0.34727319,-0.627250,0.206608,0.633672,-1.910037,0.000000,0.000000,0.606654
4079,01 02 08 10 31 38,-0.03484424,0.48495135,0.940875,-0.336507,0.495917,-1.041838,0.000000,0.000000,0.073721
4080,04 07 14 22 31 38,-0.03485064,0.39363793,-1.541990,-1.374807,1.322445,0.115760,0.000000,0.000000,0.831006
4081,07 09 13 18 22 38,-0.03503600,0.47266310,-0.365896,-0.755084,1.873464,-0.752439,0.000000,0.000000,0.975278
4082,07 12 13 22 31 38,-0.03511710,0.40763510,-1.149958,-1.226584,1.322445,-0.173640,0.000000,0.000000,1.120492
4083,04 07 08 12 18 22,-0.03521296,0.46301895,0.810198,-1.069681,-0.606121,0.115760,0.000000,0.000000,-0.643516
4084,04 07 10 12 18 38,-0.03522959,0.53773458,0.940875,-1.433715,0.495917,0.405159,0.000000,0.000000,0.029998
4085,01 02 10 14 18 38,-0.03528228,0.53071969,1.202229,-0.854304,0.495917,-0.318339,0.000000,0.000000,-0.127946
4086,07 12 13 18 22 38,-0.03529305,0.51797313,0.418167,-1.195903,1.322445,-0.173640,0.000000,0.000000,0.951555
4087,02 09 10 12 14 31,-0.03540594,0.22564622,-1.934021,-0.942967,-1.019385,-0.318339,0.000000,0.000000,0.266600
4088,01 04 07 09 10 12,-0.03541073,0.35824682,-1.149958,-0.789238,-0.743875,0.549859,0.000000,0.000000,-3.507486
4089,01 02 10 12 14 38,-0.03541436,0.45816998,0.156813,-0.601378,0.495917,-0.463039,0.000000,0.000000,-0.815699
4090,01 02 07 08 14 18,-0.03544741,0.43865021,0.940875,-0.707502,-1.294894,-0.028940,0.000000,0.000000,-1.855181
4091,04 07 08 18 22 38,-0.03556816,0.56854566,1.332906,-0.795647,1.322445,-0.607739,0.000000,0.000000,0.575734
4092,04 07 09 10 12 38,-0.03565573,0.41987484,-0.888604,-0.739970,1.046936,-0.318339,0.000000,0.000000,-0.715680
4093,02 08 09 14 22 31,-0.03576954,0.25645730,-1.541990,-0.304899,-0.192857,-1.331238,0.000000,0.000000,0.808628
4094,04 07 10 18 31 38,-0.03581837,0.49994625,0.418167,-1.717322,0.495917,0.549859,0.000000,0.000000,0.753821
4095,07 09 13 22 31 38,-0.03583623,0.36232506,-1.934021,-0.785766,1.873464,-0.752439,0.000000,0.000000,0.999591
4096,01 02 09 14 31 38,-0.03594348,0.34537085,-1.280636,-0.586027,0.771426,-0.897139,0.000000,0.000000,0.563191
4097,07 09 12 13 18 22,-0.03598084,0.36713639,-0.888604,-1.029119,-0.055102,-0.028940,0.000000,0.000000,-0.436576
4098,04 09 12 18 31 38,-0.03602414,0.42757847,0.026135,-0.963659,0.358162,-0.463039,0.000000,0.000000,0.780952
4099,01 02 07 14 18 31,-0.03606045,0.35506085,-0.496573,-2.008511,-1.294894,0.983958,0.000000,0.000000,0.545141
4100,01 04 07 12 18 22,-0.03609184,0.46111661,0.156813,-1.862317,-0.468366,1.128658,0.000000,0.000000,-0.649862
4101,01 02 07 08 12 31,-0.03610133,0.34708084,-0.235219,-1.207107,-1.294894,0.115760,0.000000,0.000000,-0.135198
4102,01 08 09 14 18 31,-0.03613860,0.28915362,0.156813,-0.065455,-1.570404,-1.620637,0.000000,0.000000,0.658130
4103,02 08 12 14 31 38,-0.03615176,0.39258322,0.156813,-0.234210,0.082653,-1.331238,0.000000,0.000000,0.422830
4104,01 02 12 14 31 38,-0.03615274,0.39068088,-0.496573,-1.026846,0.220408,-0.318339,0.000000,0.000000,0.546548
4105,04 07 14 18 22 38,-0.03618038,0.50397597,0.026135,-1.344126,1.322445,0.115760,0.000000,0.000000,0.491130
4106,02 08 10 14 18 38,-0.03629188,0.53262203,1.855615,-0.061668,0.358162,-1.331238,0.000000,0.000000,-0.401385
4107,01 02 09 10 14 22,-0.03629218,0.32204406,-1.541990,-0.672067,0.220408,-0.463039,0.000000,0.000000,-0.616581
4108,04 09 10 22 31 38,-0.03631234,0.39944036,-1.280636,-0.806346,1.735709,-0.752439,0.000000,0.000000,1.024887
4109,02 08 09 10 14 22,-0.03631573,0.32394640,-0.888604,0.120569,0.082653,-1.475938,0.000000,0.000000,-0.743932
4110,01 08 12 14 18 31,-0.03633517,0.33446365,0.940875,-0.506273,-2.121423,-1.041838,0.000000,0.000000,0.643368
4111,02 08 10 12 14 38,-0.03635605,0.46007232,0.810198,0.191258,0.358162,-1.475938,0.000000,0.000000,-1.079074
4112,01 02 08 10 18 38,-0.03655638,0.59528938,2.509000,-0.305825,0.495917,-1.041838,0.000000,0.000000,-0.322807
4113,04 08 18 22 31 38,-0.03664453,0.53340036,1.332906,-0.624549,0.909181,-0.897139,0.000000,0.000000,0.638708
4114,07 09 18 22 24 38,-0.03671131,0.50571800,-0.104542,-0.712819,2.286728,-0.897139,0.000000,0.000000,1.039852
4115,04 14 18 22 31 38,-0.03676387,0.46883066,0.026135,-1.173028,0.909181,-0.173640,0.000000,0.000000,0.627128
4116,01 08 10 14 31 38,-0.03676663,0.39714143,0.548844,0.162547,0.082653,-1.910037,0.000000,0.000000,0.522550
4117,01 02 09 10 14 18,-0.03680796,0.37988295,-0.104542,-0.687519,-0.881630,-0.173640,0.000000,0.000000,-1.640214
4118,01 02 12 14 22 31,-0.03681999,0.29986499,-1.411313,-1.538354,-0.606121,0.260460,0.000000,0.000000,0.791222
4119,04 07 09 12 31 38,-0.03682774,0.35238574,-1.541990,-1.165438,0.771426,-0.173640,0.000000,0.000000,0.582323
4120,01 02 09 14 22 31,-0.03684707,0.25455496,-2.195375,-1.097535,-0.055102,-0.318339,0.000000,0.000000,0.772850
4121,01 04 07 22 31 38,-0.03694678,0.45630529,-0.888604,-1.618964,1.460200,0.405159,0.000000,0.000000,0.638219
4122,09 13 18 22 31 38,-0.03695592,0.43751780,-0.365896,-0.583986,1.460200,-1.041838,0.000000,0.000000,0.913279
4123,02 08 09 12 14 38,-0.03699073,0.38506152,-0.104542,0.490216,0.633672,-2.054737,0.000000,0.000000,-0.526878
4124,02 08 12 14 22 31,-0.03702960,0.30176733,-0.757927,-0.745718,-0.743875,-0.752439,0.000000,0.000000,0.636305
4125,10 18 22 24 31 38,-0.03710915,0.54558350,0.810198,-0.840679,1.597955,-0.607739,0.000000,0.000000,0.557126
4126,04 07 09 10 12 22,-0.03710982,0.32905895,-1.803344,-1.251478,0.220408,0.260460,0.000000,0.000000,-0.587579
4127,02 09 10 14 18 31,-0.03713096,0.29819592,-0.888604,-1.195893,-1.019385,-0.173640,0.000000,0.000000,0.679216
4128,12 13 18 22 31 38,-0.03716019,0.48282783,0.418167,-1.024805,0.909181,-0.463039,0.000000,0.000000,0.897375
4129,01 04 18 22 31 38,-0.03727045,0.53149802,0.679521,-1.417185,1.046936,0.115760,0.000000,0.000000,0.669840
4130,02 08 09 10 14 18,-0.03727602,0.38178528,0.548844,0.105116,-1.019385,-1.186538,0.000000,0.000000,-1.833421
4131,02 07 08 10 14 38,-0.03727725,0.45742929,0.287490,-0.263448,0.771426,-1.041838,0.000000,0.000000,-0.626943
4132,01 02 09 12 14 38,-0.03729598,0.38315918,-0.757927,-0.302420,0.771426,-1.041838,0.000000,0.000000,-0.448239
4133,04 07 09 12 22 31,-0.03731215,0.26156985,-2.456729,-1.676946,-0.055102,0.405159,0.000000,0.000000,0.854085
4134,07 08 09 10 12 13,-0.03735099,0.35537766,-0.496573,0.620544,-0.881630,-0.897139,0.000000,0.000000,-5.263833
4135,01 02 10 12 14 22,-0.03745971,0.36735410,-0.757927,-1.112886,-0.330611,0.115760,0.000000,0.000000,-0.775193
4136,01 08 10 14 22 31,-0.03748910,0.30632554,-0.365896,-0.348960,-0.743875,-1.331238,0.000000,0.000000,0.759044
4137,01 07 08 12 14 31,-0.03756052,0.25927092,-0.627250,-0.708053,-1.708158,-0.752439,0.000000,0.000000,0.382255
4138,04 09 10 12 18 22,-0.03761271,0.40425169,-0.235219,-1.049699,-0.192857,-0.028940,0.000000,0.000000,-0.582510
4139,01 02 07 10 14 38,-0.03765274,0.45552695,-0.365896,-1.056083,0.909181,-0.028940,0.000000,0.000000,-0.558710
4140,01 02 10 12 14 18,-0.03766541,0.42519298,0.679521,-1.128338,-1.432649,0.405159,0.000000,0.000000,-1.752888
4141,04 07 09 10 22 38,-0.03768326,0.43458566,-1.280636,-0.977444,2.148974,-0.463039,0.000000,0.000000,0.599339
4142,01 04 07 18 22 38,-0.03770148,0.56664332,0.679521,-1.588283,1.460200,0.405159,0.000000,0.000000,0.383538
4143,01 02 08 12 31 38,-0.03770538,0.45525058,0.810198,-0.478367,0.220408,-1.041838,0.000000,0.000000,0.310420
4144,01 02 08 12 22 31,-0.03772368,0.36443469,-0.104542,-0.989875,-0.606121,-0.463039,0.000000,0.000000,0.651238
4145,02 08 09 10 12 31,-0.03789936,0.29021591,-0.627250,-0.394488,-1.019385,-1.041838,0.000000,0.000000,-0.108907
4146,04 07 10 18 22 31,-0.03790124,0.40913036,-0.496573,-2.228830,-0.330611,1.128658,0.000000,0.000000,0.788766
4147,04 09 12 18 22 31,-0.03800351,0.33676259,-0.888604,-1.475166,-0.468366,0.115760,0.000000,0.000000,0.831230
4148,04 10 12 22 31 38,-0.03807537,0.44475039,-0.496573,-1.247164,1.184691,-0.173640,0.000000,0.000000,0.778048
4149,07 09 22 24 31 38,-0.03808628,0.39537997,-1.672667,-0.743500,2.286728,-0.897139,0.000000,0.000000,0.979015
4150,01 02 08 10 12 38,-0.03809094,0.52273968,1.463583,-0.052900,0.495917,-1.186538,0.000000,0.000000,-1.218341
4151,04 09 10 18 22 38,-0.03809279,0.50977840,0.287490,-0.775664,1.735709,-0.752439,0.000000,0.000000,0.618238
4152,07 12 18 22 24 38,-0.03811619,0.55102804,0.679521,-1.153638,1.735709,-0.318339,0.000000,0.000000,0.846073
4153,02 08 09 14 18 38,-0.03814625,0.45761122,0.940875,0.237290,0.633672,-1.910037,0.000000,0.000000,-0.029888
4154,01 02 08 10 12 22,-0.03818022,0.43192379,0.548844,-0.564407,-0.330611,-0.607739,0.000000,0.000000,-0.888039
4155,04 07 09 12 18 38,-0.03833749,0.46272378,0.026135,-1.134757,0.771426,-0.173640,0.000000,0.000000,0.215779
4156,01 02 09 14 18 38,-0.03838358,0.45570889,0.287490,-0.555346,0.771426,-0.897139,0.000000,0.000000,0.058814
4157,01 02 07 08 18 31,-0.03848652,0.41963054,0.810198,-1.460033,-1.294894,0.260460,0.000000,0.000000,0.179612
4158,02 07 09 10 14 31,-0.03849257,0.22300319,-2.456729,-1.397672,-0.606121,0.115760,0.000000,0.000000,0.397916
4159,02 07 10 12 14 31,-0.03855249,0.26831322,-1.672667,-1.838491,-1.157140,0.694559,0.000000,0.000000,0.403399
4160,07 12 22 24 31 38,-0.03859526,0.44069000,-0.888604,-1.184319,1.735709,-0.318339,0.000000,0.000000,0.917967
4161,02 10 12 14 18 31,-0.03863963,0.34350596,-0.104542,-1.636712,-1.570404,0.405159,0.000000,0.000000,0.470061
4162,01 08 09 10 14 38,-0.03870205,0.38961973,0.287490,0.886973,0.633672,-2.633536,0.000000,0.000000,-0.589601
4163,04 07 10 12 22 38,-0.03872376,0.47989569,-0.496573,-1.418262,1.597955,0.115760,0.000000,0.000000,0.459545
4164,04 07 09 10 12 18,-0.03872627,0.38689783,-0.365896,-1.266930,-0.881630,0.549859,0.000000,0.000000,-1.774281
4165,01 02 10 14 22 38,-0.03873764,0.47288081,-0.235219,-0.838852,1.597955,-0.607739,0.000000,0.000000,0.307351
4166,02 08 10 12 14 22,-0.03875283,0.36925643,-0.104542,-0.320250,-0.468366,-0.897139,0.000000,0.000000,-1.090636
4167,01 02 08 09 22 31,-0.03887810,0.31912466,-0.888604,-0.549057,-0.055102,-1.041838,0.000000,0.000000,0.465848
4168,04 07 09 18 31 38,-0.03892246,0.42493544,-0.496573,-1.418364,0.771426,-0.028940,0.000000,0.000000,0.940168
4169,01 02 07 08 12 14,-0.03900787,0.36610050,-0.104542,-0.454576,-1.294894,-0.173640,0.000000,0.000000,-3.050857
4170,02 07 08 14 31 38,-0.03905765,0.38994019,-0.365896,-0.688916,0.495917,-0.897139,0.000000,0.000000,0.580925
4171,01 02 14 18 31 38,-0.03912600,0.46323059,0.548844,-1.279772,0.220408,-0.173640,0.000000,0.000000,0.774234
4172,01 02 09 10 12 31,-0.03913538,0.28831357,-1.280636,-1.187124,-0.881630,-0.028940,0.000000,0.000000,-0.168165
4173,02 08 09 10 18 31,-0.03914560,0.36276562,0.418167,-0.647414,-1.019385,-0.897139,0.000000,0.000000,0.374642
4174,01 02 10 12 18 31,-0.03925935,0.40617331,0.548844,-1.880869,-1.432649,0.694559,0.000000,0.000000,0.496010
4175,02 08 10 12 18 31,-0.03936083,0.40807565,1.202229,-1.088233,-1.570404,-0.318339,0.000000,0.000000,0.357114
4176,01 02 09 12 14 22,-0.03936720,0.29234329,-1.672667,-0.813928,-0.055102,-0.463039,0.000000,0.000000,-0.411568
4177,02 08 09 12 14 22,-0.03941339,0.29424563,-1.019281,-0.021292,-0.192857,-1.475938,0.000000,0.000000,-0.542273
4178,01 02 08 10 12 18,-0.03945546,0.48976267,1.986292,-0.579860,-1.432649,-0.318339,0.000000,0.000000,-2.024190
4179,01 02 12 14 18 38,-0.03956901,0.50101892,1.071552,-0.996165,0.220408,-0.318339,0.000000,0.000000,-0.102453
4180,09 18 22 24 31 38,-0.03959051,0.47057270,-0.104542,-0.541721,1.873464,-1.186538,0.000000,0.000000,0.835732
4181,01 02 08 18 31 38,-0.03966385,0.52780028,1.855615,-0.731293,0.220408,-0.897139,0.000000,0.000000,0.688450
4182,02 08 10 12 14 18,-0.03969371,0.42709532,1.332906,-0.335702,-1.570404,-0.607739,0.000000,0.000000,-2.177250
4183,01 07 08 09 14 31,-0.03970788,0.21396088,-1.411313,-0.267234,-1.157140,-1.331238,0.000000,0.000000,0.049758
4184,02 08 10 14 22 38,-0.03979252,0.47478314,0.418167,-0.046216,1.460200,-1.620637,0.000000,0.000000,0.027204
4185,02 07 08 10 14 22,-0.03980341,0.36661340,-0.627250,-0.774955,-0.055102,-0.463039,0.000000,0.000000,-0.657672
4186,01 02 07 10 14 22,-0.03982746,0.36471107,-1.280636,-1.567591,0.082653,0.549859,0.000000,0.000000,-0.537372
4187,01 02 10 14 18 22,-0.03983644,0.43990380,0.287490,-1.365812,-0.330611,0.260460,0.000000,0.000000,-0.459130
4188,01 02 09 12 14 18,-0.03987004,0.35018218,-0.235219,-0.829380,-1.157140,-0.173640,0.000000,0.000000,-1.433284
4189,01 02 08 09 10 22,-0.03992193,0.38661376,-0.235219,-0.123589,0.220408,-1.186538,0.000000,0.000000,-1.160438
4190,01 02 08 10 22 38,-0.03997292,0.53745050,1.071552,-0.290373,1.597955,-1.331238,0.000000,0.000000,0.118241
4191,02 07 08 14 22 31,-0.04006486,0.29912430,-1.280636,-1.200423,-0.330611,-0.318339,0.000000,0.000000,0.775232
4192,01 08 10 14 18 38,-0.04009881,0.50747947,2.116969,0.193229,0.082653,-1.910037,0.000000,0.000000,-0.113992
4193,04 07 12 18 31 38,-0.04011004,0.47024548,0.287490,-1.859183,0.220408,0.549859,0.000000,0.000000,0.778582
4194,01 08 10 12 14 38,-0.04017267,0.43492976,1.071552,0.446155,0.082653,-2.054737,0.000000,0.000000,-0.793119
4195,04 07 09 10 18 22,-0.04028272,0.40160866,-0.757927,-1.504404,0.220408,0.405159,0.000000,0.000000,-0.389470
4196,02 08 14 18 31 38,-0.04029750,0.46513293,1.202229,-0.487136,0.082653,-1.186538,0.000000,0.000000,0.476810
4197,01 02 09 10 18 31,-0.04031370,0.36086328,-0.235219,-1.440050,-0.881630,0.115760,0.000000,0.000000,0.325447
4198,01 02 14 18 22 31,-0.04033518,0.37241470,-0.365896,-1.791280,-0.606121,0.405159,0.000000,0.000000,0.938619
4199,01 02 07 14 31 38,-0.04034318,0.38803785,-1.019281,-1.481551,0.633672,0.115760,0.000000,0.000000,0.514332
4200,02 08 09 12 14 18,-0.04036074,0.35208451,0.418167,-0.036744,-1.294894,-1.186538,0.000000,0.000000,-1.629846
4201,01 02 08 12 18 38,-0.04044359,0.56558862,2.378323,-0.447686,0.220408,-1.041838,0.000000,0.000000,-0.238124
4202,01 07 08 14 18 31,-0.04045010,0.33182062,0.418167,-0.960979,-1.708158,-0.607739,0.000000,0.000000,0.622338
4203,02 08 12 14 18 38,-0.04046012,0.50292126,1.724938,-0.203529,0.082653,-1.331238,0.000000,0.000000,-0.358335
4204,01 02 08 09 31 38,-0.04056360,0.40994054,0.026135,-0.037549,0.771426,-1.620637,0.000000,0.000000,-0.127393
4205,01 02 08 09 18 38,-0.04062448,0.52027858,1.594261,-0.006868,0.771426,-1.620637,0.000000,0.000000,-0.279283
4206,04 10 12 18 22 38,-0.04064728,0.55508843,1.071552,-1.216483,1.184691,-0.173640,0.000000,0.000000,0.254142
4207,04 07 08 09 10 12,-0.04065992,0.36014915,-0.496573,0.003398,-0.881630,-0.463039,0.000000,0.000000,-4.409033
4208,01 08 09 10 14 22,-0.04066977,0.29880384,-0.627250,0.375466,-0.192857,-2.054737,0.000000,0.000000,-0.537595
4209,01 08 09 14 31 38,-0.04068008,0.32213063,-0.365896,0.461505,0.358162,-2.488836,0.000000,0.000000,0.588987
4210,01 02 08 09 10 18,-0.04068875,0.44445264,1.202229,-0.139041,-0.881630,-0.897139,0.000000,0.000000,-2.221264
4211,07 13 18 22 31 38,-0.04086937,0.48018480,-0.104542,-1.479510,1.322445,-0.028940,0.000000,0.000000,0.936460
4212,01 02 07 08 09 14,-0.04088740,0.32079047,-0.888604,-0.013758,-0.743875,-0.752439,0.000000,0.000000,-3.343675
4213,01 02 08 09 12 38,-0.04092306,0.44772887,0.548844,0.246058,0.771426,-1.765337,0.000000,0.000000,-0.991701
4214,01 08 12 14 31 38,-0.04097368,0.36744066,0.418167,0.020687,-0.192857,-1.910037,0.000000,0.000000,0.559850
4215,04 07 09 18 22 31,-0.04103120,0.33411956,-1.411313,-1.929872,-0.055102,0.549859,0.000000,0.000000,0.971279
4216,01 02 08 09 12 22,-0.04103822,0.35691299,-0.365896,-0.265449,-0.055102,-1.186538,0.000000,0.000000,-0.665233
4217,01 09 10 12 14 31,-0.04107776,0.20050366,-1.672667,-0.688070,-1.294894,-0.897139,0.000000,0.000000,0.277702
4218,01 02 07 10 14 18,-0.04113545,0.42254995,0.156813,-1.583043,-1.019385,0.839259,0.000000,0.000000,-1.678375
4219,01 08 09 10 14 18,-0.04114673,0.35664272,0.810198,0.360013,-1.294894,-1.765337,0.000000,0.000000,-1.555479
4220,01 02 08 18 22 31,-0.04114777,0.43698440,0.940875,-1.242801,-0.606121,-0.318339,0.000000,0.000000,0.812132
4221,02 07 08 10 14 18,-0.04119926,0.42445229,0.810198,-0.790408,-1.157140,-0.173640,0.000000,0.000000,-1.811691
4222,01 02 08 10 18 22,-0.04126579,0.50447350,1.594261,-0.817333,-0.330611,-0.463039,0.000000,0.000000,-0.676992
4223,01 02 07 14 22 31,-0.04129853,0.29722197,-1.934021,-1.993059,-0.192857,0.694559,0.000000,0.000000,0.716324
4224,02 07 08 12 14 38,-0.04131207,0.42772852,0.156813,-0.405308,0.495917,-1.041838,0.000000,0.000000,-0.564128
4225,02 07 08 09 14 38,-0.04134212,0.38241849,-0.627250,0.035510,1.046936,-1.620637,0.000000,0.000000,-0.582939
4226,02 07 08 10 12 31,-0.04136439,0.33288291,-0.365896,-1.290012,-1.157140,-0.028940,0.000000,0.000000,-0.019293
4227,01 08 09 14 22 31,-0.04142842,0.23131474,-1.280636,-0.050002,-0.468366,-1.910037,0.000000,0.000000,0.821647
4228,02 09 12 14 18 31,-0.04147615,0.26849515,-1.019281,-1.337754,-1.294894,-0.173640,0.000000,0.000000,0.696049
4229,02 09 10 14 31 38,-0.04153647,0.33117293,-1.411313,-0.668933,0.909181,-1.041838,0.000000,0.000000,0.630217
4230,01 02 07 10 12 31,-0.04154346,0.33098058,-1.019281,-2.082648,-1.019385,0.983958,0.000000,0.000000,0.078040
4231,04 07 10 22 31 38,-0.04155156,0.44210736,-1.019281,-1.701870,1.597955,0.260460,0.000000,0.000000,0.851651
4232,02 08 09 14 22 38,-0.04164042,0.39977234,-0.496573,0.252742,1.735709,-2.199437,0.000000,0.000000,0.399659
4233,01 08 12 14 22 31,-0.04164439,0.27662477,-0.496573,-0.490821,-1.019385,-1.331238,0.000000,0.000000,0.804010
4234,01 02 07 12 14 38,-0.04178975,0.42582618,-0.496573,-1.197944,0.633672,-0.028940,0.000000,0.000000,-0.511034
4235,04 07 09 12 22 38,-0.04182519,0.40488489,-1.411313,-1.119304,1.873464,-0.463039,0.000000,0.000000,0.646285
4236,01 02 09 14 22 38,-0.04183247,0.39787000,-1.149958,-0.539894,1.873464,-1.186538,0.000000,0.000000,0.495070
4237,02 08 14 18 22 31,-0.04183676,0.37431704,0.287490,-0.998644,-0.743875,-0.607739,0.000000,0.000000,0.592293
4238,02 08 10 14 18 22,-0.04184481,0.44180614,0.940875,-0.573176,-0.468366,-0.752439,0.000000,0.000000,-0.880538
4239,01 08 09 12 14 38,-0.04184822,0.35991896,0.156813,0.745113,0.358162,-2.633536,0.000000,0.000000,-0.395130
4240,01 02 08 09 10 38,-0.04186634,0.47742964,0.679521,0.387919,1.046936,-1.765337,0.000000,0.000000,-1.792037
4241,04 07 10 12 18 22,-0.04187351,0.44691869,0.026135,-1.945222,-0.330611,0.983958,0.000000,0.000000,-0.610791
4242,01 02 07 08 09 31,-0.04188447,0.30177080,-1.019281,-0.766288,-0.743875,-0.463039,0.000000,0.000000,-1.006347
4243,04 09 12 22 31 38,-0.04196792,0.36973959,-1.411313,-0.948206,1.460200,-0.752439,0.000000,0.000000,0.847581
4244,01 02 07 09 14 38,-0.04200928,0.38051615,-1.280636,-0.757125,1.184691,-0.607739,0.000000,0.000000,-0.557918
4245,01 08 10 12 14 22,-0.04206277,0.34411387,0.156813,-0.065353,-0.743875,-1.475938,0.000000,0.000000,-0.729613
4246,04 07 12 18 22 31,-0.04214117,0.37942959,-0.627250,-2.370690,-0.606121,1.128658,0.000000,0.000000,0.821194
4247,01 07 08 10 14 38,-0.04214121,0.43228673,0.548844,-0.008551,0.495917,-1.620637,0.000000,0.000000,-0.496153
4248,02 08 09 12 18 31,-0.04214416,0.33306485,0.287490,-0.789275,-1.294894,-0.897139,0.000000,0.000000,0.590981
4249,01 02 09 10 12 14,-0.04225722,0.30733324,-1.149958,-0.434594,-0.881630,-0.318339,0.000000,0.000000,-3.115722
4250,01 02 08 09 12 18,-0.04231993,0.41475187,1.071552,-0.280902,-1.157140,-0.897139,0.000000,0.000000,-1.802342
4251,02 07 08 14 18 38,-0.04243188,0.50027823,1.202229,-0.658234,0.495917,-0.897139,0.000000,0.000000,-0.061847
4252,02 09 10 14 22 31,-0.04244018,0.24035704,-2.326052,-1.180441,0.082653,-0.463039,0.000000,0.000000,0.839858
4253,02 07 10 14 18 31,-0.04246720,0.34086293,-0.627250,-2.091417,-1.157140,0.839259,0.000000,0.000000,0.491605
4254,01 08 10 12 14 18,-0.04252032,0.40195275,1.594261,-0.080805,-1.845913,-1.186538,0.000000,0.000000,-1.744621
4255,01 02 07 08 10 22,-0.04254580,0.42928076,0.026135,-1.019112,0.082653,-0.173640,0.000000,0.000000,-0.946203
4256,12 18 22 24 31 38,-0.04256254,0.51588274,0.679521,-0.982540,1.322445,-0.607739,0.000000,0.000000,0.409777
4257,02 07 08 10 18 31,-0.04259122,0.40543262,0.679521,-1.542938,-1.157140,0.115760,0.000000,0.000000,0.467132
4258,02 07 09 12 14 31,-0.04272066,0.19330242,-2.587406,-1.539533,-0.881630,0.115760,0.000000,0.000000,0.432098
4259,02 08 09 10 12 14,-0.04279050,0.30923558,-0.496573,0.358042,-1.019385,-1.331238,0.000000,0.000000,-3.318591
4260,01 09 10 14 18 31,-0.04279308,0.27305336,-0.627250,-0.940996,-1.294894,-0.752439,0.000000,0.000000,0.691756
4261,01 02 07 14 18 38,-0.04282533,0.49837589,0.548844,-1.450870,0.633672,0.115760,0.000000,0.000000,0.003725
4262,01 08 09 14 18 38,-0.04299404,0.43246866,1.202229,0.492187,0.358162,-2.488836,0.000000,0.000000,0.103298
4263,08 09 10 14 18 31,-0.04303470,0.27495570,0.026135,-0.148360,-1.432649,-1.765337,0.000000,0.000000,0.532097
4264,01 02 12 14 22 38,-0.04303731,0.44318004,-0.365896,-0.980712,1.322445,-0.607739,0.000000,0.000000,0.330928
4265,02 10 12 14 31 38,-0.04314218,0.37648296,-0.627250,-1.109751,0.358162,-0.463039,0.000000,0.000000,0.406686
4266,07 18 22 24 31 38,-0.04321692,0.51323971,0.156813,-1.437245,1.735709,-0.173640,0.000000,0.000000,0.901438
4267,01 02 09 14 18 22,-0.04325429,0.36489300,-0.627250,-1.066854,-0.055102,-0.318339,0.000000,0.000000,-0.319268
4268,01 10 12 14 18 31,-0.04325766,0.31836340,0.156813,-1.381815,-1.845913,-0.173640,0.000000,0.000000,0.637287
4269,01 02 09 12 18 31,-0.04328962,0.33116251,-0.365896,-1.581911,-1.157140,0.115760,0.000000,0.000000,0.545141
4270,01 02 07 08 10 18,-0.04332556,0.48711964,1.463583,-1.034565,-1.019385,0.115760,0.000000,0.000000,-2.008946
4271,04 07 10 18 22 38,-0.04337406,0.55244540,0.548844,-1.671188,1.597955,0.260460,0.000000,0.000000,0.438773
4272,08 09 10 12 14 31,-0.04346057,0.20240599,-1.019281,0.104566,-1.432649,-1.910037,0.000000,0.000000,-0.199180
4273,04 09 12 18 22 38,-0.04352161,0.48007763,0.156813,-0.917525,1.460200,-0.752439,0.000000,0.000000,0.474528
4274,01 02 07 08 22 31,-0.04355199,0.36179166,-0.627250,-1.444580,-0.192857,-0.028940,0.000000,0.000000,0.376367
4275,01 08 09 10 12 31,-0.04358089,0.26507335,-0.365896,-0.139591,-1.294894,-1.620637,0.000000,0.000000,-0.099243
4276,01 08 10 14 22 38,-0.04359298,0.44964058,0.679521,0.208681,1.184691,-2.199437,0.000000,0.000000,0.315556
4277,01 02 12 14 18 22,-0.04368801,0.41020303,0.156813,-1.507672,-0.606121,0.260460,0.000000,0.000000,-0.369166
4278,04 10 18 22 31 38,-0.04370428,0.51730010,0.548844,-1.500090,1.184691,-0.028940,0.000000,0.000000,0.612292
4279,02 08 09 14 18 22,-0.04372505,0.36679533,0.026135,-0.274218,-0.192857,-1.331238,0.000000,0.000000,-0.512875
4280,01 08 09 12 14 22,-0.04376419,0.26910307,-0.757927,0.233605,-0.468366,-2.054737,0.000000,0.000000,-0.335457
4281,02 07 08 12 14 22,-0.04378648,0.33691263,-0.757927,-0.916816,-0.330611,-0.463039,0.000000,0.000000,-0.587190
4282,01 02 07 10 18 31,-0.04380692,0.40353028,0.026135,-2.335574,-1.019385,1.128658,0.000000,0.000000,0.410885
4283,01 02 08 12 22 38,-0.04387307,0.50774973,0.940875,-0.432234,1.322445,-1.331238,0.000000,0.000000,0.201007
4284,02 07 08 09 14 22,-0.04389415,0.29160260,-1.541990,-0.475997,0.220408,-1.041838,0.000000,0.000000,-0.617502
4285,01 02 07 12 14 22,-0.04391272,0.33501030,-1.411313,-1.709452,-0.192857,0.549859,0.000000,0.000000,-0.482030
4286,02 10 12 14 22 31,-0.04396827,0.28566707,-1.541990,-1.621259,-0.468366,0.115760,0.000000,0.000000,0.627827
4287,02 08 12 14 22 38,-0.04397370,0.44508237,0.287490,-0.188077,1.184691,-1.620637,0.000000,0.000000,0.068337
4288,01 08 10 12 18 31,-0.04398855,0.38293309,1.463583,-0.833336,-1.845913,-0.897139,0.000000,0.000000,0.522903
4289,01 02 08 09 22 38,-0.04403456,0.46243970,0.156813,0.008585,1.873464,-1.910037,0.000000,0.000000,0.162724
4290,02 08 09 10 22 31,-0.04413780,0.30492673,-1.019281,-0.631962,0.082653,-1.186538,0.000000,0.000000,0.582251
4291,01 07 08 10 14 22,-0.04416068,0.34147084,-0.365896,-0.520058,-0.330611,-1.041838,0.000000,0.000000,-0.451814
4292,01 02 07 09 14 22,-0.04420987,0.28970026,-2.195375,-1.268633,0.358162,-0.028940,0.000000,0.000000,-0.540414
4293,01 07 10 12 14 31,-0.04422755,0.24317066,-1.411313,-1.583594,-1.432649,0.115760,0.000000,0.000000,0.414022
4294,01 08 09 12 14 18,-0.04422822,0.32694195,0.679521,0.218153,-1.570404,-1.765337,0.000000,0.000000,-1.351424
4295,01 08 12 14 18 38,-0.04426381,0.47777870,1.986292,0.051368,-0.192857,-1.910037,0.000000,0.000000,-0.070463
4296,01 02 10 12 22 31,-0.04434518,0.34833443,-0.888604,-1.865416,-0.330611,0.405159,0.000000,0.000000,0.689750
4297,01 02 10 12 31 38,-0.04437863,0.43915032,0.026135,-1.353909,0.495917,-0.173640,0.000000,0.000000,0.341264
4298,01 02 07 10 12 14,-0.04439501,0.35000024,-0.888604,-1.330117,-1.019385,0.694559,0.000000,0.000000,-2.829473
4299,01 02 07 08 10 38,-0.04443846,0.52009665,0.940875,-0.507605,0.909181,-0.752439,0.000000,0.000000,-1.570135
4300,02 08 10 12 31 38,-0.04447351,0.44105265,0.679521,-0.561273,0.358162,-1.186538,0.000000,0.000000,0.203345
4301,02 08 10 12 22 31,-0.04449193,0.35023677,-0.235219,-1.072781,-0.468366,-0.607739,0.000000,0.000000,0.544145
4302,04 07 09 22 31 38,-0.04465579,0.36709656,-1.934021,-1.402912,1.873464,-0.318339,0.000000,0.000000,1.037977
4303,08 10 12 14 18 31,-0.04476885,0.32026573,0.810198,-0.589179,-1.983668,-1.186538,0.000000,0.000000,0.289536
4304,01 08 10 14 18 22,-0.04478839,0.41666358,1.202229,-0.318279,-0.743875,-1.331238,0.000000,0.000000,-0.465239
4305,01 08 09 10 18 31,-0.04481742,0.33762306,0.679521,-0.392517,-1.294894,-1.475938,0.000000,0.000000,0.385744
4306,02 09 10 14 18 38,-0.04482660,0.44151097,0.156813,-0.638252,0.909181,-1.041838,0.000000,0.000000,-0.000096
4307,02 09 10 12 14 38,-0.04488106,0.36896126,-0.888604,-0.385326,0.909181,-1.186538,0.000000,0.000000,-0.676348
4308,01 07 08 14 31 38,-0.04492690,0.36479763,-0.104542,-0.434019,0.220408,-1.475938,0.000000,0.000000,0.562779
4309,01 02 14 22 31 38,-0.04496377,0.40539171,-0.888604,-1.264320,1.322445,-0.463039,0.000000,0.000000,0.856570
4310,01 07 08 10 14 18,-0.04500723,0.39930972,1.071552,-0.535511,-1.432649,-0.752439,0.000000,0.000000,-1.524453
4311,04 07 09 12 18 22,-0.04500729,0.37190789,-0.888604,-1.646264,-0.055102,0.405159,0.000000,0.000000,-0.428843
4312,01 08 14 18 31 38,-0.04510971,0.43999037,1.463583,-0.232239,-0.192857,-1.765337,0.000000,0.000000,0.615267
4313,01 02 08 09 18 22,-0.04513508,0.42946269,0.679521,-0.518375,-0.055102,-1.041838,0.000000,0.000000,-0.604012
4314,02 07 08 12 14 18,-0.04516939,0.39475152,0.679521,-0.932268,-1.432649,-0.173640,0.000000,0.000000,-1.739293
4315,01 02 07 08 18 38,-0.04518347,0.56294559,1.855615,-0.902391,0.633672,-0.607739,0.000000,0.000000,-0.351741
4316,01 02 07 12 14 18,-0.04520777,0.39284918,0.026135,-1.724904,-1.294894,0.839259,0.000000,0.000000,-1.621116
4317,01 07 09 10 14 31,-0.04521173,0.19786063,-2.195375,-1.142775,-0.881630,-0.463039,0.000000,0.000000,0.253853
4318,02 08 09 10 31 38,-0.04522937,0.39574262,-0.104542,-0.120454,0.909181,-1.765337,0.000000,0.000000,0.077003
4319,02 07 08 09 12 31,-0.04523738,0.25787211,-1.280636,-0.991054,-0.881630,-0.607739,0.000000,0.000000,0.053140
4320,02 07 08 09 10 31,-0.04526019,0.28757288,-1.149958,-0.849194,-0.606121,-0.607739,0.000000,0.000000,-0.610826
4321,01 02 09 10 22 31,-0.04526062,0.30302440,-1.672667,-1.424598,0.220408,-0.173640,0.000000,0.000000,0.539765
4322,02 07 08 09 14 18,-0.04529648,0.34944148,-0.104542,-0.491450,-0.881630,-0.752439,0.000000,0.000000,-1.772480
4323,01 02 07 09 10 14,-0.04533454,0.30469021,-1.672667,-0.889299,-0.468366,0.115760,0.000000,0.000000,-2.983025
4324,01 02 08 22 31 38,-0.04541156,0.46996140,0.418167,-0.715841,1.322445,-1.186538,0.000000,0.000000,0.784130
4325,04 07 09 18 22 38,-0.04545345,0.47743460,-0.365896,-1.372230,1.873464,-0.318339,0.000000,0.000000,0.776930
4326,01 02 07 08 12 38,-0.04550146,0.49039588,0.810198,-0.649465,0.633672,-0.752439,0.000000,0.000000,-1.067035
4327,01 02 07 09 14 18,-0.04552434,0.34753915,-0.757927,-1.284085,-0.743875,0.260460,0.000000,0.000000,-1.682375
4328,02 07 09 14 18 31,-0.04564595,0.26585212,-1.541990,-1.792459,-0.881630,0.260460,0.000000,0.000000,0.666891
4329,02 07 12 14 18 31,-0.04564615,0.31116216,-0.757927,-2.233277,-1.432649,0.839259,0.000000,0.000000,0.681221
4330,01 02 07 08 12 22,-0.04566836,0.39957999,-0.104542,-1.160973,-0.192857,-0.173640,0.000000,0.000000,-0.748233
4331,01 07 08 14 22 31,-0.04572699,0.27398174,-1.019281,-0.945526,-0.606121,-0.897139,0.000000,0.000000,0.787772
4332,01 02 08 12 18 22,-0.04574857,0.47477273,1.463583,-0.959194,-0.606121,-0.463039,0.000000,0.000000,-0.680544
4333,01 02 07 09 10 31,-0.04575356,0.28567054,-1.803344,-1.641829,-0.468366,0.405159,0.000000,0.000000,-0.560059
4334,01 02 07 08 31 38,-0.04577955,0.45260755,0.287490,-0.933073,0.633672,-0.607739,0.000000,0.000000,-0.297181
4335,02 07 08 14 22 38,-0.04591311,0.44243934,-0.235219,-0.642782,1.597955,-1.186538,0.000000,0.000000,0.369617
4336,02 09 12 14 31 38,-0.04594635,0.30147216,-1.541990,-0.810794,0.633672,-1.041838,0.000000,0.000000,0.637466
4337,02 08 12 14 18 22,-0.04596129,0.41210537,0.810198,-0.715037,-0.743875,-0.752439,0.000000,0.000000,-0.829822
4338,07 08 10 14 18 31,-0.04603692,0.31762270,0.287490,-1.043884,-1.570404,-0.752439,0.000000,0.000000,0.690279
4339,04 07 12 22 31 38,-0.04604089,0.41240659,-1.149958,-1.843730,1.322445,0.260460,0.000000,0.000000,0.847129
4340,01 07 08 12 14 38,-0.04617280,0.40258596,0.418167,-0.150411,0.220408,-1.620637,0.000000,0.000000,-0.432858
4341,08 09 10 14 31 38,-0.04623630,0.30793270,-0.496573,0.378600,0.495917,-2.633536,0.000000,0.000000,0.661461
4342,02 07 08 09 10 14,-0.04625381,0.30659255,-1.019281,-0.096663,-0.606121,-0.897139,0.000000,0.000000,-3.243081
4343,01 02 07 14 22 38,-0.04626128,0.44053701,-0.888604,-1.435418,1.735709,-0.173640,0.000000,0.000000,0.441898
4344,08 09 12 14 18 31,-0.04629475,0.24525493,-0.104542,-0.290221,-1.708158,-1.765337,0.000000,0.000000,0.709697
4345,01 02 10 18 31 38,-0.04631321,0.51170003,1.071552,-1.606835,0.495917,-0.028940,0.000000,0.000000,0.722835
4346,01 02 09 10 31 38,-0.04640406,0.39384029,-0.757927,-0.913090,1.046936,-0.752439,0.000000,0.000000,0.026832
4347,01 08 14 18 22 31,-0.04644185,0.34917448,0.548844,-0.743747,-1.019385,-1.186538,0.000000,0.000000,0.761436
4348,02 08 14 22 31 38,-0.04645876,0.40729404,-0.235219,-0.471684,1.184691,-1.475938,0.000000,0.000000,0.511221
4349,02 07 08 12 18 31,-0.04647520,0.37573185,0.548844,-1.684799,-1.432649,0.115760,0.000000,0.000000,0.552295
4350,02 08 10 18 31 38,-0.04647601,0.51360236,1.724938,-0.814199,0.358162,-1.041838,0.000000,0.000000,0.574852
4351,01 08 09 14 22 38,-0.04648174,0.37462978,-0.235219,0.507639,1.460200,-2.778236,0.000000,0.000000,0.533803
4352,07 08 10 12 14 31,-0.04648219,0.24507299,-0.757927,-0.790958,-1.570404,-0.897139,0.000000,0.000000,-0.043873
4353,01 08 09 10 12 14,-0.04653777,0.28409301,-0.235219,0.612939,-1.294894,-1.910037,0.000000,0.000000,-3.022361
4354,04 09 18 22 31 38,-0.04662371,0.44228930,-0.365896,-1.201132,1.460200,-0.607739,0.000000,0.000000,0.825996
4355,02 07 08 10 12 14,-0.04673315,0.35190258,-0.235219,-0.537482,-1.157140,-0.318339,0.000000,0.000000,-3.299737
4356,01 02 14 18 22 38,-0.04673991,0.51572974,0.679521,-1.233638,1.322445,-0.463039,0.000000,0.000000,0.450559
4357,02 08 09 10 18 38,-0.04677332,0.50608066,1.463583,-0.089773,0.909181,-1.765337,0.000000,0.000000,-0.294607
4358,02 09 12 14 22 31,-0.04679831,0.21065627,-2.456729,-1.322301,-0.192857,-0.463039,0.000000,0.000000,0.854774
4359,02 07 10 14 31 38,-0.04680803,0.37383993,-1.149958,-1.564457,0.771426,-0.028940,0.000000,0.000000,0.452189
4360,01 02 07 09 12 31,-0.04681267,0.25596978,-1.934021,-1.783690,-0.743875,0.405159,0.000000,0.000000,-0.056382
4361,02 07 09 10 14 38,-0.04687185,0.36631823,-1.411313,-0.840031,1.322445,-0.752439,0.000000,0.000000,-0.382678
4362,01 02 07 08 12 18,-0.04696301,0.45741887,1.332906,-1.176425,-1.294894,0.115760,0.000000,0.000000,-1.887259
4363,01 07 08 10 12 31,-0.04704916,0.30774035,-0.104542,-1.035115,-1.432649,-0.607739,0.000000,0.000000,-0.010107
4364,01 02 09 10 18 38,-0.04705593,0.50417832,0.810198,-0.882409,1.046936,-0.752439,0.000000,0.000000,-0.212614
4365,01 02 10 12 18 38,-0.04707479,0.54948836,1.594261,-1.323227,0.495917,-0.173640,0.000000,0.000000,-0.201050
4366,01 09 12 14 18 31,-0.04713504,0.24335259,-0.757927,-1.082857,-1.570404,-0.752439,0.000000,0.000000,0.709068
4367,07 08 09 10 14 31,-0.04716022,0.19976296,-1.541990,-0.350140,-1.019385,-1.475938,0.000000,0.000000,-0.158684
4368,02 10 14 18 31 38,-0.04716619,0.44903267,0.418167,-1.362677,0.358162,-0.318339,0.000000,0.000000,0.478700
4369,02 08 09 12 31 38,-0.04722451,0.36604185,-0.235219,-0.262315,0.633672,-1.765337,0.000000,0.000000,0.442004
4370,01 07 08 09 14 38,-0.04724695,0.35727593,-0.365896,0.290407,0.771426,-2.199437,0.000000,0.000000,-0.606356
4371,02 09 10 12 14 22,-0.04725197,0.27814537,-1.803344,-0.896833,0.082653,-0.607739,0.000000,0.000000,-0.684076
4372,02 08 09 12 22 31,-0.04726880,0.27522596,-1.149958,-0.773823,-0.192857,-1.186538,0.000000,0.000000,0.778970
4373,01 07 08 14 18 38,-0.04728290,0.47513567,1.463583,-0.403337,0.220408,-1.475938,0.000000,0.000000,0.070860
4374,01 02 08 18 22 38,-0.04736509,0.58029944,1.986292,-0.685160,1.322445,-1.186538,0.000000,0.000000,0.351838
4375,01 09 10 14 31 38,-0.04739925,0.30603037,-1.149958,-0.414036,0.633672,-1.620637,0.000000,0.000000,0.613029
4376,02 10 12 14 18 38,-0.04740849,0.48682100,0.940875,-1.079070,0.358162,-0.463039,0.000000,0.000000,-0.368251
4377,02 07 08 10 22 31,-0.04757049,0.34759374,-0.757927,-1.527486,-0.055102,-0.173640,0.000000,0.000000,0.676658
4378,04 07 12 18 22 38,-0.04763662,0.52274463,0.418167,-1.813049,1.322445,0.260460,0.000000,0.000000,0.467846
4379,02 07 08 09 18 31,-0.04770019,0.33042182,-0.235219,-1.243980,-0.881630,-0.463039,0.000000,0.000000,0.356449
4380,01 08 09 14 18 22,-0.04770950,0.34165277,0.287490,-0.019321,-0.468366,-1.910037,0.000000,0.000000,-0.251783
4381,01 02 07 14 18 22,-0.04774778,0.40756000,-0.365896,-1.962378,-0.192857,0.694559,0.000000,0.000000,-0.382023
4382,02 07 10 14 22 31,-0.04776349,0.28302404,-2.064698,-2.075964,-0.055102,0.549859,0.000000,0.000000,0.654163
4383,01 08 12 14 22 38,-0.04777092,0.41993981,0.548844,0.066820,0.909181,-2.199437,0.000000,0.000000,0.357167
4384,01 02 07 12 18 31,-0.04779309,0.37382952,-0.104542,-2.477435,-1.294894,1.128658,0.000000,0.000000,0.480908
4385,01 08 09 12 18 31,-0.04781276,0.30792229,0.548844,-0.534378,-1.570404,-1.475938,0.000000,0.000000,0.602563
4386,02 09 10 12 14 18,-0.04782973,0.33598425,-0.365896,-0.912286,-1.019385,-0.318339,0.000000,0.000000,-1.716893
4387,01 02 10 18 22 31,-0.04790409,0.42088414,0.156813,-2.118342,-0.330611,0.549859,0.000000,0.000000,0.830669
4388,01 10 12 14 31 38,-0.04796086,0.35134040,-0.365896,-0.854854,0.082653,-1.041838,0.000000,0.000000,0.544184
4389,02 07 10 12 14 38,-0.04800497,0.41162826,-0.627250,-1.280849,0.771426,-0.173640,0.000000,0.000000,-0.536194
4390,02 08 10 12 18 38,-0.04806176,0.55139069,2.247646,-0.530592,0.358162,-1.186538,0.000000,0.000000,-0.471134
4391,02 07 08 14 18 22,-0.04806242,0.40946234,0.287490,-1.169742,-0.330611,-0.318339,0.000000,0.000000,-0.552500
4392,08 10 12 14 31 38,-0.04806748,0.35324274,0.287490,-0.062219,-0.055102,-2.054737,0.000000,0.000000,0.404525
4393,01 09 10 14 22 31,-0.04809584,0.21521448,-2.064698,-0.925544,-0.192857,-1.041838,0.000000,0.000000,0.853356
4394,02 08 10 18 22 31,-0.04811877,0.42278647,0.810198,-1.325707,-0.468366,-0.463039,0.000000,0.000000,0.675002
4395,01 07 10 14 18 31,-0.04813256,0.31572037,-0.365896,-1.836520,-1.432649,0.260460,0.000000,0.000000,0.503666
4396,01 07 08 12 14 22,-0.04814051,0.31177007,-0.496573,-0.661919,-0.606121,-1.041838,0.000000,0.000000,-0.380853
4397,04 12 18 22 31 38,-0.04818914,0.48759933,0.418167,-1.641951,0.909181,-0.028940,0.000000,0.000000,0.608432
4398,02 08 09 10 12 38,-0.04823026,0.43353095,0.418167,0.163153,0.909181,-1.910037,0.000000,0.000000,-1.178641
4399,01 07 08 10 18 31,-0.04826628,0.38029006,0.940875,-1.288041,-1.432649,-0.463039,0.000000,0.000000,0.477755
4400,02 09 10 14 22 38,-0.04833371,0.38367208,-1.280636,-0.622799,2.011219,-1.331238,0.000000,0.000000,0.427535
4401,01 02 09 12 22 31,-0.04836898,0.27332363,-1.803344,-1.566458,-0.055102,-0.173640,0.000000,0.000000,0.739838
4402,01 02 09 12 31 38,-0.04837656,0.36413952,-0.888604,-1.054951,0.771426,-0.752439,0.000000,0.000000,0.395186
4403,08 09 10 14 22 31,-0.04838274,0.21711681,-1.411313,-0.132908,-0.330611,-2.054737,0.000000,0.000000,0.686988
4404,02 07 08 09 12 14,-0.04848983,0.27689178,-1.149958,-0.238524,-0.881630,-0.897139,0.000000,0.000000,-2.913767
4405,01 10 12 14 22 31,-0.04857982,0.26052451,-1.280636,-1.366362,-0.743875,-0.463039,0.000000,0.000000,0.796011
4406,01 02 07 08 22 38,-0.04858061,0.50510670,0.418167,-0.886939,1.735709,-0.897139,0.000000,0.000000,0.092182
4407,01 02 09 10 12 38,-0.04858079,0.43162862,-0.235219,-0.629483,1.046936,-0.897139,0.000000,0.000000,-1.106710
4408,02 07 08 10 31 38,-0.04861031,0.43840962,0.156813,-1.015978,0.771426,-0.752439,0.000000,0.000000,0.179076
4409,01 02 09 10 12 22,-0.04864419,0.34081273,-1.149958,-1.140990,0.220408,-0.318339,0.000000,0.000000,-0.772575
4410,02 08 09 10 12 22,-0.04864510,0.34271506,-0.496573,-0.348355,0.082653,-1.331238,0.000000,0.000000,-0.896572
4411,01 02 07 09 12 14,-0.04865246,0.27498944,-1.803344,-1.031159,-0.743875,0.115760,0.000000,0.000000,-2.814000
4412,02 10 14 18 22 31,-0.04865369,0.35821678,-0.496573,-1.874185,-0.468366,0.260460,0.000000,0.000000,0.601850
4413,01 02 07 08 09 22,-0.04867450,0.35426996,-0.888604,-0.720154,0.358162,-0.752439,0.000000,0.000000,-1.207961
4414,01 02 07 10 22 31,-0.04874091,0.34569140,-1.411313,-2.320122,0.082653,0.839259,0.000000,0.000000,0.627120
4415,02 08 14 18 22 38,-0.04884878,0.51763208,1.332906,-0.441003,1.184691,-1.475938,0.000000,0.000000,0.014262
4416,01 08 12 14 18 22,-0.04890164,0.38696281,1.071552,-0.460140,-1.019385,-1.331238,0.000000,0.000000,-0.414043
4417,02 09 10 12 18 31,-0.04892024,0.31696459,-0.496573,-1.664816,-1.019385,-0.028940,0.000000,0.000000,0.606592
4418,01 07 08 12 14 18,-0.04897413,0.36960896,0.940875,-0.677371,-1.708158,-0.752439,0.000000,0.000000,-1.451575
4419,01 02 08 09 10 12,-0.04900285,0.37190293,0.156813,0.113885,-0.881630,-1.041838,0.000000,0.000000,-4.121207
4420,01 08 10 12 22 31,-0.04911319,0.32509420,0.026135,-0.817884,-0.743875,-1.186538,0.000000,0.000000,0.710892
4421,02 09 12 14 18 38,-0.04919444,0.41181020,0.026135,-0.780112,0.633672,-1.041838,0.000000,0.000000,0.013382
4422,01 02 07 08 09 18,-0.04919681,0.41210884,0.548844,-0.735607,-0.743875,-0.463039,0.000000,0.000000,-2.232563
4423,07 08 09 12 14 31,-0.04919861,0.17006219,-1.672667,-0.492000,-1.294894,-1.475938,0.000000,0.000000,0.199909
4424,01 02 07 09 18 31,-0.04920756,0.32851948,-0.888604,-2.036616,-0.743875,0.549859,0.000000,0.000000,0.256991
4425,01 07 08 09 14 22,-0.04929229,0.26646004,-1.280636,-0.221100,-0.055102,-1.620637,0.000000,0.000000,-0.565851
4426,01 08 10 12 31 38,-0.04930190,0.41591009,0.940875,-0.306376,0.082653,-1.765337,0.000000,0.000000,0.339406
4427,02 08 09 18 31 38,-0.04930952,0.43859156,0.810198,-0.515241,0.633672,-1.620637,0.000000,0.000000,0.801286
4428,02 07 09 10 14 22,-0.04937213,0.27550234,-2.326052,-1.351539,0.495917,-0.173640,0.000000,0.000000,-0.409574
4429,08 09 10 14 18 38,-0.04940029,0.41827074,1.071552,0.409281,0.495917,-2.633536,0.000000,0.000000,0.049836
4430,07 08 10 14 31 38,-0.04940682,0.35059971,-0.235219,-0.516924,0.358162,-1.620637,0.000000,0.000000,0.794708
4431,01 07 09 12 14 31,-0.04943658,0.16815986,-2.326052,-1.284636,-1.157140,-0.463039,0.000000,0.000000,0.288514
4432,01 02 09 10 12 18,-0.04955632,0.39865161,0.287490,-1.156443,-0.881630,-0.028940,0.000000,0.000000,-1.854929
4433,08 09 12 14 31 38,-0.04956103,0.27823193,-0.627250,0.236739,0.220408,-2.633536,0.000000,0.000000,0.829478
4434,01 02 07 08 18 22,-0.04958710,0.47212970,0.940875,-1.413899,-0.192857,-0.028940,0.000000,0.000000,-0.660623
4435,01 09 10 14 18 38,-0.04967115,0.41636840,0.418167,-0.383355,0.633672,-1.620637,0.000000,0.000000,0.133569
4436,01 09 10 12 14 38,-0.04973532,0.34381870,-0.627250,-0.130429,0.633672,-1.765337,0.000000,0.000000,-0.544120
4437,02 08 09 12 18 38,-0.04979453,0.47637989,1.332906,-0.231634,0.633672,-1.765337,0.000000,0.000000,-0.081623
4438,01 08 09 10 22 31,-0.04980316,0.27978417,-0.757927,-0.377065,-0.192857,-1.765337,0.000000,0.000000,0.594312
4439,01 02 07 10 31 38,-0.04983260,0.43650729,-0.496573,-1.808614,0.909181,0.260460,0.000000,0.000000,0.121853
4440,08 10 14 18 31 38,-0.04994060,0.42579244,1.332906,-0.315145,-0.055102,-1.910037,0.000000,0.000000,0.795200
4441,02 07 09 14 31 38,-0.04995443,0.29882913,-2.064698,-1.265499,1.046936,-0.607739,0.000000,0.000000,0.632267
4442,02 09 10 14 18 22,-0.04999700,0.35069508,-0.757927,-1.149759,0.082653,-0.463039,0.000000,0.000000,-0.422577
4443,02 08 09 10 12 18,-0.05000174,0.40055395,0.940875,-0.363807,-1.019385,-1.041838,0.000000,0.000000,-2.044781
4444,02 07 12 14 31 38,-0.05005166,0.34413916,-1.280636,-1.706317,0.495917,-0.028940,0.000000,0.000000,0.632221
4445,01 02 09 12 18 38,-0.05005449,0.47447755,0.679521,-1.024269,0.771426,-0.752439,0.000000,0.000000,0.003725
4446,02 09 14 18 31 38,-0.05010179,0.37402186,-0.496573,-1.063719,0.633672,-0.897139,0.000000,0.000000,0.690008
4447,08 10 12 14 22 31,-0.05013630,0.26242685,-0.627250,-0.573727,-0.881630,-1.475938,0.000000,0.000000,0.441552
4448,02 07 10 14 18 38,-0.05014021,0.48417797,0.418167,-1.533775,0.771426,-0.028940,0.000000,0.000000,-0.184353
4449,01 07 08 09 14 18,-0.05014531,0.32429892,0.156813,-0.236553,-1.157140,-1.331238,0.000000,0.000000,-1.639449
4450,02 07 08 10 18 38,-0.05019631,0.54874766,1.724938,-0.985297,0.771426,-0.752439,0.000000,0.000000,-0.198763
4451,07 08 12 14 18 31,-0.05019868,0.28792193,0.156813,-1.185745,-1.845913,-0.752439,0.000000,0.000000,0.734287
4452,02 08 09 10 22 38,-0.05024162,0.44824177,0.026135,-0.074321,2.011219,-2.054737,0.000000,0.000000,0.138773
4453,01 02 09 18 31 38,-0.05039365,0.43668922,0.156813,-1.307877,0.771426,-0.607739,0.000000,0.000000,0.764532
4454,01 07 08 10 12 14,-0.05041768,0.32676002,0.026135,-0.282585,-1.432649,-0.897139,0.000000,0.000000,-2.994211
4455,04 07 18 22 31 38,-0.05042582,0.48495630,-0.104542,-2.096656,1.322445,0.405159,0.000000,0.000000,0.865672
4456,02 07 10 12 14 22,-0.05042763,0.32081237,-1.541990,-1.792357,-0.055102,0.405159,0.000000,0.000000,-0.551589
4457,01 02 09 10 22 38,-0.05047894,0.44633944,-0.627250,-0.866956,2.148974,-1.041838,0.000000,0.000000,0.227475
4458,01 02 10 12 22 38,-0.05051721,0.49164947,0.156813,-1.307775,1.597955,-0.463039,0.000000,0.000000,0.236164
4459,01 02 07 10 18 38,-0.05052651,0.54684533,1.071552,-1.777933,0.909181,0.260460,0.000000,0.000000,-0.123822
4460,01 02 12 18 31 38,-0.05057901,0.48199926,0.940875,-1.748695,0.220408,-0.028940,0.000000,0.000000,0.751429
4461,02 12 14 18 31 38,-0.05065529,0.41933190,0.287490,-1.504538,0.082653,-0.318339,0.000000,0.000000,0.622364
4462,01 07 08 14 22 38,-0.05075766,0.41729678,0.026135,-0.387885,1.322445,-1.765337,0.000000,0.000000,0.503283
4463,02 07 09 10 14 18,-0.05076152,0.33334122,-0.888604,-1.366991,-0.606121,0.115760,0.000000,0.000000,-1.562635
4464,02 10 12 14 22 38,-0.05093500,0.42898211,-0.496573,-1.063618,1.460200,-0.752439,0.000000,0.000000,0.056505
4465,02 07 09 14 22 31,-0.05093577,0.20801324,-2.979438,-1.777006,0.220408,-0.028940,0.000000,0.000000,0.830407
4466,02 07 12 14 22 31,-0.05095538,0.25332327,-2.195375,-2.217825,-0.330611,0.549859,0.000000,0.000000,0.841862
4467,01 02 07 10 12 38,-0.05096623,0.47429562,0.026135,-1.525007,0.909181,0.115760,0.000000,0.000000,-0.857151
4468,02 08 09 18 22 31,-0.05097815,0.34777567,-0.104542,-1.026749,-0.192857,-1.041838,0.000000,0.000000,0.897602
4469,01 07 08 09 10 14,-0.05098244,0.28144998,-0.757927,0.158234,-0.881630,-1.475938,0.000000,0.000000,-3.092241
4470,07 08 09 14 18 31,-0.05107757,0.24261190,-0.627250,-0.744926,-1.294894,-1.331238,0.000000,0.000000,0.589719
4471,01 02 07 10 12 22,-0.05108138,0.38347973,-0.888604,-2.036514,0.082653,0.694559,0.000000,0.000000,-0.530682
4472,01 08 09 10 31 38,-0.05110185,0.37060006,0.156813,0.134443,0.633672,-2.344136,0.000000,0.000000,0.058378
4473,02 07 09 12 14 38,-0.05112257,0.33661746,-1.541990,-0.981891,1.046936,-0.752439,0.000000,0.000000,-0.351850
4474,01 10 12 14 18 38,-0.05120894,0.46167844,1.202229,-0.824173,0.082653,-1.041838,0.000000,0.000000,-0.079899
4475,01 08 14 22 31 38,-0.05126450,0.38215148,0.026135,-0.216787,0.909181,-2.054737,0.000000,0.000000,0.650636
4476,01 08 10 18 31 38,-0.05129469,0.48845980,1.986292,-0.559302,0.082653,-1.620637,0.000000,0.000000,0.712351
4477,01 07 12 14 18 31,-0.05130827,0.28601960,-0.496573,-1.978380,-1.708158,0.260460,0.000000,0.000000,0.693760
4478,07 08 10 14 22 31,-0.05137202,0.25978382,-1.149958,-1.028432,-0.468366,-1.041838,0.000000,0.000000,0.847087
4479,02 07 08 12 31 38,-0.05149086,0.40870886,0.026135,-1.157839,0.495917,-0.752439,0.000000,0.000000,0.412900
4480,02 08 10 12 22 38,-0.05154946,0.49355181,0.810198,-0.515139,1.460200,-1.475938,0.000000,0.000000,-0.040628
4481,02 07 08 12 22 31,-0.05158690,0.31789297,-0.888604,-1.669347,-0.330611,-0.173640,0.000000,0.000000,0.742200
4482,01 02 07 08 09 38,-0.05159694,0.44508585,0.026135,-0.208647,1.184691,-1.331238,0.000000,0.000000,-1.984458
4483,01 09 10 12 14 22,-0.05159953,0.25300281,-1.541990,-0.641936,-0.192857,-1.186538,0.000000,0.000000,-0.476781
4484,08 09 10 12 14 38,-0.05160563,0.34572103,0.026135,0.662207,0.495917,-2.778236,0.000000,0.000000,-0.945076
4485,02 09 14 18 22 31,-0.05161517,0.28320598,-1.411313,-1.575227,-0.192857,-0.318339,0.000000,0.000000,0.809325
4486,01 08 09 10 18 38,-0.05162758,0.48093810,1.724938,0.165124,0.633672,-2.344136,0.000000,0.000000,-0.162380
4487,08 09 12 14 22 31,-0.05165572,0.18741604,-1.541990,-0.274769,-0.606121,-2.054737,0.000000,0.000000,0.862671
4488,02 07 08 10 12 38,-0.05167265,0.47619796,0.679521,-0.732371,0.771426,-0.897139,0.000000,0.000000,-1.085672
4489,01 02 10 12 18 22,-0.05168070,0.45867247,0.679521,-1.834735,-0.330611,0.405159,0.000000,0.000000,-0.539901
4490,02 08 12 18 31 38,-0.05172787,0.48390159,1.594261,-0.956060,0.082653,-1.041838,0.000000,0.000000,0.457360
4491,01 02 09 10 18 22,-0.05173946,0.41336243,-0.104542,-1.393916,0.220408,-0.173640,0.000000,0.000000,-0.562965
4492,01 09 10 12 14 18,-0.05175995,0.31084169,-0.104542,-0.657389,-1.294894,-0.897139,0.000000,0.000000,-1.447767
4493,02 07 10 12 14 18,-0.05179761,0.37865126,-0.104542,-1.807810,-1.157140,0.694559,0.000000,0.000000,-1.701776
4494,01 09 12 14 31 38,-0.05180589,0.27632960,-1.280636,-0.555897,0.358162,-1.620637,0.000000,0.000000,0.620757
4495,02 08 09 10 18 22,-0.05180829,0.41526477,0.548844,-0.601281,0.082653,-1.186538,0.000000,0.000000,-0.697025
4496,01 08 10 12 18 38,-0.05187192,0.52624813,2.509000,-0.275695,0.082653,-1.765337,0.000000,0.000000,-0.184220
4497,02 12 14 18 22 31,-0.05193233,0.32851601,-0.627250,-2.016046,-0.743875,0.260460,0.000000,0.000000,0.776696
4498,01 02 12 18 22 31,-0.05195943,0.39118337,0.026135,-2.260203,-0.606121,0.549859,0.000000,0.000000,0.890445
4499,01 07 08 09 12 31,-0.05196300,0.23272955,-1.019281,-0.736157,-1.157140,-1.186538,0.000000,0.000000,-0.091882
4500,01 10 14 18 31 38,-0.05197516,0.42389011,0.679521,-1.107780,0.082653,-0.897139,0.000000,0.000000,0.617636
4501,02 07 09 10 12 31,-0.05198368,0.24177185,-2.064698,-1.866596,-0.606121,0.260460,0.000000,0.000000,0.073160
4502,01 07 08 09 10 31,-0.05198905,0.26243032,-0.888604,-0.594297,-0.881630,-1.186538,0.000000,0.000000,-0.756327
4503,01 02 10 22 31 38,-0.05199465,0.45386114,-0.365896,-1.591382,1.597955,-0.318339,0.000000,0.000000,0.828331
4504,01 02 09 18 22 31,-0.05201041,0.34587333,-0.757927,-1.819384,-0.055102,-0.028940,0.000000,0.000000,0.868533
4505,01 02 07 08 10 12,-0.05208170,0.41456994,0.418167,-0.781639,-1.019385,-0.028940,0.000000,0.000000,-3.974378
4506,02 07 08 10 12 22,-0.05213925,0.38538207,-0.235219,-1.243879,-0.055102,-0.318339,0.000000,0.000000,-0.811270
4507,01 07 08 12 18 31,-0.05214703,0.35058929,0.810198,-1.429902,-1.708158,-0.463039,0.000000,0.000000,0.563397
4508,02 08 10 22 31 38,-0.05220274,0.45576348,0.287490,-0.798747,1.460200,-1.331238,0.000000,0.000000,0.673640
4509,08 10 12 14 18 38,-0.05220765,0.46358077,1.855615,-0.031538,-0.055102,-2.054737,0.000000,0.000000,-0.351723
4510,02 10 12 14 18 22,-0.05221058,0.39600511,0.026135,-1.590578,-0.468366,0.115760,0.000000,0.000000,-0.736168
4511,02 07 09 14 18 38,-0.05226839,0.40916717,-0.496573,-1.234817,1.046936,-0.607739,0.000000,0.000000,0.146577
4512,01 07 09 14 18 31,-0.05235217,0.24070956,-1.280636,-1.537562,-1.157140,-0.318339,0.000000,0.000000,0.524744
4513,01 02 07 10 12 18,-0.05236309,0.44131862,0.548844,-2.051967,-1.019385,0.983958,0.000000,0.000000,-1.667791
4514,01 07 08 14 18 22,-0.05240676,0.38431978,0.548844,-0.914845,-0.606121,-0.897139,0.000000,0.000000,-0.344726
4515,01 09 12 14 22 31,-0.05245073,0.18551371,-2.195375,-1.067404,-0.468366,-1.041838,0.000000,0.000000,0.868751
4516,07 08 10 14 18 38,-0.05261286,0.46093774,1.332906,-0.486243,0.358162,-1.620637,0.000000,0.000000,0.176854
4517,01 08 14 18 22 38,-0.05263629,0.49248952,1.594261,-0.186106,0.909181,-2.054737,0.000000,0.000000,0.304531
4518,08 09 14 18 31 38,-0.05267014,0.35078164,0.418167,-0.016187,0.220408,-2.488836,0.000000,0.000000,1.037037
4519,08 10 14 18 22 31,-0.05267084,0.33497655,0.418167,-0.826653,-0.881630,-1.331238,0.000000,0.000000,0.734236
4520,01 07 10 14 31 38,-0.05267404,0.34869737,-0.888604,-1.309560,0.495917,-0.607739,0.000000,0.000000,0.434522
4521,08 09 12 14 18 38,-0.05268297,0.38856997,0.940875,0.267420,0.220408,-2.633536,0.000000,0.000000,0.224082
4522,02 07 08 09 22 31,-0.05271221,0.27258293,-1.672667,-1.228528,0.220408,-0.752439,0.000000,0.000000,0.561123
4523,02 09 12 14 22 38,-0.05271448,0.35397131,-1.411313,-0.764660,1.735709,-1.331238,0.000000,0.000000,0.439096
4524,01 08 10 18 22 31,-0.05273032,0.39764391,1.071552,-1.070810,-0.743875,-1.041838,0.000000,0.000000,0.843186
4525,01 07 09 10 14 38,-0.05277344,0.34117567,-1.149958,-0.585134,1.046936,-1.331238,0.000000,0.000000,-0.405616
4526,01 02 07 12 31 38,-0.05281534,0.40680652,-0.627250,-1.950474,0.633672,0.260460,0.000000,0.000000,0.340537
4527,01 02 07 12 22 31,-0.05285951,0.31599063,-1.541990,-2.461982,-0.192857,0.839259,0.000000,0.000000,0.677522
4528,01 07 10 12 14 38,-0.05286246,0.38648570,-0.365896,-1.025952,0.495917,-0.752439,0.000000,0.000000,-0.404446
4529,01 08 09 12 22 31,-0.05293092,0.25008340,-0.888604,-0.518926,-0.468366,-1.765337,0.000000,0.000000,0.791510
4530,08 09 10 14 22 38,-0.05294621,0.36043186,-0.365896,0.424733,1.597955,-2.922935,0.000000,0.000000,0.471717
4531,01 08 09 10 12 22,-0.05300237,0.31757250,-0.235219,-0.093458,-0.192857,-1.910037,0.000000,0.000000,-0.690715
4532,01 08 09 12 31 38,-0.05309375,0.34089929,0.026135,-0.007418,0.358162,-2.344136,0.000000,0.000000,0.423858
4533,01 08 09 10 12 38,-0.05309422,0.40838839,0.679521,0.418050,0.633672,-2.488836,0.000000,0.000000,-1.047851
4534,01 02 07 09 10 22,-0.05310829,0.33816970,-1.672667,-1.595696,0.633672,0.115760,0.000000,0.000000,-0.845334
4535,02 07 10 12 18 31,-0.05315840,0.35963159,-0.235219,-2.560340,-1.157140,0.983958,0.000000,0.000000,0.581665
4536,01 09 10 14 22 38,-0.05317179,0.35852952,-1.019281,-0.367902,1.735709,-1.910037,0.000000,0.000000,0.562158
4537,01 07 08 09 12 14,-0.05321522,0.25174921,-0.888604,0.016373,-1.157140,-1.475938,0.000000,0.000000,-2.762448
4538,02 07 09 10 18 31,-0.05322022,0.31432156,-1.019281,-2.119521,-0.606121,0.405159,0.000000,0.000000,0.558148
4539,01 07 08 10 22 31,-0.05323908,0.32245117,-0.496573,-1.272589,-0.330611,-0.752439,0.000000,0.000000,0.688239
4540,01 10 14 18 22 31,-0.05325555,0.33307422,-0.235219,-1.619288,-0.743875,-0.318339,0.000000,0.000000,0.771472
4541,02 08 09 12 22 38,-0.05327576,0.41854100,-0.104542,-0.216181,1.735709,-2.054737,0.000000,0.000000,0.349842
4542,02 08 12 18 22 31,-0.05331888,0.39308570,0.679521,-1.467567,-0.743875,-0.463039,0.000000,0.000000,0.565176
4543,02 10 14 22 31 38,-0.05334038,0.39119378,-1.019281,-1.347225,1.460200,-0.607739,0.000000,0.000000,0.511194
4544,02 07 12 14 18 38,-0.05334179,0.45447720,0.287490,-1.675636,0.495917,-0.028940,0.000000,0.000000,0.001908
4545,01 07 10 14 22 31,-0.05342238,0.25788148,-1.803344,-1.821067,-0.330611,-0.028940,0.000000,0.000000,0.667182
4546,01 02 09 12 22 38,-0.05349045,0.41663867,-0.757927,-1.008817,1.873464,-1.041838,0.000000,0.000000,0.441898
4547,02 07 08 18 31 38,-0.05350755,0.48125856,1.071552,-1.410765,0.495917,-0.607739,0.000000,0.000000,0.782305
4548,02 07 08 10 12 18,-0.05350882,0.44322095,1.202229,-1.259331,-1.157140,-0.028940,0.000000,0.000000,-1.961396
4549,02 07 09 12 14 22,-0.05357111,0.24580157,-2.456729,-1.493399,0.220408,-0.173640,0.000000,0.000000,-0.371079
4550,07 08 12 14 31 38,-0.05363328,0.32089894,-0.365896,-0.658785,0.082653,-1.620637,0.000000,0.000000,0.829132
4551,02 07 10 14 22 38,-0.05363438,0.42633908,-1.019281,-1.518323,1.873464,-0.318339,0.000000,0.000000,0.245194
4552,02 07 08 10 22 38,-0.05365167,0.49090878,0.287490,-0.969845,1.873464,-1.041838,0.000000,0.000000,0.236534
4553,02 08 10 12 18 22,-0.05366643,0.46057480,1.332906,-1.042099,-0.468366,-0.607739,0.000000,0.000000,-0.957954
4554,02 07 08 09 10 22,-0.05385184,0.34007203,-1.019281,-0.803060,0.495917,-0.897139,0.000000,0.000000,-1.079356
4555,01 08 09 10 12 18,-0.05387568,0.37541139,1.202229,-0.108910,-1.294894,-1.620637,0.000000,0.000000,-1.767318
4556,01 02 07 09 10 18,-0.05388158,0.39600858,-0.235219,-1.611148,-0.468366,0.405159,0.000000,0.000000,-1.907119
4557,01 02 07 10 22 38,-0.05393659,0.48900644,-0.365896,-1.762480,2.011219,-0.028940,0.000000,0.000000,0.318184
4558,01 02 10 18 22 38,-0.05398534,0.56419918,1.202229,-1.560701,1.597955,-0.318339,0.000000,0.000000,0.390535
4559,01 09 12 14 18 38,-0.05403575,0.38666763,0.287490,-0.525215,0.358162,-1.620637,0.000000,0.000000,0.147526
4560,01 09 10 14 18 22,-0.05404419,0.32555252,-0.496573,-0.894862,-0.192857,-1.041838,0.000000,0.000000,-0.170781
4561,02 09 10 12 22 31,-0.05405781,0.25912570,-1.934021,-1.649364,0.082653,-0.318339,0.000000,0.000000,0.792664
4562,02 09 10 12 31 38,-0.05406527,0.34994159,-1.019281,-1.137856,0.909181,-0.897139,0.000000,0.000000,0.448031
4563,02 07 08 12 18 38,-0.05410293,0.51904689,1.594261,-1.127158,0.495917,-0.752439,0.000000,0.000000,-0.116955
4564,01 02 07 09 22 31,-0.05417430,0.27068060,-2.326052,-2.021164,0.358162,0.260460,0.000000,0.000000,0.468373
4565,02 07 14 18 31 38,-0.05418770,0.41668887,-0.235219,-1.959243,0.495917,0.115760,0.000000,0.000000,0.687638
4566,02 07 08 09 18 38,-0.05425471,0.47373686,0.810198,-0.686339,1.046936,-1.331238,0.000000,0.000000,-0.153802
4567,02 09 12 14 18 22,-0.05431308,0.32099431,-0.888604,-1.291620,-0.192857,-0.463039,0.000000,0.000000,-0.401432
4568,02 07 08 09 31 38,-0.05431997,0.36339882,-0.757927,-0.717020,1.046936,-1.331238,0.000000,0.000000,-0.020600
4569,08 12 14 18 31 38,-0.05441253,0.39609167,1.202229,-0.457005,-0.330611,-1.910037,0.000000,0.000000,0.793256
4570,07 08 09 14 31 38,-0.05441513,0.27558890,-1.149958,-0.217966,0.633672,-2.199437,0.000000,0.000000,0.698939
4571,01 07 08 09 18 31,-0.05441612,0.30527926,0.026135,-0.989083,-1.157140,-1.041838,0.000000,0.000000,0.212865
4572,07 08 09 10 14 38,-0.05444243,0.34307800,-0.496573,0.207502,0.909181,-2.344136,0.000000,0.000000,-0.776746
4573,01 07 08 10 31 38,-0.05448603,0.41326706,0.418167,-0.761081,0.495917,-1.331238,0.000000,0.000000,0.159972
4574,02 07 08 09 12 38,-0.05449507,0.40118715,-0.235219,-0.433413,1.046936,-1.475938,0.000000,0.000000,-0.857595
4575,01 02 07 12 18 38,-0.05453532,0.51714456,0.940875,-1.919793,0.633672,0.260460,0.000000,0.000000,-0.057154
4576,01 09 10 12 18 31,-0.05458559,0.29182203,-0.235219,-1.409919,-1.294894,-0.607739,0.000000,0.000000,0.618653
4577,01 08 09 12 18 38,-0.05464555,0.45123733,1.594261,0.023263,0.358162,-2.344136,0.000000,0.000000,0.051084
4578,09 10 12 14 18 31,-0.05467801,0.22915467,-0.888604,-1.165762,-1.432649,-0.897139,0.000000,0.000000,0.487197
4579,02 07 08 09 10 18,-0.05471299,0.39791092,0.418167,-0.818512,-0.606121,-0.607739,0.000000,0.000000,-2.154158
4580,01 02 07 18 31 38,-0.05471519,0.47935623,0.418167,-2.203400,0.633672,0.405159,0.000000,0.000000,0.727252
4581,01 10 12 14 22 38,-0.05472899,0.40383955,-0.235219,-0.808721,1.184691,-1.331238,0.000000,0.000000,0.345815
4582,01 07 09 10 14 22,-0.05476703,0.25035978,-2.064698,-1.096642,0.220408,-0.752439,0.000000,0.000000,-0.357444
4583,01 07 10 12 14 22,-0.05477843,0.29566981,-1.280636,-1.537460,-0.330611,-0.173640,0.000000,0.000000,-0.344774
4584,07 08 10 12 14 38,-0.05483761,0.38838804,0.287490,-0.233317,0.358162,-1.765337,0.000000,0.000000,-0.820933
4585,01 02 07 09 18 38,-0.05487659,0.47183452,0.156813,-1.478975,1.184691,-0.318339,0.000000,0.000000,-0.122072
4586,02 07 09 12 14 18,-0.05494755,0.30364045,-1.019281,-1.508852,-0.881630,0.115760,0.000000,0.000000,-1.522223
4587,01 02 09 12 18 22,-0.05497695,0.38366166,-0.235219,-1.535777,-0.055102,-0.173640,0.000000,0.000000,-0.382023
4588,02 07 08 09 12 22,-0.05498754,0.31037126,-1.149958,-0.944921,0.220408,-0.897139,0.000000,0.000000,-0.587027
4589,01 07 10 14 18 38,-0.05498800,0.45903541,0.679521,-1.278878,0.495917,-0.607739,0.000000,0.000000,-0.051167
4590,01 02 07 09 10 38,-0.05502683,0.42898559,-0.757927,-1.084188,1.460200,-0.463039,0.000000,0.000000,-1.473100
4591,02 08 09 22 31 38,-0.05503639,0.38075267,-0.627250,-0.499789,1.735709,-1.910037,0.000000,0.000000,0.900053
4592,01 07 08 10 18 38,-0.05505380,0.52360510,1.986292,-0.730400,0.495917,-1.331238,0.000000,0.000000,-0.067015
4593,02 07 08 18 22 31,-0.05506922,0.39044267,0.156813,-1.922273,-0.330611,-0.028940,0.000000,0.000000,0.894468
4594,02 08 10 18 22 38,-0.05508550,0.56610151,1.855615,-0.768065,1.460200,-1.331238,0.000000,0.000000,0.103680
4595,01 08 09 10 22 38,-0.05508940,0.42309921,0.287490,0.180576,1.735709,-2.633536,0.000000,0.000000,0.271959
4596,01 08 09 18 31 38,-0.05516906,0.41344900,1.071552,-0.260344,0.358162,-2.199437,0.000000,0.000000,0.784577
4597,01 02 07 09 12 38,-0.05518487,0.39928482,-0.888604,-1.226049,1.184691,-0.463039,0.000000,0.000000,-0.835928
4598,01 02 07 10 18 22,-0.05526180,0.45602944,0.156813,-2.289440,0.082653,0.839259,0.000000,0.000000,-0.481840
4599,01 10 12 14 18 22,-0.05527966,0.37086255,0.287490,-1.335681,-0.743875,-0.463039,0.000000,0.000000,-0.339460
4600,02 07 08 10 18 22,-0.05528303,0.45793177,0.810198,-1.496805,-0.055102,-0.173640,0.000000,0.000000,-0.608848
4601,01 02 07 09 12 22,-0.05532590,0.30846893,-1.803344,-1.737556,0.358162,0.115760,0.000000,0.000000,-0.513293
4602,01 08 10 12 22 38,-0.05535315,0.46840925,1.071552,-0.260242,1.184691,-2.054737,0.000000,0.000000,0.247244
4603,02 07 08 09 10 38,-0.05541894,0.43088792,-0.104542,-0.291552,1.322445,-1.475938,0.000000,0.000000,-1.655055
4604,02 08 09 12 18 22,-0.05542507,0.38556400,0.418167,-0.743141,-0.192857,-1.186538,0.000000,0.000000,-0.572276
4605,08 09 14 18 22 31,-0.05542625,0.25996575,-0.496573,-0.527695,-0.606121,-1.910037,0.000000,0.000000,0.972240
4606,01 12 14 18 31 38,-0.05546103,0.39418934,0.548844,-1.249641,-0.192857,-0.897139,0.000000,0.000000,0.761780
4607,07 08 12 14 22 31,-0.05554672,0.23008305,-1.280636,-1.170292,-0.743875,-1.041838,0.000000,0.000000,0.889178
4608,01 07 10 12 14 18,-0.05559911,0.35350870,0.156813,-1.552913,-1.432649,0.115760,0.000000,0.000000,-1.413579
4609,01 07 09 10 14 18,-0.05560711,0.30819866,-0.627250,-1.112094,-0.881630,-0.463039,0.000000,0.000000,-1.429125
4610,02 10 14 18 22 38,-0.05568835,0.50153182,0.548844,-1.316544,1.460200,-0.607739,0.000000,0.000000,0.020465
4611,02 07 14 18 22 31,-0.05575283,0.32587298,-1.149958,-2.470751,-0.330611,0.694559,0.000000,0.000000,0.799288
4612,02 07 09 14 22 38,-0.05575609,0.35132828,-1.934021,-1.219365,2.148974,-0.897139,0.000000,0.000000,0.577083
4613,08 10 12 14 22 38,-0.05577297,0.40574189,0.418167,-0.016085,1.046936,-2.344136,0.000000,0.000000,0.067282
4614,01 02 07 09 31 38,-0.05583393,0.36149649,-1.411313,-1.509656,1.184691,-0.318339,0.000000,0.000000,-0.121035
4615,01 02 07 08 09 12,-0.05583710,0.33955913,-0.496573,-0.482681,-0.743875,-0.607739,0.000000,0.000000,-3.884525
4616,08 09 10 12 18 31,-0.05590913,0.29372436,0.418167,-0.617284,-1.432649,-1.620637,0.000000,0.000000,0.298705
4617,01 07 12 14 31 38,-0.05591444,0.31899660,-1.019281,-1.451420,0.220408,-0.607739,0.000000,0.000000,0.615034
4618,01 09 14 18 31 38,-0.05595163,0.34887930,-0.235219,-0.808822,0.358162,-1.475938,0.000000,0.000000,0.674737
4619,01 02 09 22 31 38,-0.05607523,0.37885034,-1.280636,-1.292424,1.873464,-0.897139,0.000000,0.000000,0.870007
4620,02 09 10 18 31 38,-0.05607747,0.42249130,0.026135,-1.390782,0.909181,-0.752439,0.000000,0.000000,0.818100
4621,01 02 07 18 22 31,-0.05613225,0.38854034,-0.496573,-2.714908,-0.192857,0.983958,0.000000,0.000000,0.860840
4622,02 07 10 14 18 22,-0.05614163,0.39336208,-0.496573,-2.045283,-0.055102,0.549859,0.000000,0.000000,-0.729954
4623,07 08 10 14 22 38,-0.05614585,0.40309886,-0.104542,-0.470790,1.460200,-1.910037,0.000000,0.000000,0.600651
4624,08 10 14 22 31 38,-0.05615361,0.36795356,-0.104542,-0.299692,1.046936,-2.199437,0.000000,0.000000,0.821944
4625,01 08 09 10 18 22,-0.05615586,0.39012221,0.810198,-0.346384,-0.192857,-1.765337,0.000000,0.000000,-0.489730
4626,08 09 12 14 22 38,-0.05624183,0.33073109,-0.496573,0.282873,1.322445,-2.922935,0.000000,0.000000,0.644046
4627,02 09 14 22 31 38,-0.05626952,0.31618298,-1.934021,-1.048267,1.735709,-1.186538,0.000000,0.000000,0.723460
4628,02 07 09 10 12 14,-0.05628570,0.26079152,-1.934021,-1.114065,-0.606121,-0.028940,0.000000,0.000000,-3.049243
4629,02 07 08 09 12 18,-0.05636358,0.36821015,0.287490,-0.960373,-0.881630,-0.607739,0.000000,0.000000,-1.738111
4630,07 08 09 14 22 31,-0.05640620,0.18477301,-2.064698,-0.729474,-0.192857,-1.620637,0.000000,0.000000,0.747485
4631,01 12 14 18 22 31,-0.05643821,0.30337345,-0.365896,-1.761149,-1.019385,-0.318339,0.000000,0.000000,0.960536
4632,01 02 12 22 31 38,-0.05645811,0.42416037,-0.496573,-1.733243,1.322445,-0.318339,0.000000,0.000000,0.827642
4633,01 07 08 10 12 22,-0.05649975,0.36023951,0.026135,-0.988982,-0.330611,-0.897139,0.000000,0.000000,-0.605892
4634,07 08 09 12 14 38,-0.05650346,0.31337723,-0.627250,0.065641,0.633672,-2.344136,0.000000,0.000000,-0.421507
4635,01 07 08 10 12 38,-0.05653985,0.45105539,0.940875,-0.477474,0.495917,-1.475938,0.000000,0.000000,-0.955361
4636,01 08 12 18 31 38,-0.05654331,0.45875903,1.855615,-0.701163,-0.192857,-1.620637,0.000000,0.000000,0.595337
4637,02 09 10 12 18 38,-0.05659324,0.46027963,0.548844,-1.107175,0.909181,-0.897139,0.000000,0.000000,-0.069366
4638,07 08 09 14 18 38,-0.05660294,0.38592694,0.418167,-0.187285,0.633672,-2.199437,0.000000,0.000000,0.231938
4639,01 07 12 14 22 31,-0.05661103,0.22818071,-1.934021,-1.962928,-0.606121,-0.028940,0.000000,0.000000,0.855360
4640,01 08 10 12 18 22,-0.05661325,0.43543224,1.594261,-0.787202,-0.743875,-1.186538,0.000000,0.000000,-0.543134
4641,01 02 07 09 12 18,-0.05661408,0.36630781,-0.365896,-1.753009,-0.743875,0.405159,0.000000,0.000000,-1.651361
4642,01 08 09 18 22 31,-0.05663057,0.32263311,0.156813,-0.771852,-0.468366,-1.620637,0.000000,0.000000,0.911579
4643,02 12 14 22 31 38,-0.05668371,0.36149301,-1.149958,-1.489086,1.184691,-0.607739,0.000000,0.000000,0.676456
4644,07 08 14 18 31 38,-0.05672298,0.39344864,0.679521,-0.911711,0.082653,-1.475938,0.000000,0.000000,1.039566
4645,07 08 12 14 18 38,-0.05679727,0.43123697,1.202229,-0.628103,0.082653,-1.620637,0.000000,0.000000,0.217507
4646,07 09 10 14 18 31,-0.05684326,0.22651164,-1.411313,-1.620467,-1.019385,-0.463039,0.000000,0.000000,0.755020
4647,02 07 12 14 22 38,-0.05684890,0.39663831,-1.149958,-1.660184,1.597955,-0.318339,0.000000,0.000000,0.429539
4648,01 07 09 14 31 38,-0.05686131,0.27368657,-1.803344,-1.010602,0.771426,-1.186538,0.000000,0.000000,0.460393
4649,02 08 09 18 22 38,-0.05689432,0.49109071,0.940875,-0.469107,1.735709,-1.910037,0.000000,0.000000,0.481925
4650,01 08 10 22 31 38,-0.05701495,0.43062092,0.548844,-0.543850,1.184691,-1.910037,0.000000,0.000000,0.812097
4651,08 09 10 12 14 22,-0.05701667,0.25490514,-0.888604,0.150699,-0.330611,-2.199437,0.000000,0.000000,-1.403209
4652,01 07 09 12 14 38,-0.05702093,0.31147490,-1.280636,-0.726994,0.771426,-1.331238,0.000000,0.000000,-0.374309
4653,01 02 09 18 22 38,-0.05704109,0.48918838,0.287490,-1.261743,1.873464,-0.897139,0.000000,0.000000,0.584043
4654,08 12 14 18 22 31,-0.05709101,0.30527578,0.287490,-0.968513,-1.157140,-1.331238,0.000000,0.000000,0.739959
4655,07 10 12 14 18 31,-0.05719581,0.27182167,-0.627250,-2.061286,-1.570404,0.115760,0.000000,0.000000,0.717148
4656,01 07 08 12 22 31,-0.05725226,0.29275041,-0.627250,-1.414450,-0.606121,-0.752439,0.000000,0.000000,0.754261
4657,01 09 14 18 22 31,-0.05725789,0.25806342,-1.149958,-1.320330,-0.468366,-0.897139,0.000000,0.000000,0.824739
4658,07 09 10 12 14 31,-0.05727883,0.15396193,-2.456729,-1.367541,-1.019385,-0.607739,0.000000,0.000000,0.022305
4659,02 07 09 12 18 31,-0.05732010,0.28462079,-1.149958,-2.261382,-0.881630,0.405159,0.000000,0.000000,0.611323
4660,01 07 08 12 31 38,-0.05736334,0.38356629,0.287490,-0.902942,0.220408,-1.331238,0.000000,0.000000,0.394275
4661,01 09 12 14 22 38,-0.05754933,0.32882875,-1.149958,-0.509763,1.460200,-1.910037,0.000000,0.000000,0.574199
4662,02 07 08 12 22 38,-0.05757122,0.46120801,0.156813,-1.111705,1.597955,-1.041838,0.000000,0.000000,0.316426
4663,02 09 14 18 22 38,-0.05759926,0.42652102,-0.365896,-1.017586,1.735709,-1.186538,0.000000,0.000000,0.383584
4664,02 10 12 18 31 38,-0.05762667,0.46780133,0.810198,-1.831601,0.358162,-0.173640,0.000000,0.000000,0.602941
4665,01 07 09 14 22 31,-0.05763552,0.18287068,-2.718084,-1.522109,-0.055102,-0.607739,0.000000,0.000000,0.689219
4666,02 08 12 22 31 38,-0.05765225,0.42606271,0.156813,-0.940607,1.184691,-1.331238,0.000000,0.000000,0.526864
4667,02 09 10 18 22 31,-0.05769435,0.33167541,-0.888604,-1.902290,0.082653,-0.173640,0.000000,0.000000,0.922084
4668,02 07 08 09 22 38,-0.05770360,0.41589797,-0.627250,-0.670887,2.148974,-1.620637,0.000000,0.000000,0.282454
4669,01 07 08 10 12 18,-0.05774265,0.41807839,1.463583,-1.004434,-1.432649,-0.607739,0.000000,0.000000,-1.737251
4670,09 10 12 14 31 38,-0.05777599,0.26213167,-1.411313,-0.638802,0.495917,-1.765337,0.000000,0.000000,0.631913
4671,01 08 12 18 22 31,-0.05792720,0.36794314,0.940875,-1.212670,-1.019385,-1.041838,0.000000,0.000000,0.733839
4672,01 02 07 12 22 38,-0.05795834,0.45930567,-0.496573,-1.904341,1.735709,-0.028940,0.000000,0.000000,0.382936
4673,01 08 09 12 22 38,-0.05812031,0.39339844,0.156813,0.038716,1.460200,-2.633536,0.000000,0.000000,0.483507
4674,01 10 14 22 31 38,-0.05814289,0.36605122,-0.757927,-1.092328,1.184691,-1.186538,0.000000,0.000000,0.651088
4675,01 07 09 14 18 38,-0.05815704,0.38402460,-0.235219,-0.979920,0.771426,-1.186538,0.000000,0.000000,0.125556
4676,01 07 12 14 18 38,-0.05818635,0.42933464,0.548844,-1.420739,0.220408,-0.607739,0.000000,0.000000,0.135573
4677,02 07 09 10 22 31,-0.05820595,0.25648267,-2.456729,-2.104069,0.495917,0.115760,0.000000,0.000000,0.766715
4678,01 02 12 18 22 38,-0.05822203,0.53449841,1.071552,-1.702562,1.322445,-0.318339,0.000000,0.000000,0.423442
4679,02 07 10 12 31 38,-0.05823874,0.39260860,-0.757927,-2.033380,0.771426,0.115760,0.000000,0.000000,0.432687
4680,01 02 07 09 22 38,-0.05828020,0.41399564,-1.280636,-1.463522,2.286728,-0.607739,0.000000,0.000000,0.320893
4681,02 07 10 12 22 31,-0.05828304,0.30179271,-1.672667,-2.544888,-0.055102,0.694559,0.000000,0.000000,0.769654
4682,02 07 09 14 18 22,-0.05829569,0.31835128,-1.411313,-1.746325,0.220408,-0.028940,0.000000,0.000000,-0.402857
4683,01 09 12 14 18 22,-0.05835704,0.29585175,-0.627250,-1.036723,-0.468366,-1.041838,0.000000,0.000000,-0.149156
4684,08 10 14 18 22 38,-0.05837544,0.47829160,1.463583,-0.269011,1.046936,-2.199437,0.000000,0.000000,0.349903
4685,01 07 10 14 22 38,-0.05847570,0.40119652,-0.757927,-1.263426,1.597955,-0.897139,0.000000,0.000000,0.379339
4686,01 07 08 10 22 38,-0.05850269,0.46576622,0.548844,-0.714948,1.597955,-1.620637,0.000000,0.000000,0.369241
4687,01 07 09 10 12 31,-0.05870608,0.21662929,-1.803344,-1.611698,-0.881630,-0.318339,0.000000,0.000000,-0.071382
4688,01 07 10 12 18 31,-0.05882699,0.33448903,0.026135,-2.305443,-1.432649,0.405159,0.000000,0.000000,0.593246
4689,08 09 14 22 31 38,-0.05887668,0.29294275,-1.019281,-0.000734,1.322445,-2.778236,0.000000,0.000000,1.064739
4690,08 09 10 14 18 22,-0.05887870,0.32745485,0.156813,-0.102227,-0.330611,-2.054737,0.000000,0.000000,-1.010891
4691,01 08 10 18 22 38,-0.05887949,0.54095895,2.116969,-0.513168,1.184691,-1.910037,0.000000,0.000000,0.392989
4692,07 08 10 12 18 31,-0.05891781,0.33639137,0.679521,-1.512807,-1.570404,-0.607739,0.000000,0.000000,0.455928
4693,01 07 08 12 18 38,-0.05895718,0.49390433,1.855615,-0.872261,0.220408,-1.331238,0.000000,0.000000,0.015272
4694,01 07 09 12 14 22,-0.05896277,0.22065901,-2.195375,-1.238502,-0.055102,-0.752439,0.000000,0.000000,-0.318470
4695,02 07 08 09 18 22,-0.05914262,0.38292097,-0.104542,-1.197847,0.220408,-0.752439,0.000000,0.000000,-0.534431
4696,02 12 14 18 22 38,-0.05914835,0.47183105,0.418167,-1.458404,1.184691,-0.607739,0.000000,0.000000,0.168442
4697,02 10 12 18 22 31,-0.05916593,0.37698544,-0.104542,-2.343108,-0.468366,0.405159,0.000000,0.000000,0.718424
4698,01 07 08 09 10 22,-0.05925645,0.31492947,-0.757927,-0.548163,0.220408,-1.475938,0.000000,0.000000,-1.028664
4699,02 07 09 10 31 38,-0.05927165,0.34729856,-1.541990,-1.592561,1.322445,-0.463039,0.000000,0.000000,0.265300
4700,02 07 12 14 18 22,-0.05929147,0.36366131,-0.627250,-2.187144,-0.330611,0.549859,0.000000,0.000000,-0.536025
4701,02 07 08 22 31 38,-0.05929406,0.42341968,-0.365896,-1.395312,1.597955,-0.897139,0.000000,0.000000,0.872235
4702,07 08 14 18 22 31,-0.05929785,0.30263275,-0.235219,-1.423218,-0.743875,-0.897139,0.000000,0.000000,1.001621
4703,01 07 08 18 31 38,-0.05937033,0.45611600,1.332906,-1.155868,0.220408,-1.186538,0.000000,0.000000,0.765117
4704,01 08 09 12 18 22,-0.05941276,0.36042144,0.679521,-0.488244,-0.468366,-1.765337,0.000000,0.000000,-0.311663
4705,01 02 07 09 18 22,-0.05941305,0.38101863,-0.757927,-1.990482,0.358162,0.260460,0.000000,0.000000,-0.450634
4706,01 07 08 09 22 31,-0.05942167,0.24744037,-1.411313,-0.973631,-0.055102,-1.331238,0.000000,0.000000,0.418497
4707,07 08 09 10 14 22,-0.05945028,0.25226211,-1.411313,-0.304006,0.082653,-1.765337,0.000000,0.000000,-1.175145
4708,01 10 14 18 22 38,-0.05947263,0.47638926,0.810198,-1.061647,1.184691,-1.186538,0.000000,0.000000,0.311213
4709,08 09 10 12 14 18,-0.05962236,0.31274403,0.548844,0.135247,-1.432649,-1.910037,0.000000,0.000000,-2.736468
4710,01 07 08 10 18 22,-0.05963383,0.43278921,1.071552,-1.241908,-0.330611,-0.752439,0.000000,0.000000,-0.402032
4711,09 10 14 18 31 38,-0.05965882,0.33468138,-0.365896,-0.891728,0.495917,-1.620637,0.000000,0.000000,1.021150
4712,01 09 10 12 22 31,-0.05971670,0.23398314,-1.672667,-1.394467,-0.192857,-0.897139,0.000000,0.000000,0.805683
4713,07 08 10 12 14 22,-0.05976784,0.29757215,-0.627250,-0.744825,-0.468366,-1.186538,0.000000,0.000000,-1.207833
4714,02 07 08 12 18 22,-0.05978522,0.42823100,0.679521,-1.638665,-0.330611,-0.173640,0.000000,0.000000,-0.615276
4715,01 07 09 12 14 18,-0.05978992,0.27849789,-0.757927,-1.253955,-1.157140,-0.463039,0.000000,0.000000,-1.388234
4716,02 07 09 10 18 38,-0.05979737,0.45763660,0.026135,-1.561880,1.322445,-0.463039,0.000000,0.000000,0.044543
4717,08 09 10 12 31 38,-0.05985024,0.32670137,-0.104542,-0.090324,0.495917,-2.488836,0.000000,0.000000,0.318507
4718,01 02 07 12 18 22,-0.05986618,0.42632867,0.026135,-2.431301,-0.192857,0.839259,0.000000,0.000000,-0.503408
4719,01 09 10 12 31 38,-0.05993128,0.32479903,-0.757927,-0.882959,0.633672,-1.475938,0.000000,0.000000,0.430364
4720,01 07 09 10 18 31,-0.05993291,0.28917900,-0.757927,-1.864624,-0.881630,-0.173640,0.000000,0.000000,0.415042
4721,01 07 08 09 10 18,-0.05999092,0.37276836,0.679521,-0.563615,-0.881630,-1.186538,0.000000,0.000000,-2.084699
4722,01 07 14 18 31 38,-0.06004077,0.39154631,0.026135,-1.704346,0.220408,-0.463039,0.000000,0.000000,0.671888
4723,09 10 12 14 22 31,-0.06005193,0.17131578,-2.326052,-1.150310,-0.330611,-1.186538,0.000000,0.000000,0.638255
4724,01 07 10 14 18 22,-0.06006010,0.36821952,-0.235219,-1.790386,-0.330611,-0.028940,0.000000,0.000000,-0.459087
4725,08 09 14 18 22 38,-0.06008028,0.40328079,0.548844,0.029947,1.322445,-2.778236,0.000000,0.000000,0.743552
4726,02 09 10 12 22 38,-0.06008741,0.40244075,-0.888604,-1.091723,2.011219,-1.186538,0.000000,0.000000,0.360181
4727,07 08 09 14 22 38,-0.06012946,0.32808806,-1.019281,-0.171832,1.735709,-2.488836,0.000000,0.000000,0.656694
4728,01 07 08 09 18 38,-0.06015307,0.44859430,1.071552,-0.431442,0.771426,-1.910037,0.000000,0.000000,-0.176260
4729,07 09 10 14 31 38,-0.06024551,0.25948864,-1.934021,-1.093507,0.909181,-1.331238,0.000000,0.000000,0.854657
4730,02 08 12 18 22 38,-0.06030825,0.53640074,1.724938,-0.909926,1.184691,-1.331238,0.000000,0.000000,-0.009500
4731,02 07 14 22 31 38,-0.06034249,0.35884998,-1.672667,-1.943791,1.597955,-0.173640,0.000000,0.000000,0.723007
4732,07 08 12 14 22 38,-0.06034319,0.37339809,-0.235219,-0.612651,1.184691,-1.910037,0.000000,0.000000,0.639388
4733,01 07 08 09 12 22,-0.06038891,0.28522870,-0.888604,-0.690024,-0.055102,-1.475938,0.000000,0.000000,-0.535856
4734,01 07 08 09 12 38,-0.06040313,0.37604459,0.026135,-0.178516,0.771426,-2.054737,0.000000,0.000000,-0.881491
4735,01 02 07 22 31 38,-0.06059499,0.42151734,-1.019281,-2.187948,1.735709,0.115760,0.000000,0.000000,0.803362
4736,08 12 14 22 31 38,-0.06063847,0.33825279,-0.235219,-0.441553,0.771426,-2.199437,0.000000,0.000000,0.818084
4737,07 10 12 14 31 38,-0.06069509,0.30479868,-1.149958,-1.534326,0.358162,-0.752439,0.000000,0.000000,0.802409
4738,01 07 08 18 22 31,-0.06072487,0.36530011,0.418167,-1.667376,-0.606121,-0.607739,0.000000,0.000000,0.907966
4739,02 07 10 12 18 38,-0.06080876,0.50294663,0.810198,-2.002699,0.771426,0.115760,0.000000,0.000000,-0.090939
4740,08 09 10 18 31 38,-0.06081611,0.39925107,0.940875,-0.343249,0.495917,-2.344136,0.000000,0.000000,0.843595
4741,09 10 12 14 18 38,-0.06085589,0.37246971,0.156813,-0.608121,0.495917,-1.765337,0.000000,0.000000,0.032747
4742,01 02 07 08 09 10,-0.06086183,0.36925990,-0.365896,-0.340820,-0.468366,-0.607739,0.000000,0.000000,-5.289539
4743,01 08 09 22 31 38,-0.06088946,0.35561011,-0.365896,-0.244892,1.460200,-2.488836,0.000000,0.000000,0.884303
4744,01 07 09 10 12 14,-0.06100786,0.23564896,-1.672667,-0.859168,-0.881630,-0.607739,0.000000,0.000000,-2.897445
4745,08 09 10 12 22 31,-0.06108551,0.23588548,-1.019281,-0.601831,-0.330611,-1.910037,0.000000,0.000000,0.479027
4746,02 07 08 18 22 38,-0.06112146,0.53375771,1.202229,-1.364631,1.597955,-0.897139,0.000000,0.000000,0.458631
4747,07 09 12 14 18 31,-0.06120462,0.19681087,-1.541990,-1.762328,-1.294894,-0.463039,0.000000,0.000000,0.769456
4748,01 07 08 09 31 38,-0.06123655,0.33825626,-0.496573,-0.462123,0.771426,-1.910037,0.000000,0.000000,-0.193911
4749,02 07 09 10 12 38,-0.06126402,0.38508689,-1.019281,-1.308954,1.322445,-0.607739,0.000000,0.000000,-0.840928
4750,01 02 18 22 31 38,-0.06129141,0.49671008,0.548844,-1.986169,1.322445,-0.173640,0.000000,0.000000,0.779758
4751,01 07 08 09 10 38,-0.06133023,0.40574536,0.156813,-0.036655,1.046936,-2.054737,0.000000,0.000000,-1.679431
4752,02 07 10 18 31 38,-0.06133609,0.46515830,0.287490,-2.286306,0.771426,0.260460,0.000000,0.000000,0.641990
4753,01 12 14 22 31 38,-0.06139024,0.33635045,-0.888604,-1.234189,0.909181,-1.186538,0.000000,0.000000,0.830569
4754,01 02 07 18 22 38,-0.06139173,0.53185538,0.548844,-2.157267,1.735709,0.115760,0.000000,0.000000,0.542451
4755,01 07 14 18 22 31,-0.06139878,0.30073042,-0.888604,-2.215854,-0.606121,0.115760,0.000000,0.000000,0.814224
4756,01 09 10 12 18 38,-0.06144103,0.43513707,0.810198,-0.852278,0.633672,-1.475938,0.000000,0.000000,0.063820
4757,07 08 09 12 14 22,-0.06145956,0.22256134,-1.541990,-0.445867,-0.192857,-1.765337,0.000000,0.000000,-0.812240
4758,08 10 12 18 31 38,-0.06148623,0.44456111,1.724938,-0.784068,-0.055102,-1.765337,0.000000,0.000000,0.758673
4759,02 09 12 18 31 38,-0.06152893,0.39279053,-0.104542,-1.532643,0.633672,-0.752439,0.000000,0.000000,0.671037
4760,08 10 12 14 18 22,-0.06160844,0.37276488,0.940875,-0.543045,-0.881630,-1.475938,0.000000,0.000000,-1.400950
4761,07 08 10 14 18 22,-0.06161047,0.37012185,0.418167,-0.997750,-0.468366,-1.041838,0.000000,0.000000,-0.812640
4762,01 07 09 14 22 38,-0.06163827,0.32618572,-1.672667,-0.964468,1.873464,-1.475938,0.000000,0.000000,0.557020
4763,01 07 08 09 12 18,-0.06163828,0.34306759,0.548844,-0.705476,-1.157140,-1.186538,0.000000,0.000000,-1.668173
4764,01 07 12 14 22 38,-0.06168699,0.37149575,-0.888604,-1.405287,1.322445,-0.897139,0.000000,0.000000,0.564163
4765,02 07 09 10 12 22,-0.06170473,0.29427100,-1.934021,-1.820462,0.495917,-0.028940,0.000000,0.000000,-0.562693
4766,02 07 14 18 22 38,-0.06171428,0.46918802,-0.104542,-1.913110,1.597955,-0.173640,0.000000,0.000000,0.376902
4767,01 08 09 18 22 38,-0.06172917,0.46594815,1.202229,-0.214210,1.460200,-2.488836,0.000000,0.000000,0.617027
4768,10 12 14 18 31 38,-0.06173308,0.37999141,0.418167,-1.332547,-0.055102,-1.041838,0.000000,0.000000,0.728200
4769,07 08 09 10 12 31,-0.06173647,0.21853163,-1.149958,-0.819063,-1.019385,-1.331238,0.000000,0.000000,-0.644207
4770,02 09 10 22 31 38,-0.06181066,0.36465242,-1.411313,-1.375330,2.011219,-1.041838,0.000000,0.000000,0.915930
4771,02 09 10 12 18 22,-0.06181539,0.36946374,-0.365896,-1.618683,0.082653,-0.318339,0.000000,0.000000,-0.499514
4772,07 08 09 10 18 31,-0.06192668,0.29108133,-0.104542,-1.071989,-1.019385,-1.186538,0.000000,0.000000,-0.004203
4773,01 09 10 18 31 38,-0.06193378,0.39734874,0.287490,-1.135885,0.633672,-1.331238,0.000000,0.000000,0.801871
4774,07 08 09 10 14 18,-0.06195517,0.31010100,0.026135,-0.319458,-1.019385,-1.475938,0.000000,0.000000,-2.493471
4775,02 14 18 22 31 38,-0.06210064,0.43404272,-0.104542,-1.742012,1.184691,-0.463039,0.000000,0.000000,0.542104
4776,08 09 12 14 18 22,-0.06210964,0.29775408,0.026135,-0.244087,-0.606121,-2.054737,0.000000,0.000000,-0.828978
4777,01 09 14 22 31 38,-0.06211289,0.29104042,-1.672667,-0.793370,1.460200,-1.765337,0.000000,0.000000,0.709147
4778,02 08 18 22 31 38,-0.06212021,0.49861241,1.202229,-1.193533,1.184691,-1.186538,0.000000,0.000000,0.533106
4779,07 09 10 14 22 31,-0.06218483,0.16867276,-2.848761,-1.605015,0.082653,-0.752439,0.000000,0.000000,0.910869
4780,08 09 10 12 18 38,-0.06225207,0.43703941,1.463583,-0.059642,0.495917,-2.488836,0.000000,0.000000,-0.180201
4781,07 08 10 12 14 18,-0.06225332,0.35541103,0.810198,-0.760277,-1.570404,-0.897139,0.000000,0.000000,-2.523284
4782,02 07 09 12 31 38,-0.06236810,0.31759779,-1.672667,-1.734422,1.046936,-0.463039,0.000000,0.000000,0.467137
4783,07 09 10 14 18 38,-0.06239128,0.36982668,-0.365896,-1.062826,0.909181,-1.331238,0.000000,0.000000,0.393885
4784,01 07 08 12 22 38,-0.06241901,0.43606545,0.418167,-0.856808,1.322445,-1.620637,0.000000,0.000000,0.449612
4785,01 09 14 18 22 38,-0.06242441,0.40137846,-0.104542,-0.762689,1.460200,-1.765337,0.000000,0.000000,0.520124
4786,02 07 09 12 22 31,-0.06243827,0.22678190,-2.587406,-2.245930,0.220408,0.115760,0.000000,0.000000,0.800270
4787,01 10 12 18 31 38,-0.06243888,0.44265877,1.071552,-1.576704,0.082653,-0.752439,0.000000,0.000000,0.741398
4788,01 08 12 22 31 38,-0.06246123,0.40092015,0.418167,-0.685710,0.909181,-1.910037,0.000000,0.000000,0.665800
4789,07 10 12 14 22 31,-0.06255679,0.21398279,-2.064698,-2.045834,-0.468366,-0.173640,0.000000,0.000000,0.870122
4790,09 10 14 18 22 31,-0.06259617,0.24386549,-1.280636,-1.403236,-0.330611,-1.041838,0.000000,0.000000,0.929501
4791,01 02 07 09 10 12,-0.06262801,0.32345888,-1.280636,-1.358222,-0.468366,0.260460,0.000000,0.000000,-3.871113
4792,07 08 09 12 18 31,-0.06273231,0.26138056,-0.235219,-1.213849,-1.294894,-1.186538,0.000000,0.000000,0.537026
4793,08 12 14 18 22 38,-0.06281825,0.44859083,1.332906,-0.410872,0.771426,-2.199437,0.000000,0.000000,0.352272
4794,07 08 14 22 31 38,-0.06291658,0.33560976,-0.757927,-0.896258,1.184691,-1.765337,0.000000,0.000000,1.069185
4795,01 12 14 18 22 38,-0.06292939,0.44668849,0.679521,-1.203507,0.909181,-1.186538,0.000000,0.000000,0.459669
4796,02 07 10 18 22 31,-0.06300472,0.37434241,-0.627250,-2.797814,-0.055102,0.839259,0.000000,0.000000,0.738306
4797,07 08 10 12 31 38,-0.06302724,0.36936837,0.156813,-0.985847,0.358162,-1.475938,0.000000,0.000000,0.450796
4798,02 07 09 10 12 18,-0.06306784,0.35210989,-0.496573,-1.835914,-0.606121,0.260460,0.000000,0.000000,-1.711861
4799,02 09 12 18 22 31,-0.06309406,0.30197464,-1.019281,-2.044151,-0.192857,-0.173640,0.000000,0.000000,0.782687
4800,01 07 12 14 18 22,-0.06320670,0.33851875,-0.365896,-1.932247,-0.606121,-0.028940,0.000000,0.000000,-0.264679
4801,01 07 09 14 18 22,-0.06325502,0.29320872,-1.149958,-1.491428,-0.055102,-0.607739,0.000000,0.000000,-0.286197
4802,02 07 09 10 22 38,-0.06325920,0.39979772,-1.411313,-1.546428,2.424483,-0.752439,0.000000,0.000000,0.478882
4803,01 09 10 18 22 31,-0.06334354,0.30653285,-0.627250,-1.647393,-0.192857,-0.752439,0.000000,0.000000,0.936540
4804,02 10 12 22 31 38,-0.06356399,0.40996245,-0.627250,-1.816148,1.460200,-0.463039,0.000000,0.000000,0.670529
4805,02 07 08 09 10 12,-0.06359122,0.32536121,-0.627250,-0.565586,-0.606121,-0.752439,0.000000,0.000000,-4.137677
4806,01 07 08 09 22 38,-0.06359549,0.39075541,-0.365896,-0.415990,1.873464,-2.199437,0.000000,0.000000,0.260954
4807,02 09 10 18 22 38,-0.06363316,0.47499045,0.156813,-1.344648,2.011219,-1.041838,0.000000,0.000000,0.503052
4808,08 09 10 18 22 31,-0.06367572,0.30843519,0.026135,-0.854757,-0.330611,-1.765337,0.000000,0.000000,0.763463
4809,01 10 12 18 22 31,-0.06377101,0.35184288,0.156813,-2.088211,-0.743875,-0.173640,0.000000,0.000000,0.887567
4810,07 10 12 14 18 38,-0.06381704,0.41513672,0.418167,-1.503645,0.358162,-0.752439,0.000000,0.000000,0.197014
4811,02 07 09 12 18 38,-0.06391990,0.42793583,-0.104542,-1.703741,1.046936,-0.463039,0.000000,0.000000,0.094364
4812,01 07 10 12 22 31,-0.06394516,0.27665015,-1.411313,-2.289991,-0.330611,0.115760,0.000000,0.000000,0.782194
4813,07 08 09 12 14 18,-0.06395151,0.28040023,-0.104542,-0.461319,-1.294894,-1.475938,0.000000,0.000000,-2.128649
4814,07 08 10 18 31 38,-0.06397370,0.44191808,1.202229,-1.238773,0.358162,-1.331238,0.000000,0.000000,0.978758
4815,01 07 09 12 18 31,-0.06402956,0.25947823,-0.888604,-2.006485,-1.157140,-0.173640,0.000000,0.000000,0.468697
4816,08 09 12 18 31 38,-0.06407787,0.36955031,0.810198,-0.485110,0.220408,-2.344136,0.000000,0.000000,1.020941
4817,07 08 10 12 22 31,-0.06408126,0.27855248,-0.757927,-1.497355,-0.468366,-0.897139,0.000000,0.000000,0.638167
4818,01 08 12 18 22 38,-0.06409900,0.51125818,1.986292,-0.655029,0.909181,-1.910037,0.000000,0.000000,0.280288
4819,01 07 10 12 31 38,-0.06410799,0.36746604,-0.496573,-1.778483,0.495917,-0.463039,0.000000,0.000000,0.414541
4820,01 07 08 12 18 22,-0.06413279,0.40308844,0.940875,-1.383768,-0.606121,-0.752439,0.000000,0.000000,-0.407981
4821,07 08 14 18 22 38,-0.06416223,0.44594780,0.810198,-0.865577,1.184691,-1.765337,0.000000,0.000000,0.741768
4822,08 10 12 18 22 31,-0.06426822,0.35374522,0.810198,-1.295576,-0.881630,-1.186538,0.000000,0.000000,0.690042
4823,02 07 10 12 22 38,-0.06429000,0.44510775,-0.627250,-1.987246,1.873464,-0.173640,0.000000,0.000000,0.340525
4824,09 12 14 18 31 38,-0.06433034,0.30498061,-0.496573,-1.033589,0.220408,-1.620637,0.000000,0.000000,0.989636
4825,09 10 12 14 22 38,-0.06442768,0.31463083,-1.280636,-0.592668,1.597955,-2.054737,0.000000,0.000000,0.450794
4826,02 07 09 18 31 38,-0.06444341,0.39014750,-0.627250,-1.987348,1.046936,-0.318339,0.000000,0.000000,0.827857
4827,01 07 08 09 18 22,-0.06453428,0.35777841,0.156813,-0.942950,-0.055102,-1.331238,0.000000,0.000000,-0.481822
4828,07 09 10 12 14 38,-0.06460632,0.29727697,-1.411313,-0.809900,0.909181,-1.475938,0.000000,0.000000,-0.602465
4829,07 09 12 14 31 38,-0.06467156,0.22978787,-2.064698,-1.235368,0.633672,-1.331238,0.000000,0.000000,0.859510
4830,07 10 14 18 31 38,-0.06476762,0.37734838,-0.104542,-1.787252,0.358162,-0.607739,0.000000,0.000000,0.867236
4831,10 12 14 18 22 31,-0.06482581,0.28917553,-0.496573,-1.844054,-0.881630,-0.463039,0.000000,0.000000,0.613532
4832,02 07 09 10 18 22,-0.06485822,0.36682071,-0.888604,-2.073388,0.495917,0.115760,0.000000,0.000000,-0.361709
4833,01 07 09 10 22 31,-0.06491217,0.23134011,-2.195375,-1.849172,0.220408,-0.463039,0.000000,0.000000,0.624568
4834,01 09 10 12 22 38,-0.06492873,0.37729818,-0.627250,-0.836826,1.735709,-1.765337,0.000000,0.000000,0.494326
4835,07 08 09 14 18 22,-0.06513781,0.29511105,-0.496573,-0.698793,-0.192857,-1.620637,0.000000,0.000000,-0.689000
4836,01 07 08 22 31 38,-0.06515037,0.39827712,-0.104542,-1.140415,1.322445,-1.475938,0.000000,0.000000,0.856006
4837,07 08 10 12 18 38,-0.06547112,0.47970641,1.724938,-0.955166,0.358162,-1.475938,0.000000,0.000000,-0.054142
4838,02 07 12 18 31 38,-0.06562130,0.43545753,0.156813,-2.428167,0.495917,0.260460,0.000000,0.000000,0.667709
4839,01 07 10 12 18 38,-0.06565979,0.47780407,1.071552,-1.747802,0.495917,-0.463039,0.000000,0.000000,0.041768
4840,01 07 09 10 18 38,-0.06569249,0.43249404,0.287490,-1.306983,1.046936,-1.041838,0.000000,0.000000,0.022563
4841,07 08 12 14 18 22,-0.06574312,0.34042108,0.287490,-1.139611,-0.743875,-1.041838,0.000000,0.000000,-0.764319
4842,08 09 10 12 22 38,-0.06578506,0.37920052,0.026135,-0.044190,1.597955,-2.778236,0.000000,0.000000,0.243596
4843,01 09 10 12 18 22,-0.06586581,0.34432118,-0.104542,-1.363786,-0.192857,-0.897139,0.000000,0.000000,-0.248197
4844,09 10 14 22 31 38,-0.06587829,0.27684250,-1.803344,-0.876276,1.597955,-1.910037,0.000000,0.000000,1.046936
4845,07 09 10 14 22 38,-0.06593073,0.31198780,-1.803344,-1.047374,2.011219,-1.620637,0.000000,0.000000,0.816724
4846,01 07 08 18 22 38,-0.06595954,0.50861515,1.463583,-1.109734,1.322445,-1.475938,0.000000,0.000000,0.593255
4847,02 07 09 18 22 31,-0.06613792,0.29933161,-1.541990,-2.498856,0.220408,0.260460,0.000000,0.000000,0.920340
4848,02 10 12 18 22 38,-0.06617794,0.52030049,0.940875,-1.785467,1.460200,-0.463039,0.000000,0.000000,0.140394
4849,01 07 09 10 31 38,-0.06618499,0.32215600,-1.280636,-1.337664,1.046936,-1.041838,0.000000,0.000000,0.092468
4850,01 07 14 22 31 38,-0.06618909,0.33370742,-1.411313,-1.688894,1.322445,-0.752439,0.000000,0.000000,0.708216
4851,08 14 18 22 31 38,-0.06623312,0.41080250,0.810198,-0.694479,0.771426,-2.054737,0.000000,0.000000,0.657403
4852,02 07 10 12 18 22,-0.06643931,0.41213075,-0.104542,-2.514206,-0.055102,0.694559,0.000000,0.000000,-0.581593
4853,01 07 14 18 22 38,-0.06654266,0.44404546,0.156813,-1.658213,1.322445,-0.752439,0.000000,0.000000,0.512963
4854,07 09 12 14 22 31,-0.06655913,0.13897199,-2.979438,-1.746876,-0.192857,-0.752439,0.000000,0.000000,0.923389
4855,08 09 10 22 31 38,-0.06658811,0.34141219,-0.496573,-0.327797,1.597955,-2.633536,0.000000,0.000000,0.935674
4856,07 08 10 18 22 31,-0.06665206,0.35110219,0.287490,-1.750281,-0.468366,-0.752439,0.000000,0.000000,0.925479
4857,07 09 12 14 18 38,-0.06677528,0.34012591,-0.496573,-1.204687,0.633672,-1.331238,0.000000,0.000000,0.404967
4858,07 08 09 12 31 38,-0.06680939,0.29435757,-0.757927,-0.686889,0.633672,-2.054737,0.000000,0.000000,0.536685
4859,08 09 12 18 22 31,-0.06688573,0.27873442,-0.104542,-0.996618,-0.606121,-1.765337,0.000000,0.000000,0.948477
4860,01 08 18 22 31 38,-0.06691948,0.47346985,1.463583,-0.938636,0.909181,-1.765337,0.000000,0.000000,0.673479
4861,01 14 18 22 31 38,-0.06692943,0.40890016,0.156813,-1.487115,0.909181,-1.041838,0.000000,0.000000,0.678105
4862,07 08 09 10 22 31,-0.06695123,0.23324245,-1.541990,-1.056536,0.082653,-1.475938,0.000000,0.000000,0.198614
4863,07 08 09 10 31 38,-0.06700719,0.32405834,-0.627250,-0.545029,0.909181,-2.054737,0.000000,0.000000,-0.153205
4864,09 10 14 18 22 38,-0.06703985,0.38718053,-0.235219,-0.845594,1.597955,-1.910037,0.000000,0.000000,0.731977
4865,02 07 10 22 31 38,-0.06705635,0.40731942,-1.149958,-2.270854,1.873464,-0.028940,0.000000,0.000000,0.741736
4866,01 07 09 10 12 22,-0.06710287,0.26912844,-1.672667,-1.565565,0.220408,-0.607739,0.000000,0.000000,-0.511043
4867,01 07 09 10 12 38,-0.06716884,0.35994433,-0.757927,-1.054057,1.046936,-1.186538,0.000000,0.000000,-0.864346
4868,01 07 10 18 31 38,-0.06719563,0.44001574,0.548844,-2.031409,0.495917,-0.318339,0.000000,0.000000,0.625281
4869,09 12 14 18 22 31,-0.06721595,0.21416472,-1.411313,-1.545096,-0.606121,-1.041838,0.000000,0.000000,0.905653
4870,02 07 12 18 22 31,-0.06723818,0.34464164,-0.757927,-2.939674,-0.330611,0.839259,0.000000,0.000000,0.771692
4871,07 10 14 18 22 31,-0.06729073,0.28653250,-1.019281,-2.298760,-0.468366,-0.028940,0.000000,0.000000,0.836958
4872,07 10 12 14 22 38,-0.06737589,0.35729783,-1.019281,-1.488192,1.460200,-1.041838,0.000000,0.000000,0.616978
4873,01 09 12 18 31 38,-0.06738200,0.36764797,0.156813,-1.277746,0.358162,-1.331238,0.000000,0.000000,0.655286
4874,02 07 09 12 22 38,-0.06739467,0.37009695,-1.541990,-1.688288,2.148974,-0.752439,0.000000,0.000000,0.526786
4875,07 08 09 10 18 38,-0.06740677,0.43439638,0.940875,-0.514347,0.909181,-2.054737,0.000000,0.000000,-0.355275
4876,02 09 12 22 31 38,-0.06745977,0.33495165,-1.541990,-1.517190,1.735709,-1.041838,0.000000,0.000000,0.739583
4877,08 10 12 22 31 38,-0.06746236,0.38672222,0.287490,-0.768616,1.046936,-2.054737,0.000000,0.000000,0.820511
4878,01 09 10 22 31 38,-0.06766050,0.33950985,-1.149958,-1.120433,1.735709,-1.620637,0.000000,0.000000,0.900659
4879,07 09 14 18 31 38,-0.06777097,0.30233758,-1.019281,-1.488294,0.633672,-1.186538,0.000000,0.000000,1.068507
4880,07 08 09 12 22 31,-0.06788929,0.20354168,-1.672667,-1.198397,-0.192857,-1.475938,0.000000,0.000000,0.720223
4881,10 12 14 22 31 38,-0.06797197,0.32215253,-1.019281,-1.317094,1.046936,-1.331238,0.000000,0.000000,0.751110
4882,07 08 12 18 31 38,-0.06813718,0.41221731,1.071552,-1.380634,0.082653,-1.331238,0.000000,0.000000,1.022512
4883,07 08 09 12 18 38,-0.06823505,0.40469561,0.810198,-0.656208,0.633672,-2.054737,0.000000,0.000000,0.182600
4884,01 07 08 09 10 12,-0.06825651,0.30021865,-0.365896,-0.310689,-0.881630,-1.331238,0.000000,0.000000,-3.977454
4885,07 12 14 18 31 38,-0.06827289,0.34764761,-0.235219,-1.929113,0.082653,-0.607739,0.000000,0.000000,1.008504
4886,08 09 10 18 22 38,-0.06828447,0.45175023,1.071552,-0.297116,1.597955,-2.633536,0.000000,0.000000,0.541484
4887,01 07 09 10 12 18,-0.06833930,0.32696733,-0.235219,-1.581017,-0.881630,-0.318339,0.000000,0.000000,-1.641444
4888,01 10 12 22 31 38,-0.06836973,0.38481989,-0.365896,-1.561251,1.184691,-1.041838,0.000000,0.000000,0.809944
4889,01 09 10 18 22 38,-0.06846477,0.44984789,0.418167,-1.089751,1.735709,-1.620637,0.000000,0.000000,0.638634
4890,01 07 10 18 22 31,-0.06865714,0.34919985,-0.365896,-2.542917,-0.330611,0.260460,0.000000,0.000000,0.752283
4891,01 09 12 18 22 31,-0.06874001,0.27683208,-0.757927,-1.789254,-0.468366,-0.752439,0.000000,0.000000,0.797622
4892,02 07 10 18 22 38,-0.06892089,0.51765746,0.418167,-2.240172,1.873464,-0.028940,0.000000,0.000000,0.322628
4893,07 08 09 18 31 38,-0.06894292,0.36690728,0.287490,-0.939815,0.633672,-1.910037,0.000000,0.000000,0.888779
4894,07 08 10 12 22 38,-0.06899116,0.42186752,0.287490,-0.939714,1.460200,-1.765337,0.000000,0.000000,0.371571
4895,02 09 12 18 22 38,-0.06905551,0.44528968,0.026135,-1.486509,1.735709,-1.041838,0.000000,0.000000,0.360300
4896,01 07 10 12 22 38,-0.06913455,0.41996519,-0.365896,-1.732349,1.597955,-0.752439,0.000000,0.000000,0.474190
4897,01 07 09 12 22 31,-0.06914126,0.20163934,-2.326052,-1.991033,-0.055102,-0.463039,0.000000,0.000000,0.658603
4898,01 07 09 10 22 38,-0.06914785,0.37465516,-1.149958,-1.291531,2.148974,-1.331238,0.000000,0.000000,0.457861
4899,02 10 18 22 31 38,-0.06917349,0.48251216,0.418167,-2.069074,1.460200,-0.318339,0.000000,0.000000,0.507648
4900,01 07 09 12 31 38,-0.06927821,0.29245523,-1.411313,-1.479525,0.771426,-1.041838,0.000000,0.000000,0.294784
4901,07 09 10 12 14 22,-0.06951068,0.20646109,-2.326052,-1.321408,0.082653,-0.897139,0.000000,0.000000,-0.985530
4902,02 07 09 12 18 22,-0.06957632,0.33711994,-1.019281,-2.215248,0.220408,0.115760,0.000000,0.000000,-0.400123
4903,07 09 10 12 18 31,-0.06972092,0.24528031,-1.019281,-2.089391,-1.019385,-0.318339,0.000000,0.000000,0.521149
4904,07 08 10 22 31 38,-0.06973277,0.38407919,-0.235219,-1.223321,1.460200,-1.620637,0.000000,0.000000,1.072754
4905,01 07 09 12 18 38,-0.06981179,0.40279327,0.156813,-1.448844,0.771426,-1.041838,0.000000,0.000000,0.072863
4906,07 08 09 10 12 38,-0.06991975,0.36184667,-0.104542,-0.261421,0.909181,-2.199437,0.000000,0.000000,-1.395763
4907,08 10 12 18 22 38,-0.06995017,0.49706026,1.855615,-0.737934,1.046936,-2.054737,0.000000,0.000000,0.309064
4908,01 10 12 18 22 38,-0.06996546,0.49515793,1.202229,-1.530570,1.184691,-1.041838,0.000000,0.000000,0.430662
4909,08 09 12 22 31 38,-0.07004753,0.31171142,-0.627250,-0.469658,1.322445,-2.633536,0.000000,0.000000,1.083737
4910,10 12 14 18 22 38,-0.07010970,0.43249057,0.548844,-1.286413,1.046936,-1.331238,0.000000,0.000000,0.291529
4911,02 07 09 22 31 38,-0.07016381,0.33230862,-2.064698,-1.971896,2.148974,-0.607739,0.000000,0.000000,0.927583
4912,01 07 09 10 18 22,-0.07024665,0.34167815,-0.627250,-1.818491,0.220408,-0.463039,0.000000,0.000000,-0.308621
4913,07 09 14 18 22 31,-0.07031996,0.21152169,-1.934021,-1.999802,-0.192857,-0.607739,0.000000,0.000000,1.034395
4914,07 09 12 14 22 38,-0.07032767,0.28228703,-1.934021,-1.189234,1.735709,-1.620637,0.000000,0.000000,0.825889
4915,09 12 14 22 31 38,-0.07056275,0.24714173,-1.934021,-1.018136,1.322445,-1.910037,0.000000,0.000000,1.013504
4916,07 12 14 18 22 31,-0.07074426,0.25683173,-1.149958,-2.440620,-0.743875,-0.028940,0.000000,0.000000,0.985893
4917,09 10 12 14 18 22,-0.07076337,0.28165382,-0.757927,-1.119628,-0.330611,-1.186538,0.000000,0.000000,-1.091547
4918,07 08 12 18 22 31,-0.07076379,0.32140142,0.156813,-1.892142,-0.743875,-0.752439,0.000000,0.000000,0.976900
4919,01 07 10 12 18 22,-0.07078364,0.38698818,0.156813,-2.259309,-0.330611,0.115760,0.000000,0.000000,-0.373818
4920,08 09 10 12 18 22,-0.07087100,0.34622352,0.548844,-0.571150,-0.330611,-1.910037,0.000000,0.000000,-1.113593
4921,07 08 09 10 22 38,-0.07090741,0.37655749,-0.496573,-0.498895,2.011219,-2.344136,0.000000,0.000000,0.073314
4922,07 10 14 22 31 38,-0.07097415,0.31950950,-1.541990,-1.771800,1.460200,-0.897139,0.000000,0.000000,0.894938
4923,02 07 09 18 22 38,-0.07100352,0.44264665,-0.496573,-1.941214,2.148974,-0.607739,0.000000,0.000000,0.660307
4924,09 10 12 18 31 38,-0.07120121,0.35345005,0.026135,-1.360651,0.495917,-1.475938,0.000000,0.000000,0.985103
4925,01 07 09 18 31 38,-0.07134382,0.36500494,-0.365896,-1.732451,0.771426,-0.897139,0.000000,0.000000,0.656941
4926,07 09 10 14 18 22,-0.07136301,0.27901079,-1.280636,-1.574334,0.082653,-0.752439,0.000000,0.000000,-0.591775
4927,07 08 09 10 12 14,-0.07147110,0.23755129,-1.019281,-0.066532,-1.019385,-1.620637,0.000000,0.000000,-4.571468
4928,07 08 10 18 22 38,-0.07147117,0.49441723,1.332906,-1.192640,1.460200,-1.620637,0.000000,0.000000,0.672334
4929,01 07 12 18 31 38,-0.07147761,0.41031497,0.418167,-2.173270,0.220408,-0.318339,0.000000,0.000000,0.651480
4930,08 09 12 18 22 38,-0.07151712,0.42204946,0.940875,-0.438977,1.322445,-2.633536,0.000000,0.000000,0.723143
4931,02 07 12 22 31 38,-0.07153921,0.37761865,-1.280636,-2.412714,1.597955,-0.028940,0.000000,0.000000,0.738172
4932,07 08 09 18 22 31,-0.07164716,0.27609139,-0.627250,-1.451323,-0.192857,-1.331238,0.000000,0.000000,0.831667
4933,09 12 14 18 22 38,-0.07168226,0.35747976,-0.365896,-0.987455,1.322445,-1.910037,0.000000,0.000000,0.704775
4934,07 08 09 12 22 38,-0.07174862,0.34685672,-0.627250,-0.640756,1.735709,-2.344136,0.000000,0.000000,0.609272
4935,07 09 10 12 14 18,-0.07198969,0.26429997,-0.888604,-1.336860,-1.019385,-0.607739,0.000000,0.000000,-2.300023
4936,08 10 18 22 31 38,-0.07202553,0.45927193,1.332906,-1.021542,1.046936,-1.910037,0.000000,0.000000,0.812648
4937,02 09 18 22 31 38,-0.07209615,0.40750135,-0.496573,-1.770116,1.735709,-0.897139,0.000000,0.000000,0.720873
4938,07 10 14 18 22 38,-0.07217776,0.42984754,0.026135,-1.741118,1.460200,-0.897139,0.000000,0.000000,0.573750
4939,07 10 12 14 18 22,-0.07271114,0.32432083,-0.496573,-2.015152,-0.468366,-0.173640,0.000000,0.000000,-0.777146
4940,01 07 09 18 22 31,-0.07283120,0.27418905,-1.280636,-2.243959,-0.055102,-0.318339,0.000000,0.000000,0.780110
4941,07 08 09 10 12 22,-0.07286803,0.27103078,-1.019281,-0.772929,0.082653,-1.620637,0.000000,0.000000,-1.489032
4942,01 07 12 18 22 31,-0.07288737,0.31949908,-0.496573,-2.684777,-0.606121,0.260460,0.000000,0.000000,0.786148
4943,01 07 10 22 31 38,-0.07290942,0.38217686,-0.888604,-2.015957,1.597955,-0.607739,0.000000,0.000000,0.725986
4944,02 07 12 18 22 38,-0.07317699,0.48795669,0.287490,-2.382033,1.597955,-0.028940,0.000000,0.000000,0.352660
4945,01 07 09 12 22 38,-0.07328008,0.34495439,-1.280636,-1.433391,1.873464,-1.331238,0.000000,0.000000,0.506244
4946,01 09 12 22 31 38,-0.07330638,0.30980908,-1.280636,-1.262293,1.460200,-1.620637,0.000000,0.000000,0.724791
4947,10 14 18 22 31 38,-0.07344488,0.39470224,0.026135,-1.570020,1.046936,-1.186538,0.000000,0.000000,0.608465
4948,02 12 18 22 31 38,-0.07349316,0.45281139,0.287490,-2.210935,1.184691,-0.318339,0.000000,0.000000,0.528261
4949,07 08 10 12 18 22,-0.07360923,0.38889052,0.810198,-1.466674,-0.468366,-0.897139,0.000000,0.000000,-0.916300
4950,01 07 10 18 22 38,-0.07375574,0.49251490,0.679521,-1.985275,1.597955,-0.607739,0.000000,0.000000,0.457731
4951,07 09 10 12 31 38,-0.07386269,0.27825731,-1.541990,-1.562431,0.909181,-1.186538,0.000000,0.000000,0.511224
4952,01 09 12 18 22 38,-0.07388389,0.42014712,0.287490,-1.231612,1.460200,-1.620637,0.000000,0.000000,0.496361
4953,01 10 18 22 31 38,-0.07396952,0.45736959,0.679521,-1.814177,1.184691,-0.897139,0.000000,0.000000,0.648501
4954,07 09 14 22 31 38,-0.07397104,0.24449870,-2.456729,-1.472842,1.735709,-1.475938,0.000000,0.000000,1.097167
4955,07 08 12 22 31 38,-0.07409390,0.35437842,-0.365896,-1.365182,1.184691,-1.620637,0.000000,0.000000,1.087225
4956,07 09 14 18 22 38,-0.07415642,0.35483673,-0.888604,-1.442160,1.735709,-1.475938,0.000000,0.000000,0.926833
4957,09 10 12 18 22 31,-0.07419032,0.26263416,-0.888604,-1.872159,-0.330611,-0.897139,0.000000,0.000000,0.885786
4958,07 12 14 22 31 38,-0.07449237,0.28980873,-1.672667,-1.913660,1.184691,-0.897139,0.000000,0.000000,1.034290
4959,07 08 09 22 31 38,-0.07470213,0.30906839,-1.149958,-0.924363,1.735709,-2.199437,0.000000,0.000000,0.982755
4960,08 09 18 22 31 38,-0.07474213,0.38426113,0.418167,-0.722584,1.322445,-2.488836,0.000000,0.000000,1.056402
4961,07 09 10 18 31 38,-0.07481885,0.35080702,-0.496573,-1.815357,0.909181,-1.041838,0.000000,0.000000,1.037749
4962,07 08 09 10 12 18,-0.07485803,0.32886966,0.418167,-0.788382,-1.019385,-1.331238,0.000000,0.000000,-2.731076
4963,07 09 10 12 22 31,-0.07489084,0.18744142,-2.456729,-2.073938,0.082653,-0.607739,0.000000,0.000000,0.702429
4964,01 07 09 12 18 22,-0.07496152,0.31197738,-0.757927,-1.960351,-0.055102,-0.463039,0.000000,0.000000,-0.346556
4965,07 08 09 10 18 22,-0.07497519,0.34358049,0.026135,-1.025855,0.082653,-1.475938,0.000000,0.000000,-1.133030
4966,07 10 12 18 31 38,-0.07521193,0.39611705,0.287490,-2.256175,0.358162,-0.463039,0.000000,0.000000,0.993873
4967,07 09 10 12 18 38,-0.07524630,0.38859535,0.026135,-1.531749,0.909181,-1.186538,0.000000,0.000000,0.163368
4968,07 08 09 18 22 38,-0.07541570,0.41940643,0.418167,-0.893682,1.735709,-2.199437,0.000000,0.000000,0.734167
4969,07 08 12 18 22 38,-0.07560554,0.46471646,1.202229,-1.334500,1.184691,-1.620637,0.000000,0.000000,0.720401
4970,07 12 14 18 22 38,-0.07565393,0.40014677,-0.104542,-1.882979,1.184691,-0.897139,0.000000,0.000000,0.719332
4971,07 09 12 14 18 22,-0.07569526,0.24931002,-1.411313,-1.716194,-0.192857,-0.752439,0.000000,0.000000,-0.573026
4972,02 07 18 22 31 38,-0.07590473,0.45016836,-0.235219,-2.665640,1.597955,0.115760,0.000000,0.000000,0.759590
4973,09 14 18 22 31 38,-0.07616710,0.31969143,-0.888604,-1.271062,1.322445,-1.765337,0.000000,0.000000,0.851386
4974,07 08 09 12 18 22,-0.07639904,0.31387972,-0.104542,-1.167716,-0.192857,-1.475938,0.000000,0.000000,-0.683392
4975,01 07 09 18 22 38,-0.07687924,0.41750409,-0.235219,-1.686317,1.873464,-1.186538,0.000000,0.000000,0.641202
4976,01 07 09 22 31 38,-0.07705775,0.30716605,-1.803344,-1.716999,1.873464,-1.186538,0.000000,0.000000,0.757625
4977,09 10 12 22 31 38,-0.07718381,0.29561116,-1.411313,-1.345199,1.597955,-1.765337,0.000000,0.000000,1.045982
4978,01 07 12 22 31 38,-0.07738905,0.35247609,-1.019281,-2.157817,1.322445,-0.607739,0.000000,0.000000,0.722901
4979,07 09 10 18 22 31,-0.07747134,0.25999113,-1.411313,-2.326864,0.082653,-0.463039,0.000000,0.000000,0.988303
4980,08 12 18 22 31 38,-0.07748674,0.42957116,1.202229,-1.163402,0.771426,-1.910037,0.000000,0.000000,0.664138
4981,12 14 18 22 31 38,-0.07761184,0.36500147,-0.104542,-1.711881,0.771426,-1.186538,0.000000,0.000000,0.651704
4982,07 10 12 18 22 31,-0.07778679,0.30530116,-0.627250,-2.767683,-0.468366,0.115760,0.000000,0.000000,0.955928
4983,01 09 18 22 31 38,-0.07793306,0.38235879,-0.235219,-1.515219,1.460200,-1.475938,0.000000,0.000000,0.707518
4984,01 07 12 18 22 38,-0.07800861,0.46281413,0.548844,-2.127136,1.322445,-0.607739,0.000000,0.000000,0.488242
4985,01 12 18 22 31 38,-0.07819323,0.42766883,0.548844,-1.956038,0.909181,-0.897139,0.000000,0.000000,0.683332
4986,07 08 18 22 31 38,-0.07861038,0.42692813,0.679521,-1.618108,1.184691,-1.475938,0.000000,0.000000,1.086279
4987,09 10 12 18 22 38,-0.07861135,0.40594920,0.156813,-1.314518,1.597955,-1.765337,0.000000,0.000000,0.691617
4988,07 09 10 12 22 38,-0.07877281,0.33075646,-1.411313,-1.516297,2.011219,-1.475938,0.000000,0.000000,0.588124
4989,07 09 12 18 31 38,-0.07918193,0.32110625,-0.627250,-1.957217,0.633672,-1.041838,0.000000,0.000000,1.051932
4990,07 14 18 22 31 38,-0.08007731,0.36235844,-0.627250,-2.166586,1.184691,-0.752439,0.000000,0.000000,0.875047
4991,07 09 10 22 31 38,-0.08058439,0.29296813,-1.934021,-1.799904,2.011219,-1.331238,0.000000,0.000000,1.130787
4992,07 10 12 22 31 38,-0.08118159,0.33827817,-1.149958,-2.240723,1.460200,-0.752439,0.000000,0.000000,1.056669
4993,07 09 10 18 22 38,-0.08126252,0.40330617,-0.365896,-1.769223,2.011219,-1.331238,0.000000,0.000000,0.887449
4994,01 07 18 22 31 38,-0.08174487,0.42502580,0.026135,-2.410743,1.322445,-0.463039,0.000000,0.000000,0.745757
4995,09 10 18 22 31 38,-0.08175668,0.36816087,-0.365896,-1.598125,1.597955,-1.620637,0.000000,0.000000,1.036681
4996,07 09 12 18 22 31,-0.08178267,0.23029036,-1.541990,-2.468725,-0.192857,-0.463039,0.000000,0.000000,1.010153
4997,07 10 12 18 22 38,-0.08265118,0.44861620,0.418167,-2.210042,1.460200,-0.752439,0.000000,0.000000,0.696074
4998,07 09 10 12 18 22,-0.08335854,0.29777946,-0.888604,-2.043257,0.082653,-0.607739,0.000000,0.000000,-0.694956
4999,10 12 18 22 31 38,-0.08372862,0.41347090,0.418167,-2.038944,1.046936,-1.041838,0.000000,0.000000,0.758891
5000,07 09 12 22 31 38,-0.08514512,0.26326736,-2.064698,-1.941765,1.735709,-1.331238,0.000000,0.000000,1.115686
5001,07 09 12 18 22 38,-0.08559649,0.37360540,-0.496573,-1.911084,1.735709,-1.331238,0.000000,0.000000,0.905945
5002,07 10 18 22 31 38,-0.08683960,0.41082787,-0.104542,-2.493649,1.460200,-0.607739,0.000000,0.000000,0.886600
5003,09 12 18 22 31 38,-0.08741749,0.33846010,-0.496573,-1.739986,1.322445,-1.620637,0.000000,0.000000,0.858601
5004,07 09 18 22 31 38,-0.08983002,0.33581707,-1.019281,-2.194691,1.735709,-1.186538,0.000000,0.000000,1.089788
5005,07 12 18 22 31 38,-0.09133417,0.38112710,-0.235219,-2.635509,1.184691,-0.607739,0.000000,0.000000,0.881303
