previous_number,next_number,trigger_draws,following_count,conditional_rate,unconditional_next_rate,p_enrichment,holm_p
1,1,33,9,0.2727272727272727,0.1787709497206704,0.09843831826105562,1.0
1,2,33,5,0.15151515151515152,0.17318435754189945,0.7239599285794077,1.0
1,3,33,5,0.15151515151515152,0.1452513966480447,0.547126483656902,1.0
1,4,33,5,0.15151515151515152,0.1787709497206704,0.7531914945220479,1.0
1,5,33,2,0.06060606060606061,0.10614525139664804,0.9028190786048547,1.0
1,6,33,8,0.24242424242424243,0.17318435754189945,0.17975878422545105,1.0
1,7,33,5,0.15151515151515152,0.15083798882681565,0.5861541040649858,1.0
1,8,33,4,0.12121212121212122,0.2122905027932961,0.9574699262427331,1.0
1,9,33,6,0.18181818181818182,0.13966480446927373,0.29921343202588463,1.0
1,10,33,6,0.18181818181818182,0.1787709497206704,0.5661094724891506,1.0
1,11,33,6,0.18181818181818182,0.15083798882681565,0.37540495386133366,1.0
1,12,33,4,0.12121212121212122,0.17318435754189945,0.8731417133901234,1.0
1,13,33,7,0.21212121212121213,0.1787709497206704,0.3696733493546084,1.0
1,14,33,5,0.15151515151515152,0.15083798882681565,0.5861541040649858,1.0
1,15,33,5,0.15151515151515152,0.1787709497206704,0.7531914945220479,1.0
1,16,33,4,0.12121212121212122,0.12849162011173185,0.6500426126741911,1.0
1,17,33,7,0.21212121212121213,0.1452513966480447,0.17346043482174522,1.0
1,18,33,10,0.30303030303030304,0.2122905027932961,0.12140458048269905,1.0
1,19,33,3,0.09090909090909091,0.13966480446927373,0.8839648690251322,1.0
1,20,33,3,0.09090909090909091,0.1564245810055866,0.9288102488188781,1.0
1,21,33,5,0.15151515151515152,0.12849162011173185,0.423000919785534,1.0
1,22,33,2,0.06060606060606061,0.1564245810055866,0.9830066117815007,1.0
1,23,33,5,0.15151515151515152,0.12290502793296089,0.3805077225091583,1.0
1,24,33,8,0.24242424242424243,0.18435754189944134,0.23566153357185946,1.0
1,25,33,5,0.15151515151515152,0.1787709497206704,0.7531914945220479,1.0
1,26,33,1,0.030303030303030304,0.13966480446927373,0.9959813073377117,1.0
1,27,33,3,0.09090909090909091,0.12849162011173185,0.8422712459865874,1.0
1,28,33,4,0.12121212121212122,0.12290502793296089,0.610557100867468,1.0
1,29,33,2,0.06060606060606061,0.12290502793296089,0.9441820782335522,1.0
1,30,33,5,0.15151515151515152,0.1564245810055866,0.6235295254397751,1.0
1,31,33,9,0.2727272727272727,0.15083798882681565,0.03408204670105873,1.0
1,32,33,9,0.2727272727272727,0.13966480446927373,0.01982711186781269,1.0
1,33,33,7,0.21212121212121213,0.18994413407821228,0.4419983071874829,1.0
1,34,33,3,0.09090909090909091,0.1452513966480447,0.9010432224879892,1.0
1,35,33,5,0.15151515151515152,0.1787709497206704,0.7531914945220479,1.0
1,36,33,3,0.09090909090909091,0.13966480446927373,0.8839648690251322,1.0
1,37,33,5,0.15151515151515152,0.16759776536312848,0.6925595690345716,1.0
1,38,33,8,0.24242424242424243,0.19553072625698323,0.2975188218677386,1.0
2,1,31,5,0.16129032258064516,0.1787709497206704,0.6944626211281981,1.0
2,2,31,2,0.06451612903225806,0.17318435754189945,0.9865138293090033,1.0
2,3,31,6,0.1935483870967742,0.1452513966480447,0.2781872743464362,1.0
2,4,31,3,0.0967741935483871,0.1787709497206704,0.9499929358683706,1.0
2,5,31,5,0.16129032258064516,0.10614525139664804,0.21232712024148453,1.0
2,6,31,3,0.0967741935483871,0.17318435754189945,0.9410928862063678,1.0
2,7,31,7,0.22580645161290322,0.15083798882681565,0.15650738966384956,1.0
2,8,31,8,0.25806451612903225,0.2122905027932961,0.32002047304349923,1.0
2,9,31,1,0.03225806451612903,0.13966480446927373,0.9941736187151312,1.0
2,10,31,7,0.22580645161290322,0.1787709497206704,0.30132877374798145,1.0
2,11,31,6,0.1935483870967742,0.15083798882681565,0.3129529556843182,1.0
2,12,31,11,0.3548387096774194,0.17318435754189945,0.00575722905936041,1.0
2,13,31,5,0.16129032258064516,0.1787709497206704,0.6944626211281981,1.0
2,14,31,3,0.0967741935483871,0.15083798882681565,0.8901125498667779,1.0
2,15,31,4,0.12903225806451613,0.1787709497206704,0.8550590728070062,1.0
2,16,31,2,0.06451612903225806,0.12849162011173185,0.9394777707866061,1.0
2,17,31,3,0.0967741935483871,0.1452513966480447,0.8726330350940863,1.0
2,18,31,7,0.22580645161290322,0.2122905027932961,0.5031872467518105,1.0
2,19,31,4,0.12903225806451613,0.13966480446927373,0.6678269050805178,1.0
2,20,31,10,0.3225806451612903,0.1564245810055866,0.008584279229343426,1.0
2,21,31,1,0.03225806451612903,0.12849162011173185,0.9909108451956047,1.0
2,22,31,6,0.1935483870967742,0.1564245810055866,0.34860233406577645,1.0
2,23,31,6,0.1935483870967742,0.12290502793296089,0.15411178624826724,1.0
2,24,31,6,0.1935483870967742,0.18435754189944134,0.529277699401424,1.0
2,25,31,5,0.16129032258064516,0.1787709497206704,0.6944626211281981,1.0
2,26,31,5,0.16129032258064516,0.13966480446927373,0.4434271177467536,1.0
2,27,31,6,0.1935483870967742,0.12849162011173185,0.18231040445422445,1.0
2,28,31,1,0.03225806451612903,0.12290502793296089,0.9886746245691266,1.0
2,29,31,5,0.16129032258064516,0.12290502793296089,0.3243880577227013,1.0
2,30,31,3,0.0967741935483871,0.1564245810055866,0.9055129223559814,1.0
2,31,31,6,0.1935483870967742,0.15083798882681565,0.3129529556843182,1.0
2,32,31,1,0.03225806451612903,0.13966480446927373,0.9941736187151312,1.0
2,33,31,4,0.12903225806451613,0.18994413407821228,0.8893541630636165,1.0
2,34,31,4,0.12903225806451613,0.1452513966480447,0.7014736264398896,1.0
2,35,31,6,0.1935483870967742,0.1787709497206704,0.4937834186998029,1.0
2,36,31,4,0.12903225806451613,0.13966480446927373,0.6678269050805178,1.0
2,37,31,5,0.16129032258064516,0.16759776536312848,0.629976121074983,1.0
2,38,31,10,0.3225806451612903,0.19553072625698323,0.0479268404621665,1.0
3,1,26,3,0.11538461538461539,0.1787709497206704,0.8875875500627083,1.0
3,2,26,4,0.15384615384615385,0.17318435754189945,0.7014736264398896,1.0
3,3,26,3,0.11538461538461539,0.1452513966480447,0.7716370179981965,1.0
3,4,26,7,0.2692307692307692,0.1787709497206704,0.1523965827488973,1.0
3,5,26,1,0.038461538461538464,0.10614525139664804,0.9574726936541542,1.0
3,6,26,3,0.11538461538461539,0.17318435754189945,0.8726330350940863,1.0
3,7,26,7,0.2692307692307692,0.15083798882681565,0.06912910965990297,1.0
3,8,26,9,0.34615384615384615,0.2122905027932961,0.06552061290020256,1.0
3,9,26,2,0.07692307692307693,0.13966480446927373,0.9130198386529708,1.0
3,10,26,2,0.07692307692307693,0.1787709497206704,0.970003543667556,1.0
3,11,26,3,0.11538461538461539,0.15083798882681565,0.795662856802276,1.0
3,12,26,2,0.07692307692307693,0.17318435754189945,0.9648525440672525,1.0
3,13,26,5,0.19230769230769232,0.1787709497206704,0.5152799454039059,1.0
3,14,26,4,0.15384615384615385,0.15083798882681565,0.5794303075655622,1.0
3,15,26,4,0.15384615384615385,0.1787709497206704,0.7280727237307449,1.0
3,16,26,3,0.11538461538461539,0.12849162011173185,0.6869203433073388,1.0
3,17,26,6,0.23076923076923078,0.1452513966480447,0.14958138733513415,1.0
3,18,26,8,0.3076923076923077,0.2122905027932961,0.15205909572696888,1.0
3,19,26,2,0.07692307692307693,0.13966480446927373,0.9130198386529708,1.0
3,20,26,4,0.15384615384615385,0.1564245810055866,0.6121497064632228,1.0
3,21,26,6,0.23076923076923078,0.12849162011173185,0.09073868649655979,1.0
3,22,26,2,0.07692307692307693,0.1564245810055866,0.9441673446151096,1.0
3,23,26,1,0.038461538461538464,0.12290502793296089,0.9751100483918906,1.0
3,24,26,6,0.23076923076923078,0.18435754189944134,0.3369393311871264,1.0
3,25,26,4,0.15384615384615385,0.1787709497206704,0.7280727237307449,1.0
3,26,26,5,0.19230769230769232,0.13966480446927373,0.2848473047451382,1.0
3,27,26,2,0.07692307692307693,0.12849162011173185,0.8844281864820911,1.0
3,28,26,7,0.2692307692307692,0.12290502793296089,0.022691429265827647,1.0
3,29,26,2,0.07692307692307693,0.12290502793296089,0.8672535914234172,1.0
3,30,26,6,0.23076923076923078,0.1564245810055866,0.19706637829382329,1.0
3,31,26,5,0.19230769230769232,0.15083798882681565,0.3498911399142813,1.0
3,32,26,4,0.15384615384615385,0.13966480446927373,0.5102905004284783,1.0
3,33,26,7,0.2692307692307692,0.18994413407821228,0.19585480418686596,1.0
3,34,26,3,0.11538461538461539,0.1452513966480447,0.7716370179981965,1.0
3,35,26,4,0.15384615384615385,0.1787709497206704,0.7280727237307449,1.0
3,36,26,2,0.07692307692307693,0.13966480446927373,0.9130198386529708,1.0
3,37,26,6,0.23076923076923078,0.16759776536312848,0.2500365348961805,1.0
3,38,26,2,0.07692307692307693,0.19553072625698323,0.9815827320691924,1.0
4,1,32,6,0.1875,0.1787709497206704,0.5303938137374157,1.0
4,2,32,7,0.21875,0.17318435754189945,0.30132877374798145,1.0
4,3,32,5,0.15625,0.1452513966480447,0.5152799454039059,1.0
4,4,32,4,0.125,0.1787709497206704,0.8736609784068682,1.0
4,5,32,4,0.125,0.10614525139664804,0.452133472172896,1.0
4,6,32,6,0.1875,0.17318435754189945,0.4937834186998029,1.0
4,7,32,4,0.125,0.15083798882681565,0.7583075600943195,1.0
4,8,32,10,0.3125,0.2122905027932961,0.10087900660617365,1.0
4,9,32,5,0.15625,0.13966480446927373,0.47526762811167955,1.0
4,10,32,5,0.15625,0.1787709497206704,0.7248457336079726,1.0
4,11,32,2,0.0625,0.15083798882681565,0.9753040232562596,1.0
4,12,32,6,0.1875,0.17318435754189945,0.4937834186998029,1.0
4,13,32,8,0.25,0.1787709497206704,0.18058020307357622,1.0
4,14,32,4,0.125,0.15083798882681565,0.7583075600943195,1.0
4,15,32,12,0.375,0.1787709497206704,0.0028117504883479385,1.0
4,16,32,1,0.03125,0.12849162011173185,0.992323348982774,1.0
4,17,32,4,0.125,0.1452513966480447,0.7280727237307449,1.0
4,18,32,9,0.28125,0.2122905027932961,0.20492243280787129,1.0
4,19,32,5,0.15625,0.13966480446927373,0.47526762811167955,1.0
4,20,32,4,0.125,0.1564245810055866,0.7860559789937842,1.0
4,21,32,3,0.09375,0.12849162011173185,0.8247959156854604,1.0
4,22,32,3,0.09375,0.1564245810055866,0.9178705371865531,1.0
4,23,32,1,0.03125,0.12290502793296089,0.9903581263223648,1.0
4,24,32,3,0.09375,0.18435754189944134,0.9646505338927633,1.0
4,25,32,7,0.21875,0.1787709497206704,0.33513837353681514,1.0
4,26,32,3,0.09375,0.13966480446927373,0.8691819931782507,1.0
4,27,32,6,0.1875,0.12849162011173185,0.20439003975946074,1.0
4,28,32,6,0.1875,0.12290502793296089,0.1736705471608711,1.0
4,29,32,5,0.15625,0.12290502793296089,0.3522987078267439,1.0
4,30,32,4,0.125,0.1564245810055866,0.7860559789937842,1.0
4,31,32,6,0.1875,0.15083798882681565,0.343933080764255,1.0
4,32,32,3,0.09375,0.13966480446927373,0.8691819931782507,1.0
4,33,32,5,0.15625,0.18994413407821228,0.779481953452037,1.0
4,34,32,4,0.125,0.1452513966480447,0.7280727237307449,1.0
4,35,32,8,0.25,0.1787709497206704,0.18058020307357622,1.0
4,36,32,4,0.125,0.13966480446927373,0.6953353732189232,1.0
4,37,32,3,0.09375,0.16759776536312848,0.940805787830174,1.0
4,38,32,7,0.21875,0.19553072625698323,0.43980922407657763,1.0
5,1,19,6,0.3157894736842105,0.1787709497206704,0.0960138597238538,1.0
5,2,19,3,0.15789473684210525,0.17318435754189945,0.6772211707672,1.0
5,3,19,3,0.15789473684210525,0.1452513966480447,0.5443972769940211,1.0
5,4,19,5,0.2631578947368421,0.1787709497206704,0.23386661292993466,1.0
5,5,19,0,0.0,0.10614525139664804,0.9999999999999999,1.0
5,6,19,1,0.05263157894736842,0.17318435754189945,0.9782918206697184,1.0
5,7,19,3,0.15789473684210525,0.15083798882681565,0.573003607787659,1.0
5,8,19,2,0.10526315789473684,0.2122905027932961,0.9442173718724599,1.0
5,9,19,1,0.05263157894736842,0.13966480446927373,0.9514873690573316,1.0
5,10,19,2,0.10526315789473684,0.1787709497206704,0.891899134010692,1.0
5,11,19,6,0.3157894736842105,0.15083798882681565,0.044934917443786415,1.0
5,12,19,2,0.10526315789473684,0.17318435754189945,0.8799370697040578,1.0
5,13,19,4,0.21052631578947367,0.1787709497206704,0.452133472172896,1.0
5,14,19,0,0.0,0.15083798882681565,0.9999999999999998,1.0
5,15,19,2,0.10526315789473684,0.1787709497206704,0.891899134010692,1.0
5,16,19,4,0.21052631578947367,0.12849162011173185,0.21229143838064163,1.0
5,17,19,6,0.3157894736842105,0.1452513966480447,0.03753209235577255,1.0
5,18,19,5,0.2631578947368421,0.2122905027932961,0.37522513548205505,1.0
5,19,19,4,0.21052631578947367,0.13966480446927373,0.262606447435579,1.0
5,20,19,3,0.15789473684210525,0.1564245810055866,0.6006463569124589,1.0
5,21,19,2,0.10526315789473684,0.12849162011173185,0.7376745616426664,1.0
5,22,19,3,0.15789473684210525,0.1564245810055866,0.6006463569124589,1.0
5,23,19,2,0.10526315789473684,0.12290502793296089,0.7129797027349332,1.0
5,24,19,1,0.05263157894736842,0.18435754189944134,0.9835242941210879,1.0
5,25,19,3,0.15789473684210525,0.1787709497206704,0.7005061051045415,1.0
5,26,19,6,0.3157894736842105,0.13966480446927373,0.03099767559539107,1.0
5,27,19,6,0.3157894736842105,0.12849162011173185,0.02035434151201554,1.0
5,28,19,3,0.15789473684210525,0.12290502793296089,0.42219773909637415,1.0
5,29,19,3,0.15789473684210525,0.12290502793296089,0.42219773909637415,1.0
5,30,19,3,0.15789473684210525,0.1564245810055866,0.6006463569124589,1.0
5,31,19,5,0.2631578947368421,0.15083798882681565,0.1351388218441633,1.0
5,32,19,2,0.10526315789473684,0.13966480446927373,0.7820498712796293,1.0
5,33,19,2,0.10526315789473684,0.18994413407821228,0.9127690366821986,1.0
5,34,19,3,0.15789473684210525,0.1452513966480447,0.5443972769940211,1.0
5,35,19,2,0.10526315789473684,0.1787709497206704,0.891899134010692,1.0
5,36,19,0,0.0,0.13966480446927373,0.9999999999999999,1.0
5,37,19,3,0.15789473684210525,0.16759776536312848,0.6527981653478766,1.0
5,38,19,3,0.15789473684210525,0.19553072625698323,0.763451045121508,1.0
6,1,30,7,0.23333333333333334,0.1787709497206704,0.26852113692168106,1.0
6,2,30,5,0.16666666666666666,0.17318435754189945,0.629976121074983,1.0
6,3,30,4,0.13333333333333333,0.1452513966480447,0.6732537956223521,1.0
6,4,30,3,0.1,0.1787709497206704,0.940805787830174,1.0
6,5,30,1,0.03333333333333333,0.10614525139664804,0.9751190867676003,1.0
6,6,30,6,0.2,0.17318435754189945,0.4212816958941429,1.0
6,7,30,2,0.06666666666666667,0.15083798882681565,0.9656240536848057,1.0
6,8,30,5,0.16666666666666666,0.2122905027932961,0.8182817692344067,1.0
6,9,30,7,0.23333333333333334,0.13966480446927373,0.09531679452284088,1.0
6,10,30,8,0.26666666666666666,0.1787709497206704,0.13335972068798202,1.0
6,11,30,7,0.23333333333333334,0.15083798882681565,0.13580831653866157,1.0
6,12,30,2,0.06666666666666667,0.17318435754189945,0.9835834458830267,1.0
6,13,30,4,0.13333333333333333,0.1787709497206704,0.8343369500097407,1.0
6,14,30,5,0.16666666666666666,0.15083798882681565,0.4877499077482433,1.0
6,15,30,5,0.16666666666666666,0.1787709497206704,0.6620950078332956,1.0
6,16,30,6,0.2,0.12849162011173185,0.16138884901109488,1.0
6,17,30,4,0.13333333333333333,0.1452513966480447,0.6732537956223521,1.0
6,18,30,11,0.36666666666666664,0.2122905027932961,0.02545590305977365,1.0
6,19,30,3,0.1,0.13966480446927373,0.8349751337690108,1.0
6,20,30,2,0.06666666666666667,0.1564245810055866,0.9713179879301939,1.0
6,21,30,6,0.2,0.12849162011173185,0.16138884901109488,1.0
6,22,30,5,0.16666666666666666,0.1564245810055866,0.5249992582309733,1.0
6,23,30,1,0.03333333333333333,0.12290502793296089,0.9867127485102352,1.0
6,24,30,7,0.23333333333333334,0.18435754189944134,0.2992171362128508,1.0
6,25,30,8,0.26666666666666666,0.1787709497206704,0.13335972068798202,1.0
6,26,30,3,0.1,0.13966480446927373,0.8349751337690108,1.0
6,27,30,3,0.1,0.12849162011173185,0.785321231229806,1.0
6,28,30,6,0.2,0.12290502793296089,0.13571928576153702,1.0
6,29,30,4,0.13333333333333333,0.12290502793296089,0.5242643262097162,1.0
6,30,30,3,0.1,0.1564245810055866,0.8916029084947654,1.0
6,31,30,4,0.13333333333333333,0.15083798882681565,0.7055153413395883,1.0
6,32,30,6,0.2,0.13966480446927373,0.21877192414716373,1.0
6,33,30,7,0.23333333333333334,0.18994413407821228,0.3308242039761329,1.0
6,34,30,2,0.06666666666666667,0.1452513966480447,0.9589028983270486,1.0
6,35,30,7,0.23333333333333334,0.1787709497206704,0.26852113692168106,1.0
6,36,30,4,0.13333333333333333,0.13966480446927373,0.6388720938116449,1.0
6,37,30,5,0.16666666666666666,0.16759776536312848,0.596315729916783,1.0
6,38,30,2,0.06666666666666667,0.19553072625698323,0.9924559362213247,1.0
7,1,27,6,0.2222222222222222,0.1787709497206704,0.343933080764255,1.0
7,2,27,3,0.1111111111111111,0.17318435754189945,0.8901125498667779,1.0
7,3,27,4,0.14814814814814814,0.1452513966480447,0.5794303075655622,1.0
7,4,27,8,0.2962962962962963,0.1787709497206704,0.07722754201834184,1.0
7,5,27,0,0.0,0.10614525139664804,0.9999999999999998,1.0
7,6,27,4,0.14814814814814814,0.17318435754189945,0.7327969169125531,1.0
7,7,27,3,0.1111111111111111,0.15083798882681565,0.8184520715502629,1.0
7,8,27,6,0.2222222222222222,0.2122905027932961,0.5331387619891197,1.0
7,9,27,7,0.25925925925925924,0.13966480446927373,0.056565711758045,1.0
7,10,27,7,0.25925925925925924,0.1787709497206704,0.1787057470045917,1.0
7,11,27,1,0.037037037037037035,0.15083798882681565,0.9918162356620025,1.0
7,12,27,5,0.18518518518518517,0.17318435754189945,0.521364706222075,1.0
7,13,27,9,0.3333333333333333,0.1787709497206704,0.027677637239899525,1.0
7,14,27,2,0.07407407407407407,0.15083798882681565,0.9444673134207316,1.0
7,15,27,3,0.1111111111111111,0.1787709497206704,0.9037475488087566,1.0
7,16,27,3,0.1111111111111111,0.12849162011173185,0.7140292629587757,1.0
7,17,27,4,0.14814814814814814,0.1452513966480447,0.5794303075655622,1.0
7,18,27,7,0.25925925925925924,0.2122905027932961,0.33698105042775794,1.0
7,19,27,4,0.14814814814814814,0.13966480446927373,0.5441165894653652,1.0
7,20,27,8,0.2962962962962963,0.1564245810055866,0.035770414250557866,1.0
7,21,27,3,0.1111111111111111,0.12849162011173185,0.7140292629587757,1.0
7,22,27,6,0.2222222222222222,0.1564245810055866,0.22503430852501818,1.0
7,23,27,1,0.037037037037037035,0.12290502793296089,0.9786889956819456,1.0
7,24,27,7,0.25925925925925924,0.18435754189944134,0.2023096518274007,1.0
7,25,27,3,0.1111111111111111,0.1787709497206704,0.9037475488087566,1.0
7,26,27,4,0.14814814814814814,0.13966480446927373,0.5441165894653652,1.0
7,27,27,2,0.07407407407407407,0.12849162011173185,0.8980601003639568,1.0
7,28,27,2,0.07407407407407407,0.12290502793296089,0.8820574188504625,1.0
7,29,27,3,0.1111111111111111,0.12290502793296089,0.6822057485853499,1.0
7,30,27,5,0.18518518518518517,0.1564245810055866,0.41904109728291195,1.0
7,31,27,4,0.14814814814814814,0.15083798882681565,0.6133491388183799,1.0
7,32,27,4,0.14814814814814814,0.13966480446927373,0.5441165894653652,1.0
7,33,27,4,0.14814814814814814,0.18994413407821228,0.8040579306007452,1.0
7,34,27,6,0.2222222222222222,0.1452513966480447,0.17256775238520022,1.0
7,35,27,1,0.037037037037037035,0.1787709497206704,0.9969662810294492,1.0
7,36,27,3,0.1111111111111111,0.13966480446927373,0.7707129472749629,1.0
7,37,27,3,0.1111111111111111,0.16759776536312848,0.8748884563550787,1.0
7,38,27,7,0.25925925925925924,0.19553072625698323,0.25326933392123563,1.0
8,1,37,7,0.1891891891891892,0.1787709497206704,0.5095889645754424,1.0
8,2,37,10,0.2702702702702703,0.17318435754189945,0.06964244319619095,1.0
8,3,37,5,0.13513513513513514,0.1452513966480447,0.6650576908169358,1.0
8,4,37,8,0.21621621621621623,0.1787709497206704,0.3260782646348481,1.0
8,5,37,0,0.0,0.10614525139664804,1,1.0
8,6,37,7,0.1891891891891892,0.17318435754189945,0.4694459989634373,1.0
8,7,37,5,0.13513513513513514,0.15083798882681565,0.7020784178792876,1.0
8,8,37,6,0.16216216216216217,0.2122905027932961,0.8570694033503132,1.0
8,9,37,3,0.08108108108108109,0.13966480446927373,0.929898276724528,1.0
8,10,37,5,0.13513513513513514,0.1787709497206704,0.8462719019664521,1.0
8,11,37,8,0.21621621621621623,0.15083798882681565,0.16053856034157352,1.0
8,12,37,5,0.13513513513513514,0.17318435754189945,0.822801216427175,1.0
8,13,37,8,0.21621621621621623,0.1787709497206704,0.3260782646348481,1.0
8,14,37,8,0.21621621621621623,0.15083798882681565,0.16053856034157352,1.0
8,15,37,7,0.1891891891891892,0.1787709497206704,0.5095889645754424,1.0
8,16,37,7,0.1891891891891892,0.12849162011173185,0.16656241652082632,1.0
8,17,37,6,0.16216216216216217,0.1452513966480447,0.4590878275245797,1.0
8,18,37,11,0.2972972972972973,0.2122905027932961,0.11780524926768045,1.0
8,19,37,4,0.10810810810810811,0.13966480446927373,0.8102928508307766,1.0
8,20,37,4,0.10810810810810811,0.1564245810055866,0.8807321137455034,1.0
8,21,37,4,0.10810810810810811,0.12849162011173185,0.7478395675664047,1.0
8,22,37,2,0.05405405405405406,0.1564245810055866,0.9918016882959825,1.0
8,23,37,5,0.13513513513513514,0.12290502793296089,0.49350732535233927,1.0
8,24,37,6,0.16216216216216217,0.18435754189944134,0.7287588097425882,1.0
8,25,37,8,0.21621621621621623,0.1787709497206704,0.3260782646348481,1.0
8,26,37,4,0.10810810810810811,0.13966480446927373,0.8102928508307766,1.0
8,27,37,4,0.10810810810810811,0.12849162011173185,0.7478395675664047,1.0
8,28,37,4,0.10810810810810811,0.12290502793296089,0.71157949509208,1.0
8,29,37,7,0.1891891891891892,0.12290502793296089,0.13711509366339175,1.0
8,30,37,5,0.13513513513513514,0.1564245810055866,0.7363882450194529,1.0
8,31,37,5,0.13513513513513514,0.15083798882681565,0.7020784178792876,1.0
8,32,37,7,0.1891891891891892,0.13966480446927373,0.23334220510271714,1.0
8,33,37,8,0.21621621621621623,0.18994413407821228,0.40162187818321965,1.0
8,34,37,6,0.16216216216216217,0.1452513966480447,0.4590878275245797,1.0
8,35,37,4,0.10810810810810811,0.1787709497206704,0.9397482253263436,1.0
8,36,37,6,0.16216216216216217,0.13966480446927373,0.41545234576781315,1.0
8,37,37,6,0.16216216216216217,0.16759776536312848,0.6240026823811468,1.0
8,38,37,7,0.1891891891891892,0.19553072625698323,0.6238748659549033,1.0
9,1,25,2,0.08,0.1787709497206704,0.9636638518517981,1.0
9,2,25,7,0.28,0.17318435754189945,0.11105939494473438,1.0
9,3,25,1,0.04,0.1452513966480447,0.9855963532557551,1.0
9,4,25,4,0.16,0.1787709497206704,0.6953353732189232,1.0
9,5,25,2,0.08,0.10614525139664804,0.7820498712796293,1.0
9,6,25,2,0.08,0.17318435754189945,0.9577587356847014,1.0
9,7,25,6,0.24,0.15083798882681565,0.14869729637167012,1.0
9,8,25,1,0.04,0.2122905027932961,0.9984513313435113,1.0
9,9,25,4,0.16,0.13966480446927373,0.4756069318618108,1.0
9,10,25,3,0.12,0.1787709497206704,0.8691819931782507,1.0
9,11,25,3,0.12,0.15083798882681565,0.7707129472749629,1.0
9,12,25,2,0.08,0.17318435754189945,0.9577587356847014,1.0
9,13,25,3,0.12,0.1787709497206704,0.8691819931782507,1.0
9,14,25,3,0.12,0.15083798882681565,0.7707129472749629,1.0
9,15,25,5,0.2,0.1787709497206704,0.47526762811167955,1.0
9,16,25,4,0.16,0.12849162011173185,0.4044968977283106,1.0
9,17,25,5,0.2,0.1452513966480447,0.2848473047451382,1.0
9,18,25,6,0.24,0.2122905027932961,0.4450292128036497,1.0
9,19,25,5,0.2,0.13966480446927373,0.2547273636214532,1.0
9,20,25,2,0.08,0.1564245810055866,0.9344378900172521,1.0
9,21,25,3,0.12,0.12849162011173185,0.6581337750713426,1.0
9,22,25,3,0.12,0.1564245810055866,0.7939688892606844,1.0
9,23,25,5,0.2,0.12290502793296089,0.17146786651021792,1.0
9,24,25,4,0.16,0.18435754189944134,0.7213532347094348,1.0
9,25,25,7,0.28,0.1787709497206704,0.12820606513398594,1.0
9,26,25,6,0.24,0.13966480446927373,0.10934245377966553,1.0
9,27,25,1,0.04,0.12849162011173185,0.9755856525627463,1.0
9,28,25,1,0.04,0.12290502793296089,0.9709617231238725,1.0
9,29,25,2,0.08,0.12290502793296089,0.8508786232601875,1.0
9,30,25,6,0.24,0.1564245810055866,0.17068324269992158,1.0
9,31,25,5,0.2,0.15083798882681565,0.315790488466381,1.0
9,32,25,3,0.12,0.13966480446927373,0.7183919118284847,1.0
9,33,25,2,0.08,0.18994413407821228,0.973272941266563,1.0
9,34,25,4,0.16,0.1452513966480447,0.5102905004284783,1.0
9,35,25,9,0.36,0.1787709497206704,0.015904796641744826,1.0
9,36,25,5,0.2,0.13966480446927373,0.2547273636214532,1.0
9,37,25,5,0.2,0.16759776536312848,0.4113619263611073,1.0
9,38,25,9,0.36,0.19553072625698323,0.02980050155572685,1.0
10,1,32,4,0.125,0.1787709497206704,0.8736609784068682,1.0
10,2,32,4,0.125,0.17318435754189945,0.8550590728070062,1.0
10,3,32,6,0.1875,0.1452513966480447,0.3072158954843298,1.0
10,4,32,5,0.15625,0.1787709497206704,0.7248457336079726,1.0
10,5,32,1,0.03125,0.10614525139664804,0.9810786815296868,1.0
10,6,32,7,0.21875,0.17318435754189945,0.30132877374798145,1.0
10,7,32,5,0.15625,0.15083798882681565,0.5542224146401901,1.0
10,8,32,6,0.1875,0.2122905027932961,0.7246210248051285,1.0
10,9,32,5,0.15625,0.13966480446927373,0.47526762811167955,1.0
10,10,32,5,0.15625,0.1787709497206704,0.7248457336079726,1.0
10,11,32,5,0.15625,0.15083798882681565,0.5542224146401901,1.0
10,12,32,7,0.21875,0.17318435754189945,0.30132877374798145,1.0
10,13,32,9,0.28125,0.1787709497206704,0.08241063341958815,1.0
10,14,32,8,0.25,0.15083798882681565,0.07722754201834184,1.0
10,15,32,6,0.1875,0.1787709497206704,0.5303938137374157,1.0
10,16,32,4,0.125,0.12849162011173185,0.6225224074755659,1.0
10,17,32,4,0.125,0.1452513966480447,0.7280727237307449,1.0
10,18,32,9,0.28125,0.2122905027932961,0.20492243280787129,1.0
10,19,32,4,0.125,0.13966480446927373,0.6953353732189232,1.0
10,20,32,5,0.15625,0.1564245810055866,0.5918170466975294,1.0
10,21,32,6,0.1875,0.12849162011173185,0.20439003975946074,1.0
10,22,32,5,0.15625,0.1564245810055866,0.5918170466975294,1.0
10,23,32,5,0.15625,0.12290502793296089,0.3522987078267439,1.0
10,24,32,5,0.15625,0.18435754189944134,0.7531914945220479,1.0
10,25,32,3,0.09375,0.1787709497206704,0.9578893452609399,1.0
10,26,32,5,0.15625,0.13966480446927373,0.47526762811167955,1.0
10,27,32,4,0.125,0.12849162011173185,0.6225224074755659,1.0
10,28,32,3,0.09375,0.12290502793296089,0.798412414614605,1.0
10,29,32,4,0.125,0.12290502793296089,0.5826723277331278,1.0
10,30,32,4,0.125,0.1564245810055866,0.7860559789937842,1.0
10,31,32,5,0.15625,0.15083798882681565,0.5542224146401901,1.0
10,32,32,4,0.125,0.13966480446927373,0.6953353732189232,1.0
10,33,32,4,0.125,0.18994413407821228,0.9050501930081278,1.0
10,34,32,5,0.15625,0.1452513966480447,0.5152799454039059,1.0
10,35,32,7,0.21875,0.1787709497206704,0.33513837353681514,1.0
10,36,32,4,0.125,0.13966480446927373,0.6953353732189232,1.0
10,37,32,3,0.09375,0.16759776536312848,0.940805787830174,1.0
10,38,32,7,0.21875,0.19553072625698323,0.43980922407657763,1.0
11,1,27,4,0.14814814814814814,0.1787709497206704,0.7583075600943195,1.0
11,2,27,4,0.14814814814814814,0.17318435754189945,0.7327969169125531,1.0
11,3,27,5,0.18518518518518517,0.1452513966480447,0.3498911399142813,1.0
11,4,27,5,0.18518518518518517,0.1787709497206704,0.5542224146401901,1.0
11,5,27,2,0.07407407407407407,0.10614525139664804,0.8201623058446916,1.0
11,6,27,2,0.07407407407407407,0.17318435754189945,0.9708317436032905,1.0
11,7,27,7,0.25925925925925924,0.15083798882681565,0.08332657042612025,1.0
11,8,27,3,0.1111111111111111,0.2122905027932961,0.9588637270737854,1.0
11,9,27,3,0.1111111111111111,0.13966480446927373,0.7707129472749629,1.0
11,10,27,6,0.2222222222222222,0.1787709497206704,0.343933080764255,1.0
11,11,27,6,0.2222222222222222,0.15083798882681565,0.1980652329449373,1.0
11,12,27,3,0.1111111111111111,0.17318435754189945,0.8901125498667779,1.0
11,13,27,5,0.18518518518518517,0.1787709497206704,0.5542224146401901,1.0
11,14,27,4,0.14814814814814814,0.15083798882681565,0.6133491388183799,1.0
11,15,27,8,0.2962962962962963,0.1787709497206704,0.07722754201834184,1.0
11,16,27,3,0.1111111111111111,0.12849162011173185,0.7140292629587757,1.0
11,17,27,4,0.14814814814814814,0.1452513966480447,0.5794303075655622,1.0
11,18,27,3,0.1111111111111111,0.2122905027932961,0.9588637270737854,1.0
11,19,27,4,0.14814814814814814,0.13966480446927373,0.5441165894653652,1.0
11,20,27,4,0.14814814814814814,0.1564245810055866,0.6457338124076245,1.0
11,21,27,2,0.07407407407407407,0.12849162011173185,0.8980601003639568,1.0
11,22,27,2,0.07407407407407407,0.1564245810055866,0.952566471172528,1.0
11,23,27,1,0.037037037037037035,0.12290502793296089,0.9786889956819456,1.0
11,24,27,5,0.18518518518518517,0.18435754189944134,0.5861541040649858,1.0
11,25,27,5,0.18518518518518517,0.1787709497206704,0.5542224146401901,1.0
11,26,27,4,0.14814814814814814,0.13966480446927373,0.5441165894653652,1.0
11,27,27,4,0.14814814814814814,0.12849162011173185,0.47004898609584617,1.0
11,28,27,3,0.1111111111111111,0.12290502793296089,0.6822057485853499,1.0
11,29,27,3,0.1111111111111111,0.12290502793296089,0.6822057485853499,1.0
11,30,27,5,0.18518518518518517,0.1564245810055866,0.41904109728291195,1.0
11,31,27,6,0.2222222222222222,0.15083798882681565,0.1980652329449373,1.0
11,32,27,5,0.18518518518518517,0.13966480446927373,0.315790488466381,1.0
11,33,27,9,0.3333333333333333,0.18994413407821228,0.04149361534871258,1.0
11,34,27,5,0.18518518518518517,0.1452513966480447,0.3498911399142813,1.0
11,35,27,5,0.18518518518518517,0.1787709497206704,0.5542224146401901,1.0
11,36,27,4,0.14814814814814814,0.13966480446927373,0.5441165894653652,1.0
11,37,27,5,0.18518518518518517,0.16759776536312848,0.4877499077482433,1.0
11,38,27,4,0.14814814814814814,0.19553072625698323,0.8243642742509332,1.0
12,1,30,3,0.1,0.1787709497206704,0.940805787830174,1.0
12,2,30,8,0.26666666666666666,0.17318435754189945,0.11393026710438788,1.0
12,3,30,5,0.16666666666666666,0.1452513966480447,0.4497727338527566,1.0
12,4,30,7,0.23333333333333334,0.1787709497206704,0.26852113692168106,1.0
12,5,30,5,0.16666666666666666,0.10614525139664804,0.1916068956909196,1.0
12,6,30,6,0.2,0.17318435754189945,0.4212816958941429,1.0
12,7,30,4,0.13333333333333333,0.15083798882681565,0.7055153413395883,1.0
12,8,30,4,0.13333333333333333,0.2122905027932961,0.9257990381648826,1.0
12,9,30,5,0.16666666666666666,0.13966480446927373,0.4113619263611073,1.0
12,10,30,7,0.23333333333333334,0.1787709497206704,0.26852113692168106,1.0
12,11,30,3,0.1,0.15083798882681565,0.8748884563550787,1.0
12,12,30,10,0.3333333333333333,0.17318435754189945,0.015155176366077251,1.0
12,13,30,6,0.2,0.1787709497206704,0.4565341325800957,1.0
12,14,30,3,0.1,0.15083798882681565,0.8748884563550787,1.0
12,15,30,6,0.2,0.1787709497206704,0.4565341325800957,1.0
12,16,30,7,0.23333333333333334,0.12849162011173185,0.06298885655445641,1.0
12,17,30,0,0.0,0.1452513966480447,1,1.0
12,18,30,4,0.13333333333333333,0.2122905027932961,0.9257990381648826,1.0
12,19,30,5,0.16666666666666666,0.13966480446927373,0.4113619263611073,1.0
12,20,30,5,0.16666666666666666,0.1564245810055866,0.5249992582309733,1.0
12,21,30,5,0.16666666666666666,0.12849162011173185,0.33457283573477853,1.0
12,22,30,5,0.16666666666666666,0.1564245810055866,0.5249992582309733,1.0
12,23,30,2,0.06666666666666667,0.12290502793296089,0.9182003580161346,1.0
12,24,30,3,0.1,0.18435754189944134,0.9494971215298014,1.0
12,25,30,3,0.1,0.1787709497206704,0.940805787830174,1.0
12,26,30,6,0.2,0.13966480446927373,0.21877192414716373,1.0
12,27,30,3,0.1,0.12849162011173185,0.785321231229806,1.0
12,28,30,2,0.06666666666666667,0.12290502793296089,0.9182003580161346,1.0
12,29,30,5,0.16666666666666666,0.12290502793296089,0.29692414296876035,1.0
12,30,30,5,0.16666666666666666,0.1564245810055866,0.5249992582309733,1.0
12,31,30,5,0.16666666666666666,0.15083798882681565,0.4877499077482433,1.0
12,32,30,4,0.13333333333333333,0.13966480446927373,0.6388720938116449,1.0
12,33,30,5,0.16666666666666666,0.18994413407821228,0.7212900822317125,1.0
12,34,30,3,0.1,0.1452513966480447,0.8560692213533578,1.0
12,35,30,6,0.2,0.1787709497206704,0.4565341325800957,1.0
12,36,30,4,0.13333333333333333,0.13966480446927373,0.6388720938116449,1.0
12,37,30,5,0.16666666666666666,0.16759776536312848,0.596315729916783,1.0
12,38,30,6,0.2,0.19553072625698323,0.5596066424464223,1.0
13,1,32,9,0.28125,0.1787709497206704,0.08241063341958815,1.0
13,2,32,6,0.1875,0.17318435754189945,0.4937834186998029,1.0
13,3,32,2,0.0625,0.1452513966480447,0.970003543667556,1.0
13,4,32,11,0.34375,0.1787709497206704,0.010299701016204489,1.0
13,5,32,3,0.09375,0.10614525139664804,0.7005061051045415,1.0
13,6,32,6,0.1875,0.17318435754189945,0.4937834186998029,1.0
13,7,32,10,0.3125,0.15083798882681565,0.00821617593157076,1.0
13,8,32,8,0.25,0.2122905027932961,0.35838648645537524,1.0
13,9,32,4,0.125,0.13966480446927373,0.6953353732189232,1.0
13,10,32,2,0.0625,0.1787709497206704,0.9910191695568747,1.0
13,11,32,4,0.125,0.15083798882681565,0.7583075600943195,1.0
13,12,32,4,0.125,0.17318435754189945,0.8550590728070062,1.0
13,13,32,4,0.125,0.1787709497206704,0.8736609784068682,1.0
13,14,32,6,0.1875,0.15083798882681565,0.343933080764255,1.0
13,15,32,2,0.0625,0.1787709497206704,0.9910191695568747,1.0
13,16,32,3,0.09375,0.12849162011173185,0.8247959156854604,1.0
13,17,32,8,0.25,0.1452513966480447,0.06254608875065523,1.0
13,18,32,9,0.28125,0.2122905027932961,0.20492243280787129,1.0
13,19,32,4,0.125,0.13966480446927373,0.6953353732189232,1.0
13,20,32,3,0.09375,0.1564245810055866,0.9178705371865531,1.0
13,21,32,2,0.0625,0.12849162011173185,0.9471232277933489,1.0
13,22,32,5,0.15625,0.1564245810055866,0.5918170466975294,1.0
13,23,32,4,0.125,0.12290502793296089,0.5826723277331278,1.0
13,24,32,6,0.1875,0.18435754189944134,0.5661094724891506,1.0
13,25,32,3,0.09375,0.1787709497206704,0.9578893452609399,1.0
13,26,32,7,0.21875,0.13966480446927373,0.12820606513398594,1.0
13,27,32,2,0.0625,0.12849162011173185,0.9471232277933489,1.0
13,28,32,3,0.09375,0.12290502793296089,0.798412414614605,1.0
13,29,32,5,0.15625,0.12290502793296089,0.3522987078267439,1.0
13,30,32,1,0.03125,0.1564245810055866,0.9976049587074597,1.0
13,31,32,5,0.15625,0.15083798882681565,0.5542224146401901,1.0
13,32,32,7,0.21875,0.13966480446927373,0.12820606513398594,1.0
13,33,32,7,0.21875,0.18994413407821228,0.40465512470733506,1.0
13,34,32,5,0.15625,0.1452513966480447,0.5152799454039059,1.0
13,35,32,7,0.21875,0.1787709497206704,0.33513837353681514,1.0
13,36,32,3,0.09375,0.13966480446927373,0.8691819931782507,1.0
13,37,32,6,0.1875,0.16759776536312848,0.4565341325800957,1.0
13,38,32,6,0.1875,0.19553072625698323,0.6339959931387732,1.0
14,1,27,3,0.1111111111111111,0.1787709497206704,0.9037475488087566,1.0
14,2,27,6,0.2222222222222222,0.17318435754189945,0.3129529556843182,1.0
14,3,27,2,0.07407407407407407,0.1452513966480447,0.9351328510599564,1.0
14,4,27,4,0.14814814814814814,0.1787709497206704,0.7583075600943195,1.0
14,5,27,5,0.18518518518518517,0.10614525139664804,0.1351388218441633,1.0
14,6,27,1,0.037037037037037035,0.17318435754189945,0.9962893354740369,1.0
14,7,27,3,0.1111111111111111,0.15083798882681565,0.8184520715502629,1.0
14,8,27,7,0.25925925925925924,0.2122905027932961,0.33698105042775794,1.0
14,9,27,4,0.14814814814814814,0.13966480446927373,0.5441165894653652,1.0
14,10,27,4,0.14814814814814814,0.1787709497206704,0.7583075600943195,1.0
14,11,27,5,0.18518518518518517,0.15083798882681565,0.3843970278618594,1.0
14,12,27,6,0.2222222222222222,0.17318435754189945,0.3129529556843182,1.0
14,13,27,4,0.14814814814814814,0.1787709497206704,0.7583075600943195,1.0
14,14,27,7,0.25925925925925924,0.15083798882681565,0.08332657042612025,1.0
14,15,27,3,0.1111111111111111,0.1787709497206704,0.9037475488087566,1.0
14,16,27,4,0.14814814814814814,0.12849162011173185,0.47004898609584617,1.0
14,17,27,5,0.18518518518518517,0.1452513966480447,0.3498911399142813,1.0
14,18,27,7,0.25925925925925924,0.2122905027932961,0.33698105042775794,1.0
14,19,27,2,0.07407407407407407,0.13966480446927373,0.9244043899632118,1.0
14,20,27,6,0.2222222222222222,0.1564245810055866,0.22503430852501818,1.0
14,21,27,3,0.1111111111111111,0.12849162011173185,0.7140292629587757,1.0
14,22,27,4,0.14814814814814814,0.1564245810055866,0.6457338124076245,1.0
14,23,27,5,0.18518518518518517,0.12290502793296089,0.21870357687110226,1.0
14,24,27,8,0.2962962962962963,0.18435754189944134,0.09103410051987244,1.0
14,25,27,3,0.1111111111111111,0.1787709497206704,0.9037475488087566,1.0
14,26,27,2,0.07407407407407407,0.13966480446927373,0.9244043899632118,1.0
14,27,27,5,0.18518518518518517,0.12849162011173185,0.24991640546763913,1.0
14,28,27,4,0.14814814814814814,0.12290502793296089,0.4317650590300711,1.0
14,29,27,5,0.18518518518518517,0.12290502793296089,0.21870357687110226,1.0
14,30,27,5,0.18518518518518517,0.1564245810055866,0.41904109728291195,1.0
14,31,27,2,0.07407407407407407,0.15083798882681565,0.9444673134207316,1.0
14,32,27,6,0.2222222222222222,0.13966480446927373,0.14869729637167012,1.0
14,33,27,4,0.14814814814814814,0.18994413407821228,0.8040579306007452,1.0
14,34,27,3,0.1111111111111111,0.1452513966480447,0.795662856802276,1.0
14,35,27,4,0.14814814814814814,0.1787709497206704,0.7583075600943195,1.0
14,36,27,3,0.1111111111111111,0.13966480446927373,0.7707129472749629,1.0
14,37,27,5,0.18518518518518517,0.16759776536312848,0.4877499077482433,1.0
14,38,27,3,0.1111111111111111,0.19553072625698323,0.9363400103948734,1.0
15,1,32,5,0.15625,0.1787709497206704,0.7248457336079726,1.0
15,2,32,2,0.0625,0.17318435754189945,0.9889485555383788,1.0
15,3,32,7,0.21875,0.1452513966480447,0.1523965827488973,1.0
15,4,32,7,0.21875,0.1787709497206704,0.33513837353681514,1.0
15,5,32,2,0.0625,0.10614525139664804,0.891899134010692,1.0
15,6,32,7,0.21875,0.17318435754189945,0.30132877374798145,1.0
15,7,32,5,0.15625,0.15083798882681565,0.5542224146401901,1.0
15,8,32,7,0.21875,0.2122905027932961,0.5437314596348125,1.0
15,9,32,3,0.09375,0.13966480446927373,0.8691819931782507,1.0
15,10,32,2,0.0625,0.1787709497206704,0.9910191695568747,1.0
15,11,32,5,0.15625,0.15083798882681565,0.5542224146401901,1.0
15,12,32,5,0.15625,0.17318435754189945,0.6944626211281981,1.0
15,13,32,4,0.125,0.1787709497206704,0.8736609784068682,1.0
15,14,32,2,0.0625,0.15083798882681565,0.9753040232562596,1.0
15,15,32,4,0.125,0.1787709497206704,0.8736609784068682,1.0
15,16,32,4,0.125,0.12849162011173185,0.6225224074755659,1.0
15,17,32,8,0.25,0.1452513966480447,0.06254608875065523,1.0
15,18,32,6,0.1875,0.2122905027932961,0.7246210248051285,1.0
15,19,32,7,0.21875,0.13966480446927373,0.12820606513398594,1.0
15,20,32,3,0.09375,0.1564245810055866,0.9178705371865531,1.0
15,21,32,2,0.0625,0.12849162011173185,0.9471232277933489,1.0
15,22,32,7,0.21875,0.1564245810055866,0.20696831725295514,1.0
15,23,32,4,0.125,0.12290502793296089,0.5826723277331278,1.0
15,24,32,10,0.3125,0.18435754189944134,0.0396701405090083,1.0
15,25,32,6,0.1875,0.1787709497206704,0.5303938137374157,1.0
15,26,32,6,0.1875,0.13966480446927373,0.27148836177615304,1.0
15,27,32,3,0.09375,0.12849162011173185,0.8247959156854604,1.0
15,28,32,3,0.09375,0.12290502793296089,0.798412414614605,1.0
15,29,32,5,0.15625,0.12290502793296089,0.3522987078267439,1.0
15,30,32,9,0.28125,0.1564245810055866,0.03550130641544304,1.0
15,31,32,6,0.1875,0.15083798882681565,0.343933080764255,1.0
15,32,32,2,0.0625,0.13966480446927373,0.9636638518517981,1.0
15,33,32,8,0.25,0.18994413407821228,0.23474364442266263,1.0
15,34,32,2,0.0625,0.1452513966480447,0.970003543667556,1.0
15,35,32,6,0.1875,0.1787709497206704,0.5303938137374157,1.0
15,36,32,6,0.1875,0.13966480446927373,0.27148836177615304,1.0
15,37,32,6,0.1875,0.16759776536312848,0.4565341325800957,1.0
15,38,32,6,0.1875,0.19553072625698323,0.6339959931387732,1.0
16,1,23,5,0.21739130434782608,0.1787709497206704,0.39338444895654484,1.0
16,2,23,2,0.08695652173913043,0.17318435754189945,0.9394777707866061,1.0
16,3,23,3,0.13043478260869565,0.1452513966480447,0.6869203433073388,1.0
16,4,23,2,0.08695652173913043,0.1787709497206704,0.9471232277933489,1.0
16,5,23,3,0.13043478260869565,0.10614525139664804,0.45368368420373406,1.0
16,6,23,2,0.08695652173913043,0.17318435754189945,0.9394777707866061,1.0
16,7,23,2,0.08695652173913043,0.15083798882681565,0.8980601003639568,1.0
16,8,23,9,0.391304347826087,0.2122905027932961,0.02892432598195173,1.0
16,9,23,3,0.13043478260869565,0.13966480446927373,0.6581337750713426,1.0
16,10,23,2,0.08695652173913043,0.1787709497206704,0.9471232277933489,1.0
16,11,23,2,0.08695652173913043,0.15083798882681565,0.8980601003639568,1.0
16,12,23,3,0.13043478260869565,0.17318435754189945,0.8058327742907829,1.0
16,13,23,3,0.13043478260869565,0.1787709497206704,0.8247959156854604,1.0
16,14,23,3,0.13043478260869565,0.15083798882681565,0.7140292629587757,1.0
16,15,23,5,0.21739130434782608,0.1787709497206704,0.39338444895654484,1.0
16,16,23,5,0.21739130434782608,0.12849162011173185,0.15071056004639602,1.0
16,17,23,4,0.17391304347826086,0.1452513966480447,0.4374367519287044,1.0
16,18,23,2,0.08695652173913043,0.2122905027932961,0.977366629989698,1.0
16,19,23,1,0.043478260869565216,0.13966480446927373,0.9755856525627463,1.0
16,20,23,5,0.21739130434782608,0.1564245810055866,0.277432978046165,1.0
16,21,23,4,0.17391304347826086,0.12849162011173185,0.3384546071059741,1.0
16,22,23,6,0.2608695652173913,0.1564245810055866,0.12334017160642012,1.0
16,23,23,3,0.13043478260869565,0.12290502793296089,0.5621149066465149,1.0
16,24,23,9,0.391304347826087,0.18435754189944134,0.010565657320275954,1.0
16,25,23,3,0.13043478260869565,0.1787709497206704,0.8247959156854604,1.0
16,26,23,2,0.08695652173913043,0.13966480446927373,0.8692352754686489,1.0
16,27,23,5,0.21739130434782608,0.12849162011173185,0.15071056004639602,1.0
16,28,23,3,0.13043478260869565,0.12290502793296089,0.5621149066465149,1.0
16,29,23,4,0.17391304347826086,0.12290502793296089,0.305803468486917,1.0
16,30,23,3,0.13043478260869565,0.1564245810055866,0.7394545760213335,1.0
16,31,23,6,0.2608695652173913,0.15083798882681565,0.10633739392356979,1.0
16,32,23,5,0.21739130434782608,0.13966480446927373,0.19782981248583995,1.0
16,33,23,3,0.13043478260869565,0.18994413407821228,0.8583256921624793,1.0
16,34,23,5,0.21739130434782608,0.1452513966480447,0.2233276996261448,1.0
16,35,23,1,0.043478260869565216,0.1787709497206704,0.992323348982774,1.0
16,36,23,3,0.13043478260869565,0.13966480446927373,0.6581337750713426,1.0
16,37,23,5,0.21739130434782608,0.16759776536312848,0.33457283573477853,1.0
16,38,23,2,0.08695652173913043,0.19553072625698323,0.9651229185252035,1.0
17,1,26,3,0.11538461538461539,0.1787709497206704,0.8875875500627083,1.0
17,2,26,5,0.19230769230769232,0.17318435754189945,0.482769937603972,1.0
17,3,26,2,0.07692307692307693,0.1452513966480447,0.9248017403742022,1.0
17,4,26,5,0.19230769230769232,0.1787709497206704,0.5152799454039059,1.0
17,5,26,2,0.07692307692307693,0.10614525139664804,0.8018542541367633,1.0
17,6,26,3,0.11538461538461539,0.17318435754189945,0.8726330350940863,1.0
17,7,26,5,0.19230769230769232,0.15083798882681565,0.3498911399142813,1.0
17,8,26,6,0.23076923076923078,0.2122905027932961,0.4895481594199281,1.0
17,9,26,8,0.3076923076923077,0.13966480446927373,0.013504763836088103,1.0
17,10,26,5,0.19230769230769232,0.1787709497206704,0.5152799454039059,1.0
17,11,26,2,0.07692307692307693,0.15083798882681565,0.9351328510599564,1.0
17,12,26,5,0.19230769230769232,0.17318435754189945,0.482769937603972,1.0
17,13,26,4,0.15384615384615385,0.1787709497206704,0.7280727237307449,1.0
17,14,26,1,0.038461538461538464,0.15083798882681565,0.990062571875289,1.0
17,15,26,5,0.19230769230769232,0.1787709497206704,0.5152799454039059,1.0
17,16,26,0,0.0,0.12849162011173185,0.9999999999999998,1.0
17,17,26,3,0.11538461538461539,0.1452513966480447,0.7716370179981965,1.0
17,18,26,8,0.3076923076923077,0.2122905027932961,0.15205909572696888,1.0
17,19,26,7,0.2692307692307692,0.13966480446927373,0.04640526337196529,1.0
17,20,26,4,0.15384615384615385,0.1564245810055866,0.6121497064632228,1.0
17,21,26,4,0.15384615384615385,0.12849162011173185,0.4374367519287044,1.0
17,22,26,2,0.07692307692307693,0.1564245810055866,0.9441673446151096,1.0
17,23,26,1,0.038461538461538464,0.12290502793296089,0.9751100483918906,1.0
17,24,26,7,0.2692307692307692,0.18435754189944134,0.17346043482174522,1.0
17,25,26,7,0.2692307692307692,0.1787709497206704,0.1523965827488973,1.0
17,26,26,2,0.07692307692307693,0.13966480446927373,0.9130198386529708,1.0
17,27,26,4,0.15384615384615385,0.12849162011173185,0.4374367519287044,1.0
17,28,26,4,0.15384615384615385,0.12290502793296089,0.4002003950065201,1.0
17,29,26,6,0.23076923076923078,0.12290502793296089,0.07471610115033757,1.0
17,30,26,5,0.19230769230769232,0.1564245810055866,0.3831139141795982,1.0
17,31,26,3,0.11538461538461539,0.15083798882681565,0.795662856802276,1.0
17,32,26,3,0.11538461538461539,0.13966480446927373,0.7455355741850073,1.0
17,33,26,4,0.15384615384615385,0.18994413407821228,0.7763478472043895,1.0
17,34,26,4,0.15384615384615385,0.1452513966480447,0.5454245049505575,1.0
17,35,26,7,0.2692307692307692,0.1787709497206704,0.1523965827488973,1.0
17,36,26,6,0.23076923076923078,0.13966480446927373,0.12822361090197568,1.0
17,37,26,1,0.038461538461538464,0.16759776536312848,0.994362786938666,1.0
17,38,26,3,0.11538461538461539,0.19553072625698323,0.9238982619344354,1.0
18,1,38,9,0.23684210526315788,0.1787709497206704,0.20492243280787129,1.0
18,2,38,5,0.13157894736842105,0.17318435754189945,0.8428159111380054,1.0
18,3,38,7,0.18421052631578946,0.1452513966480447,0.2966327240827212,1.0
18,4,38,7,0.18421052631578946,0.1787709497206704,0.5437314596348125,1.0
18,5,38,4,0.10526315789473684,0.10614525139664804,0.6073275474469473,1.0
18,6,38,4,0.10526315789473684,0.17318435754189945,0.9380928347614572,1.0
18,7,38,6,0.15789473684210525,0.15083798882681565,0.5331387619891197,1.0
18,8,38,11,0.2894736842105263,0.2122905027932961,0.1390399463491763,1.0
18,9,38,7,0.18421052631578946,0.13966480446927373,0.2577090549100187,1.0
18,10,38,8,0.21052631578947367,0.1787709497206704,0.35838648645537524,1.0
18,11,38,8,0.21052631578947367,0.15083798882681565,0.18135179166833051,1.0
18,12,38,6,0.15789473684210525,0.17318435754189945,0.6907042313356941,1.0
18,13,38,9,0.23684210526315788,0.1787709497206704,0.20492243280787129,1.0
18,14,38,7,0.18421052631578946,0.15083798882681565,0.33698105042775794,1.0
18,15,38,5,0.13157894736842105,0.1787709497206704,0.8647038530515011,1.0
18,16,38,4,0.10526315789473684,0.12849162011173185,0.7690864078791355,1.0
18,17,38,7,0.18421052631578946,0.1452513966480447,0.2966327240827212,1.0
18,18,38,8,0.21052631578947367,0.2122905027932961,0.5905958132812104,1.0
18,19,38,3,0.07894736842105263,0.13966480446927373,0.93856184882146,1.0
18,20,38,5,0.13157894736842105,0.1564245810055866,0.7607843918463911,1.0
18,21,38,5,0.13157894736842105,0.12849162011173185,0.567241424908191,1.0
18,22,38,5,0.13157894736842105,0.1564245810055866,0.7607843918463911,1.0
18,23,38,3,0.07894736842105263,0.12290502793296089,0.8914470932081059,1.0
18,24,38,5,0.13157894736842105,0.18435754189944134,0.884103078537515,1.0
18,25,38,7,0.18421052631578946,0.1787709497206704,0.5437314596348125,1.0
18,26,38,6,0.15789473684210525,0.13966480446927373,0.4450292128036497,1.0
18,27,38,7,0.18421052631578946,0.12849162011173185,0.18594868222751545,1.0
18,28,38,6,0.15789473684210525,0.12290502793296089,0.31106384813345767,1.0
18,29,38,3,0.07894736842105263,0.12290502793296089,0.8914470932081059,1.0
18,30,38,6,0.15789473684210525,0.1564245810055866,0.5753736759616613,1.0
18,31,38,5,0.13157894736842105,0.15083798882681565,0.727675335438404,1.0
18,32,38,4,0.10526315789473684,0.13966480446927373,0.8288232689269919,1.0
18,33,38,11,0.2894736842105263,0.18994413407821228,0.06666034440380188,1.0
18,34,38,4,0.10526315789473684,0.1452513966480447,0.8537638552666437,1.0
18,35,38,4,0.10526315789473684,0.1787709497206704,0.948576975005737,1.0
18,36,38,4,0.10526315789473684,0.13966480446927373,0.8288232689269919,1.0
18,37,38,5,0.13157894736842105,0.16759776536312848,0.8182817692344067,1.0
18,38,38,8,0.21052631578947367,0.19553072625698323,0.47625420176973887,1.0
19,1,25,7,0.28,0.1787709497206704,0.12820606513398594,1.0
19,2,25,5,0.2,0.17318435754189945,0.4434271177467536,1.0
19,3,25,5,0.2,0.1452513966480447,0.2848473047451382,1.0
19,4,25,2,0.08,0.1787709497206704,0.9636638518517981,1.0
19,5,25,4,0.16,0.10614525139664804,0.262606447435579,1.0
19,6,25,6,0.24,0.17318435754189945,0.24462293115574665,1.0
19,7,25,3,0.12,0.15083798882681565,0.7707129472749629,1.0
19,8,25,4,0.16,0.2122905027932961,0.8288232689269919,1.0
19,9,25,2,0.08,0.13966480446927373,0.9001364336938967,1.0
19,10,25,4,0.16,0.1787709497206704,0.6953353732189232,1.0
19,11,25,5,0.2,0.15083798882681565,0.315790488466381,1.0
19,12,25,2,0.08,0.17318435754189945,0.9577587356847014,1.0
19,13,25,4,0.16,0.1787709497206704,0.6953353732189232,1.0
19,14,25,3,0.12,0.15083798882681565,0.7707129472749629,1.0
19,15,25,6,0.24,0.1787709497206704,0.27148836177615304,1.0
19,16,25,4,0.16,0.12849162011173185,0.4044968977283106,1.0
19,17,25,2,0.08,0.1452513966480447,0.9130198386529708,1.0
19,18,25,5,0.2,0.2122905027932961,0.6527842970129495,1.0
19,19,25,4,0.16,0.13966480446927373,0.4756069318618108,1.0
19,20,25,5,0.2,0.1564245810055866,0.3473355418938723,1.0
19,21,25,0,0.0,0.12849162011173185,1,1.0
19,22,25,6,0.24,0.1564245810055866,0.17068324269992158,1.0
19,23,25,5,0.2,0.12290502793296089,0.17146786651021792,1.0
19,24,25,5,0.2,0.18435754189944134,0.5067058774127143,1.0
19,25,25,10,0.4,0.1787709497206704,0.004167792301144801,1.0
19,26,25,5,0.2,0.13966480446927373,0.2547273636214532,1.0
19,27,25,0,0.0,0.12849162011173185,1,1.0
19,28,25,2,0.08,0.12290502793296089,0.8508786232601875,1.0
19,29,25,2,0.08,0.12290502793296089,0.8508786232601875,1.0
19,30,25,5,0.2,0.1564245810055866,0.3473355418938723,1.0
19,31,25,3,0.12,0.15083798882681565,0.7707129472749629,1.0
19,32,25,4,0.16,0.13966480446927373,0.4756069318618108,1.0
19,33,25,3,0.12,0.18994413407821228,0.8973302088319017,1.0
19,34,25,3,0.12,0.1452513966480447,0.7455355741850073,1.0
19,35,25,2,0.08,0.1787709497206704,0.9636638518517981,1.0
19,36,25,3,0.12,0.13966480446927373,0.7183919118284847,1.0
19,37,25,5,0.2,0.16759776536312848,0.4113619263611073,1.0
19,38,25,5,0.2,0.19553072625698323,0.5677440016888722,1.0
20,1,28,6,0.21428571428571427,0.1787709497206704,0.3812871071764276,1.0
20,2,28,5,0.17857142857142858,0.17318435754189945,0.5589217436473575,1.0
20,3,28,3,0.10714285714285714,0.1452513966480447,0.8176844348429623,1.0
20,4,28,5,0.17857142857142858,0.1787709497206704,0.5918170466975294,1.0
20,5,28,2,0.07142857142857142,0.10614525139664804,0.8370481480702483,1.0
20,6,28,3,0.10714285714285714,0.17318435754189945,0.9055129223559814,1.0
20,7,28,3,0.10714285714285714,0.15083798882681565,0.8391782626473795,1.0
20,8,28,4,0.14285714285714285,0.2122905027932961,0.8948436104395169,1.0
20,9,28,4,0.14285714285714285,0.13966480446927373,0.5769134307272803,1.0
20,10,28,7,0.25,0.1787709497206704,0.20696831725295514,1.0
20,11,28,5,0.17857142857142858,0.15083798882681565,0.41904109728291195,1.0
20,12,28,3,0.10714285714285714,0.17318435754189945,0.9055129223559814,1.0
20,13,28,7,0.25,0.1787709497206704,0.20696831725295514,1.0
20,14,28,4,0.14285714285714285,0.15083798882681565,0.6457338124076245,1.0
20,15,28,5,0.17857142857142858,0.1787709497206704,0.5918170466975294,1.0
20,16,28,4,0.14285714285714285,0.12849162011173185,0.5021516541041263,1.0
20,17,28,6,0.21428571428571427,0.1452513966480447,0.19706637829382329,1.0
20,18,28,4,0.14285714285714285,0.2122905027932961,0.8948436104395169,1.0
20,19,28,2,0.07142857142857142,0.13966480446927373,0.9344378900172521,1.0
20,20,28,3,0.10714285714285714,0.1564245810055866,0.8585736141056283,1.0
20,21,28,6,0.21428571428571427,0.12849162011173185,0.12334017160642012,1.0
20,22,28,4,0.14285714285714285,0.1564245810055866,0.6775503338286366,1.0
20,23,28,5,0.17857142857142858,0.12290502793296089,0.2439345418636118,1.0
20,24,28,3,0.10714285714285714,0.18435754189944134,0.9288102488188781,1.0
20,25,28,3,0.10714285714285714,0.1787709497206704,0.9178705371865531,1.0
20,26,28,5,0.17857142857142858,0.13966480446927373,0.3473355418938723,1.0
20,27,28,6,0.21428571428571427,0.12849162011173185,0.12334017160642012,1.0
20,28,28,3,0.10714285714285714,0.12290502793296089,0.7085020209886544,1.0
20,29,28,2,0.07142857142857142,0.12290502793296089,0.8954078340706019,1.0
20,30,28,5,0.17857142857142858,0.1564245810055866,0.45483468388155085,1.0
20,31,28,6,0.21428571428571427,0.15083798882681565,0.22503430852501818,1.0
20,32,28,5,0.17857142857142858,0.13966480446927373,0.3473355418938723,1.0
20,33,28,3,0.10714285714285714,0.18994413407821228,0.938461655921811,1.0
20,34,28,4,0.14285714285714285,0.1452513966480447,0.6121497064632228,1.0
20,35,28,6,0.21428571428571427,0.1787709497206704,0.3812871071764276,1.0
20,36,28,6,0.21428571428571427,0.13966480446927373,0.17068324269992158,1.0
20,37,28,6,0.21428571428571427,0.16759776536312848,0.31640289552768497,1.0
20,38,28,5,0.17857142857142858,0.19553072625698323,0.6829212391217456,1.0
21,1,24,4,0.16666666666666666,0.1787709497206704,0.6601245340017643,1.0
21,2,24,8,0.3333333333333333,0.17318435754189945,0.032145876398050104,1.0
21,3,24,3,0.125,0.1452513966480447,0.7173061653342238,1.0
21,4,24,5,0.20833333333333334,0.1787709497206704,0.43451177484457437,1.0
21,5,24,4,0.16666666666666666,0.10614525139664804,0.23704961743942032,1.0
21,6,24,5,0.20833333333333334,0.17318435754189945,0.40366628042855224,1.0
21,7,24,5,0.20833333333333334,0.15083798882681565,0.2823718500474388,1.0
21,8,24,4,0.16666666666666666,0.2122905027932961,0.8006570334207452,1.0
21,9,24,3,0.125,0.13966480446927373,0.6892577142324842,1.0
21,10,24,4,0.16666666666666666,0.1787709497206704,0.6601245340017643,1.0
21,11,24,1,0.041666666666666664,0.15083798882681565,0.985408070291778,1.0
21,12,24,7,0.2916666666666667,0.17318435754189945,0.09153857042158646,1.0
21,13,24,2,0.08333333333333333,0.1787709497206704,0.9561053031579144,1.0
21,14,24,2,0.08333333333333333,0.15083798882681565,0.9121090745481515,1.0
21,15,24,6,0.25,0.1787709497206704,0.23710061058203297,1.0
21,16,24,2,0.08333333333333333,0.12849162011173185,0.8523471554368643,1.0
21,17,24,3,0.125,0.1452513966480447,0.7173061653342238,1.0
21,18,24,5,0.20833333333333334,0.2122905027932961,0.6112332801710896,1.0
21,19,24,3,0.125,0.13966480446927373,0.6892577142324842,1.0
21,20,24,5,0.20833333333333334,0.1564245810055866,0.31200508205508204,1.0
21,21,24,2,0.08333333333333333,0.12849162011173185,0.8523471554368643,1.0
21,22,24,2,0.08333333333333333,0.1564245810055866,0.9232003699567267,1.0
21,23,24,3,0.125,0.12290502793296089,0.5942711951335704,1.0
21,24,24,5,0.20833333333333334,0.18435754189944134,0.46520738833534847,1.0
21,25,24,2,0.08333333333333333,0.1787709497206704,0.9561053031579144,1.0
21,26,24,3,0.125,0.13966480446927373,0.6892577142324842,1.0
21,27,24,2,0.08333333333333333,0.12849162011173185,0.8523471554368643,1.0
21,28,24,0,0.0,0.12290502793296089,0.9999999999999999,1.0
21,29,24,3,0.125,0.12290502793296089,0.5942711951335704,1.0
21,30,24,7,0.2916666666666667,0.1564245810055866,0.055183737988840624,1.0
21,31,24,2,0.08333333333333333,0.15083798882681565,0.9121090745481515,1.0
21,32,24,3,0.125,0.13966480446927373,0.6892577142324842,1.0
21,33,24,6,0.25,0.18994413407821228,0.28898092786982166,1.0
21,34,24,3,0.125,0.1452513966480447,0.7173061653342238,1.0
21,35,24,8,0.3333333333333333,0.1787709497206704,0.03896801017102389,1.0
21,36,24,4,0.16666666666666666,0.13966480446927373,0.4402662009433535,1.0
21,37,24,5,0.20833333333333334,0.16759776536312848,0.37284392591831844,1.0
21,38,24,3,0.125,0.19553072625698323,0.8925117733946681,1.0
22,1,28,4,0.14285714285714285,0.1787709497206704,0.7860559789937842,1.0
22,2,28,5,0.17857142857142858,0.17318435754189945,0.5589217436473575,1.0
22,3,28,3,0.10714285714285714,0.1452513966480447,0.8176844348429623,1.0
22,4,28,7,0.25,0.1787709497206704,0.20696831725295514,1.0
22,5,28,4,0.14285714285714285,0.10614525139664804,0.342647365080995,1.0
22,6,28,3,0.10714285714285714,0.17318435754189945,0.9055129223559814,1.0
22,7,28,3,0.10714285714285714,0.15083798882681565,0.8391782626473795,1.0
22,8,28,5,0.17857142857142858,0.2122905027932961,0.7607843918463911,1.0
22,9,28,7,0.25,0.13966480446927373,0.06808215983474813,1.0
22,10,28,8,0.2857142857142857,0.1787709497206704,0.09391803625950136,1.0
22,11,28,2,0.07142857142857142,0.15083798882681565,0.952566471172528,1.0
22,12,28,8,0.2857142857142857,0.17318435754189945,0.07931385379848678,1.0
22,13,28,5,0.17857142857142858,0.1787709497206704,0.5918170466975294,1.0
22,14,28,2,0.07142857142857142,0.15083798882681565,0.952566471172528,1.0
22,15,28,5,0.17857142857142858,0.1787709497206704,0.5918170466975294,1.0
22,16,28,6,0.21428571428571427,0.12849162011173185,0.12334017160642012,1.0
22,17,28,5,0.17857142857142858,0.1452513966480447,0.3831139141795982,1.0
22,18,28,5,0.17857142857142858,0.2122905027932961,0.7607843918463911,1.0
22,19,28,3,0.10714285714285714,0.13966480446927373,0.7939688892606844,1.0
22,20,28,2,0.07142857142857142,0.1564245810055866,0.9597966909469047,1.0
22,21,28,5,0.17857142857142858,0.12849162011173185,0.277432978046165,1.0
22,22,28,6,0.21428571428571427,0.1564245810055866,0.2543905989291732,1.0
22,23,28,2,0.07142857142857142,0.12290502793296089,0.8954078340706019,1.0
22,24,28,4,0.14285714285714285,0.18435754189944134,0.8084734208633028,1.0
22,25,28,6,0.21428571428571427,0.1787709497206704,0.3812871071764276,1.0
22,26,28,5,0.17857142857142858,0.13966480446927373,0.3473355418938723,1.0
22,27,28,2,0.07142857142857142,0.12849162011173185,0.9102605253133892,1.0
22,28,28,7,0.25,0.12290502793296089,0.03443654414309132,1.0
22,29,28,3,0.10714285714285714,0.12290502793296089,0.7085020209886544,1.0
22,30,28,2,0.07142857142857142,0.1564245810055866,0.9597966909469047,1.0
22,31,28,3,0.10714285714285714,0.15083798882681565,0.8391782626473795,1.0
22,32,28,4,0.14285714285714285,0.13966480446927373,0.5769134307272803,1.0
22,33,28,5,0.17857142857142858,0.18994413407821228,0.6539312616737797,1.0
22,34,28,3,0.10714285714285714,0.1452513966480447,0.8176844348429623,1.0
22,35,28,8,0.2857142857142857,0.1787709497206704,0.09391803625950136,1.0
22,36,28,2,0.07142857142857142,0.13966480446927373,0.9344378900172521,1.0
22,37,28,4,0.14285714285714285,0.16759776536312848,0.7356013551910241,1.0
22,38,28,5,0.17857142857142858,0.19553072625698323,0.6829212391217456,1.0
23,1,22,2,0.09090909090909091,0.1787709497206704,0.9364860702187504,1.0
23,2,22,4,0.18181818181818182,0.17318435754189945,0.5538756252448296,1.0
23,3,22,2,0.09090909090909091,0.1452513966480447,0.8672535914234172,1.0
23,4,22,1,0.045454545454545456,0.1787709497206704,0.9903581263223648,1.0
23,5,22,1,0.045454545454545456,0.10614525139664804,0.9283737498746064,1.0
23,6,22,8,0.36363636363636365,0.17318435754189945,0.01825554518436211,1.0
23,7,22,2,0.09090909090909091,0.15083798882681565,0.8820574188504625,1.0
23,8,22,5,0.22727272727272727,0.2122905027932961,0.5211502764461091,1.0
23,9,22,4,0.18181818181818182,0.13966480446927373,0.3685547959470114,1.0
23,10,22,3,0.13636363636363635,0.1787709497206704,0.798412414614605,1.0
23,11,22,4,0.18181818181818182,0.15083798882681565,0.4317650590300711,1.0
23,12,22,2,0.09090909090909091,0.17318435754189945,0.9278564667434911,1.0
23,13,22,4,0.18181818181818182,0.1787709497206704,0.5826723277331278,1.0
23,14,22,4,0.18181818181818182,0.15083798882681565,0.4317650590300711,1.0
23,15,22,1,0.045454545454545456,0.1787709497206704,0.9903581263223648,1.0
23,16,22,5,0.22727272727272727,0.12849162011173185,0.12935718859444026,1.0
23,17,22,4,0.18181818181818182,0.1452513966480447,0.4002003950065201,1.0
23,18,22,5,0.22727272727272727,0.2122905027932961,0.5211502764461091,1.0
23,19,22,6,0.2727272727272727,0.13966480446927373,0.06271040763852759,1.0
23,20,22,4,0.18181818181818182,0.1564245810055866,0.4630701452244808,1.0
23,21,22,2,0.09090909090909091,0.12849162011173185,0.8129339568455498,1.0
23,22,22,5,0.22727272727272727,0.1564245810055866,0.2439345418636118,1.0
23,23,22,2,0.09090909090909091,0.12290502793296089,0.7911236046543291,1.0
23,24,22,4,0.18181818181818182,0.18435754189944134,0.610557100867468,1.0
23,25,22,4,0.18181818181818182,0.1787709497206704,0.5826723277331278,1.0
23,26,22,2,0.09090909090909091,0.13966480446927373,0.8508786232601875,1.0
23,27,22,3,0.13636363636363635,0.12849162011173185,0.5621149066465149,1.0
23,28,22,4,0.18181818181818182,0.12290502793296089,0.2751171589403993,1.0
23,29,22,1,0.045454545454545456,0.12290502793296089,0.9541819519886914,1.0
23,30,22,3,0.13636363636363635,0.1564245810055866,0.7085020209886544,1.0
23,31,22,3,0.13636363636363635,0.15083798882681565,0.6822057485853499,1.0
23,32,22,1,0.045454545454545456,0.13966480446927373,0.9709617231238725,1.0
23,33,22,5,0.22727272727272727,0.18994413407821228,0.4088699746355252,1.0
23,34,22,5,0.22727272727272727,0.1452513966480447,0.19450400111971328,1.0
23,35,22,7,0.3181818181818182,0.1787709497206704,0.06935715562698354,1.0
23,36,22,3,0.13636363636363635,0.13966480446927373,0.6250507041135559,1.0
23,37,22,4,0.18181818181818182,0.16759776536312848,0.5242643262097162,1.0
23,38,22,3,0.13636363636363635,0.19553072625698323,0.850653496182621,1.0
24,1,34,5,0.14705882352941177,0.1787709497206704,0.779481953452037,1.0
24,2,34,7,0.20588235294117646,0.17318435754189945,0.3674869883950629,1.0
24,3,34,4,0.11764705882352941,0.1452513966480447,0.7763478472043895,1.0
24,4,34,8,0.23529411764705882,0.1787709497206704,0.23474364442266263,1.0
24,5,34,8,0.23529411764705882,0.10614525139664804,0.012134486686941606,1.0
24,6,34,9,0.2647058823529412,0.17318435754189945,0.09732433927524198,1.0
24,7,34,5,0.14705882352941177,0.15083798882681565,0.6170148676753457,1.0
24,8,34,9,0.2647058823529412,0.2122905027932961,0.2693713289189366,1.0
24,9,34,5,0.14705882352941177,0.13966480446927373,0.5375798123663521,1.0
24,10,34,6,0.17647058823529413,0.1787709497206704,0.600706832728111,1.0
24,11,34,4,0.11764705882352941,0.15083798882681565,0.8040579306007452,1.0
24,12,34,10,0.29411764705882354,0.17318435754189945,0.039091515471209905,1.0
24,13,34,4,0.11764705882352941,0.1787709497206704,0.9050501930081278,1.0
24,14,34,4,0.11764705882352941,0.15083798882681565,0.8040579306007452,1.0
24,15,34,8,0.23529411764705882,0.1787709497206704,0.23474364442266263,1.0
24,16,34,2,0.058823529411764705,0.12849162011173185,0.9598605080070326,1.0
24,17,34,3,0.08823529411764706,0.1452513966480447,0.913110516870273,1.0
24,18,34,5,0.14705882352941177,0.2122905027932961,0.9011885088250312,1.0
24,19,34,3,0.08823529411764706,0.13966480446927373,0.8973302088319017,1.0
24,20,34,4,0.11764705882352941,0.1564245810055866,0.8290790420885725,1.0
24,21,34,5,0.14705882352941177,0.12849162011173185,0.45254744146282494,1.0
24,22,34,5,0.14705882352941177,0.1564245810055866,0.6539312616737797,1.0
24,23,34,5,0.14705882352941177,0.12290502793296089,0.4088699746355252,1.0
24,24,34,3,0.08823529411764706,0.18435754189944134,0.9755766091122112,1.0
24,25,34,8,0.23529411764705882,0.1787709497206704,0.23474364442266263,1.0
24,26,34,4,0.11764705882352941,0.13966480446927373,0.7458563576885124,1.0
24,27,34,3,0.08823529411764706,0.12849162011173185,0.8583256921624793,1.0
24,28,34,4,0.11764705882352941,0.12290502793296089,0.6374487176983938,1.0
24,29,34,7,0.20588235294117646,0.12290502793296089,0.09316219760719542,1.0
24,30,34,5,0.14705882352941177,0.1564245810055866,0.6539312616737797,1.0
24,31,34,5,0.14705882352941177,0.15083798882681565,0.6170148676753457,1.0
24,32,34,2,0.058823529411764705,0.13966480446927373,0.973272941266563,1.0
24,33,34,10,0.29411764705882354,0.18994413407821228,0.07353674304829652,1.0
24,34,34,3,0.08823529411764706,0.1452513966480447,0.913110516870273,1.0
24,35,34,4,0.11764705882352941,0.1787709497206704,0.9050501930081278,1.0
24,36,34,7,0.20588235294117646,0.13966480446927373,0.1665698596324774,1.0
24,37,34,5,0.14705882352941177,0.16759776536312848,0.7212900822317125,1.0
24,38,34,6,0.17647058823529413,0.19553072625698323,0.701351545890738,1.0
25,1,32,7,0.21875,0.1787709497206704,0.33513837353681514,1.0
25,2,32,4,0.125,0.17318435754189945,0.8550590728070062,1.0
25,3,32,8,0.25,0.1452513966480447,0.06254608875065523,1.0
25,4,32,6,0.1875,0.1787709497206704,0.5303938137374157,1.0
25,5,32,6,0.1875,0.10614525139664804,0.0960138597238538,1.0
25,6,32,6,0.1875,0.17318435754189945,0.4937834186998029,1.0
25,7,32,3,0.09375,0.15083798882681565,0.9037475488087566,1.0
25,8,32,6,0.1875,0.2122905027932961,0.7246210248051285,1.0
25,9,32,4,0.125,0.13966480446927373,0.6953353732189232,1.0
25,10,32,6,0.1875,0.1787709497206704,0.5303938137374157,1.0
25,11,32,4,0.125,0.15083798882681565,0.7583075600943195,1.0
25,12,32,2,0.0625,0.17318435754189945,0.9889485555383788,1.0
25,13,32,3,0.09375,0.1787709497206704,0.9578893452609399,1.0
25,14,32,10,0.3125,0.15083798882681565,0.00821617593157076,1.0
25,15,32,7,0.21875,0.1787709497206704,0.33513837353681514,1.0
25,16,32,2,0.0625,0.12849162011173185,0.9471232277933489,1.0
25,17,32,0,0.0,0.1452513966480447,1,1.0
25,18,32,9,0.28125,0.2122905027932961,0.20492243280787129,1.0
25,19,32,5,0.15625,0.13966480446927373,0.47526762811167955,1.0
25,20,32,3,0.09375,0.1564245810055866,0.9178705371865531,1.0
25,21,32,6,0.1875,0.12849162011173185,0.20439003975946074,1.0
25,22,32,5,0.15625,0.1564245810055866,0.5918170466975294,1.0
25,23,32,7,0.21875,0.12290502793296089,0.06935715562698354,1.0
25,24,32,6,0.1875,0.18435754189944134,0.5661094724891506,1.0
25,25,32,5,0.15625,0.1787709497206704,0.7248457336079726,1.0
25,26,32,1,0.03125,0.13966480446927373,0.9951578047429805,1.0
25,27,32,4,0.125,0.12849162011173185,0.6225224074755659,1.0
25,28,32,3,0.09375,0.12290502793296089,0.798412414614605,1.0
25,29,32,4,0.125,0.12290502793296089,0.5826723277331278,1.0
25,30,32,6,0.1875,0.1564245810055866,0.3812871071764276,1.0
25,31,32,4,0.125,0.15083798882681565,0.7583075600943195,1.0
25,32,32,3,0.09375,0.13966480446927373,0.8691819931782507,1.0
25,33,32,12,0.375,0.18994413407821228,0.005266215680942797,1.0
25,34,32,3,0.09375,0.1452513966480447,0.8875875500627083,1.0
25,35,32,6,0.1875,0.1787709497206704,0.5303938137374157,1.0
25,36,32,4,0.125,0.13966480446927373,0.6953353732189232,1.0
25,37,32,6,0.1875,0.16759776536312848,0.4565341325800957,1.0
25,38,32,6,0.1875,0.19553072625698323,0.6339959931387732,1.0
26,1,25,2,0.08,0.1787709497206704,0.9636638518517981,1.0
26,2,25,3,0.12,0.17318435754189945,0.8528838725570637,1.0
26,3,25,4,0.16,0.1452513966480447,0.5102905004284783,1.0
26,4,25,6,0.24,0.1787709497206704,0.27148836177615304,1.0
26,5,25,2,0.08,0.10614525139664804,0.7820498712796293,1.0
26,6,25,7,0.28,0.17318435754189945,0.11105939494473438,1.0
26,7,25,7,0.28,0.15083798882681565,0.056565711758045,1.0
26,8,25,6,0.24,0.2122905027932961,0.4450292128036497,1.0
26,9,25,1,0.04,0.13966480446927373,0.9828049488479557,1.0
26,10,25,3,0.12,0.1787709497206704,0.8691819931782507,1.0
26,11,25,3,0.12,0.15083798882681565,0.7707129472749629,1.0
26,12,25,4,0.16,0.17318435754189945,0.6678269050805178,1.0
26,13,25,3,0.12,0.1787709497206704,0.8691819931782507,1.0
26,14,25,6,0.24,0.15083798882681565,0.14869729637167012,1.0
26,15,25,5,0.2,0.1787709497206704,0.47526762811167955,1.0
26,16,25,3,0.12,0.12849162011173185,0.6581337750713426,1.0
26,17,25,4,0.16,0.1452513966480447,0.5102905004284783,1.0
26,18,25,1,0.04,0.2122905027932961,0.9984513313435113,1.0
26,19,25,5,0.2,0.13966480446927373,0.2547273636214532,1.0
26,20,25,3,0.12,0.1564245810055866,0.7939688892606844,1.0
26,21,25,5,0.2,0.12849162011173185,0.19782981248583995,1.0
26,22,25,4,0.16,0.1564245810055866,0.5769134307272803,1.0
26,23,25,4,0.16,0.12290502793296089,0.3685547959470114,1.0
26,24,25,5,0.2,0.18435754189944134,0.5067058774127143,1.0
26,25,25,2,0.08,0.1787709497206704,0.9636638518517981,1.0
26,26,25,2,0.08,0.13966480446927373,0.9001364336938967,1.0
26,27,25,5,0.2,0.12849162011173185,0.19782981248583995,1.0
26,28,25,2,0.08,0.12290502793296089,0.8508786232601875,1.0
26,29,25,3,0.12,0.12290502793296089,0.6250507041135559,1.0
26,30,25,2,0.08,0.1564245810055866,0.9344378900172521,1.0
26,31,25,3,0.12,0.15083798882681565,0.7707129472749629,1.0
26,32,25,4,0.16,0.13966480446927373,0.4756069318618108,1.0
26,33,25,4,0.16,0.18994413407821228,0.7458563576885124,1.0
26,34,25,4,0.16,0.1452513966480447,0.5102905004284783,1.0
26,35,25,4,0.16,0.1787709497206704,0.6953353732189232,1.0
26,36,25,7,0.28,0.13966480446927373,0.03754743657384451,1.0
26,37,25,5,0.2,0.16759776536312848,0.4113619263611073,1.0
26,38,25,7,0.28,0.19553072625698323,0.18767521622512287,1.0
27,1,23,3,0.13043478260869565,0.1787709497206704,0.8247959156854604,1.0
27,2,23,2,0.08695652173913043,0.17318435754189945,0.9394777707866061,1.0
27,3,23,4,0.17391304347826086,0.1452513966480447,0.4374367519287044,1.0
27,4,23,3,0.13043478260869565,0.1787709497206704,0.8247959156854604,1.0
27,5,23,3,0.13043478260869565,0.10614525139664804,0.45368368420373406,1.0
27,6,23,5,0.21739130434782608,0.17318435754189945,0.36385407251950036,1.0
27,7,23,5,0.21739130434782608,0.15083798882681565,0.24991640546763913,1.0
27,8,23,7,0.30434782608695654,0.2122905027932961,0.18594868222751545,1.0
27,9,23,2,0.08695652173913043,0.13966480446927373,0.8692352754686489,1.0
27,10,23,7,0.30434782608695654,0.1787709497206704,0.08663198479820057,1.0
27,11,23,2,0.08695652173913043,0.15083798882681565,0.8980601003639568,1.0
27,12,23,4,0.17391304347826086,0.17318435754189945,0.5938801626606883,1.0
27,13,23,6,0.2608695652173913,0.1787709497206704,0.20439003975946074,1.0
27,14,23,4,0.17391304347826086,0.15083798882681565,0.47004898609584617,1.0
27,15,23,2,0.08695652173913043,0.1787709497206704,0.9471232277933489,1.0
27,16,23,2,0.08695652173913043,0.12849162011173185,0.8336263382996406,1.0
27,17,23,1,0.043478260869565216,0.1452513966480447,0.9792319512059724,1.0
27,18,23,5,0.21739130434782608,0.2122905027932961,0.567241424908191,1.0
27,19,23,2,0.08695652173913043,0.13966480446927373,0.8692352754686489,1.0
27,20,23,6,0.2608695652173913,0.1564245810055866,0.12334017160642012,1.0
27,21,23,4,0.17391304347826086,0.12849162011173185,0.3384546071059741,1.0
27,22,23,6,0.2608695652173913,0.1564245810055866,0.12334017160642012,1.0
27,23,23,4,0.17391304347826086,0.12290502793296089,0.305803468486917,1.0
27,24,23,3,0.13043478260869565,0.18435754189944134,0.8422712459865874,1.0
27,25,23,3,0.13043478260869565,0.1787709497206704,0.8247959156854604,1.0
27,26,23,5,0.21739130434782608,0.13966480446927373,0.19782981248583995,1.0
27,27,23,2,0.08695652173913043,0.12849162011173185,0.8336263382996406,1.0
27,28,23,5,0.21739130434782608,0.12290502793296089,0.12935718859444026,1.0
27,29,23,3,0.13043478260869565,0.12290502793296089,0.5621149066465149,1.0
27,30,23,3,0.13043478260869565,0.1564245810055866,0.7394545760213335,1.0
27,31,23,2,0.08695652173913043,0.15083798882681565,0.8980601003639568,1.0
27,32,23,2,0.08695652173913043,0.13966480446927373,0.8692352754686489,1.0
27,33,23,6,0.2608695652173913,0.18994413407821228,0.25163109405724615,1.0
27,34,23,2,0.08695652173913043,0.1452513966480447,0.8844281864820911,1.0
27,35,23,1,0.043478260869565216,0.1787709497206704,0.992323348982774,1.0
27,36,23,3,0.13043478260869565,0.13966480446927373,0.6581337750713426,1.0
27,37,23,6,0.2608695652173913,0.16759776536312848,0.16138884901109488,1.0
27,38,23,3,0.13043478260869565,0.19553072625698323,0.8730307344572075,1.0
28,1,22,5,0.22727272727272727,0.1787709497206704,0.3522987078267439,1.0
28,2,22,4,0.18181818181818182,0.17318435754189945,0.5538756252448296,1.0
28,3,22,5,0.22727272727272727,0.1452513966480447,0.19450400111971328,1.0
28,4,22,5,0.22727272727272727,0.1787709497206704,0.3522987078267439,1.0
28,5,22,2,0.09090909090909091,0.10614525139664804,0.7129797027349332,1.0
28,6,22,4,0.18181818181818182,0.17318435754189945,0.5538756252448296,1.0
28,7,22,1,0.045454545454545456,0.15083798882681565,0.9786889956819456,1.0
28,8,22,3,0.13636363636363635,0.2122905027932961,0.8914470932081059,1.0
28,9,22,0,0.0,0.13966480446927373,1,1.0
28,10,22,4,0.18181818181818182,0.1787709497206704,0.5826723277331278,1.0
28,11,22,1,0.045454545454545456,0.15083798882681565,0.9786889956819456,1.0
28,12,22,7,0.3181818181818182,0.17318435754189945,0.05908386706682794,1.0
28,13,22,3,0.13636363636363635,0.1787709497206704,0.798412414614605,1.0
28,14,22,2,0.09090909090909091,0.15083798882681565,0.8820574188504625,1.0
28,15,22,2,0.09090909090909091,0.1787709497206704,0.9364860702187504,1.0
28,16,22,2,0.09090909090909091,0.12849162011173185,0.8129339568455498,1.0
28,17,22,3,0.13636363636363635,0.1452513966480447,0.65437900530143,1.0
28,18,22,3,0.13636363636363635,0.2122905027932961,0.8914470932081059,1.0
28,19,22,1,0.045454545454545456,0.13966480446927373,0.9709617231238725,1.0
28,20,22,3,0.13636363636363635,0.1564245810055866,0.7085020209886544,1.0
28,21,22,4,0.18181818181818182,0.12849162011173185,0.305803468486917,1.0
28,22,22,6,0.2727272727272727,0.1564245810055866,0.10264113790555884,1.0
28,23,22,5,0.22727272727272727,0.12290502793296089,0.11048179675107864,1.0
28,24,22,3,0.13636363636363635,0.18435754189944134,0.8171979459893184,1.0
28,25,22,4,0.18181818181818182,0.1787709497206704,0.5826723277331278,1.0
28,26,22,2,0.09090909090909091,0.13966480446927373,0.8508786232601875,1.0
28,27,22,5,0.22727272727272727,0.12849162011173185,0.12935718859444026,1.0
28,28,22,4,0.18181818181818182,0.12290502793296089,0.2751171589403993,1.0
28,29,22,3,0.13636363636363635,0.12290502793296089,0.5286829799300454,1.0
28,30,22,3,0.13636363636363635,0.1564245810055866,0.7085020209886544,1.0
28,31,22,2,0.09090909090909091,0.15083798882681565,0.8820574188504625,1.0
28,32,22,4,0.18181818181818182,0.13966480446927373,0.3685547959470114,1.0
28,33,22,4,0.18181818181818182,0.18994413407821228,0.6374487176983938,1.0
28,34,22,4,0.18181818181818182,0.1452513966480447,0.4002003950065201,1.0
28,35,22,4,0.18181818181818182,0.1787709497206704,0.5826723277331278,1.0
28,36,22,4,0.18181818181818182,0.13966480446927373,0.3685547959470114,1.0
28,37,22,6,0.2727272727272727,0.16759776536312848,0.13571928576153702,1.0
28,38,22,5,0.22727272727272727,0.19553072625698323,0.43724526687781234,1.0
29,1,22,7,0.3181818181818182,0.1787709497206704,0.06935715562698354,1.0
29,2,22,4,0.18181818181818182,0.17318435754189945,0.5538756252448296,1.0
29,3,22,4,0.18181818181818182,0.1452513966480447,0.4002003950065201,1.0
29,4,22,5,0.22727272727272727,0.1787709497206704,0.3522987078267439,1.0
29,5,22,3,0.13636363636363635,0.10614525139664804,0.42219773909637415,1.0
29,6,22,8,0.36363636363636365,0.17318435754189945,0.01825554518436211,1.0
29,7,22,2,0.09090909090909091,0.15083798882681565,0.8820574188504625,1.0
29,8,22,5,0.22727272727272727,0.2122905027932961,0.5211502764461091,1.0
29,9,22,2,0.09090909090909091,0.13966480446927373,0.8508786232601875,1.0
29,10,22,3,0.13636363636363635,0.1787709497206704,0.798412414614605,1.0
29,11,22,2,0.09090909090909091,0.15083798882681565,0.8820574188504625,1.0
29,12,22,3,0.13636363636363635,0.17318435754189945,0.7781867814694662,1.0
29,13,22,4,0.18181818181818182,0.1787709497206704,0.5826723277331278,1.0
29,14,22,0,0.0,0.15083798882681565,0.9999999999999999,1.0
29,15,22,7,0.3181818181818182,0.1787709497206704,0.06935715562698354,1.0
29,16,22,4,0.18181818181818182,0.12849162011173185,0.305803468486917,1.0
29,17,22,3,0.13636363636363635,0.1452513966480447,0.65437900530143,1.0
29,18,22,5,0.22727272727272727,0.2122905027932961,0.5211502764461091,1.0
29,19,22,5,0.22727272727272727,0.13966480446927373,0.17146786651021792,1.0
29,20,22,0,0.0,0.1564245810055866,1,1.0
29,21,22,2,0.09090909090909091,0.12849162011173185,0.8129339568455498,1.0
29,22,22,3,0.13636363636363635,0.1564245810055866,0.7085020209886544,1.0
29,23,22,3,0.13636363636363635,0.12290502793296089,0.5286829799300454,1.0
29,24,22,1,0.045454545454545456,0.18435754189944134,0.9918011278251397,1.0
29,25,22,6,0.2727272727272727,0.1787709497206704,0.1736705471608711,1.0
29,26,22,3,0.13636363636363635,0.13966480446927373,0.6250507041135559,1.0
29,27,22,2,0.09090909090909091,0.12849162011173185,0.8129339568455498,1.0
29,28,22,4,0.18181818181818182,0.12290502793296089,0.2751171589403993,1.0
29,29,22,3,0.13636363636363635,0.12290502793296089,0.5286829799300454,1.0
29,30,22,3,0.13636363636363635,0.1564245810055866,0.7085020209886544,1.0
29,31,22,2,0.09090909090909091,0.15083798882681565,0.8820574188504625,1.0
29,32,22,0,0.0,0.13966480446927373,1,1.0
29,33,22,6,0.2727272727272727,0.18994413407821228,0.2160066601762298,1.0
29,34,22,4,0.18181818181818182,0.1452513966480447,0.4002003950065201,1.0
29,35,22,2,0.09090909090909091,0.1787709497206704,0.9364860702187504,1.0
29,36,22,4,0.18181818181818182,0.13966480446927373,0.3685547959470114,1.0
29,37,22,5,0.22727272727272727,0.16759776536312848,0.29692414296876035,1.0
29,38,22,3,0.13636363636363635,0.19553072625698323,0.850653496182621,1.0
30,1,28,8,0.2857142857142857,0.1787709497206704,0.09391803625950136,1.0
30,2,28,4,0.14285714285714285,0.17318435754189945,0.7617761124567527,1.0
30,3,28,1,0.03571428571428571,0.1452513966480447,0.9917623951071474,1.0
30,4,28,4,0.14285714285714285,0.1787709497206704,0.7860559789937842,1.0
30,5,28,4,0.14285714285714285,0.10614525139664804,0.342647365080995,1.0
30,6,28,6,0.21428571428571427,0.17318435754189945,0.34860233406577645,1.0
30,7,28,2,0.07142857142857142,0.15083798882681565,0.952566471172528,1.0
30,8,28,9,0.32142857142857145,0.2122905027932961,0.10200134723506979,1.0
30,9,28,3,0.10714285714285714,0.13966480446927373,0.7939688892606844,1.0
30,10,28,5,0.17857142857142858,0.1787709497206704,0.5918170466975294,1.0
30,11,28,5,0.17857142857142858,0.15083798882681565,0.41904109728291195,1.0
30,12,28,5,0.17857142857142858,0.17318435754189945,0.5589217436473575,1.0
30,13,28,7,0.25,0.1787709497206704,0.20696831725295514,1.0
30,14,28,7,0.25,0.15083798882681565,0.09917862248464104,1.0
30,15,28,7,0.25,0.1787709497206704,0.20696831725295514,1.0
30,16,28,3,0.10714285714285714,0.12849162011173185,0.7394545760213335,1.0
30,17,28,5,0.17857142857142858,0.1452513966480447,0.3831139141795982,1.0
30,18,28,7,0.25,0.2122905027932961,0.37827741075646565,1.0
30,19,28,4,0.14285714285714285,0.13966480446927373,0.5769134307272803,1.0
30,20,28,4,0.14285714285714285,0.1564245810055866,0.6775503338286366,1.0
30,21,28,3,0.10714285714285714,0.12849162011173185,0.7394545760213335,1.0
30,22,28,4,0.14285714285714285,0.1564245810055866,0.6775503338286366,1.0
30,23,28,3,0.10714285714285714,0.12290502793296089,0.7085020209886544,1.0
30,24,28,4,0.14285714285714285,0.18435754189944134,0.8084734208633028,1.0
30,25,28,5,0.17857142857142858,0.1787709497206704,0.5918170466975294,1.0
30,26,28,3,0.10714285714285714,0.13966480446927373,0.7939688892606844,1.0
30,27,28,5,0.17857142857142858,0.12849162011173185,0.277432978046165,1.0
30,28,28,2,0.07142857142857142,0.12290502793296089,0.8954078340706019,1.0
30,29,28,3,0.10714285714285714,0.12290502793296089,0.7085020209886544,1.0
30,30,28,4,0.14285714285714285,0.1564245810055866,0.6775503338286366,1.0
30,31,28,5,0.17857142857142858,0.15083798882681565,0.41904109728291195,1.0
30,32,28,5,0.17857142857142858,0.13966480446927373,0.3473355418938723,1.0
30,33,28,1,0.03571428571428571,0.18994413407821228,0.9984329899436282,1.0
30,34,28,7,0.25,0.1452513966480447,0.08273945738691577,1.0
30,35,28,2,0.07142857142857142,0.1787709497206704,0.97972198372316,1.0
30,36,28,2,0.07142857142857142,0.13966480446927373,0.9344378900172521,1.0
30,37,28,3,0.10714285714285714,0.16759776536312848,0.8916029084947654,1.0
30,38,28,7,0.25,0.19553072625698323,0.28870507038260523,1.0
31,1,26,1,0.038461538461538464,0.1787709497206704,0.996163975185998,1.0
31,2,26,6,0.23076923076923078,0.17318435754189945,0.2781872743464362,1.0
31,3,26,6,0.23076923076923078,0.1452513966480447,0.14958138733513415,1.0
31,4,26,5,0.19230769230769232,0.1787709497206704,0.5152799454039059,1.0
31,5,26,1,0.038461538461538464,0.10614525139664804,0.9574726936541542,1.0
31,6,26,4,0.15384615384615385,0.17318435754189945,0.7014736264398896,1.0
31,7,26,4,0.15384615384615385,0.15083798882681565,0.5794303075655622,1.0
31,8,26,6,0.23076923076923078,0.2122905027932961,0.4895481594199281,1.0
31,9,26,3,0.11538461538461539,0.13966480446927373,0.7455355741850073,1.0
31,10,26,5,0.19230769230769232,0.1787709497206704,0.5152799454039059,1.0
31,11,26,4,0.15384615384615385,0.15083798882681565,0.5794303075655622,1.0
31,12,26,3,0.11538461538461539,0.17318435754189945,0.8726330350940863,1.0
31,13,26,8,0.3076923076923077,0.1787709497206704,0.06254608875065523,1.0
31,14,26,3,0.11538461538461539,0.15083798882681565,0.795662856802276,1.0
31,15,26,3,0.11538461538461539,0.1787709497206704,0.8875875500627083,1.0
31,16,26,2,0.07692307692307693,0.12849162011173185,0.8844281864820911,1.0
31,17,26,5,0.19230769230769232,0.1452513966480447,0.317053475557044,1.0
31,18,26,4,0.15384615384615385,0.2122905027932961,0.8537638552666437,1.0
31,19,26,4,0.15384615384615385,0.13966480446927373,0.5102905004284783,1.0
31,20,26,7,0.2692307692307692,0.1564245810055866,0.08273945738691577,1.0
31,21,26,1,0.038461538461538464,0.12849162011173185,0.9792319512059724,1.0
31,22,26,4,0.15384615384615385,0.1564245810055866,0.6121497064632228,1.0
31,23,26,2,0.07692307692307693,0.12290502793296089,0.8672535914234172,1.0
31,24,26,8,0.3076923076923077,0.18435754189944134,0.07415941790689058,1.0
31,25,26,4,0.15384615384615385,0.1787709497206704,0.7280727237307449,1.0
31,26,26,5,0.19230769230769232,0.13966480446927373,0.2848473047451382,1.0
31,27,26,5,0.19230769230769232,0.12849162011173185,0.2233276996261448,1.0
31,28,26,2,0.07692307692307693,0.12290502793296089,0.8672535914234172,1.0
31,29,26,2,0.07692307692307693,0.12290502793296089,0.8672535914234172,1.0
31,30,26,5,0.19230769230769232,0.1564245810055866,0.3831139141795982,1.0
31,31,26,5,0.19230769230769232,0.15083798882681565,0.3498911399142813,1.0
31,32,26,4,0.15384615384615385,0.13966480446927373,0.5102905004284783,1.0
31,33,26,1,0.038461538461538464,0.18994413407821228,0.9974047581632972,1.0
31,34,26,4,0.15384615384615385,0.1452513966480447,0.5454245049505575,1.0
31,35,26,4,0.15384615384615385,0.1787709497206704,0.7280727237307449,1.0
31,36,26,3,0.11538461538461539,0.13966480446927373,0.7455355741850073,1.0
31,37,26,5,0.19230769230769232,0.16759776536312848,0.4497727338527566,1.0
31,38,26,8,0.3076923076923077,0.19553072625698323,0.10133512107339099,1.0
32,1,25,5,0.2,0.1787709497206704,0.47526762811167955,1.0
32,2,25,2,0.08,0.17318435754189945,0.9577587356847014,1.0
32,3,25,5,0.2,0.1452513966480447,0.2848473047451382,1.0
32,4,25,2,0.08,0.1787709497206704,0.9636638518517981,1.0
32,5,25,2,0.08,0.10614525139664804,0.7820498712796293,1.0
32,6,25,4,0.16,0.17318435754189945,0.6678269050805178,1.0
32,7,25,3,0.12,0.15083798882681565,0.7707129472749629,1.0
32,8,25,8,0.32,0.2122905027932961,0.12543187024181,1.0
32,9,25,2,0.08,0.13966480446927373,0.9001364336938967,1.0
32,10,25,4,0.16,0.1787709497206704,0.6953353732189232,1.0
32,11,25,6,0.24,0.15083798882681565,0.14869729637167012,1.0
32,12,25,6,0.24,0.17318435754189945,0.24462293115574665,1.0
32,13,25,2,0.08,0.1787709497206704,0.9636638518517981,1.0
32,14,25,2,0.08,0.15083798882681565,0.9244043899632118,1.0
32,15,25,3,0.12,0.1787709497206704,0.8691819931782507,1.0
32,16,25,3,0.12,0.12849162011173185,0.6581337750713426,1.0
32,17,25,1,0.04,0.1452513966480447,0.9855963532557551,1.0
32,18,25,4,0.16,0.2122905027932961,0.8288232689269919,1.0
32,19,25,2,0.08,0.13966480446927373,0.9001364336938967,1.0
32,20,25,3,0.12,0.1564245810055866,0.7939688892606844,1.0
32,21,25,2,0.08,0.12849162011173185,0.8692352754686489,1.0
32,22,25,4,0.16,0.1564245810055866,0.5769134307272803,1.0
32,23,25,6,0.24,0.12290502793296089,0.06271040763852759,1.0
32,24,25,4,0.16,0.18435754189944134,0.7213532347094348,1.0
32,25,25,6,0.24,0.1787709497206704,0.27148836177615304,1.0
32,26,25,5,0.2,0.13966480446927373,0.2547273636214532,1.0
32,27,25,2,0.08,0.12849162011173185,0.8692352754686489,1.0
32,28,25,2,0.08,0.12290502793296089,0.8508786232601875,1.0
32,29,25,4,0.16,0.12290502793296089,0.3685547959470114,1.0
32,30,25,3,0.12,0.1564245810055866,0.7939688892606844,1.0
32,31,25,6,0.24,0.15083798882681565,0.14869729637167012,1.0
32,32,25,4,0.16,0.13966480446927373,0.4756069318618108,1.0
32,33,25,5,0.2,0.18994413407821228,0.5375798123663521,1.0
32,34,25,6,0.24,0.1452513966480447,0.12822361090197568,1.0
32,35,25,8,0.32,0.1787709497206704,0.04982128712597873,1.0
32,36,25,6,0.24,0.13966480446927373,0.10934245377966553,1.0
32,37,25,4,0.16,0.16759776536312848,0.6388720938116449,1.0
32,38,25,4,0.16,0.19553072625698323,0.7688385971723374,1.0
33,1,34,5,0.14705882352941177,0.1787709497206704,0.779481953452037,1.0
33,2,34,6,0.17647058823529413,0.17318435754189945,0.5639471374742154,1.0
33,3,34,5,0.14705882352941177,0.1452513966480447,0.5781531653511885,1.0
33,4,34,3,0.08823529411764706,0.1787709497206704,0.9704183088170828,1.0
33,5,34,5,0.14705882352941177,0.10614525139664804,0.2790526270454292,1.0
33,6,34,4,0.11764705882352941,0.17318435754189945,0.8893541630636165,1.0
33,7,34,5,0.14705882352941177,0.15083798882681565,0.6170148676753457,1.0
33,8,34,8,0.23529411764705882,0.2122905027932961,0.43688869132036184,1.0
33,9,34,6,0.17647058823529413,0.13966480446927373,0.3276370546816147,1.0
33,10,34,8,0.23529411764705882,0.1787709497206704,0.23474364442266263,1.0
33,11,34,9,0.2647058823529412,0.15083798882681565,0.04149361534871258,1.0
33,12,34,4,0.11764705882352941,0.17318435754189945,0.8893541630636165,1.0
33,13,34,7,0.20588235294117646,0.1787709497206704,0.40465512470733506,1.0
33,14,34,3,0.08823529411764706,0.15083798882681565,0.926742090153964,1.0
33,15,34,6,0.17647058823529413,0.1787709497206704,0.600706832728111,1.0
33,16,34,2,0.058823529411764705,0.12849162011173185,0.9598605080070326,1.0
33,17,34,6,0.17647058823529413,0.1452513966480447,0.3671717298300393,1.0
33,18,34,6,0.17647058823529413,0.2122905027932961,0.7850075828699186,1.0
33,19,34,3,0.08823529411764706,0.13966480446927373,0.8973302088319017,1.0
33,20,34,5,0.14705882352941177,0.1564245810055866,0.6539312616737797,1.0
33,21,34,5,0.14705882352941177,0.12849162011173185,0.45254744146282494,1.0
33,22,34,7,0.20588235294117646,0.1564245810055866,0.2603564812135097,1.0
33,23,34,2,0.058823529411764705,0.12290502793296089,0.9510313935857668,1.0
33,24,34,11,0.3235294117647059,0.18435754189944134,0.022590074087138486,1.0
33,25,34,5,0.14705882352941177,0.1787709497206704,0.779481953452037,1.0
33,26,34,2,0.058823529411764705,0.13966480446927373,0.973272941266563,1.0
33,27,34,4,0.11764705882352941,0.12849162011173185,0.6763753021690402,1.0
33,28,34,2,0.058823529411764705,0.12290502793296089,0.9510313935857668,1.0
33,29,34,4,0.11764705882352941,0.12290502793296089,0.6374487176983938,1.0
33,30,34,5,0.14705882352941177,0.1564245810055866,0.6539312616737797,1.0
33,31,34,7,0.20588235294117646,0.15083798882681565,0.22720692129803494,1.0
33,32,34,8,0.23529411764705882,0.13966480446927373,0.07018319172905656,1.0
33,33,34,5,0.14705882352941177,0.18994413407821228,0.8284767236412033,1.0
33,34,34,5,0.14705882352941177,0.1452513966480447,0.5781531653511885,1.0
33,35,34,5,0.14705882352941177,0.1787709497206704,0.779481953452037,1.0
33,36,34,3,0.08823529411764706,0.13966480446927373,0.8973302088319017,1.0
33,37,34,9,0.2647058823529412,0.16759776536312848,0.08041803559020039,1.0
33,38,34,9,0.2647058823529412,0.19553072625698323,0.1849534694354036,1.0
34,1,26,5,0.19230769230769232,0.1787709497206704,0.5152799454039059,1.0
34,2,26,5,0.19230769230769232,0.17318435754189945,0.482769937603972,1.0
34,3,26,6,0.23076923076923078,0.1452513966480447,0.14958138733513415,1.0
34,4,26,4,0.15384615384615385,0.1787709497206704,0.7280727237307449,1.0
34,5,26,4,0.15384615384615385,0.10614525139664804,0.28881954785962016,1.0
34,6,26,3,0.11538461538461539,0.17318435754189945,0.8726330350940863,1.0
34,7,26,5,0.19230769230769232,0.15083798882681565,0.3498911399142813,1.0
34,8,26,4,0.15384615384615385,0.2122905027932961,0.8537638552666437,1.0
34,9,26,4,0.15384615384615385,0.13966480446927373,0.5102905004284783,1.0
34,10,26,5,0.19230769230769232,0.1787709497206704,0.5152799454039059,1.0
34,11,26,5,0.19230769230769232,0.15083798882681565,0.3498911399142813,1.0
34,12,26,2,0.07692307692307693,0.17318435754189945,0.9648525440672525,1.0
34,13,26,3,0.11538461538461539,0.1787709497206704,0.8875875500627083,1.0
34,14,26,4,0.15384615384615385,0.15083798882681565,0.5794303075655622,1.0
34,15,26,6,0.23076923076923078,0.1787709497206704,0.3072158954843298,1.0
34,16,26,5,0.19230769230769232,0.12849162011173185,0.2233276996261448,1.0
34,17,26,4,0.15384615384615385,0.1452513966480447,0.5454245049505575,1.0
34,18,26,4,0.15384615384615385,0.2122905027932961,0.8537638552666437,1.0
34,19,26,5,0.19230769230769232,0.13966480446927373,0.2848473047451382,1.0
34,20,26,3,0.11538461538461539,0.1564245810055866,0.8176844348429623,1.0
34,21,26,2,0.07692307692307693,0.12849162011173185,0.8844281864820911,1.0
34,22,26,5,0.19230769230769232,0.1564245810055866,0.3831139141795982,1.0
34,23,26,3,0.11538461538461539,0.12290502793296089,0.65437900530143,1.0
34,24,26,5,0.19230769230769232,0.18435754189944134,0.547126483656902,1.0
34,25,26,4,0.15384615384615385,0.1787709497206704,0.7280727237307449,1.0
34,26,26,2,0.07692307692307693,0.13966480446927373,0.9130198386529708,1.0
34,27,26,2,0.07692307692307693,0.12849162011173185,0.8844281864820911,1.0
34,28,26,5,0.19230769230769232,0.12290502793296089,0.19450400111971328,1.0
34,29,26,3,0.11538461538461539,0.12290502793296089,0.65437900530143,1.0
34,30,26,5,0.19230769230769232,0.1564245810055866,0.3831139141795982,1.0
34,31,26,5,0.19230769230769232,0.15083798882681565,0.3498911399142813,1.0
34,32,26,4,0.15384615384615385,0.13966480446927373,0.5102905004284783,1.0
34,33,26,4,0.15384615384615385,0.18994413407821228,0.7763478472043895,1.0
34,34,26,3,0.11538461538461539,0.1452513966480447,0.7716370179981965,1.0
34,35,26,5,0.19230769230769232,0.1787709497206704,0.5152799454039059,1.0
34,36,26,6,0.23076923076923078,0.13966480446927373,0.12822361090197568,1.0
34,37,26,2,0.07692307692307693,0.16759776536312848,0.9589028983270486,1.0
34,38,26,5,0.19230769230769232,0.19553072625698323,0.6082240825978812,1.0
35,1,32,5,0.15625,0.1787709497206704,0.7248457336079726,1.0
35,2,32,8,0.25,0.17318435754189945,0.1560378106600792,1.0
35,3,32,3,0.09375,0.1452513966480447,0.8875875500627083,1.0
35,4,32,7,0.21875,0.1787709497206704,0.33513837353681514,1.0
35,5,32,6,0.1875,0.10614525139664804,0.0960138597238538,1.0
35,6,32,3,0.09375,0.17318435754189945,0.9499929358683706,1.0
35,7,32,4,0.125,0.15083798882681565,0.7583075600943195,1.0
35,8,32,6,0.1875,0.2122905027932961,0.7246210248051285,1.0
35,9,32,5,0.15625,0.13966480446927373,0.47526762811167955,1.0
35,10,32,5,0.15625,0.1787709497206704,0.7248457336079726,1.0
35,11,32,5,0.15625,0.15083798882681565,0.5542224146401901,1.0
35,12,32,7,0.21875,0.17318435754189945,0.30132877374798145,1.0
35,13,32,4,0.125,0.1787709497206704,0.8736609784068682,1.0
35,14,32,8,0.25,0.15083798882681565,0.07722754201834184,1.0
35,15,32,4,0.125,0.1787709497206704,0.8736609784068682,1.0
35,16,32,4,0.125,0.12849162011173185,0.6225224074755659,1.0
35,17,32,1,0.03125,0.1452513966480447,0.996163975185998,1.0
35,18,32,3,0.09375,0.2122905027932961,0.9859273702011208,1.0
35,19,32,6,0.1875,0.13966480446927373,0.27148836177615304,1.0
35,20,32,8,0.25,0.1564245810055866,0.09391803625950136,1.0
35,21,32,6,0.1875,0.12849162011173185,0.20439003975946074,1.0
35,22,32,5,0.15625,0.1564245810055866,0.5918170466975294,1.0
35,23,32,5,0.15625,0.12290502793296089,0.3522987078267439,1.0
35,24,32,7,0.21875,0.18435754189944134,0.3696733493546084,1.0
35,25,32,6,0.1875,0.1787709497206704,0.5303938137374157,1.0
35,26,32,6,0.1875,0.13966480446927373,0.27148836177615304,1.0
35,27,32,7,0.21875,0.12849162011173185,0.08663198479820057,1.0
35,28,32,4,0.125,0.12290502793296089,0.5826723277331278,1.0
35,29,32,3,0.09375,0.12290502793296089,0.798412414614605,1.0
35,30,32,4,0.125,0.1564245810055866,0.7860559789937842,1.0
35,31,32,2,0.0625,0.15083798882681565,0.9753040232562596,1.0
35,32,32,3,0.09375,0.13966480446927373,0.8691819931782507,1.0
35,33,32,3,0.09375,0.18994413407821228,0.9704183088170828,1.0
35,34,32,3,0.09375,0.1452513966480447,0.8875875500627083,1.0
35,35,32,8,0.25,0.1787709497206704,0.18058020307357622,1.0
35,36,32,2,0.0625,0.13966480446927373,0.9636638518517981,1.0
35,37,32,8,0.25,0.16759776536312848,0.13335972068798202,1.0
35,38,32,8,0.25,0.19553072625698323,0.2640387272303647,1.0
36,1,26,4,0.15384615384615385,0.1787709497206704,0.7280727237307449,1.0
36,2,26,5,0.19230769230769232,0.17318435754189945,0.482769937603972,1.0
36,3,26,5,0.19230769230769232,0.1452513966480447,0.317053475557044,1.0
36,4,26,3,0.11538461538461539,0.1787709497206704,0.8875875500627083,1.0
36,5,26,3,0.11538461538461539,0.10614525139664804,0.5443972769940211,1.0
36,6,26,10,0.38461538461538464,0.17318435754189945,0.004496466529838549,1.0
36,7,26,3,0.11538461538461539,0.15083798882681565,0.795662856802276,1.0
36,8,26,2,0.07692307692307693,0.2122905027932961,0.9888978558651703,1.0
36,9,26,4,0.15384615384615385,0.13966480446927373,0.5102905004284783,1.0
36,10,26,6,0.23076923076923078,0.1787709497206704,0.3072158954843298,1.0
36,11,26,4,0.15384615384615385,0.15083798882681565,0.5794303075655622,1.0
36,12,26,5,0.19230769230769232,0.17318435754189945,0.482769937603972,1.0
36,13,26,4,0.15384615384615385,0.1787709497206704,0.7280727237307449,1.0
36,14,26,3,0.11538461538461539,0.15083798882681565,0.795662856802276,1.0
36,15,26,6,0.23076923076923078,0.1787709497206704,0.3072158954843298,1.0
36,16,26,5,0.19230769230769232,0.12849162011173185,0.2233276996261448,1.0
36,17,26,3,0.11538461538461539,0.1452513966480447,0.7716370179981965,1.0
36,18,26,6,0.23076923076923078,0.2122905027932961,0.4895481594199281,1.0
36,19,26,4,0.15384615384615385,0.13966480446927373,0.5102905004284783,1.0
36,20,26,6,0.23076923076923078,0.1564245810055866,0.19706637829382329,1.0
36,21,26,3,0.11538461538461539,0.12849162011173185,0.6869203433073388,1.0
36,22,26,4,0.15384615384615385,0.1564245810055866,0.6121497064632228,1.0
36,23,26,4,0.15384615384615385,0.12290502793296089,0.4002003950065201,1.0
36,24,26,2,0.07692307692307693,0.18435754189944134,0.9744525966468824,1.0
36,25,26,8,0.3076923076923077,0.1787709497206704,0.06254608875065523,1.0
36,26,26,2,0.07692307692307693,0.13966480446927373,0.9130198386529708,1.0
36,27,26,3,0.11538461538461539,0.12849162011173185,0.6869203433073388,1.0
36,28,26,2,0.07692307692307693,0.12290502793296089,0.8672535914234172,1.0
36,29,26,2,0.07692307692307693,0.12290502793296089,0.8672535914234172,1.0
36,30,26,3,0.11538461538461539,0.1564245810055866,0.8176844348429623,1.0
36,31,26,3,0.11538461538461539,0.15083798882681565,0.795662856802276,1.0
36,32,26,2,0.07692307692307693,0.13966480446927373,0.9130198386529708,1.0
36,33,26,6,0.23076923076923078,0.18994413407821228,0.3671717298300393,1.0
36,34,26,4,0.15384615384615385,0.1452513966480447,0.5454245049505575,1.0
36,35,26,6,0.23076923076923078,0.1787709497206704,0.3072158954843298,1.0
36,36,26,4,0.15384615384615385,0.13966480446927373,0.5102905004284783,1.0
36,37,26,3,0.11538461538461539,0.16759776536312848,0.8560692213533578,1.0
36,38,26,4,0.15384615384615385,0.19553072625698323,0.7980412361858745,1.0
37,1,30,2,0.06666666666666667,0.1787709497206704,0.986435289753217,1.0
37,2,30,4,0.13333333333333333,0.17318435754189945,0.8128067072376849,1.0
37,3,30,1,0.03333333333333333,0.1452513966480447,0.994362786938666,1.0
37,4,30,3,0.1,0.1787709497206704,0.940805787830174,1.0
37,5,30,6,0.2,0.10614525139664804,0.07268815508515879,1.0
37,6,30,3,0.1,0.17318435754189945,0.9308243342845084,1.0
37,7,30,3,0.1,0.15083798882681565,0.8748884563550787,1.0
37,8,30,9,0.3,0.2122905027932961,0.14865870789565105,1.0
37,9,30,4,0.13333333333333333,0.13966480446927373,0.6388720938116449,1.0
37,10,30,8,0.26666666666666666,0.1787709497206704,0.13335972068798202,1.0
37,11,30,6,0.2,0.15083798882681565,0.28267316871261444,1.0
37,12,30,9,0.3,0.17318435754189945,0.04546457352410342,1.0
37,13,30,6,0.2,0.1787709497206704,0.4565341325800957,1.0
37,14,30,5,0.16666666666666666,0.15083798882681565,0.4877499077482433,1.0
37,15,30,5,0.16666666666666666,0.1787709497206704,0.6620950078332956,1.0
37,16,30,4,0.13333333333333333,0.12849162011173185,0.564199376836019,1.0
37,17,30,4,0.13333333333333333,0.1452513966480447,0.6732537956223521,1.0
37,18,30,6,0.2,0.2122905027932961,0.6544106214162326,1.0
37,19,30,6,0.2,0.13966480446927373,0.21877192414716373,1.0
37,20,30,9,0.3,0.1564245810055866,0.022828439437891136,1.0
37,21,30,5,0.16666666666666666,0.12849162011173185,0.33457283573477853,1.0
37,22,30,5,0.16666666666666666,0.1564245810055866,0.5249992582309733,1.0
37,23,30,4,0.13333333333333333,0.12290502793296089,0.5242643262097162,1.0
37,24,30,5,0.16666666666666666,0.18435754189944134,0.6925595690345716,1.0
37,25,30,5,0.16666666666666666,0.1787709497206704,0.6620950078332956,1.0
37,26,30,4,0.13333333333333333,0.13966480446927373,0.6388720938116449,1.0
37,27,30,2,0.06666666666666667,0.12849162011173185,0.9308555129481659,1.0
37,28,30,4,0.13333333333333333,0.12290502793296089,0.5242643262097162,1.0
37,29,30,2,0.06666666666666667,0.12290502793296089,0.9182003580161346,1.0
37,30,30,6,0.2,0.1564245810055866,0.31640289552768497,1.0
37,31,30,0,0.0,0.15083798882681565,0.9999999999999998,1.0
37,32,30,4,0.13333333333333333,0.13966480446927373,0.6388720938116449,1.0
37,33,30,6,0.2,0.18994413407821228,0.5259225924911537,1.0
37,34,30,5,0.16666666666666666,0.1452513966480447,0.4497727338527566,1.0
37,35,30,6,0.2,0.1787709497206704,0.4565341325800957,1.0
37,36,30,5,0.16666666666666666,0.13966480446927373,0.4113619263611073,1.0
37,37,30,3,0.1,0.16759776536312848,0.9194032736025577,1.0
37,38,30,6,0.2,0.19553072625698323,0.5596066424464223,1.0
38,1,35,9,0.2571428571428571,0.1787709497206704,0.1358727399466678,1.0
38,2,35,7,0.2,0.17318435754189945,0.40135942789146867,1.0
38,3,35,4,0.11428571428571428,0.1452513966480447,0.7980412361858745,1.0
38,4,35,8,0.22857142857142856,0.1787709497206704,0.2640387272303647,1.0
38,5,35,2,0.05714285714285714,0.10614525139664804,0.9218186119283012,1.0
38,6,35,7,0.2,0.17318435754189945,0.40135942789146867,1.0
38,7,35,5,0.14285714285714285,0.15083798882681565,0.6466837673117884,1.0
38,8,35,6,0.17142857142857143,0.2122905027932961,0.8114487591217722,1.0
38,9,35,7,0.2,0.13966480446927373,0.18767521622512287,1.0
38,10,35,5,0.14285714285714285,0.1787709497206704,0.8037296135042477,1.0
38,11,35,3,0.08571428571428572,0.15083798882681565,0.9363400103948734,1.0
38,12,35,5,0.14285714285714285,0.17318435754189945,0.7772087353221422,1.0
38,13,35,5,0.14285714285714285,0.1787709497206704,0.8037296135042477,1.0
38,14,35,11,0.3142857142857143,0.15083798882681565,0.0048049307020889805,1.0
38,15,35,7,0.2,0.1787709497206704,0.43980922407657763,1.0
38,16,35,6,0.17142857142857143,0.12849162011173185,0.2765724337351801,1.0
38,17,35,5,0.14285714285714285,0.1452513966480447,0.6082240825978812,1.0
38,18,35,6,0.17142857142857143,0.2122905027932961,0.8114487591217722,1.0
38,19,35,6,0.17142857142857143,0.13966480446927373,0.3565946764312337,1.0
38,20,35,5,0.14285714285714285,0.1564245810055866,0.6829212391217456,1.0
38,21,35,4,0.11428571428571428,0.12849162011173185,0.7014719076853764,1.0
38,22,35,5,0.14285714285714285,0.1564245810055866,0.6829212391217456,1.0
38,23,35,3,0.08571428571428572,0.12290502793296089,0.850653496182621,1.0
38,24,35,4,0.11428571428571428,0.18435754189944134,0.930574885847815,1.0
38,25,35,6,0.17142857142857143,0.1787709497206704,0.6339959931387732,1.0
38,26,35,7,0.2,0.13966480446927373,0.18767521622512287,1.0
38,27,35,4,0.11428571428571428,0.12849162011173185,0.7014719076853764,1.0
38,28,35,6,0.17142857142857143,0.12290502793296089,0.2386182211818024,1.0
38,29,35,2,0.05714285714285714,0.12290502793296089,0.957114902519291,1.0
38,30,35,6,0.17142857142857143,0.1564245810055866,0.47999139698598553,1.0
38,31,35,2,0.05714285714285714,0.15083798882681565,0.985202149803138,1.0
38,32,35,5,0.14285714285714285,0.13966480446927373,0.5677440016888722,1.0
38,33,35,8,0.22857142857142856,0.18994413407821228,0.3321543149238418,1.0
38,34,35,10,0.2857142857142857,0.1452513966480447,0.012464498198489346,1.0
38,35,35,3,0.08571428571428572,0.1787709497206704,0.9753209175027545,1.0
38,36,35,4,0.11428571428571428,0.13966480446927373,0.7688385971723374,1.0
38,37,35,4,0.11428571428571428,0.16759776536312848,0.8874870175445075,1.0
38,38,35,8,0.22857142857142856,0.19553072625698323,0.36764795429576647,1.0
