rank_by_T,numbers,T,EQ,A_long,B_recent,C_gap,D_trend,E_pairs,pair,struct
1,01 04 13 22 24 38,0.12531531,0.68377370,0.760376,2.690608,-1.055556,1.375547,0.000000,0.000000,1.192556
2,01 04 13 14 22 24,0.12497208,0.63438258,-0.325875,2.567399,-0.777778,1.635084,0.000000,0.000000,0.801430
3,01 02 04 13 22 24,0.12419166,0.71904674,0.081469,2.044309,0.055556,2.413695,0.000000,0.000000,0.379597
4,01 02 04 13 24 38,0.12135978,0.75163104,1.031938,2.246697,0.055556,1.894621,0.000000,0.000000,0.845625
5,01 04 13 14 24 38,0.12095225,0.66696688,0.624594,2.769787,-0.777778,1.116010,0.000000,0.000000,1.091459
6,01 04 10 13 22 24,0.11951882,0.69025268,0.217250,2.217004,-0.222222,1.894621,0.000000,0.000000,0.711147
7,01 04 08 13 22 24,0.11887289,0.69436088,1.031938,2.795913,-0.777778,1.116010,0.000000,0.000000,0.661740
8,01 02 04 13 14 24,0.11834003,0.70223992,-0.054313,2.123488,0.333333,2.154158,0.000000,0.000000,0.057965
9,01 04 12 13 22 24,0.11538335,0.66163130,0.081469,2.074563,-0.777778,1.894621,0.000000,0.000000,0.761754
10,01 04 10 13 14 24,0.11468077,0.67344586,0.081469,2.296184,0.055556,1.635084,0.000000,0.000000,0.539679
11,01 04 10 13 24 38,0.11465979,0.72283698,1.167720,2.419393,-0.222222,1.375547,0.000000,0.000000,0.876846
12,01 02 04 10 13 24,0.11460220,0.75811002,0.488813,1.773093,0.888889,2.413695,0.000000,0.000000,0.221827
13,01 04 08 13 24 38,0.11405746,0.72694518,1.982408,2.998301,-0.777778,0.596935,0.000000,0.000000,0.833898
14,01 04 09 13 22 24,0.11403897,0.60882842,-0.733219,2.528183,0.333333,1.245778,0.000000,0.000000,0.735283
15,01 04 08 13 14 24,0.11401305,0.67755406,0.896157,2.875092,-0.500000,0.856472,0.000000,0.000000,0.487042
16,01 02 04 08 13 24,0.11377850,0.76221822,1.303501,2.352002,0.333333,1.635084,0.000000,0.000000,0.146083
17,01 04 06 13 22 24,0.11211465,0.62699093,0.217250,2.596376,-1.055556,1.116010,0.000000,0.000000,0.589647
18,01 04 12 13 24 38,0.11140711,0.69421560,1.031938,2.276951,-0.777778,1.375547,0.000000,0.000000,1.058243
19,02 04 13 22 24 38,0.11130297,0.70021834,0.353032,1.782564,0.055556,2.024389,0.000000,0.000000,1.059947
20,04 13 14 22 24 38,0.11012667,0.61555418,-0.054313,2.305655,-0.777778,1.245778,0.000000,0.000000,1.191885
21,02 04 13 14 22 24,0.10967821,0.65082722,-0.733219,1.659355,0.333333,2.283926,0.000000,0.000000,0.478957
22,01 04 12 13 14 24,0.10964070,0.64482448,-0.054313,2.153742,-0.500000,1.635084,0.000000,0.000000,0.456268
23,01 04 09 13 24 38,0.10920174,0.64141272,0.217250,2.730571,0.333333,0.726704,0.000000,0.000000,0.904212
24,01 04 09 13 14 24,0.10919002,0.59202160,-0.869001,2.607362,0.611111,0.986241,0.000000,0.000000,0.562200
25,01 02 04 09 13 24,0.10903347,0.67668576,-0.461657,2.084272,1.444444,1.764852,0.000000,0.000000,0.232795
26,01 02 04 12 13 24,0.10879171,0.72948864,0.353032,1.630652,0.333333,2.413695,0.000000,0.000000,0.024277
27,01 04 08 10 13 24,0.10841704,0.73342416,1.439282,2.524698,0.055556,1.116010,0.000000,0.000000,0.375610
28,01 04 06 13 24 38,0.10826920,0.65957523,1.167720,2.798764,-1.055556,0.596935,0.000000,0.000000,0.905511
29,01 04 13 18 22 24,0.10771939,0.72287737,1.167720,1.809605,-0.777778,1.894621,0.000000,0.000000,0.860116
30,01 04 06 13 14 24,0.10723301,0.61018411,0.081469,2.675555,-0.777778,0.856472,0.000000,0.000000,0.411721
31,02 04 13 14 24 38,0.10695081,0.68341152,0.217250,1.861744,0.333333,1.764852,0.000000,0.000000,0.960465
32,01 04 07 13 22 24,0.10632817,0.65016128,-0.461657,1.606999,0.055556,2.154158,0.000000,0.000000,0.683443
33,01 02 04 06 13 24,0.10591610,0.69484827,0.488813,2.152465,0.055556,1.635084,0.000000,0.000000,-0.089594
34,04 10 13 22 24 38,0.10521030,0.67142428,0.488813,1.955260,-0.222222,1.505315,0.000000,0.000000,1.181143
35,02 04 10 13 22 24,0.10515679,0.70669732,-0.190094,1.308961,0.888889,2.543464,0.000000,0.000000,0.526728
36,01 04 10 12 13 24,0.10507506,0.70069458,0.488813,1.803347,0.055556,1.894621,0.000000,0.000000,0.497489
37,04 08 13 22 24 38,0.10488184,0.67553248,1.303501,2.534169,-0.777778,0.726704,0.000000,0.000000,1.178770
38,02 04 08 13 22 24,0.10451358,0.71080552,0.624594,1.887869,0.333333,1.764852,0.000000,0.000000,0.477725
39,01 04 08 12 13 24,0.10450847,0.70480278,1.303501,2.382256,-0.500000,1.116010,0.000000,0.000000,0.459835
40,04 10 13 14 22 24,0.10380808,0.62203316,-0.597438,1.832051,0.055556,1.764852,0.000000,0.000000,0.633124
41,01 04 09 10 13 24,0.10378123,0.64789170,-0.325875,2.256968,1.166667,1.245778,0.000000,0.000000,0.478505
42,04 08 13 14 22 24,0.10341423,0.62614136,0.217250,2.410960,-0.500000,0.986241,0.000000,0.000000,0.621064
43,01 04 08 09 13 24,0.10304509,0.65199989,0.488813,2.835876,0.611111,0.467167,0.000000,0.000000,0.415733
44,01 04 13 18 24 38,0.10268599,0.75546167,2.118189,2.011993,-0.777778,1.375547,0.000000,0.000000,0.999982
45,01 02 04 13 18 24,0.10267318,0.79073471,1.439282,1.365694,0.333333,2.413695,0.000000,0.000000,0.351597
46,01 04 13 14 18 24,0.10259260,0.70607055,1.031938,1.888784,-0.500000,1.635084,0.000000,0.000000,0.645870
47,01 04 06 10 13 24,0.10170528,0.66605421,0.624594,2.325160,-0.222222,1.116010,0.000000,0.000000,0.310406
48,02 04 10 13 24 38,0.10159019,0.73928162,0.760376,1.511349,0.888889,2.024389,0.000000,0.000000,0.883907
49,01 04 07 13 24 38,0.10153453,0.68274558,0.488813,1.809387,0.055556,1.635084,0.000000,0.000000,0.858830
50,01 04 07 13 14 24,0.10145742,0.63335446,-0.597438,1.686179,0.333333,1.894621,0.000000,0.000000,0.507131
51,01 02 04 07 13 24,0.10114489,0.71801862,-0.190094,1.163088,1.166667,2.673232,0.000000,0.000000,0.154618
52,02 04 08 13 24 38,0.10099058,0.74338981,1.575064,2.090257,0.333333,1.245778,0.000000,0.000000,0.841362
53,04 10 13 14 24 38,0.10094532,0.65461746,0.353032,2.034439,0.055556,1.245778,0.000000,0.000000,1.094578
54,01 04 06 08 13 24,0.10079960,0.67016241,1.439282,2.904069,-0.777778,0.337398,0.000000,0.000000,0.222515
55,04 12 13 22 24 38,0.10078474,0.64280290,0.353032,1.812818,-0.777778,1.505315,0.000000,0.000000,1.188775
56,04 09 13 22 24 38,0.10075872,0.59000002,-0.461657,2.266439,0.333333,0.856472,0.000000,0.000000,1.357621
57,04 08 13 14 24 38,0.10059507,0.65872566,1.167720,2.613348,-0.500000,0.467167,0.000000,0.000000,1.088976
58,02 04 09 13 22 24,0.10055126,0.62527306,-1.140563,1.620139,1.444444,1.894621,0.000000,0.000000,0.680398
59,02 04 10 13 14 24,0.10032963,0.68989050,-0.325875,1.388140,1.166667,2.283926,0.000000,0.000000,0.356875
60,02 04 12 13 22 24,0.10009220,0.67807594,-0.325875,1.166519,0.333333,2.543464,0.000000,0.000000,0.439685
61,01 04 09 12 13 24,0.09969502,0.61927032,-0.461657,2.114526,0.611111,1.245778,0.000000,0.000000,0.536411
62,02 04 08 13 14 24,0.09966463,0.69399870,0.488813,1.967049,0.611111,1.505315,0.000000,0.000000,0.304642
63,04 09 13 14 22 24,0.09932381,0.54060890,-1.547908,2.143230,0.611111,1.116010,0.000000,0.000000,0.804758
64,04 06 13 22 24 38,0.09846846,0.60816253,0.488813,2.334632,-1.055556,0.726704,0.000000,0.000000,1.157771
65,04 08 10 13 22 24,0.09806855,0.68201146,0.760376,2.060565,0.055556,1.245778,0.000000,0.000000,0.546718
66,01 04 06 12 13 24,0.09770928,0.63743283,0.488813,2.182719,-0.777778,1.116010,0.000000,0.000000,0.381677
67,04 12 13 14 22 24,0.09759514,0.59341178,-0.733219,1.689610,-0.500000,1.764852,0.000000,0.000000,0.375949
68,02 04 12 13 24 38,0.09740840,0.71066024,0.624594,1.368907,0.333333,2.024389,0.000000,0.000000,0.927652
69,02 04 09 13 24 38,0.09700647,0.65785736,-0.190094,1.822527,1.444444,1.375547,0.000000,0.000000,1.040806
70,02 04 06 13 22 24,0.09683168,0.64343557,-0.190094,1.688332,0.055556,1.764852,0.000000,0.000000,0.268789
71,04 09 13 14 24 38,0.09648285,0.57319320,-0.597438,2.345618,0.611111,0.596935,0.000000,0.000000,1.269442
72,01 04 06 09 13 24,0.09615570,0.58462995,-0.325875,2.636339,0.333333,0.467167,0.000000,0.000000,0.324210
73,04 06 13 14 22 24,0.09600908,0.55877141,-0.597438,2.211423,-0.777778,0.986241,0.000000,0.000000,0.453129
74,02 04 09 13 14 24,0.09571321,0.60846624,-1.276345,1.699318,1.722222,1.635084,0.000000,0.000000,0.508930
75,04 12 13 14 24 38,0.09561518,0.62599608,0.217250,1.891998,-0.500000,1.245778,0.000000,0.000000,0.968192
76,01 04 10 13 18 24,0.09545603,0.76194065,1.575064,1.538389,0.055556,1.894621,0.000000,0.000000,0.306199
77,01 04 07 08 13 24,0.09522766,0.69333276,0.760376,1.914692,0.333333,1.375547,0.000000,0.000000,0.348096
78,04 08 10 13 24 38,0.09514687,0.71459576,1.710845,2.262953,0.055556,0.726704,0.000000,0.000000,0.999442
79,01 04 07 10 13 24,0.09502931,0.68922456,-0.054313,1.335784,0.888889,2.154158,0.000000,0.000000,0.272420
80,01 04 08 13 18 24,0.09479920,0.76604885,2.389752,2.117298,-0.500000,1.116010,0.000000,0.000000,0.255177
81,02 04 12 13 14 24,0.09436045,0.66126912,-0.461657,1.245698,0.611111,2.283926,0.000000,0.000000,0.135814
82,02 04 06 13 24 38,0.09427866,0.67601987,0.760376,1.890720,0.055556,1.245778,0.000000,0.000000,0.776131
83,04 06 13 14 24 38,0.09415990,0.59135571,0.353032,2.413811,-0.777778,0.467167,0.000000,0.000000,1.064747
84,04 09 10 13 22 24,0.09414480,0.59647900,-1.004782,1.792835,1.166667,1.375547,0.000000,0.000000,0.755106
85,02 04 08 10 13 24,0.09407407,0.74986880,1.031938,1.616654,1.166667,1.764852,0.000000,0.000000,0.194018
86,04 08 12 13 22 24,0.09403427,0.65339008,0.624594,1.918123,-0.500000,1.245778,0.000000,0.000000,0.612320
87,04 08 09 13 22 24,0.09363242,0.60058719,-0.190094,2.371744,0.611111,0.596935,0.000000,0.000000,0.725485
88,04 10 12 13 22 24,0.09338691,0.64928188,-0.190094,1.339215,0.055556,2.024389,0.000000,0.000000,0.470121
89,04 07 13 22 24 38,0.09337909,0.63133288,-0.190094,1.345255,0.055556,1.764852,0.000000,0.000000,1.354845
90,02 04 13 18 22 24,0.09334646,0.73932201,0.760376,0.901561,0.333333,2.543464,0.000000,0.000000,0.674083
91,04 08 10 13 14 24,0.09330678,0.66520464,0.624594,2.139744,0.333333,0.986241,0.000000,0.000000,0.386553
92,02 04 07 13 22 24,0.09284318,0.66660592,-0.869001,0.698956,1.166667,2.803001,0.000000,0.000000,0.628962
93,01 04 12 13 18 24,0.09280326,0.73331927,1.439282,1.395948,-0.500000,1.894621,0.000000,0.000000,0.576475
94,04 13 18 22 24 38,0.09242581,0.70404897,1.439282,1.547860,-0.777778,1.505315,0.000000,0.000000,1.184173
95,02 04 06 13 14 24,0.09196093,0.62662875,-0.325875,1.767511,0.333333,1.505315,0.000000,0.000000,0.092477
96,01 04 07 12 13 24,0.09194327,0.66060318,-0.190094,1.193342,0.333333,2.154158,0.000000,0.000000,0.478505
97,04 07 13 14 22 24,0.09187878,0.58194176,-1.276345,1.222046,0.333333,2.024389,0.000000,0.000000,0.792294
98,04 13 14 18 22 24,0.09174881,0.65465785,0.353032,1.424652,-0.500000,1.764852,0.000000,0.000000,0.743597
99,04 06 10 13 22 24,0.09169916,0.61464151,-0.054313,1.861028,-0.222222,1.245778,0.000000,0.000000,0.532236
100,04 10 12 13 24 38,0.09130443,0.68186618,0.760376,1.541603,0.055556,1.505315,0.000000,0.000000,1.047175
101,04 09 10 13 24 38,0.09120132,0.62906330,-0.054313,1.995223,1.166667,0.856472,0.000000,0.000000,1.204601
102,04 08 12 13 24 38,0.09106900,0.68597438,1.575064,2.120512,-0.500000,0.726704,0.000000,0.000000,1.058585
103,04 08 09 13 24 38,0.09073254,0.63317149,0.760376,2.574132,0.611111,0.077861,0.000000,0.000000,1.181438
104,02 04 09 10 13 24,0.09030987,0.66433634,-0.733219,1.348924,2.277778,1.894621,0.000000,0.000000,0.426043
105,02 04 08 12 13 24,0.09016278,0.72124742,0.896157,1.474212,0.611111,1.764852,0.000000,0.000000,0.277838
106,04 06 08 13 22 24,0.09002019,0.61874970,0.760376,2.439937,-0.777778,0.467167,0.000000,0.000000,0.329780
107,01 04 09 13 18 24,0.08997073,0.68051639,0.624594,1.849568,0.611111,1.245778,0.000000,0.000000,0.329528
108,04 09 12 13 22 24,0.08994658,0.56785762,-1.140563,1.650393,0.611111,1.375547,0.000000,0.000000,0.796418
109,02 04 10 12 13 24,0.08980026,0.71713922,0.081469,0.895304,1.166667,2.543464,0.000000,0.000000,0.177841
110,02 04 13 18 24 38,0.08960549,0.77190631,1.710845,1.103949,0.333333,2.024389,0.000000,0.000000,1.005427
111,02 04 08 09 13 24,0.08957646,0.66844453,0.081469,1.927832,1.722222,1.116010,0.000000,0.000000,0.363674
112,01 04 07 09 13 24,0.08942108,0.60780030,-1.004782,1.646962,1.444444,1.505315,0.000000,0.000000,0.277537
113,02 04 07 13 24 38,0.08934198,0.69919022,0.081469,0.901344,1.166667,2.283926,0.000000,0.000000,0.995828
114,01 04 06 13 18 24,0.08925683,0.69867890,1.575064,1.917761,-0.777778,1.116010,0.000000,0.000000,0.363220
115,04 07 13 14 24 38,0.08908142,0.61452606,-0.325875,1.424434,0.333333,1.505315,0.000000,0.000000,1.263436
116,01 02 04 13 22 38,0.08890340,0.62340210,0.353032,1.424194,-1.333333,1.635084,0.000000,0.000000,0.781178
117,04 06 10 13 24 38,0.08882107,0.64722581,0.896157,2.063416,-0.222222,0.726704,0.000000,0.000000,0.991418
118,01 04 13 14 22 38,0.08852856,0.53873795,-0.054313,1.947284,-2.166667,0.856472,0.000000,0.000000,1.031856
119,04 13 14 18 24 38,0.08852197,0.68724215,1.303501,1.627040,-0.500000,1.245778,0.000000,0.000000,1.151112
120,04 09 10 13 14 24,0.08846754,0.57967218,-1.140563,1.872014,1.444444,1.116010,0.000000,0.000000,0.459308
121,04 08 12 13 14 24,0.08836792,0.63658326,0.488813,1.997303,-0.222222,0.986241,0.000000,0.000000,0.318136
122,01 04 06 07 13 24,0.08834637,0.62596281,-0.054313,1.715155,0.055556,1.375547,0.000000,0.000000,0.257772
123,02 04 13 14 18 24,0.08823057,0.72251519,0.624594,0.980740,0.611111,2.283926,0.000000,0.000000,0.461452
124,04 06 08 13 24 38,0.08811208,0.65133400,1.710845,2.642325,-0.777778,-0.051907,0.000000,0.000000,0.932669
125,02 04 07 13 14 24,0.08798334,0.64979910,-1.004782,0.778135,1.444444,2.543464,0.000000,0.000000,0.454265
126,04 08 09 13 14 24,0.08793337,0.58378037,-0.325875,2.450923,0.888889,0.337398,0.000000,0.000000,0.426457
127,04 10 12 13 14 24,0.08774235,0.63247506,-0.325875,1.418394,0.333333,1.764852,0.000000,0.000000,0.179166
128,02 04 06 10 13 24,0.08736505,0.68249885,0.217250,1.417117,0.888889,1.764852,0.000000,0.000000,0.129216
129,04 06 09 13 22 24,0.08709909,0.53321725,-1.004782,2.172206,0.333333,0.596935,0.000000,0.000000,0.686713
130,01 04 14 22 24 38,0.08704366,0.57134871,0.217250,2.000719,-1.333333,0.726704,0.000000,0.000000,1.020044
131,04 09 12 13 24 38,0.08695951,0.60044192,-0.190094,1.852781,0.611111,0.856472,0.000000,0.000000,1.239454
132,04 06 10 13 14 24,0.08691560,0.59783469,-0.190094,1.940207,0.055556,0.986241,0.000000,0.000000,0.368841
133,04 07 10 13 22 24,0.08664793,0.63781186,-0.733219,0.871651,0.888889,2.283926,0.000000,0.000000,0.734961
134,04 06 12 13 22 24,0.08662367,0.58602013,-0.190094,1.718586,-0.777778,1.245778,0.000000,0.000000,0.443578
135,01 02 04 22 24 38,0.08642796,0.65601287,0.624594,1.477628,-0.500000,1.505315,0.000000,0.000000,0.622615
136,01 02 04 14 22 24,0.08622671,0.60662175,-0.461657,1.354419,-0.222222,1.764852,0.000000,0.000000,0.252522
137,02 04 09 12 13 24,0.08622093,0.63571496,-0.869001,1.206482,1.722222,1.894621,0.000000,0.000000,0.483545
138,04 07 08 13 22 24,0.08605929,0.64192005,0.081469,1.450560,0.333333,1.505315,0.000000,0.000000,0.694042
139,04 10 13 18 22 24,0.08596092,0.71052795,0.896157,1.074257,0.055556,2.024389,0.000000,0.000000,0.603738
140,02 04 06 08 13 24,0.08553570,0.68660704,1.031938,1.996025,0.333333,0.986241,0.000000,0.000000,-0.095517
141,04 08 13 18 22 24,0.08522226,0.71463615,1.710845,1.653165,-0.500000,1.245778,0.000000,0.000000,0.540592
142,04 06 08 13 14 24,0.08521483,0.60194288,0.624594,2.519116,-0.500000,0.207630,0.000000,0.000000,0.163156
143,01 02 04 13 14 22,0.08467046,0.57401099,-0.733219,1.300985,-1.055556,1.894621,0.000000,0.000000,-0.186220
144,04 06 12 13 24 38,0.08462838,0.61860443,0.760376,1.920974,-0.777778,0.726704,0.000000,0.000000,1.033549
145,04 09 12 13 14 24,0.08429112,0.55105080,-1.276345,1.729573,0.888889,1.116010,0.000000,0.000000,0.503849
146,04 06 09 13 24 38,0.08424279,0.56580154,-0.054313,2.374595,0.333333,0.077861,0.000000,0.000000,1.149125
147,01 02 04 14 24 38,0.08323866,0.63920605,0.488813,1.556808,-0.222222,1.245778,0.000000,0.000000,0.695414
148,04 07 08 13 24 38,0.08320300,0.67450435,1.031938,1.652948,0.333333,0.986241,0.000000,0.000000,1.156454
149,04 07 10 13 24 38,0.08282166,0.67039616,0.217250,1.074039,0.888889,1.764852,0.000000,0.000000,1.053667
150,04 08 10 12 13 24,0.08279376,0.69245336,1.031938,1.646908,0.333333,1.245778,0.000000,0.000000,0.209941
151,02 04 06 09 13 24,0.08268978,0.60107458,-0.733219,1.728295,1.444444,1.116010,0.000000,0.000000,0.272555
152,04 10 13 18 24 38,0.08263002,0.74311225,1.846627,1.276645,0.055556,1.505315,0.000000,0.000000,0.995835
153,04 08 09 10 13 24,0.08256272,0.63965047,0.217250,2.100528,1.444444,0.596935,0.000000,0.000000,0.348414
154,04 07 12 13 22 24,0.08249610,0.60919048,-0.869001,0.729210,0.333333,2.283926,0.000000,0.000000,0.783146
155,02 04 07 10 13 24,0.08248706,0.70566920,-0.461657,0.427740,2.000000,2.803001,0.000000,0.000000,0.357608
156,02 04 06 12 13 24,0.08243993,0.65387747,0.081469,1.274675,0.333333,1.764852,0.000000,0.000000,0.062837
157,04 06 09 13 14 24,0.08230463,0.51641043,-1.140563,2.251386,0.611111,0.337398,0.000000,0.000000,0.521704
158,04 08 13 18 24 38,0.08229066,0.74722045,2.661315,1.855554,-0.500000,0.726704,0.000000,0.000000,0.991847
159,01 04 07 13 18 24,0.08224903,0.72184925,0.896157,0.928384,0.333333,2.154158,0.000000,0.000000,0.276073
160,01 04 10 13 22 38,0.08222521,0.59460805,0.488813,1.596889,-1.611111,1.116010,0.000000,0.000000,0.815629
161,04 12 13 18 22 24,0.08213529,0.68190657,0.760376,0.931815,-0.500000,2.024389,0.000000,0.000000,0.700250
162,02 04 10 13 18 24,0.08202583,0.77838529,1.167720,0.630345,1.166667,2.543464,0.000000,0.000000,0.259835
163,01 04 10 22 24 38,0.08201413,0.62721881,0.760376,1.650324,-0.777778,0.986241,0.000000,0.000000,0.992538
164,04 07 10 13 14 24,0.08187527,0.62100504,-0.869001,0.950830,1.166667,2.024389,0.000000,0.000000,0.573181
165,02 04 07 08 13 24,0.08176175,0.70977739,0.353032,1.006649,1.444444,2.024389,0.000000,0.000000,0.296440
166,01 04 08 13 22 38,0.08161742,0.59871624,1.303501,2.175798,-2.166667,0.337398,0.000000,0.000000,0.771873
167,01 04 08 22 24 38,0.08155960,0.63132701,1.575064,2.229233,-1.333333,0.207630,0.000000,0.000000,0.971486
168,02 04 08 13 18 24,0.08137173,0.78249348,1.982408,1.209254,0.611111,1.764852,0.000000,0.000000,0.209217
169,01 04 10 14 22 24,0.08117780,0.57782769,-0.325875,1.527115,-0.500000,1.245778,0.000000,0.000000,0.528357
170,04 09 13 18 22 24,0.08112638,0.62910369,-0.054313,1.385435,0.611111,1.375547,0.000000,0.000000,0.723479
171,04 07 09 13 22 24,0.08105598,0.55638760,-1.683689,1.182830,1.444444,1.635084,0.000000,0.000000,0.742489
172,04 06 12 13 14 24,0.08093552,0.56921331,-0.325875,1.797766,-0.500000,0.986241,0.000000,0.000000,0.146165
173,04 10 13 14 18 24,0.08093222,0.69372113,0.760376,1.153436,0.333333,1.764852,0.000000,0.000000,0.404024
174,01 04 10 13 14 22,0.08084329,0.54521693,-0.597438,1.473680,-1.333333,1.375547,0.000000,0.000000,0.270618
175,01 02 04 10 13 22,0.08084270,0.62988108,-0.190094,0.950590,-0.500000,2.154158,0.000000,0.000000,-0.035681
176,01 02 04 10 22 24,0.08061063,0.66249185,0.081469,1.004025,0.333333,2.024389,0.000000,0.000000,0.138117
177,01 04 08 14 22 24,0.08054829,0.58193589,0.488813,2.106024,-1.055556,0.467167,0.000000,0.000000,0.481382
178,04 08 13 14 18 24,0.08052747,0.69782933,1.575064,1.732345,-0.222222,0.986241,0.000000,0.000000,0.390349
179,04 07 08 13 14 24,0.08033845,0.62511323,-0.054313,1.529739,0.611111,1.245778,0.000000,0.000000,0.391785
180,01 04 08 13 14 22,0.08017012,0.54932512,0.217250,2.052589,-1.888889,0.596935,0.000000,0.000000,0.217174
181,01 02 04 08 13 22,0.08001355,0.63398928,0.624594,1.529499,-1.055556,1.375547,0.000000,0.000000,-0.112233
182,01 02 04 08 22 24,0.07969283,0.66660005,0.896157,1.582933,-0.222222,1.245778,0.000000,0.000000,0.048431
183,04 06 08 10 13 24,0.07964607,0.65781298,1.167720,2.168721,0.055556,0.467167,0.000000,0.000000,0.055761
184,04 07 12 13 24 38,0.07955262,0.64177478,0.081469,0.931598,0.333333,1.764852,0.000000,0.000000,1.232641
185,04 06 13 18 22 24,0.07941049,0.64726620,0.896157,1.453628,-0.777778,1.245778,0.000000,0.000000,0.608722
186,04 12 13 18 24 38,0.07914175,0.71449087,1.710845,1.134203,-0.500000,1.505315,0.000000,0.000000,1.142328
187,01 04 12 13 22 38,0.07897797,0.56598667,0.353032,1.454448,-2.166667,1.116010,0.000000,0.000000,0.997832
188,04 06 07 13 22 24,0.07851646,0.57455011,-0.733219,1.251023,0.055556,1.505315,0.000000,0.000000,0.505710
189,02 04 07 12 13 24,0.07847191,0.67704782,-0.597438,0.285298,1.444444,2.803001,0.000000,0.000000,0.426043
190,04 08 09 12 13 24,0.07845744,0.61102909,0.081469,1.958087,0.888889,0.596935,0.000000,0.000000,0.403494
191,01 02 04 13 14 38,0.07844992,0.60659528,0.217250,1.503373,-1.055556,1.375547,0.000000,0.000000,-0.222233
192,02 04 12 13 18 24,0.07844395,0.74976391,1.031938,0.487904,0.611111,2.543464,0.000000,0.000000,0.392460
193,04 07 09 13 24 38,0.07817789,0.58897189,-0.733219,1.385218,1.444444,1.116010,0.000000,0.000000,1.201671
194,04 09 13 18 24 38,0.07817300,0.66168799,0.896157,1.587823,0.611111,0.856472,0.000000,0.000000,1.171506
195,04 09 10 12 13 24,0.07795724,0.60692090,-0.733219,1.379178,1.444444,1.375547,0.000000,0.000000,0.283100
196,01 04 12 22 24 38,0.07764632,0.59859743,0.624594,1.507883,-1.333333,0.986241,0.000000,0.000000,1.008724
197,01 02 04 10 24 38,0.07760704,0.69507615,1.031938,1.206413,0.333333,1.505315,0.000000,0.000000,0.578706
198,01 04 09 22 24 38,0.07750294,0.54579455,-0.190094,1.961503,-0.222222,0.337398,0.000000,0.000000,1.160184
199,02 04 09 13 18 24,0.07741486,0.69696103,0.217250,0.941524,1.722222,1.894621,0.000000,0.000000,0.412698
200,04 06 09 10 13 24,0.07692308,0.57228052,-0.597438,1.900991,1.166667,0.596935,0.000000,0.000000,0.442045
201,01 04 12 14 22 24,0.07686468,0.54920631,-0.461657,1.384674,-1.055556,1.245778,0.000000,0.000000,0.552645
202,02 04 07 09 13 24,0.07682677,0.62424493,-1.412126,0.738919,2.555556,2.154158,0.000000,0.000000,0.355011
203,04 07 12 13 14 24,0.07681885,0.59238366,-1.004782,0.808389,0.611111,2.024389,0.000000,0.000000,0.487348
204,04 06 13 18 24 38,0.07679278,0.67985050,1.846627,1.656016,-0.777778,0.726704,0.000000,0.000000,1.106480
205,01 04 09 13 22 38,0.07676443,0.51318378,-0.461657,1.908068,-1.055556,0.467167,0.000000,0.000000,0.842590
206,04 06 07 13 24 38,0.07663015,0.60713441,0.217250,1.453411,0.055556,0.986241,0.000000,0.000000,1.111828
207,01 04 09 14 22 24,0.07657912,0.49640343,-1.276345,1.838294,0.055556,0.596935,0.000000,0.000000,0.683041
208,01 02 04 08 24 38,0.07651148,0.69918435,1.846627,1.785322,-0.222222,0.726704,0.000000,0.000000,0.462686
209,01 04 10 14 24 38,0.07648668,0.61041199,0.624594,1.729503,-0.500000,0.726704,0.000000,0.000000,0.718933
210,01 02 04 12 22 24,0.07648472,0.63387047,-0.054313,0.861583,-0.222222,2.024389,0.000000,0.000000,0.190143
211,04 09 13 14 18 24,0.07644250,0.61229687,-0.190094,1.464615,0.888889,1.116010,0.000000,0.000000,0.574851
212,04 06 10 12 13 24,0.07639713,0.62508341,0.217250,1.447371,0.055556,1.245778,0.000000,0.000000,0.191422
213,01 02 04 10 14 24,0.07630104,0.64568503,-0.054313,1.083204,0.611111,1.764852,0.000000,0.000000,0.044942
214,04 07 09 13 14 24,0.07627242,0.53958078,-1.819470,1.262009,1.722222,1.375547,0.000000,0.000000,0.579094
215,04 12 13 14 18 24,0.07620199,0.66509975,0.624594,1.010994,-0.222222,1.764852,0.000000,0.000000,0.366518
216,01 04 08 14 24 38,0.07590077,0.61452019,1.439282,2.308412,-1.055556,-0.051907,0.000000,0.000000,0.678417
217,01 02 04 09 22 24,0.07589547,0.58106759,-0.869001,1.315203,0.888889,1.375547,0.000000,0.000000,0.275545
218,01 04 06 13 22 38,0.07582371,0.53134629,0.488813,1.976261,-2.444444,0.337398,0.000000,0.000000,0.842679
219,01 04 12 13 14 22,0.07580867,0.51659555,-0.733219,1.331239,-1.888889,1.375547,0.000000,0.000000,0.188014
220,04 06 08 12 13 24,0.07572388,0.62919160,1.031938,2.026279,-0.500000,0.467167,0.000000,0.000000,0.137967
221,04 07 08 10 13 24,0.07570152,0.68098333,0.488813,1.179344,1.166667,1.505315,0.000000,0.000000,0.422444
222,01 02 04 08 14 24,0.07548007,0.64979323,0.760376,1.662113,0.055556,0.986241,0.000000,0.000000,-0.030398
223,01 04 09 13 14 22,0.07534982,0.46379266,-1.547908,1.784859,-0.777778,0.726704,0.000000,0.000000,0.292735
224,01 04 08 10 22 24,0.07527829,0.63780599,1.031938,1.755629,-0.500000,0.726704,0.000000,0.000000,0.418249
225,01 02 04 09 13 22,0.07527124,0.54845682,-1.140563,1.261768,0.055556,1.505315,0.000000,0.000000,-0.025117
226,04 06 08 09 13 24,0.07515390,0.57638872,0.217250,2.479900,0.611111,-0.181676,0.000000,0.000000,0.226225
227,01 02 04 12 13 22,0.07503766,0.60125971,-0.325875,0.808148,-1.055556,2.154158,0.000000,0.000000,-0.232424
228,04 08 10 13 18 24,0.07497029,0.75369943,2.118189,1.381950,0.333333,1.245778,0.000000,0.000000,0.284669
229,02 04 06 13 18 24,0.07490570,0.71512354,1.167720,1.009717,0.333333,1.764852,0.000000,0.000000,0.180416
230,01 04 08 10 13 22,0.07467388,0.60519522,0.760376,1.702194,-1.333333,0.856472,0.000000,0.000000,0.120524
231,01 04 06 22 24 38,0.07465277,0.56395706,0.760376,2.029696,-1.611111,0.207630,0.000000,0.000000,0.877381
232,01 04 10 13 14 38,0.07463808,0.57780123,0.353032,1.676068,-1.333333,0.856472,0.000000,0.000000,0.236877
233,02 04 13 14 22 38,0.07452985,0.55518258,-0.461657,1.039240,-1.055556,1.505315,0.000000,0.000000,0.901265
234,04 06 13 14 18 24,0.07433819,0.63045938,0.760376,1.532807,-0.500000,0.986241,0.000000,0.000000,0.402550
235,04 07 13 18 22 24,0.07404798,0.67043655,0.217250,0.464252,0.333333,2.283926,0.000000,0.000000,0.765330
236,01 02 04 10 13 38,0.07401365,0.66246538,0.760376,1.152978,-0.500000,1.635084,0.000000,0.000000,-0.161846
237,01 04 08 13 14 38,0.07400850,0.58190942,1.167720,2.254977,-1.888889,0.077861,0.000000,0.000000,0.189891
238,02 04 06 07 13 24,0.07395679,0.64240744,-0.461657,0.807111,1.166667,2.024389,0.000000,0.000000,0.069273
239,01 04 06 14 22 24,0.07380648,0.51456594,-0.325875,1.906487,-1.333333,0.467167,0.000000,0.000000,0.411723
240,01 02 04 12 24 38,0.07354027,0.66645477,0.896157,1.063971,-0.222222,1.505315,0.000000,0.000000,0.639493
241,01 04 06 13 14 22,0.07338463,0.48195517,-0.597438,1.853052,-2.166667,0.596935,0.000000,0.000000,0.141045
242,01 02 04 08 13 38,0.07322810,0.66657358,1.575064,1.731887,-1.055556,0.856472,0.000000,0.000000,-0.231939
243,01 04 12 14 24 38,0.07305635,0.58179061,0.488813,1.587062,-1.055556,0.726704,0.000000,0.000000,0.874010
244,04 06 09 12 13 24,0.07282324,0.54365915,-0.733219,1.758549,0.611111,0.596935,0.000000,0.000000,0.497933
245,01 02 04 09 24 38,0.07280301,0.61365189,0.081469,1.517591,0.888889,0.856472,0.000000,0.000000,0.702967
246,04 06 07 13 14 24,0.07277382,0.55774329,-0.869001,1.330202,0.333333,1.245778,0.000000,0.000000,0.200224
247,04 07 10 12 13 24,0.07228590,0.64825376,-0.461657,0.457994,1.166667,2.283926,0.000000,0.000000,0.533412
248,02 04 14 22 24 38,0.07215701,0.58779335,-0.190094,1.092675,-0.222222,1.375547,0.000000,0.000000,0.757901
249,01 02 04 06 13 22,0.07214571,0.56661933,-0.190094,1.329961,-1.333333,1.375547,0.000000,0.000000,-0.348717
250,01 04 09 14 24 38,0.07190980,0.52898773,-0.325875,2.040682,0.055556,0.077861,0.000000,0.000000,0.876846
251,01 04 10 12 22 24,0.07174360,0.60507641,0.081469,1.034279,-0.500000,1.505315,0.000000,0.000000,0.511576
252,01 02 04 09 14 24,0.07160663,0.56426077,-1.004782,1.394383,1.166667,1.116010,0.000000,0.000000,0.185444
253,01 04 09 10 22 24,0.07150318,0.55227353,-0.733219,1.487899,0.611111,0.856472,0.000000,0.000000,0.648659
254,01 04 10 12 13 22,0.07134281,0.57246565,-0.190094,0.980844,-1.333333,1.635084,0.000000,0.000000,0.244017
255,01 02 04 12 14 24,0.07125300,0.61706365,-0.190094,0.940762,0.055556,1.764852,0.000000,0.000000,-0.039650
256,04 10 12 13 18 24,0.07123683,0.72096985,1.167720,0.660600,0.333333,2.024389,0.000000,0.000000,0.348548
257,01 04 08 10 24 38,0.07121753,0.67039029,1.982408,1.958017,-0.500000,0.207630,0.000000,0.000000,0.702216
258,01 04 08 12 22 24,0.07120153,0.60918461,0.896157,1.613188,-1.055556,0.726704,0.000000,0.000000,0.477555
259,01 02 13 22 24 38,0.07109360,0.60671877,0.488813,1.456195,0.055556,0.726704,0.000000,0.000000,1.192616
260,04 09 10 13 18 24,0.07105198,0.66816697,0.353032,1.114220,1.444444,1.375547,0.000000,0.000000,0.493864
261,04 08 12 13 18 24,0.07094691,0.72507805,1.982408,1.239508,-0.222222,1.245778,0.000000,0.000000,0.351885
262,04 07 09 10 13 24,0.07089632,0.59545088,-1.276345,0.911614,2.277778,1.635084,0.000000,0.000000,0.500243
263,04 07 08 12 13 24,0.07085021,0.65236195,0.353032,1.036903,0.611111,1.505315,0.000000,0.000000,0.367000
264,04 07 13 18 24 38,0.07078246,0.70302085,1.167720,0.666640,0.333333,1.764852,0.000000,0.000000,1.167114
265,01 04 08 12 13 22,0.07077076,0.57657384,0.624594,1.559753,-1.888889,0.856472,0.000000,0.000000,0.205556
266,01 04 08 09 22 24,0.07075992,0.55638172,0.081469,2.066808,0.055556,0.077861,0.000000,0.000000,0.584832
267,01 02 04 06 22 24,0.07058859,0.59923010,0.081469,1.383396,-0.500000,1.245778,0.000000,0.000000,-0.371228
268,04 08 09 13 18 24,0.07052871,0.67227516,1.167720,1.693128,0.888889,0.596935,0.000000,0.000000,0.462628
269,01 04 13 18 22 38,0.07027320,0.62723273,1.439282,1.189490,-2.166667,1.116010,0.000000,0.000000,0.941993
270,01 04 06 14 24 38,0.07012893,0.54715024,0.624594,2.108875,-1.333333,-0.051907,0.000000,0.000000,0.752463
271,01 04 08 10 14 24,0.07010770,0.62099917,0.896157,1.834808,-0.222222,0.467167,0.000000,0.000000,0.197515
272,01 04 09 10 13 22,0.07004080,0.51966276,-1.004782,1.434464,-0.222222,0.986241,0.000000,0.000000,0.223823
273,01 04 07 22 24 38,0.06984121,0.58712741,0.081469,1.040319,-0.500000,1.245778,0.000000,0.000000,1.115614
274,02 04 07 13 18 24,0.06969588,0.73829389,0.488813,0.020340,1.444444,2.803001,0.000000,0.000000,0.359647
275,01 04 14 18 22 24,0.06963676,0.61045238,0.624594,1.119716,-1.055556,1.245778,0.000000,0.000000,0.715607
276,01 04 12 13 14 38,0.06955987,0.54917985,0.217250,1.533627,-1.888889,0.856472,0.000000,0.000000,0.147815
277,01 04 18 22 24 38,0.06944914,0.65984350,1.710845,1.242925,-1.333333,0.986241,0.000000,0.000000,1.028086
278,04 07 08 09 13 24,0.06941136,0.59955907,-0.461657,1.490523,1.722222,0.856472,0.000000,0.000000,0.326531
279,01 02 04 18 22 24,0.06930556,0.69511654,1.031938,0.596625,-0.222222,2.024389,0.000000,0.000000,0.360328
280,01 04 08 09 13 22,0.06929922,0.52377096,-0.190094,2.013373,-0.777778,0.207630,0.000000,0.000000,0.160243
281,01 02 04 08 10 24,0.06922010,0.70566333,1.303501,1.311718,0.611111,1.245778,0.000000,0.000000,-0.240197
282,01 13 14 22 24 38,0.06920410,0.52205461,0.081469,1.979285,-0.777778,-0.051907,0.000000,0.000000,1.218893
283,01 04 09 13 14 38,0.06916640,0.49637696,-0.597438,1.987247,-0.777778,0.207630,0.000000,0.000000,0.262224
284,02 04 10 13 22 38,0.06915833,0.61105268,0.081469,0.688845,-0.500000,1.764852,0.000000,0.000000,0.823092
285,04 06 07 10 13 24,0.06915211,0.61361339,-0.325875,0.979807,0.888889,1.505315,0.000000,0.000000,0.381291
286,01 02 04 13 18 22,0.06914888,0.66250577,0.760376,0.543190,-1.055556,2.154158,0.000000,0.000000,0.128934
287,01 04 13 14 18 22,0.06910099,0.57784162,0.353032,1.066281,-1.888889,1.375547,0.000000,0.000000,0.428051
288,01 04 07 13 22 38,0.06909177,0.55451664,-0.190094,0.986884,-1.333333,1.375547,0.000000,0.000000,0.796402
289,01 02 13 14 22 24,0.06904561,0.55732765,-0.597438,1.332986,0.333333,0.986241,0.000000,0.000000,0.548924
290,04 07 13 14 18 24,0.06898657,0.65362973,0.081469,0.543431,0.611111,2.024389,0.000000,0.000000,0.560772
291,01 04 07 14 22 24,0.06888474,0.53773629,-1.004782,0.917110,-0.222222,1.505315,0.000000,0.000000,0.633634
292,01 04 06 10 22 24,0.06859106,0.57043604,0.217250,1.556092,-0.777778,0.726704,0.000000,0.000000,0.356677
293,04 06 10 13 18 24,0.06859000,0.68632948,1.303501,1.182413,0.055556,1.245778,0.000000,0.000000,0.268572
294,02 04 08 13 22 38,0.06855328,0.61516088,0.896157,1.267754,-1.055556,0.986241,0.000000,0.000000,0.779740
295,04 10 13 14 22 38,0.06854616,0.52638852,-0.325875,1.211936,-1.333333,0.986241,0.000000,0.000000,1.038608
296,01 02 04 09 13 38,0.06846399,0.58104112,-0.190094,1.464157,0.055556,0.986241,0.000000,0.000000,-0.148053
297,04 08 13 14 22 38,0.06819046,0.53049672,0.488813,1.790845,-1.888889,0.207630,0.000000,0.000000,1.032199
298,01 02 04 12 13 38,0.06816502,0.63384400,0.624594,1.010536,-1.055556,1.635084,0.000000,0.000000,-0.365047
299,01 02 04 06 24 38,0.06815588,0.63181440,1.031938,1.585784,-0.500000,0.726704,0.000000,0.000000,0.153938
300,01 04 06 10 13 22,0.06795668,0.53782527,-0.054313,1.502657,-1.611111,0.856472,0.000000,0.000000,0.054512
301,04 06 08 13 18 24,0.06782652,0.69043767,2.118189,1.761321,-0.500000,0.467167,0.000000,0.000000,0.201749
302,01 02 04 07 22 24,0.06780212,0.62240045,-0.597438,0.394020,0.611111,2.283926,0.000000,0.000000,0.167030
303,01 04 08 10 13 38,0.06771405,0.63777952,1.710845,1.904582,-1.333333,0.337398,0.000000,0.000000,-0.025016
304,01 04 10 12 24 38,0.06769838,0.63766071,1.031938,1.236667,-0.500000,0.986241,0.000000,0.000000,0.797845
305,01 02 04 06 14 24,0.06762040,0.58242328,-0.054313,1.462575,-0.222222,0.986241,0.000000,0.000000,-0.265671
306,01 04 07 13 14 22,0.06761177,0.50512552,-1.276345,0.863675,-1.055556,1.635084,0.000000,0.000000,0.236859
307,01 04 09 10 24 38,0.06742063,0.58485783,0.217250,1.690287,0.611111,0.337398,0.000000,0.000000,0.929397
308,01 02 04 07 13 22,0.06737722,0.58978968,-0.869001,0.340585,-0.222222,2.413695,0.000000,0.000000,-0.104102
309,01 04 06 13 14 38,0.06726660,0.51453947,0.353032,2.055440,-2.166667,0.077861,0.000000,0.000000,0.120221
310,01 04 09 12 22 24,0.06724878,0.52365215,-0.869001,1.345457,0.055556,0.856472,0.000000,0.000000,0.681647
311,02 04 10 22 24 38,0.06713293,0.64366345,0.353032,0.742280,0.333333,1.635084,0.000000,0.000000,0.731202
312,01 04 06 08 13 22,0.06704555,0.54193347,0.760376,2.081566,-2.166667,0.077861,0.000000,0.000000,-0.034186
313,04 09 12 13 18 24,0.06686466,0.63954559,0.217250,0.971778,0.888889,1.375547,0.000000,0.000000,0.536791
314,04 07 09 12 13 24,0.06679376,0.56682950,-1.412126,0.769173,1.722222,1.635084,0.000000,0.000000,0.555727
315,02 04 08 22 24 38,0.06668111,0.64777165,1.167720,1.321189,-0.222222,0.856472,0.000000,0.000000,0.710554
316,01 04 06 08 22 24,0.06666489,0.57454424,1.031938,2.135001,-1.333333,-0.051907,0.000000,0.000000,0.117598
317,01 04 08 09 24 38,0.06661029,0.58896602,1.031938,2.269196,0.055556,-0.441213,0.000000,0.000000,0.855631
318,01 04 10 12 14 24,0.06659906,0.58826959,-0.054313,1.113458,-0.222222,1.245778,0.000000,0.000000,0.294700
319,04 06 07 08 13 24,0.06658492,0.61772158,0.488813,1.558716,0.333333,0.726704,0.000000,0.000000,0.047244
320,02 04 10 13 14 22,0.06643947,0.56166156,-1.004782,0.565637,-0.222222,2.024389,0.000000,0.000000,0.080009
321,01 04 09 10 14 24,0.06634350,0.53546671,-0.869001,1.567078,0.888889,0.596935,0.000000,0.000000,0.429540
322,01 04 08 12 24 38,0.06627351,0.64176891,1.846627,1.815576,-1.055556,0.207630,0.000000,0.000000,0.633035
323,01 02 04 18 24 38,0.06624623,0.72770084,1.982408,0.799013,-0.222222,1.505315,0.000000,0.000000,0.792658
324,01 02 04 08 12 24,0.06608782,0.67704195,1.167720,1.169276,0.055556,1.245778,0.000000,0.000000,-0.040964
325,04 10 14 22 24 38,0.06605343,0.55899929,-0.054313,1.265371,-0.500000,0.856472,0.000000,0.000000,0.877483
326,01 04 08 12 14 24,0.06603519,0.59237779,0.760376,1.692367,-0.777778,0.467167,0.000000,0.000000,0.257450
327,01 04 09 12 13 22,0.06596004,0.49104138,-1.140563,1.292023,-0.777778,0.986241,0.000000,0.000000,0.282536
328,02 04 10 14 22 24,0.06594144,0.59427233,-0.733219,0.619071,0.611111,1.894621,0.000000,0.000000,0.214404
329,01 02 04 10 12 24,0.06586757,0.67293375,0.353032,0.590368,0.611111,2.024389,0.000000,0.000000,-0.119883
330,01 02 13 14 24 38,0.06578236,0.58991195,0.353032,1.535374,0.333333,0.467167,0.000000,0.000000,0.951043
331,02 04 08 13 14 22,0.06576902,0.56576976,-0.190094,1.144545,-0.777778,1.245778,0.000000,0.000000,0.026969
332,04 08 14 22 24 38,0.06572770,0.56310749,0.760376,1.844279,-1.055556,0.077861,0.000000,0.000000,0.875514
333,01 04 08 09 14 24,0.06561009,0.53957490,-0.054313,2.145987,0.333333,-0.181676,0.000000,0.000000,0.367172
334,01 02 04 06 13 38,0.06540384,0.59920363,0.760376,1.532350,-1.333333,0.856472,0.000000,0.000000,-0.461964
335,02 04 08 14 22 24,0.06531466,0.59838053,0.081469,1.197980,0.055556,1.116010,0.000000,0.000000,0.167834
336,01 02 10 13 22 24,0.06522083,0.61319775,-0.054313,0.982591,0.888889,1.245778,0.000000,0.000000,0.699905
337,01 02 04 13 18 38,0.06507055,0.69509007,1.710845,0.745578,-1.055556,1.635084,0.000000,0.000000,0.410297
338,02 04 12 13 22 38,0.06498199,0.58243130,-0.054313,0.546404,-1.055556,1.764852,0.000000,0.000000,0.867645
339,01 04 13 14 18 38,0.06476110,0.61042591,1.303501,1.268669,-1.888889,0.856472,0.000000,0.000000,0.670663
340,01 02 04 14 18 24,0.06471368,0.67830972,0.896157,0.675804,0.055556,1.764852,0.000000,0.000000,0.225330
341,01 02 04 09 10 24,0.06458695,0.62013087,-0.461657,1.043988,1.722222,1.375547,0.000000,0.000000,-0.136910
342,01 04 06 10 24 38,0.06457390,0.60302034,1.167720,1.758480,-0.777778,0.207630,0.000000,0.000000,0.647102
343,02 04 09 13 22 38,0.06457188,0.52962842,-0.869001,1.000024,0.055556,1.116010,0.000000,0.000000,0.979588
344,01 02 08 13 22 24,0.06456945,0.61730595,0.760376,1.561500,0.333333,0.467167,0.000000,0.000000,0.649690
345,01 02 04 07 24 38,0.06453190,0.65498475,0.353032,0.596408,0.611111,1.764852,0.000000,0.000000,0.568116
346,04 06 12 13 18 24,0.06445180,0.65770810,1.167720,1.039971,-0.500000,1.245778,0.000000,0.000000,0.318775
347,01 04 14 18 24 38,0.06444719,0.64303668,1.575064,1.322104,-1.055556,0.726704,0.000000,0.000000,0.832336
348,01 04 06 12 22 24,0.06442686,0.54181466,0.081469,1.413650,-1.333333,0.726704,0.000000,0.000000,0.403030
349,01 04 10 12 13 38,0.06429579,0.60504995,0.760376,1.183232,-1.333333,1.116010,0.000000,0.000000,0.085560
350,01 10 13 22 24 38,0.06427138,0.57792471,0.624594,1.628890,-0.222222,0.207630,0.000000,0.000000,1.205729
351,01 04 07 14 24 38,0.06425901,0.57032059,-0.054313,1.119498,-0.222222,0.986241,0.000000,0.000000,0.833898
352,01 10 13 14 22 24,0.06412433,0.52853359,-0.461657,1.505682,0.055556,0.467167,0.000000,0.000000,0.843666
353,04 09 13 14 22 38,0.06408096,0.44496426,-1.276345,1.523114,-0.777778,0.337398,0.000000,0.000000,1.213068
354,01 04 10 18 22 24,0.06406459,0.66632248,1.167720,0.769321,-0.500000,1.505315,0.000000,0.000000,0.607707
355,04 06 09 13 18 24,0.06398448,0.60490521,0.353032,1.493591,0.611111,0.596935,0.000000,0.000000,0.422242
356,01 04 06 12 13 22,0.06396613,0.50920389,-0.190094,1.360216,-2.166667,0.856472,0.000000,0.000000,0.126590
357,01 08 13 22 24 38,0.06393475,0.58203291,1.439282,2.207799,-0.777778,-0.570982,0.000000,0.000000,1.202145
358,01 04 06 09 22 24,0.06389505,0.48901178,-0.733219,1.867271,-0.222222,0.077861,0.000000,0.000000,0.496942
359,01 02 04 10 13 14,0.06382875,0.61307426,-0.325875,1.029769,-0.222222,1.894621,0.000000,0.000000,-2.011046
360,01 04 08 18 22 24,0.06382485,0.67043068,1.982408,1.348230,-1.055556,0.726704,0.000000,0.000000,0.618478
361,01 02 04 08 09 24,0.06377658,0.62423906,0.353032,1.622896,1.166667,0.596935,0.000000,0.000000,-0.210679
362,01 04 08 12 13 38,0.06376734,0.60915814,1.575064,1.762141,-1.888889,0.337398,0.000000,0.000000,0.053557
363,01 02 04 07 14 24,0.06372078,0.60559363,-0.733219,0.473199,0.888889,2.024389,0.000000,0.000000,0.107671
364,01 04 07 10 22 24,0.06370217,0.59360639,-0.461657,0.566715,0.333333,1.764852,0.000000,0.000000,0.583454
365,01 08 13 14 22 24,0.06353260,0.53264179,0.353032,2.084590,-0.500000,-0.311445,0.000000,0.000000,0.802289
366,02 04 09 22 24 38,0.06349606,0.56223919,-0.597438,1.053459,0.888889,0.986241,0.000000,0.000000,1.028382
367,01 04 06 10 14 24,0.06339868,0.55362922,0.081469,1.635271,-0.500000,0.467167,0.000000,0.000000,0.132714
368,01 04 06 08 24 38,0.06339636,0.60712853,1.982408,2.337389,-1.333333,-0.570982,0.000000,0.000000,0.518935
369,04 06 07 12 13 24,0.06327329,0.58499201,-0.461657,0.837366,0.333333,1.505315,0.000000,0.000000,0.173617
370,04 12 13 14 22 38,0.06322146,0.49776714,-0.461657,1.069494,-1.888889,0.986241,0.000000,0.000000,0.913029
371,01 04 09 10 13 38,0.06305918,0.55224706,-0.054313,1.636852,-0.222222,0.467167,0.000000,0.000000,0.075053
372,04 07 08 13 18 24,0.06294468,0.71360802,1.439282,0.771945,0.611111,1.505315,0.000000,0.000000,0.429571
373,01 04 07 08 22 24,0.06288003,0.59771459,0.353032,1.145624,-0.222222,0.986241,0.000000,0.000000,0.507941
374,02 04 12 22 24 38,0.06276239,0.61504207,0.217250,0.599839,-0.222222,1.635084,0.000000,0.000000,0.746985
375,04 08 10 13 22 38,0.06273136,0.58636682,1.031938,1.440450,-1.333333,0.467167,0.000000,0.000000,0.941050
376,01 02 04 08 13 14,0.06262209,0.61718246,0.488813,1.608678,-0.777778,1.116010,0.000000,0.000000,-2.143527
377,04 07 10 13 18 24,0.06261783,0.70949983,0.624594,0.193036,1.166667,2.283926,0.000000,0.000000,0.334857
378,04 06 07 09 13 24,0.06257088,0.53218912,-1.276345,1.290986,1.444444,0.856472,0.000000,0.000000,0.242255
379,02 04 10 14 24 38,0.06254276,0.62685663,0.217250,0.821460,0.611111,1.375547,0.000000,0.000000,0.596459
380,01 04 06 08 14 24,0.06249572,0.55773742,0.896157,2.214180,-1.055556,-0.311445,0.000000,0.000000,0.045227
381,04 09 14 22 24 38,0.06247618,0.47757503,-1.004782,1.576549,0.055556,0.207630,0.000000,0.000000,1.183495
382,01 04 06 09 13 22,0.06240437,0.45640101,-1.004782,1.813836,-1.055556,0.207630,0.000000,0.000000,0.067913
383,01 02 04 06 10 24,0.06239619,0.63829338,0.488813,1.112181,0.333333,1.245778,0.000000,0.000000,-0.322018
384,01 04 08 09 13 38,0.06236118,0.55635526,0.760376,2.215761,-0.777778,-0.311445,0.000000,0.000000,0.017932
385,01 04 09 12 24 38,0.06229897,0.55623645,0.081469,1.547846,0.055556,0.337398,0.000000,0.000000,0.833898
386,01 02 04 09 12 24,0.06221710,0.59150949,-0.597438,0.901546,1.166667,1.375547,0.000000,0.000000,0.175282
387,02 04 09 14 22 24,0.06221709,0.51284807,-1.683689,0.930250,1.166667,1.245778,0.000000,0.000000,0.498623
388,01 04 09 12 14 24,0.06209334,0.50684533,-1.004782,1.424637,0.333333,0.596935,0.000000,0.000000,0.463157
389,02 04 08 14 24 38,0.06195957,0.63096483,1.031938,1.400368,0.055556,0.596935,0.000000,0.000000,0.556347
390,01 04 10 13 18 22,0.06195352,0.63371172,0.896157,0.715886,-1.333333,1.635084,0.000000,0.000000,0.086765
391,02 04 06 13 22 38,0.06183590,0.54779093,0.081469,1.068217,-1.333333,0.986241,0.000000,0.000000,0.713703
392,02 04 09 13 14 22,0.06182032,0.48023730,-1.955252,0.876815,0.333333,1.375547,0.000000,0.000000,0.231660
393,04 06 13 14 22 38,0.06174983,0.46312677,-0.325875,1.591307,-2.166667,0.207630,0.000000,0.000000,1.007162
394,01 04 07 08 13 22,0.06147633,0.56510382,0.081469,1.092189,-1.055556,1.116010,0.000000,0.000000,0.091798
395,01 04 07 13 14 38,0.06147195,0.53770982,-0.325875,1.066063,-1.055556,1.116010,0.000000,0.000000,0.212806
396,04 12 14 22 24 38,0.06146393,0.53037791,-0.190094,1.122929,-1.055556,0.856472,0.000000,0.000000,0.860825
397,01 02 10 13 24 38,0.06133178,0.64578205,0.896157,1.184979,0.888889,0.726704,0.000000,0.000000,1.009310
398,01 04 07 10 13 22,0.06128343,0.56099562,-0.733219,0.513280,-0.500000,1.894621,0.000000,0.000000,0.016930
399,01 04 06 10 13 38,0.06104045,0.57040957,0.896157,1.705045,-1.611111,0.337398,0.000000,0.000000,-0.084570
400,01 04 08 13 18 22,0.06093553,0.63781991,1.710845,1.294795,-1.888889,0.856472,0.000000,0.000000,-0.017765
401,01 02 08 13 24 38,0.06072399,0.64989024,1.710845,1.763888,0.333333,-0.051907,0.000000,0.000000,0.965554
402,02 04 12 14 22 24,0.06069921,0.56565095,-0.869001,0.476630,0.055556,1.894621,0.000000,0.000000,0.101042
403,02 04 10 13 14 38,0.06065572,0.59424586,-0.054313,0.768025,-0.222222,1.505315,0.000000,0.000000,0.108708
404,01 04 08 10 12 24,0.06061697,0.64824789,1.303501,1.341972,-0.222222,0.726704,0.000000,0.000000,0.172359
405,04 08 10 22 24 38,0.06061603,0.61897759,1.303501,1.493885,-0.500000,0.337398,0.000000,0.000000,0.835839
406,01 02 04 07 13 38,0.06061356,0.62237398,0.081469,0.542973,-0.222222,1.894621,0.000000,0.000000,-0.220578
407,02 04 12 13 14 22,0.06047574,0.53304018,-1.140563,0.423195,-0.777778,2.024389,0.000000,0.000000,-0.140246
408,01 04 06 12 24 38,0.06046883,0.57439896,1.031938,1.616039,-1.333333,0.207630,0.000000,0.000000,0.702216
409,02 04 08 10 13 22,0.06027824,0.62163986,0.353032,0.794150,-0.222222,1.505315,0.000000,0.000000,-0.068874
410,01 04 06 08 13 38,0.06017291,0.57451777,1.710845,2.283954,-2.166667,-0.441213,0.000000,0.000000,-0.166809
411,02 04 08 13 14 38,0.06002886,0.59835406,0.760376,1.346933,-0.777778,0.726704,0.000000,0.000000,0.062126
412,01 10 13 14 24 38,0.05997372,0.56111789,0.488813,1.708070,0.055556,-0.051907,0.000000,0.000000,1.114321
413,01 12 13 22 24 38,0.05985400,0.54930333,0.488813,1.486449,-0.777778,0.207630,0.000000,0.000000,1.214572
414,01 04 12 18 22 24,0.05980606,0.63770110,1.031938,0.626879,-1.055556,1.505315,0.000000,0.000000,0.640083
415,01 04 06 09 24 38,0.05978901,0.52159608,0.217250,2.069659,-0.222222,-0.441213,0.000000,0.000000,0.774199
416,01 02 09 13 22 24,0.05973825,0.53177349,-1.004782,1.293770,1.444444,0.596935,0.000000,0.000000,0.723637
417,01 04 09 18 22 24,0.05968847,0.58489822,0.217250,1.080499,0.055556,0.856472,0.000000,0.000000,0.795363
418,01 08 13 14 24 38,0.05961529,0.56522609,1.303501,2.286978,-0.500000,-0.830519,0.000000,0.000000,1.107508
419,01 02 04 06 08 24,0.05958033,0.64240157,1.303501,1.691089,-0.222222,0.467167,0.000000,0.000000,-0.692907
420,01 04 08 09 10 24,0.05954948,0.59544500,0.488813,1.795592,0.888889,0.077861,0.000000,0.000000,0.186909
421,01 04 07 12 22 24,0.05952155,0.56498501,-0.597438,0.424274,-0.222222,1.764852,0.000000,0.000000,0.627374
422,01 02 10 13 14 24,0.05943459,0.59639093,-0.190094,1.061770,1.166667,0.986241,0.000000,0.000000,0.387960
423,04 07 12 13 18 24,0.05940329,0.68087845,0.488813,0.050595,0.611111,2.283926,0.000000,0.000000,0.521904
424,01 02 12 13 22 24,0.05937239,0.58457637,-0.190094,0.840149,0.333333,1.245778,0.000000,0.000000,0.496732
425,04 08 10 13 14 22,0.05932216,0.53697570,-0.054313,1.317241,-1.055556,0.726704,0.000000,0.000000,0.095691
426,04 06 14 22 24 38,0.05931705,0.49573754,-0.054313,1.644742,-1.333333,0.077861,0.000000,0.000000,0.854918
427,01 04 12 13 18 22,0.05930621,0.60509034,0.760376,0.573444,-1.888889,1.635084,0.000000,0.000000,0.357848
428,01 04 10 18 24 38,0.05928628,0.69890678,2.118189,0.971709,-0.500000,0.986241,0.000000,0.000000,0.785366
429,01 04 06 12 14 24,0.05923873,0.52500784,-0.054313,1.492830,-1.055556,0.467167,0.000000,0.000000,0.179696
430,02 04 08 10 22 24,0.05912371,0.65425063,0.624594,0.847585,0.611111,1.375547,0.000000,0.000000,-0.031740
431,01 09 13 22 24 38,0.05894276,0.49650045,-0.325875,1.940069,0.333333,-0.441213,0.000000,0.000000,1.252270
432,01 04 09 12 13 38,0.05893482,0.52362568,-0.190094,1.494411,-0.777778,0.467167,0.000000,0.000000,0.127308
433,04 10 12 13 22 38,0.05889981,0.55363724,0.081469,0.719100,-1.333333,1.245778,0.000000,0.000000,0.990398
434,02 04 06 22 24 38,0.05885063,0.58040170,0.353032,1.121652,-0.500000,0.856472,0.000000,0.000000,0.479605
435,04 08 10 14 22 24,0.05884503,0.56958647,0.217250,1.370676,-0.222222,0.596935,0.000000,0.000000,0.233183
436,02 04 09 14 24 38,0.05884020,0.54543237,-0.733219,1.132638,1.166667,0.726704,0.000000,0.000000,0.883907
437,01 04 08 10 13 14,0.05881132,0.58838840,0.624594,1.781373,-1.055556,0.596935,0.000000,0.000000,-1.684258
438,04 09 10 13 22 38,0.05878853,0.50083436,-0.733219,1.172720,-0.222222,0.596935,0.000000,0.000000,1.146612
439,01 04 08 18 24 38,0.05876606,0.70301498,2.932877,1.550618,-1.055556,0.207630,0.000000,0.000000,0.754582
440,01 02 08 13 14 24,0.05876142,0.60049913,0.624594,1.640679,0.611111,0.207630,0.000000,0.000000,0.334517
441,01 04 07 10 24 38,0.05873682,0.62619069,0.488813,0.769103,0.333333,1.245778,0.000000,0.000000,0.733403
442,01 04 06 09 14 24,0.05872342,0.47220496,-0.869001,1.946450,0.055556,-0.181676,0.000000,0.000000,0.276052
443,01 04 07 08 24 38,0.05866332,0.63029888,1.303501,1.348012,-0.222222,0.467167,0.000000,0.000000,0.768802
444,04 08 12 13 22 38,0.05865894,0.55774544,0.896157,1.298008,-1.888889,0.467167,0.000000,0.000000,1.001000
445,01 02 04 10 18 24,0.05864900,0.73417982,1.439282,0.325410,0.611111,2.024389,0.000000,0.000000,0.044463
446,01 09 13 14 22 24,0.05857330,0.44710933,-1.412126,1.816860,0.611111,-0.181676,0.000000,0.000000,0.857257
447,01 02 04 07 10 24,0.05850203,0.66146373,-0.190094,0.122804,1.444444,2.283926,0.000000,0.000000,0.052131
448,01 04 10 13 18 38,0.05843595,0.66629601,1.846627,0.918274,-1.333333,1.116010,0.000000,0.000000,0.451206
449,04 08 09 13 22 38,0.05831430,0.50494255,0.081469,1.751628,-0.777778,-0.181676,0.000000,0.000000,1.122642
450,01 02 04 06 12 24,0.05822269,0.60967200,0.353032,0.969739,-0.222222,1.245778,0.000000,0.000000,-0.277044
451,01 04 07 12 13 22,0.05820284,0.53237424,-0.869001,0.370839,-1.055556,1.894621,0.000000,0.000000,0.223823
452,02 04 12 14 24 38,0.05818332,0.59823525,0.081469,0.679018,0.055556,1.375547,0.000000,0.000000,0.613886
453,01 08 10 13 22 24,0.05817057,0.58851189,0.896157,1.734195,0.055556,-0.051907,0.000000,0.000000,0.725522
454,01 02 04 08 18 24,0.05816300,0.73828802,2.253971,0.904318,0.055556,1.245778,0.000000,0.000000,0.018750
455,01 12 13 14 22 24,0.05813296,0.49991221,-0.597438,1.363240,-0.500000,0.467167,0.000000,0.000000,0.619318
456,02 04 06 13 14 22,0.05805987,0.49839981,-1.004782,0.945008,-1.055556,1.245778,0.000000,0.000000,-0.186004
457,01 04 07 09 22 24,0.05802114,0.51218213,-1.412126,0.877894,0.888889,1.116010,0.000000,0.000000,0.577784
458,04 07 09 13 18 24,0.05794681,0.62807556,-0.325875,0.504215,1.722222,1.635084,0.000000,0.000000,0.478825
459,01 02 06 13 22 24,0.05792604,0.54993600,-0.054313,1.361963,0.055556,0.467167,0.000000,0.000000,0.594610
460,01 02 04 09 13 14,0.05789067,0.53165000,-1.276345,1.340948,0.333333,1.245778,0.000000,0.000000,-2.054797
461,01 04 08 13 18 38,0.05781726,0.67040421,2.661315,1.497183,-1.888889,0.337398,0.000000,0.000000,0.405835
462,01 04 07 08 14 24,0.05779538,0.58090777,0.217250,1.224803,0.055556,0.726704,0.000000,0.000000,0.299938
463,01 02 04 13 14 18,0.05776561,0.64569895,0.624594,0.622369,-0.777778,1.894621,0.000000,0.000000,-1.012228
464,01 02 04 06 09 24,0.05771511,0.55686912,-0.461657,1.423359,0.888889,0.596935,0.000000,0.000000,-0.179542
465,02 04 06 14 22 24,0.05764918,0.53101058,-0.733219,0.998443,-0.222222,1.116010,0.000000,0.000000,-0.038669
466,01 06 13 22 24 38,0.05763348,0.51466296,0.624594,2.008262,-1.055556,-0.570982,0.000000,0.000000,1.197754
467,01 04 07 10 14 24,0.05759430,0.57679957,-0.597438,0.645895,0.611111,1.505315,0.000000,0.000000,0.223858
468,04 09 10 22 24 38,0.05753119,0.53344513,-0.461657,1.226155,0.611111,0.467167,0.000000,0.000000,1.168513
469,01 04 10 14 18 24,0.05731016,0.64951566,1.031938,0.848500,-0.222222,1.245778,0.000000,0.000000,0.152322
470,01 04 06 18 22 24,0.05725145,0.60306073,1.167720,1.148692,-1.333333,0.726704,0.000000,0.000000,0.573769
471,02 04 13 18 22 38,0.05719543,0.64367737,1.031938,0.281446,-1.055556,1.764852,0.000000,0.000000,0.947842
472,01 06 13 14 22 24,0.05716594,0.46527184,-0.461657,1.885053,-0.777778,-0.311445,0.000000,0.000000,0.788210
473,04 08 09 22 24 38,0.05714856,0.53755332,0.353032,1.805063,0.055556,-0.311445,0.000000,0.000000,1.158116
474,01 04 06 12 13 38,0.05700630,0.54178819,0.760376,1.562604,-2.166667,0.337398,0.000000,0.000000,-0.018950
475,02 04 07 13 22 38,0.05690195,0.57096128,-0.597438,0.078840,-0.222222,2.024389,0.000000,0.000000,0.933803
476,01 04 09 10 12 24,0.05685549,0.56271543,-0.461657,1.074242,0.888889,0.856472,0.000000,0.000000,0.404788
477,01 02 04 12 13 14,0.05673816,0.58445289,-0.461657,0.887328,-0.777778,1.894621,0.000000,0.000000,-2.398247
478,04 07 13 14 22 38,0.05667408,0.48629712,-1.004782,0.601931,-1.055556,1.245778,0.000000,0.000000,1.206255
479,01 04 08 14 18 24,0.05666976,0.65362386,1.846627,1.427409,-0.777778,0.467167,0.000000,0.000000,0.103733
480,04 10 12 22 24 38,0.05656033,0.58624801,0.353032,0.772534,-0.500000,1.116010,0.000000,0.000000,0.851976
481,02 04 09 10 13 22,0.05651676,0.53610740,-1.412126,0.526420,0.888889,1.635084,0.000000,0.000000,0.163555
482,04 06 10 13 22 38,0.05640011,0.51899687,0.217250,1.240913,-1.611111,0.467167,0.000000,0.000000,0.932219
483,02 04 08 12 13 22,0.05637239,0.59301848,0.217250,0.651709,-0.777778,1.505315,0.000000,0.000000,0.015754
484,02 04 08 10 24 38,0.05635540,0.68683492,1.575064,1.049973,0.611111,0.856472,0.000000,0.000000,0.443706
485,04 08 12 22 24 38,0.05634943,0.59035621,1.167720,1.351443,-1.055556,0.337398,0.000000,0.000000,0.867019
486,01 02 04 08 10 13,0.05632912,0.67305256,1.031938,1.258283,-0.222222,1.375547,0.000000,0.000000,-2.358215
487,04 06 07 13 18 24,0.05631734,0.64623808,0.624594,0.572408,0.333333,1.505315,0.000000,0.000000,0.376871
488,01 04 06 08 10 24,0.05625755,0.61360752,1.439282,1.863785,-0.500000,-0.051907,0.000000,0.000000,-0.161343
489,01 04 08 09 12 24,0.05623691,0.56682362,0.353032,1.653151,0.333333,0.077861,0.000000,0.000000,0.359432
490,01 02 12 13 24 38,0.05623177,0.61716067,0.760376,1.042538,0.333333,0.726704,0.000000,0.000000,0.917019
491,02 04 09 10 22 24,0.05622021,0.56871817,-1.140563,0.579855,1.722222,1.505315,0.000000,0.000000,0.327801
492,04 13 14 18 22 38,0.05614461,0.55901321,0.624594,0.804536,-1.888889,0.986241,0.000000,0.000000,1.098371
493,01 04 09 13 18 22,0.05610978,0.55228745,-0.054313,1.027065,-0.777778,0.986241,0.000000,0.000000,0.056990
494,04 08 10 14 24 38,0.05609126,0.60217077,1.167720,1.573064,-0.222222,0.077861,0.000000,0.000000,0.710784
495,02 04 09 13 14 38,0.05605837,0.51282160,-1.004782,1.079203,0.333333,0.856472,0.000000,0.000000,0.263589
496,02 04 10 12 13 22,0.05601532,0.58891028,-0.597438,0.072800,-0.222222,2.283926,0.000000,0.000000,-0.083436
497,02 04 08 12 22 24,0.05597061,0.62562925,0.488813,0.705144,0.055556,1.375547,0.000000,0.000000,0.164410
498,01 02 09 13 24 38,0.05587100,0.56435779,-0.054313,1.496158,1.444444,0.077861,0.000000,0.000000,1.036272
499,01 02 04 07 08 24,0.05585012,0.66557192,0.624594,0.701713,0.888889,1.505315,0.000000,0.000000,-0.294469
500,02 04 07 22 24 38,0.05583705,0.60357205,-0.325875,0.132275,0.611111,1.894621,0.000000,0.000000,0.984216
501,04 09 10 14 22 24,0.05579288,0.48405401,-1.547908,1.102946,0.888889,0.726704,0.000000,0.000000,0.570701
502,02 04 08 09 13 22,0.05577790,0.54021559,-0.597438,1.105329,0.333333,0.856472,0.000000,0.000000,0.100379
503,01 04 06 13 18 22,0.05574343,0.57044996,0.896157,1.095258,-2.166667,0.856472,0.000000,0.000000,0.142171
504,04 06 08 13 22 38,0.05568567,0.52310507,1.031938,1.819821,-2.166667,-0.311445,0.000000,0.000000,0.872662
505,01 04 07 09 13 22,0.05567248,0.47957136,-1.683689,0.824459,0.055556,1.245778,0.000000,0.000000,0.021643
506,02 04 10 12 22 24,0.05558358,0.62152105,-0.325875,0.126235,0.611111,2.154158,0.000000,0.000000,0.060780
507,01 04 06 09 13 38,0.05550993,0.48898531,-0.054313,2.016224,-1.055556,-0.311445,0.000000,0.000000,-0.067940
508,02 04 08 09 22 24,0.05547968,0.57282636,-0.325875,1.158764,1.166667,0.726704,0.000000,0.000000,0.264377
509,02 13 14 22 24 38,0.05529843,0.53849925,-0.325875,1.071241,0.333333,0.596935,0.000000,0.000000,1.102085
510,04 08 09 14 22 24,0.05529007,0.48816220,-0.733219,1.681854,0.333333,-0.051907,0.000000,0.000000,0.542498
511,02 04 06 14 24 38,0.05526407,0.56359488,0.217250,1.200831,-0.222222,0.596935,0.000000,0.000000,0.493550
512,01 04 12 13 18 38,0.05519961,0.63767463,1.710845,0.775833,-1.888889,1.116010,0.000000,0.000000,0.635024
513,04 07 14 22 24 38,0.05509927,0.51890789,-0.733219,0.655366,-0.222222,1.116010,0.000000,0.000000,1.181122
514,01 04 12 18 24 38,0.05498416,0.67028540,1.982408,0.829267,-1.055556,0.986241,0.000000,0.000000,0.811284
515,01 04 06 07 22 24,0.05495455,0.53034464,-0.461657,0.946087,-0.500000,0.986241,0.000000,0.000000,0.262918
516,02 04 08 10 14 24,0.05489042,0.63744381,0.488813,0.926765,0.888889,1.116010,0.000000,0.000000,-0.113612
517,01 04 09 18 24 38,0.05474225,0.61748252,1.167720,1.282888,0.055556,0.337398,0.000000,0.000000,0.948146
518,02 04 13 14 18 22,0.05468628,0.59428625,-0.054313,0.158237,-0.777778,2.024389,0.000000,0.000000,0.235828
519,01 12 13 14 24 38,0.05465174,0.53249651,0.353032,1.565628,-0.500000,-0.051907,0.000000,0.000000,0.989145
520,02 04 12 13 14 38,0.05464839,0.56562448,-0.190094,0.625583,-0.777778,1.505315,0.000000,0.000000,-0.118005
521,01 02 04 12 18 24,0.05463672,0.70555844,1.303501,0.182968,0.055556,2.024389,0.000000,0.000000,0.113323
522,01 09 13 14 24 38,0.05463419,0.47969363,-0.461657,2.019248,0.611111,-0.700750,0.000000,0.000000,1.159247
523,04 08 12 14 22 24,0.05463311,0.54096509,0.081469,1.228234,-0.777778,0.596935,0.000000,0.000000,0.272466
524,01 04 07 12 24 38,0.05461534,0.59756931,0.353032,0.626662,-0.222222,1.245778,0.000000,0.000000,0.786083
525,01 04 06 07 13 22,0.05458959,0.49773387,-0.733219,0.892652,-1.333333,1.116010,0.000000,0.000000,0.000668
526,01 04 07 08 13 38,0.05458189,0.59768812,1.031938,1.294577,-1.055556,0.596935,0.000000,0.000000,-0.044054
527,02 04 18 22 24 38,0.05455703,0.67628814,1.303501,0.334881,-0.222222,1.635084,0.000000,0.000000,0.765136
528,04 09 12 13 22 38,0.05455217,0.47221298,-0.869001,1.030278,-0.777778,0.596935,0.000000,0.000000,1.182273
529,02 04 07 14 22 24,0.05452543,0.55418093,-1.412126,0.009066,0.888889,2.154158,0.000000,0.000000,0.449619
530,04 09 10 13 14 22,0.05448564,0.45144324,-1.819470,1.049511,0.055556,0.856472,0.000000,0.000000,0.168850
531,01 04 12 14 18 24,0.05447975,0.62089428,0.896157,0.706059,-0.777778,1.245778,0.000000,0.000000,0.396279
532,01 02 04 06 13 14,0.05446216,0.54981251,-0.325875,1.409141,-1.055556,1.116010,0.000000,0.000000,-2.423284
533,01 04 10 12 13 14,0.05443784,0.55565883,-0.325875,1.060023,-1.055556,1.375547,0.000000,0.000000,-1.715201
534,02 04 14 18 22 24,0.05438950,0.62689702,0.217250,0.211672,0.055556,1.894621,0.000000,0.000000,0.400040
535,04 08 12 13 14 22,0.05438874,0.50835432,-0.190094,1.174799,-1.611111,0.726704,0.000000,0.000000,0.028081
536,01 04 07 10 13 38,0.05434540,0.59357992,0.217250,0.715669,-0.500000,1.375547,0.000000,0.000000,-0.125381
537,01 04 07 12 14 24,0.05434432,0.54817819,-0.733219,0.503453,0.055556,1.505315,0.000000,0.000000,0.405655
538,01 02 04 07 12 24,0.05432581,0.63284235,-0.325875,-0.019637,0.888889,2.283926,0.000000,0.000000,0.096701
539,04 06 10 22 24 38,0.05431476,0.55160764,0.488813,1.294348,-0.777778,0.337398,0.000000,0.000000,0.831448
540,04 08 10 13 14 38,0.05429413,0.56956000,0.896157,1.519629,-1.055556,0.207630,0.000000,0.000000,0.236353
541,01 08 10 13 24 38,0.05415074,0.62109619,1.846627,1.936584,0.055556,-0.570982,0.000000,0.000000,1.015552
542,01 02 04 09 18 24,0.05414975,0.65275556,0.488813,0.636588,1.166667,1.375547,0.000000,0.000000,0.213878
543,01 08 12 13 22 24,0.05414447,0.55989051,0.760376,1.591754,-0.500000,-0.051907,0.000000,0.000000,0.792334
544,01 02 06 13 24 38,0.05412417,0.58252030,0.896157,1.564351,0.055556,-0.051907,0.000000,0.000000,0.916932
545,02 04 07 13 14 22,0.05408500,0.52157016,-1.683689,-0.044369,0.055556,2.283926,0.000000,0.000000,0.176187
546,01 02 08 10 13 24,0.05408090,0.65636923,1.167720,1.290284,1.166667,0.467167,0.000000,0.000000,0.358717
547,01 04 08 12 13 14,0.05400361,0.55976702,0.488813,1.638932,-1.611111,0.596935,0.000000,0.000000,-1.733244
548,04 10 12 14 22 24,0.05398302,0.53685689,-0.733219,0.649326,-0.222222,1.375547,0.000000,0.000000,0.129864
549,04 08 09 13 14 22,0.05394602,0.45555144,-1.004782,1.628419,-0.500000,0.077861,0.000000,0.000000,0.135192
550,01 02 09 13 14 24,0.05394112,0.51496667,-1.140563,1.372949,1.722222,0.337398,0.000000,0.000000,0.410078
551,01 04 06 10 12 24,0.05390250,0.58087794,0.488813,1.142435,-0.500000,0.726704,0.000000,0.000000,0.106751
552,01 04 07 09 24 38,0.05389330,0.54476643,-0.461657,1.080282,0.888889,0.596935,0.000000,0.000000,0.851812
553,04 10 12 13 14 22,0.05376862,0.50424613,-1.004782,0.595891,-1.055556,1.505315,0.000000,0.000000,-0.110081
554,02 04 08 10 13 38,0.05373986,0.65422416,1.303501,0.996539,-0.222222,0.986241,0.000000,0.000000,-0.151974
555,01 04 09 10 13 14,0.05367381,0.50285594,-1.140563,1.513643,0.055556,0.726704,0.000000,0.000000,-1.655693
556,01 02 13 18 22 24,0.05365660,0.64582244,0.896157,0.575191,0.333333,1.245778,0.000000,0.000000,0.883719
557,01 04 06 09 10 24,0.05357830,0.52807506,-0.325875,1.596055,0.611111,0.077861,0.000000,0.000000,0.231422
558,02 04 06 10 13 22,0.05356376,0.55426991,-0.461657,0.594613,-0.500000,1.505315,0.000000,0.000000,-0.134482
559,01 10 12 13 22 24,0.05350528,0.55578231,-0.054313,1.012845,0.055556,0.726704,0.000000,0.000000,0.651346
560,01 04 10 13 14 18,0.05343660,0.61690490,0.760376,0.795065,-1.055556,1.375547,0.000000,0.000000,-0.629738
561,02 04 09 10 24 38,0.05343010,0.60130247,-0.190094,0.782243,1.722222,0.986241,0.000000,0.000000,0.800017
562,01 09 10 13 22 24,0.05337794,0.50297943,-0.869001,1.466465,1.166667,0.077861,0.000000,0.000000,0.805183
563,01 08 10 13 14 24,0.05337611,0.57170507,0.760376,1.813375,0.333333,-0.311445,0.000000,0.000000,0.560512
564,01 06 13 14 24 38,0.05329222,0.49785614,0.488813,2.087441,-0.777778,-0.830519,0.000000,0.000000,1.099887
565,04 14 18 22 24 38,0.05324217,0.59162398,0.896157,0.857971,-1.055556,0.856472,0.000000,0.000000,0.876547
566,01 02 04 10 13 18,0.05318091,0.70156905,1.167720,0.271975,-0.222222,2.154158,0.000000,0.000000,-0.973830
567,01 04 06 08 12 24,0.05311437,0.58498614,1.303501,1.721344,-1.055556,-0.051907,0.000000,0.000000,0.036276
568,04 09 12 22 24 38,0.05310063,0.50482375,-0.597438,1.083713,0.055556,0.467167,0.000000,0.000000,1.175404
569,01 04 06 18 24 38,0.05305991,0.63564503,2.118189,1.351081,-1.333333,0.207630,0.000000,0.000000,0.838360
570,04 09 10 14 24 38,0.05301731,0.51663831,-0.597438,1.305334,0.888889,0.207630,0.000000,0.000000,1.045072
571,01 04 09 13 18 38,0.05296972,0.58487175,0.896157,1.229453,-0.777778,0.467167,0.000000,0.000000,0.477360
572,04 06 10 13 14 22,0.05292552,0.46960575,-0.869001,1.117704,-1.333333,0.726704,0.000000,0.000000,0.077172
573,02 04 09 12 22 24,0.05288947,0.54009679,-1.276345,0.437414,1.166667,1.505315,0.000000,0.000000,0.497632
574,01 04 07 09 14 24,0.05286040,0.49537531,-1.547908,0.957073,1.166667,0.856472,0.000000,0.000000,0.358509
575,01 08 09 13 22 24,0.05285739,0.50708762,-0.054313,2.045374,0.611111,-0.700750,0.000000,0.000000,0.774351
576,02 04 10 12 24 38,0.05283080,0.65410535,0.624594,0.328623,0.611111,1.635084,0.000000,0.000000,0.538527
577,04 06 08 22 24 38,0.05282718,0.55571583,1.303501,1.873256,-1.333333,-0.441213,0.000000,0.000000,0.657348
578,01 04 09 14 18 24,0.05270604,0.56809140,0.081469,1.159679,0.333333,0.596935,0.000000,0.000000,0.306199
579,02 04 08 09 24 38,0.05262248,0.60541066,0.624594,1.361152,1.166667,0.207630,0.000000,0.000000,0.726655
580,04 08 09 14 24 38,0.05255810,0.52074650,0.217250,1.884242,0.333333,-0.570982,0.000000,0.000000,1.023328
581,01 02 12 13 14 24,0.05254719,0.56776955,-0.325875,0.919329,0.611111,0.986241,0.000000,0.000000,0.030863
582,01 04 08 09 13 14,0.05249937,0.50696414,-0.325875,2.092552,-0.500000,-0.051907,0.000000,0.000000,-1.783401
583,01 04 07 08 10 24,0.05248904,0.63677787,0.760376,0.874408,0.611111,0.986241,0.000000,0.000000,0.231422
584,04 06 10 14 22 24,0.05247836,0.50221652,-0.597438,1.171139,-0.500000,0.596935,0.000000,0.000000,0.219104
585,02 04 06 10 22 24,0.05243921,0.58688068,-0.190094,0.648048,0.333333,1.375547,0.000000,0.000000,-0.092908
586,02 04 09 12 13 22,0.05243327,0.50748602,-1.547908,0.383979,0.333333,1.635084,0.000000,0.000000,0.221864
587,01 04 08 10 18 24,0.05242297,0.70949396,2.389752,1.077014,-0.222222,0.726704,0.000000,0.000000,0.192192
588,01 04 08 13 14 18,0.05239681,0.62101309,1.575064,1.373974,-1.611111,0.596935,0.000000,0.000000,-0.737497
589,02 04 06 13 14 38,0.05236330,0.53098411,-0.054313,1.147396,-1.055556,0.726704,0.000000,0.000000,-0.144388
590,02 04 08 12 24 38,0.05233504,0.65821355,1.439282,0.907532,0.055556,0.856472,0.000000,0.000000,0.511369
591,01 04 07 18 22 24,0.05227318,0.62623108,0.488813,0.159316,-0.222222,1.764852,0.000000,0.000000,0.787304
592,04 06 12 13 22 38,0.05221287,0.49037549,0.081469,1.098471,-2.166667,0.467167,0.000000,0.000000,0.975157
593,01 13 14 18 22 24,0.05214514,0.56115828,0.488813,1.098282,-0.500000,0.467167,0.000000,0.000000,0.966004
594,01 02 06 13 14 24,0.05209621,0.53312918,-0.190094,1.441142,0.333333,0.207630,0.000000,0.000000,0.276207
595,01 04 06 10 13 14,0.05207233,0.52101845,-0.190094,1.581836,-1.333333,0.596935,0.000000,0.000000,-1.753500
596,04 10 12 14 24 38,0.05206845,0.56944119,0.217250,0.851714,-0.222222,0.856472,0.000000,0.000000,0.731794
597,01 02 07 13 22 24,0.05202200,0.57310635,-0.733219,0.372586,1.166667,1.505315,0.000000,0.000000,0.670990
598,01 04 06 13 18 38,0.05201266,0.60303426,1.846627,1.297646,-2.166667,0.337398,0.000000,0.000000,0.475027
599,02 04 09 10 14 24,0.05199781,0.55191135,-1.276345,0.659034,2.000000,1.245778,0.000000,0.000000,0.247544
600,01 02 04 08 13 18,0.05198515,0.70567725,1.982408,0.850883,-0.777778,1.375547,0.000000,0.000000,-1.104697
601,01 06 10 13 22 24,0.05191329,0.52114194,0.081469,1.534658,-0.222222,-0.051907,0.000000,0.000000,0.727648
602,01 02 04 07 09 24,0.05190269,0.58003947,-1.140563,0.433983,2.000000,1.635084,0.000000,0.000000,-0.089590
603,04 08 12 14 24 38,0.05183575,0.57354939,1.031938,1.430622,-0.777778,0.077861,0.000000,0.000000,0.743608
604,04 06 09 13 22 38,0.05181911,0.43757261,-0.733219,1.552091,-1.055556,-0.181676,0.000000,0.000000,1.089522
605,01 04 06 08 09 24,0.05174587,0.53218325,0.488813,2.174964,0.055556,-0.700750,0.000000,0.000000,0.006230
606,02 04 06 08 13 22,0.05172897,0.55837811,0.353032,1.173522,-1.055556,0.726704,0.000000,0.000000,-0.360023
607,01 04 06 07 24 38,0.05159714,0.56292894,0.488813,1.148475,-0.500000,0.467167,0.000000,0.000000,0.651088
608,01 07 13 22 24 38,0.05155495,0.53783331,-0.054313,1.018885,0.055556,0.467167,0.000000,0.000000,1.248282
609,01 13 18 22 24 38,0.05151959,0.61054940,1.575064,1.221491,-0.777778,0.207630,0.000000,0.000000,1.213603
610,04 09 12 14 22 24,0.05141701,0.45543263,-1.683689,0.960504,0.333333,0.726704,0.000000,0.000000,0.585694
611,01 04 06 14 18 24,0.05138885,0.58625391,1.031938,1.227872,-1.055556,0.467167,0.000000,0.000000,0.250512
612,01 02 04 08 12 13,0.05129635,0.64443118,0.896157,1.115841,-0.777778,1.375547,0.000000,0.000000,-2.440544
613,02 04 08 09 14 24,0.05126712,0.55601954,-0.461657,1.237943,1.444444,0.467167,0.000000,0.000000,0.185579
614,01 02 04 09 10 13,0.05124905,0.58752010,-0.733219,0.990553,0.888889,1.505315,0.000000,0.000000,-2.321140
615,01 04 07 12 13 38,0.05122122,0.56495854,0.081469,0.573227,-1.055556,1.375547,0.000000,0.000000,0.075053
616,04 06 08 13 14 22,0.05121931,0.47371395,-0.054313,1.696612,-1.888889,-0.051907,0.000000,0.000000,-0.129320
617,02 04 07 14 24 38,0.05119214,0.58676523,-0.461657,0.211454,0.888889,1.635084,0.000000,0.000000,0.841362
618,01 06 08 13 22 24,0.05115253,0.52525013,0.896157,2.113567,-0.777778,-0.830519,0.000000,0.000000,0.661229
619,01 07 13 14 22 24,0.05112010,0.48844219,-1.140563,0.895676,0.333333,0.726704,0.000000,0.000000,0.843582
620,01 02 04 10 12 13,0.05094647,0.64032298,0.081469,0.536933,-0.222222,2.154158,0.000000,0.000000,-2.538670
621,01 04 06 07 14 24,0.05091681,0.51353782,-0.597438,1.025266,-0.222222,0.726704,0.000000,0.000000,0.210018
622,04 06 08 14 22 24,0.05081582,0.50632471,0.217250,1.750047,-1.055556,-0.181676,0.000000,0.000000,0.019082
623,02 04 08 12 14 24,0.05081518,0.60882243,0.353032,0.784323,0.333333,1.116010,0.000000,0.000000,-0.054080
624,01 02 04 14 22 38,0.05078500,0.51097711,-0.190094,0.734304,-1.611111,0.986241,0.000000,0.000000,0.631370
625,04 07 08 13 22 38,0.05077932,0.54627542,0.353032,0.830445,-1.055556,0.726704,0.000000,0.000000,1.096851
626,02 04 13 14 18 38,0.05076784,0.62687055,0.896157,0.360625,-0.777778,1.505315,0.000000,0.000000,0.540879
627,04 06 09 22 24 38,0.05068335,0.47018337,-0.461657,1.605526,-0.222222,-0.311445,0.000000,0.000000,1.129435
628,01 04 06 08 13 14,0.05062407,0.52512665,0.624594,2.160745,-1.888889,-0.181676,0.000000,0.000000,-1.921774
629,02 04 14 18 24 38,0.05049237,0.65948132,1.167720,0.414060,0.055556,1.375547,0.000000,0.000000,0.708248
630,02 04 10 12 14 24,0.05044993,0.60471423,-0.461657,0.205414,0.888889,1.894621,0.000000,0.000000,-0.154481
631,01 02 04 06 18 24,0.05041695,0.67091807,1.439282,0.704781,-0.222222,1.245778,0.000000,0.000000,-0.199689
632,04 07 10 13 22 38,0.05040342,0.54216722,-0.461657,0.251536,-0.500000,1.505315,0.000000,0.000000,0.994871
633,02 10 13 22 24 38,0.05037115,0.59436935,0.217250,0.720847,0.888889,0.856472,0.000000,0.000000,1.089729
634,01 02 04 07 13 14,0.05033058,0.57298286,-1.004782,0.419764,0.055556,2.154158,0.000000,0.000000,-2.084310
635,01 10 12 13 24 38,0.05032465,0.58836661,0.896157,1.215233,0.055556,0.207630,0.000000,0.000000,1.065706
636,04 09 12 13 14 22,0.05031467,0.42282186,-1.955252,0.907069,-0.500000,0.856472,0.000000,0.000000,0.214198
637,04 10 13 18 22 38,0.05024176,0.61488331,1.167720,0.454142,-1.333333,1.245778,0.000000,0.000000,0.941479
638,01 02 04 08 09 13,0.05013997,0.59162829,0.081469,1.569462,0.333333,0.726704,0.000000,0.000000,-2.439164
639,04 07 10 22 24 38,0.05010243,0.57477799,-0.190094,0.304971,0.333333,1.375547,0.000000,0.000000,1.158460
640,01 08 12 13 24 38,0.05008105,0.59247481,1.710845,1.794142,-0.500000,-0.570982,0.000000,0.000000,1.075905
641,02 08 13 22 24 38,0.05003725,0.59847754,1.031938,1.299755,0.333333,0.077861,0.000000,0.000000,1.086549
642,02 04 09 10 13 38,0.04995659,0.56869170,-0.461657,0.728808,0.888889,1.116010,0.000000,0.000000,0.077226
643,04 06 12 22 24 38,0.04993333,0.52298626,0.353032,1.151906,-1.333333,0.337398,0.000000,0.000000,0.845616
644,04 08 13 18 22 38,0.04989695,0.61899151,1.982408,1.033050,-1.888889,0.467167,0.000000,0.000000,0.936684
645,02 04 08 12 13 38,0.04979043,0.62560278,1.167720,0.854097,-0.777778,0.986241,0.000000,0.000000,-0.073804
646,04 06 10 14 24 38,0.04976819,0.53480082,0.353032,1.373527,-0.500000,0.077861,0.000000,0.000000,0.703163
647,02 04 06 10 24 38,0.04971449,0.61946498,0.760376,0.850436,0.333333,0.856472,0.000000,0.000000,0.388996
648,04 07 08 22 24 38,0.04970519,0.57888618,0.624594,0.883880,-0.222222,0.596935,0.000000,0.000000,1.145896
649,02 10 13 14 22 24,0.04967924,0.54497823,-0.869001,0.597638,1.166667,1.116010,0.000000,0.000000,0.646943
650,01 04 09 12 13 14,0.04961484,0.47423456,-1.276345,1.371202,-0.500000,0.726704,0.000000,0.000000,-1.593750
651,02 04 06 08 22 24,0.04958937,0.59098887,0.624594,1.226957,-0.222222,0.596935,0.000000,0.000000,-0.468831
652,01 02 04 06 10 13,0.04947525,0.60568261,0.217250,1.058746,-0.500000,1.375547,0.000000,0.000000,-2.444476
653,04 09 10 13 14 38,0.04943581,0.48402754,-0.869001,1.251899,0.055556,0.337398,0.000000,0.000000,0.306283
654,02 04 10 12 13 38,0.04938976,0.62149458,0.353032,0.275188,-0.222222,1.764852,0.000000,0.000000,-0.179453
655,01 02 13 18 24 38,0.04937977,0.67840674,1.846627,0.777580,0.333333,0.726704,0.000000,0.000000,1.135675
656,02 04 07 10 22 24,0.04934831,0.61005103,-0.869001,-0.341328,1.444444,2.413695,0.000000,0.000000,0.400247
657,01 04 06 09 12 24,0.04934479,0.49945368,-0.461657,1.453613,0.055556,0.077861,0.000000,0.000000,0.267505
658,01 09 10 13 24 38,0.04933631,0.53556373,0.081469,1.668853,1.166667,-0.441213,0.000000,0.000000,1.091984
659,04 08 12 13 14 38,0.04931712,0.54093862,0.760376,1.377187,-1.611111,0.207630,0.000000,0.000000,0.162285
660,02 08 13 14 22 24,0.04927994,0.54908642,-0.054313,1.176546,0.611111,0.337398,0.000000,0.000000,0.634075
661,02 04 08 09 13 38,0.04926132,0.57279989,0.353032,1.307717,0.333333,0.337398,0.000000,0.000000,0.020509
662,01 02 08 12 13 24,0.04925139,0.62774785,1.031938,1.147843,0.611111,0.467167,0.000000,0.000000,0.306502
663,02 04 09 12 24 38,0.04923210,0.57268109,-0.325875,0.639802,1.166667,0.986241,0.000000,0.000000,0.841362
664,01 09 12 13 22 24,0.04918790,0.47435805,-1.004782,1.324024,0.611111,0.077861,0.000000,0.000000,0.847706
665,10 13 14 22 24 38,0.04909984,0.50970519,-0.190094,1.243937,0.055556,0.077861,0.000000,0.000000,1.207591
666,04 06 08 14 24 38,0.04907562,0.53890901,1.167720,1.952435,-1.055556,-0.700750,0.000000,0.000000,0.646846
667,08 13 14 22 24 38,0.04903746,0.51381339,0.624594,1.822846,-0.500000,-0.700750,0.000000,0.000000,1.244638
668,01 04 07 10 12 24,0.04902723,0.60404829,-0.190094,0.153058,0.611111,1.764852,0.000000,0.000000,0.335546
669,01 04 12 13 14 18,0.04895831,0.58828352,0.624594,0.652624,-1.611111,1.375547,0.000000,0.000000,-0.629920
670,04 08 09 13 14 38,0.04893978,0.48813573,-0.054313,1.830808,-0.500000,-0.441213,0.000000,0.000000,0.279084
671,04 08 10 12 13 22,0.04891436,0.56422442,0.353032,0.824405,-1.055556,0.986241,0.000000,0.000000,-0.065331
672,01 02 10 12 13 24,0.04889704,0.62363965,0.217250,0.568934,1.166667,1.245778,0.000000,0.000000,0.207716
673,02 04 06 09 13 22,0.04888578,0.47284565,-1.412126,0.905792,0.055556,0.856472,0.000000,0.000000,0.008452
674,01 08 09 13 24 38,0.04885936,0.53967192,0.896157,2.247762,0.611111,-1.219824,0.000000,0.000000,1.067610
675,02 04 10 18 22 24,0.04882278,0.68276712,0.760376,-0.138723,0.611111,2.154158,0.000000,0.000000,0.292947
676,04 06 09 14 22 24,0.04875946,0.42079226,-1.547908,1.482317,0.055556,-0.051907,0.000000,0.000000,0.504130
677,01 04 07 09 13 38,0.04875624,0.51215566,-0.733219,1.026847,0.055556,0.726704,0.000000,0.000000,-0.117439
678,01 04 07 13 18 22,0.04873835,0.59362031,0.217250,0.105881,-1.055556,1.894621,0.000000,0.000000,0.055428
679,02 04 07 10 13 22,0.04868850,0.57744026,-1.140563,-0.394763,0.611111,2.543464,0.000000,0.000000,0.094313
680,04 08 09 10 13 22,0.04867514,0.51142154,-0.461657,1.278025,0.055556,0.337398,0.000000,0.000000,0.071930
681,04 10 12 13 14 38,0.04865340,0.53683042,-0.054313,0.798279,-1.055556,0.986241,0.000000,0.000000,0.017665
682,01 04 09 10 18 24,0.04865331,0.62396150,0.624594,0.809284,0.888889,0.856472,0.000000,0.000000,0.423409
683,02 04 06 12 13 22,0.04864410,0.52564853,-0.597438,0.452172,-1.055556,1.505315,0.000000,0.000000,-0.200055
684,02 04 06 09 22 24,0.04861753,0.50545641,-1.140563,0.959227,0.888889,0.726704,0.000000,0.000000,0.176891
685,04 09 12 14 24 38,0.04859785,0.48801693,-0.733219,1.162892,0.333333,0.207630,0.000000,0.000000,1.053607
686,02 04 08 18 22 24,0.04858577,0.68687532,1.575064,0.440186,0.055556,1.375547,0.000000,0.000000,0.304122
687,01 02 09 10 13 24,0.04852143,0.57083677,-0.597438,1.022554,2.277778,0.596935,0.000000,0.000000,0.324768
688,04 08 10 12 22 24,0.04850351,0.59683519,0.624594,0.877839,-0.222222,0.856472,0.000000,0.000000,0.081981
689,02 04 10 13 18 22,0.04847064,0.65015635,0.488813,-0.192158,-0.222222,2.283926,0.000000,0.000000,0.032596
690,01 04 10 12 18 24,0.04846737,0.67676438,1.439282,0.355664,-0.222222,1.505315,0.000000,0.000000,0.223161
691,01 08 12 13 14 24,0.04844542,0.54308369,0.624594,1.670933,-0.222222,-0.311445,0.000000,0.000000,0.493307
692,01 04 07 08 12 24,0.04841675,0.60815649,0.624594,0.731967,0.055556,0.986241,0.000000,0.000000,0.291390
693,04 10 18 22 24 38,0.04840986,0.64749408,1.439282,0.507576,-0.500000,1.116010,0.000000,0.000000,0.878259
694,04 08 09 10 22 24,0.04839950,0.54403230,-0.190094,1.331460,0.888889,0.207630,0.000000,0.000000,0.239273
695,02 04 07 13 14 38,0.04836664,0.55415446,-0.733219,0.158020,0.055556,1.764852,0.000000,0.000000,0.214574
696,04 06 09 13 14 22,0.04831182,0.38818149,-1.819470,1.428882,-0.777778,0.077861,0.000000,0.000000,0.229631
697,04 07 10 14 22 24,0.04829873,0.52538687,-1.276345,0.181762,0.611111,1.635084,0.000000,0.000000,0.550960
698,02 04 06 12 22 24,0.04827229,0.55825930,-0.325875,0.505607,-0.222222,1.375547,0.000000,0.000000,-0.046959
699,01 02 07 13 24 38,0.04819834,0.60569065,0.217250,0.574974,1.166667,0.986241,0.000000,0.000000,0.990083
700,02 04 06 10 14 24,0.04818411,0.57007386,-0.325875,0.727227,0.611111,1.116010,0.000000,0.000000,-0.178009
701,01 04 08 09 18 24,0.04812050,0.62806969,1.439282,1.388193,0.333333,0.077861,0.000000,0.000000,0.390761
702,04 08 18 22 24 38,0.04809503,0.65160228,2.253971,1.086485,-1.055556,0.337398,0.000000,0.000000,0.877905
703,02 04 07 08 13 22,0.04795774,0.58154846,-0.325875,0.184145,0.055556,1.764852,0.000000,0.000000,0.032338
704,04 06 10 13 14 38,0.04794109,0.50219005,0.081469,1.320092,-1.333333,0.207630,0.000000,0.000000,0.224293
705,01 02 04 12 13 18,0.04793220,0.67294767,1.031938,0.129533,-0.777778,2.154158,0.000000,0.000000,-1.088152
706,04 07 10 13 14 22,0.04788791,0.49277610,-1.547908,0.128327,-0.222222,1.764852,0.000000,0.000000,0.281915
707,01 10 12 13 14 24,0.04782802,0.53897549,-0.190094,1.092024,0.333333,0.467167,0.000000,0.000000,0.355548
708,01 02 08 09 13 24,0.04777984,0.57494496,0.217250,1.601463,1.722222,-0.181676,0.000000,0.000000,0.261189
709,01 06 12 13 22 24,0.04777236,0.49252056,-0.054313,1.392217,-0.777778,-0.051907,0.000000,0.000000,0.777448
710,02 04 09 12 14 24,0.04774493,0.52328997,-1.412126,0.516593,1.444444,1.245778,0.000000,0.000000,0.280757
711,01 04 06 07 13 38,0.04773874,0.53031817,0.217250,1.095040,-1.333333,0.596935,0.000000,0.000000,-0.128726
712,04 07 08 14 22 24,0.04772652,0.52949507,-0.461657,0.760671,0.055556,0.856472,0.000000,0.000000,0.512474
713,01 04 07 09 10 24,0.04772074,0.55124541,-1.004782,0.606678,1.722222,1.116010,0.000000,0.000000,0.314686
714,01 09 10 13 14 24,0.04766799,0.48617261,-1.004782,1.545645,1.444444,-0.181676,0.000000,0.000000,0.504541
715,02 04 06 08 24 38,0.04761328,0.62357317,1.575064,1.429345,-0.222222,0.077861,0.000000,0.000000,0.123985
716,02 04 07 08 22 24,0.04760251,0.61415922,-0.054313,0.237580,0.888889,1.635084,0.000000,0.000000,0.187890
717,01 13 14 18 24 38,0.04758306,0.59374258,1.439282,1.300670,-0.500000,-0.051907,0.000000,0.000000,1.175698
718,01 04 09 13 14 18,0.04758196,0.53548063,-0.190094,1.106244,-0.500000,0.726704,0.000000,0.000000,-0.661128
719,01 02 13 14 18 24,0.04758162,0.62901562,0.760376,0.654371,0.611111,0.986241,0.000000,0.000000,0.528997
720,01 02 06 10 13 24,0.04748397,0.58899928,0.353032,1.090747,0.888889,0.467167,0.000000,0.000000,0.310524
721,02 04 08 13 18 22,0.04745537,0.65426455,1.303501,0.386751,-0.777778,1.505315,0.000000,0.000000,-0.071530
722,01 02 04 06 08 13,0.04738045,0.60979081,1.031938,1.637655,-1.055556,0.596935,0.000000,0.000000,-2.708538
723,04 10 13 14 18 22,0.04729891,0.56549219,0.081469,0.330933,-1.055556,1.505315,0.000000,0.000000,0.165212
724,01 02 04 09 13 18,0.04724829,0.62014479,0.217250,0.583153,0.333333,1.505315,0.000000,0.000000,-1.016775
725,04 06 12 14 22 24,0.04722523,0.47359514,-0.733219,1.028697,-1.055556,0.596935,0.000000,0.000000,0.104128
726,01 07 13 14 24 38,0.04722459,0.52102649,-0.190094,1.098065,0.333333,0.207630,0.000000,0.000000,1.152030
727,01 06 08 13 24 38,0.04721988,0.55783443,1.846627,2.315955,-0.777778,-1.349593,0.000000,0.000000,0.964175
728,01 04 07 18 24 38,0.04715715,0.65881538,1.439282,0.361704,-0.222222,1.245778,0.000000,0.000000,0.914929
729,04 07 12 13 22 38,0.04713984,0.51354584,-0.597438,0.109094,-1.055556,1.505315,0.000000,0.000000,1.174653
730,01 08 09 13 14 24,0.04712565,0.49028080,-0.190094,2.124553,0.888889,-0.960287,0.000000,0.000000,0.470480
731,01 06 10 13 14 24,0.04709703,0.50433512,-0.054313,1.613838,0.055556,-0.311445,0.000000,0.000000,0.559409
732,02 04 06 10 13 38,0.04706898,0.58685421,0.488813,0.797001,-0.500000,0.986241,0.000000,0.000000,-0.211124
733,01 04 06 12 13 14,0.04701757,0.49239707,-0.325875,1.439395,-1.888889,0.596935,0.000000,0.000000,-1.839086
734,01 06 10 13 24 38,0.04701066,0.55372624,1.031938,1.737046,-0.222222,-0.570982,0.000000,0.000000,0.886889
735,01 04 08 12 18 24,0.04698801,0.68087258,2.253971,0.934572,-0.777778,0.726704,0.000000,0.000000,0.050278
736,01 02 04 09 12 13,0.04697872,0.55889872,-0.869001,0.848111,0.333333,1.505315,0.000000,0.000000,-2.290511
737,01 02 04 06 07 24,0.04697224,0.59820198,-0.190094,0.502176,0.611111,1.505315,0.000000,0.000000,-0.680593
738,04 06 12 13 14 22,0.04695089,0.44098437,-1.004782,0.975262,-1.888889,0.726704,0.000000,0.000000,-0.144697
739,01 04 08 10 12 13,0.04687178,0.61563712,1.031938,1.288537,-1.055556,0.856472,0.000000,0.000000,-2.072213
740,04 10 14 18 22 24,0.04685870,0.59810296,0.353032,0.384368,-0.222222,1.375547,0.000000,0.000000,0.308173
741,01 10 13 18 22 24,0.04683895,0.61702838,1.031938,0.747887,0.055556,0.726704,0.000000,0.000000,0.897509
742,04 12 13 18 22 38,0.04675894,0.58626193,1.031938,0.311700,-1.888889,1.245778,0.000000,0.000000,1.088780
743,01 04 08 10 13 18,0.04668908,0.67688319,2.118189,1.023579,-1.055556,0.856472,0.000000,0.000000,-0.865482
744,01 02 06 08 13 24,0.04657284,0.59310747,1.167720,1.669656,0.333333,-0.311445,0.000000,0.000000,0.221827
745,04 08 13 14 18 22,0.04653300,0.56960039,0.896157,0.909841,-1.611111,0.726704,0.000000,0.000000,0.098029
746,01 04 06 09 13 14,0.04650912,0.43959419,-1.140563,1.893015,-0.777778,-0.051907,0.000000,0.000000,-1.741713
747,01 02 04 07 18 24,0.04648820,0.69408842,0.760376,-0.284596,0.888889,2.283926,0.000000,0.000000,0.169335
748,04 08 14 18 22 24,0.04647847,0.60221116,1.167720,0.963276,-0.777778,0.596935,0.000000,0.000000,0.298131
749,01 06 09 13 22 24,0.04643616,0.43971768,-0.869001,1.845837,0.333333,-0.700750,0.000000,0.000000,0.752188
750,04 08 10 12 24 38,0.04639564,0.62941949,1.575064,1.080228,-0.222222,0.337398,0.000000,0.000000,0.655274
751,02 04 06 08 14 24,0.04635749,0.57418205,0.488813,1.306136,0.055556,0.337398,0.000000,0.000000,-0.402339
752,04 07 08 13 14 22,0.04634564,0.49688430,-0.733219,0.707236,-0.777778,0.986241,0.000000,0.000000,0.099712
753,01 06 08 13 14 24,0.04631448,0.50844331,0.760376,2.192746,-0.500000,-1.090056,0.000000,0.000000,0.489760
754,04 06 08 13 14 38,0.04627846,0.50629825,0.896157,1.899001,-1.888889,-0.570982,0.000000,0.000000,0.024259
755,01 04 06 13 14 18,0.04625653,0.55364314,0.760376,1.174437,-1.888889,0.596935,0.000000,0.000000,-0.718038
756,04 08 09 10 24 38,0.04625430,0.57661660,0.760376,1.533848,0.888889,-0.311445,0.000000,0.000000,0.807035
757,01 02 07 13 14 24,0.04620307,0.55629953,-0.869001,0.451765,1.444444,1.245778,0.000000,0.000000,0.354202
758,01 04 07 08 09 24,0.04617937,0.55535360,-0.190094,1.185587,1.166667,0.337398,0.000000,0.000000,0.132617
759,02 10 13 14 24 38,0.04608439,0.57756253,0.081469,0.800026,1.166667,0.596935,0.000000,0.000000,0.999935
760,04 06 09 14 24 38,0.04607108,0.45337655,-0.597438,1.684705,0.055556,-0.570982,0.000000,0.000000,0.991418
761,01 08 13 18 22 24,0.04601307,0.62113658,1.846627,1.326796,-0.500000,-0.051907,0.000000,0.000000,0.821442
762,04 08 09 12 22 24,0.04597880,0.51541092,-0.325875,1.189018,0.333333,0.207630,0.000000,0.000000,0.543930
763,02 12 13 22 24 38,0.04595105,0.56574797,0.081469,0.578405,0.333333,0.856472,0.000000,0.000000,1.098168
764,02 09 13 22 24 38,0.04591685,0.51294508,-0.733219,1.032025,1.444444,0.207630,0.000000,0.000000,1.265803
765,01 04 08 09 10 13,0.04589044,0.56283424,0.217250,1.742157,0.055556,0.207630,0.000000,0.000000,-2.044900
766,01 07 10 13 22 24,0.04587290,0.54431229,-0.597438,0.545282,0.888889,0.986241,0.000000,0.000000,0.783827
767,01 04 07 10 13 14,0.04586997,0.54418880,-0.869001,0.592460,-0.222222,1.635084,0.000000,0.000000,-1.721317
768,02 04 09 12 13 38,0.04582950,0.54007032,-0.597438,0.586367,0.333333,1.116010,0.000000,0.000000,0.129077
769,02 04 06 09 24 38,0.04580392,0.53804071,-0.190094,1.161615,0.888889,0.207630,0.000000,0.000000,0.645627
770,04 09 13 18 22 38,0.04578201,0.53345905,0.217250,0.765320,-0.777778,0.596935,0.000000,0.000000,1.116746
771,04 07 09 13 22 38,0.04575693,0.46074296,-1.412126,0.562715,0.055556,0.856472,0.000000,0.000000,1.142472
772,04 06 08 10 13 22,0.04575032,0.52958405,0.488813,1.346218,-1.333333,0.207630,0.000000,0.000000,-0.221933
773,02 08 13 14 24 38,0.04572868,0.58167072,0.896157,1.378934,0.611111,-0.181676,0.000000,0.000000,0.993525
774,01 04 06 10 18 24,0.04572484,0.64212401,1.575064,0.877477,-0.500000,0.726704,0.000000,0.000000,0.129005
775,01 04 06 07 10 24,0.04571985,0.56940792,-0.054313,0.674871,0.333333,0.986241,0.000000,0.000000,0.157707
776,04 07 12 22 24 38,0.04571827,0.54615661,-0.325875,0.162529,-0.222222,1.375547,0.000000,0.000000,1.172224
777,02 04 07 10 24 38,0.04567540,0.64263533,0.081469,-0.138940,1.444444,1.894621,0.000000,0.000000,0.741674
778,02 04 06 12 24 38,0.04560670,0.59084360,0.624594,0.707995,-0.222222,0.856472,0.000000,0.000000,0.443706
779,04 07 09 22 24 38,0.04547914,0.49335373,-1.140563,0.616149,0.888889,0.726704,0.000000,0.000000,1.309497
780,04 09 10 12 22 24,0.04545408,0.51130273,-1.140563,0.610109,0.888889,0.986241,0.000000,0.000000,0.419902
781,04 06 12 14 24 38,0.04539785,0.50617944,0.217250,1.231085,-1.055556,0.077861,0.000000,0.000000,0.718975
782,02 04 10 13 18 38,0.04537452,0.68274065,1.439282,0.010230,-0.222222,1.764852,0.000000,0.000000,0.459477
783,02 04 10 18 24 38,0.04533691,0.71535142,1.710845,0.063665,0.611111,1.635084,0.000000,0.000000,0.662085
784,02 04 09 18 22 24,0.04532098,0.60134286,-0.190094,0.172456,1.166667,1.505315,0.000000,0.000000,0.610138
785,01 04 07 14 18 24,0.04530114,0.60942426,0.353032,0.238495,0.055556,1.505315,0.000000,0.000000,0.299680
786,01 04 07 13 18 38,0.04528616,0.62620461,1.167720,0.308269,-1.055556,1.375547,0.000000,0.000000,0.429557
787,02 04 06 08 13 38,0.04527778,0.59096240,1.303501,1.375910,-1.055556,0.207630,0.000000,0.000000,-0.430206
788,01 07 08 13 22 24,0.04527609,0.54842048,0.217250,1.124190,0.333333,0.207630,0.000000,0.000000,0.741697
789,04 09 12 13 14 38,0.04522125,0.45540616,-1.004782,1.109457,-0.500000,0.337398,0.000000,0.000000,0.345173
790,02 09 13 14 22 24,0.04519224,0.46355397,-1.819470,0.908816,1.722222,0.467167,0.000000,0.000000,0.818174
791,02 04 07 12 22 24,0.04516497,0.58142965,-1.004782,-0.483770,0.888889,2.413695,0.000000,0.000000,0.443763
792,01 04 06 08 18 24,0.04515686,0.64623220,2.389752,1.456386,-1.055556,-0.051907,0.000000,0.000000,0.091146
793,01 02 04 10 22 38,0.04514249,0.56684721,0.353032,0.383910,-1.055556,1.245778,0.000000,0.000000,0.513048
794,01 09 12 13 24 38,0.04510267,0.50694235,-0.054313,1.526412,0.611111,-0.441213,0.000000,0.000000,1.128048
795,01 04 07 08 13 14,0.04506575,0.54829700,-0.054313,1.171368,-0.777778,0.856472,0.000000,0.000000,-1.794176
796,04 07 08 14 24 38,0.04503814,0.56207936,0.488813,0.963059,0.055556,0.337398,0.000000,0.000000,0.999762
797,02 04 12 13 18 22,0.04489421,0.62153497,0.353032,-0.334599,-0.777778,2.283926,0.000000,0.000000,0.166028
798,04 09 18 22 24 38,0.04483806,0.56606982,0.488813,0.818755,0.055556,0.467167,0.000000,0.000000,1.185079
799,04 10 13 14 18 38,0.04482774,0.59807649,1.031938,0.533321,-1.055556,0.986241,0.000000,0.000000,0.684680
800,02 04 08 18 24 38,0.04481941,0.71945961,2.525533,0.642574,0.055556,0.856472,0.000000,0.000000,0.631705
801,09 13 14 22 24 38,0.04481630,0.42828093,-1.140563,1.555116,0.611111,-0.570982,0.000000,0.000000,1.408963
802,01 02 04 06 13 18,0.04476251,0.63830730,1.167720,0.651346,-1.055556,1.375547,0.000000,0.000000,-1.245593
803,02 04 08 13 18 38,0.04475857,0.68684885,2.253971,0.589139,-0.777778,0.986241,0.000000,0.000000,0.414510
804,02 04 07 12 13 22,0.04467880,0.54881888,-1.276345,-0.537205,0.055556,2.543464,0.000000,0.000000,0.163555
805,02 04 07 08 24 38,0.04467823,0.64674352,0.896157,0.439968,0.888889,1.116010,0.000000,0.000000,0.640229
806,04 07 10 14 24 38,0.04464037,0.55797117,-0.325875,0.384150,0.611111,1.116010,0.000000,0.000000,0.894542
807,04 08 09 12 13 22,0.04457531,0.48280016,-0.597438,1.135583,-0.500000,0.337398,0.000000,0.000000,0.127818
808,02 04 12 18 22 24,0.04456153,0.65414574,0.624594,-0.281165,0.055556,2.154158,0.000000,0.000000,0.324920
809,02 04 08 10 12 24,0.04447602,0.66469253,0.896157,0.433928,0.888889,1.375547,0.000000,0.000000,-0.275611
810,04 08 13 14 18 38,0.04446114,0.60218469,1.846627,1.112229,-1.611111,0.207630,0.000000,0.000000,0.676656
811,01 02 09 12 13 24,0.04444066,0.54221539,-0.733219,0.880113,1.722222,0.596935,0.000000,0.000000,0.383482
812,04 06 13 18 22 38,0.04439362,0.55162156,1.167720,0.833513,-2.166667,0.467167,0.000000,0.000000,1.050510
813,02 04 06 09 14 24,0.04438318,0.48864959,-1.276345,1.038406,1.166667,0.467167,0.000000,0.000000,0.094863
814,01 02 04 08 22 38,0.04438145,0.57095541,1.167720,0.962818,-1.611111,0.467167,0.000000,0.000000,0.446588
815,02 04 08 09 10 24,0.04428558,0.61188964,0.081469,0.887548,2.000000,0.726704,0.000000,0.000000,-0.131123
816,01 02 04 07 10 13,0.04425671,0.62885296,-0.461657,0.069369,0.611111,2.413695,0.000000,0.000000,-2.266537
817,04 08 09 10 14 24,0.04424249,0.52722548,-0.325875,1.410639,1.166667,-0.051907,0.000000,0.000000,0.168703
818,04 06 07 13 22 38,0.04420102,0.47890547,-0.461657,0.630908,-1.333333,0.726704,0.000000,0.000000,1.051417
819,02 04 07 10 14 24,0.04417773,0.59324421,-1.004782,-0.262149,1.722222,2.154158,0.000000,0.000000,0.179513
820,04 09 10 12 13 22,0.04408056,0.47869196,-1.412126,0.556675,0.055556,1.116010,0.000000,0.000000,0.008231
821,01 04 10 14 22 38,0.04405482,0.48218306,-0.054313,0.907000,-1.888889,0.467167,0.000000,0.000000,0.658118
822,01 02 04 06 09 13,0.04404854,0.52425835,-0.733219,1.369924,0.055556,0.726704,0.000000,0.000000,-2.412467
823,08 10 13 22 24 38,0.04402261,0.56968348,1.167720,1.472451,0.055556,-0.441213,0.000000,0.000000,1.219306
824,04 07 12 14 22 24,0.04396926,0.49676549,-1.412126,0.039320,0.055556,1.635084,0.000000,0.000000,0.572827
825,04 12 18 22 24 38,0.04392974,0.61887270,1.303501,0.365135,-1.055556,1.116010,0.000000,0.000000,0.877807
826,02 08 10 13 22 24,0.04392336,0.60495652,0.488813,0.826152,1.166667,0.596935,0.000000,0.000000,0.558116
827,02 12 13 14 22 24,0.04379582,0.51635685,-1.004782,0.455196,0.611111,1.116010,0.000000,0.000000,0.438589
828,01 06 12 13 24 38,0.04375253,0.52510486,0.896157,1.594605,-0.777778,-0.570982,0.000000,0.000000,1.067478
829,02 06 13 22 24 38,0.04373870,0.53110760,0.217250,1.100218,0.055556,0.077861,0.000000,0.000000,1.082561
830,01 04 10 12 13 18,0.04373552,0.64415362,1.167720,0.302229,-1.055556,1.635084,0.000000,0.000000,-0.686059
831,04 06 08 10 22 24,0.04372028,0.56219481,0.760376,1.399653,-0.500000,0.077861,0.000000,0.000000,-0.314510
832,02 04 07 09 22 24,0.04361521,0.52862676,-1.819470,-0.030150,2.000000,1.764852,0.000000,0.000000,0.386863
833,04 07 09 14 22 24,0.04358795,0.44396261,-2.226814,0.492941,1.166667,0.986241,0.000000,0.000000,0.689036
834,04 10 14 18 24 38,0.04350600,0.63068726,1.303501,0.586756,-0.222222,0.856472,0.000000,0.000000,0.697041
835,02 04 09 13 18 22,0.04350122,0.56873209,-0.461657,0.119021,0.333333,1.635084,0.000000,0.000000,0.132355
836,01 09 12 13 14 24,0.04349974,0.45755123,-1.140563,1.403203,0.888889,-0.181676,0.000000,0.000000,0.550293
837,01 04 07 09 12 24,0.04348449,0.52262403,-1.140563,0.464237,1.166667,1.116010,0.000000,0.000000,0.350365
838,01 04 08 14 22 38,0.04346346,0.48629125,0.760376,1.485909,-2.444444,-0.311445,0.000000,0.000000,0.616795
839,02 04 07 08 14 24,0.04345514,0.59735240,-0.190094,0.316759,1.166667,1.375547,0.000000,0.000000,0.118748
840,04 08 10 12 14 24,0.04343526,0.58002837,0.488813,0.957019,0.055556,0.596935,0.000000,0.000000,-0.123592
841,04 06 09 13 14 38,0.04334919,0.42076579,-0.869001,1.631270,-0.777778,-0.441213,0.000000,0.000000,0.379981
842,04 09 10 12 24 38,0.04332442,0.54388703,-0.190094,0.812497,0.888889,0.467167,0.000000,0.000000,0.989966
843,02 04 08 10 13 14,0.04327856,0.60483304,0.217250,0.873330,0.055556,1.245778,0.000000,0.000000,-2.042123
844,01 02 04 06 12 13,0.04324165,0.57706123,0.081469,0.916304,-1.055556,1.375547,0.000000,0.000000,-2.704712
845,04 08 14 18 24 38,0.04316937,0.63479546,2.118189,1.165664,-0.777778,0.077861,0.000000,0.000000,0.693457
846,02 04 06 12 14 24,0.04309505,0.54145248,-0.461657,0.584786,0.055556,1.116010,0.000000,0.000000,-0.268678
847,01 04 06 07 08 24,0.04307884,0.57351611,0.760376,1.253780,-0.222222,0.207630,0.000000,0.000000,-0.187278
848,04 08 10 12 13 38,0.04304452,0.59680872,1.303501,1.026793,-1.055556,0.467167,0.000000,0.000000,-0.049385
849,01 04 09 12 18 24,0.04304072,0.59534012,0.488813,0.666842,0.333333,0.856472,0.000000,0.000000,0.255177
850,04 06 09 10 13 22,0.04303006,0.44405159,-1.276345,1.078488,-0.222222,0.337398,0.000000,0.000000,0.164755
851,02 04 07 09 13 22,0.04302548,0.49601600,-2.091033,-0.083585,1.166667,1.894621,0.000000,0.000000,0.091313
852,02 04 10 14 18 24,0.04300564,0.66596030,0.624594,-0.059544,0.888889,1.894621,0.000000,0.000000,-0.023576
853,04 08 09 12 24 38,0.04296634,0.54799522,0.624594,1.391406,0.333333,-0.311445,0.000000,0.000000,0.983205
854,01 04 06 08 10 13,0.04296012,0.58099675,1.167720,1.810350,-1.333333,0.077861,0.000000,0.000000,-2.339578
855,02 06 13 14 22 24,0.04291600,0.48171648,-0.869001,0.977009,0.333333,0.337398,0.000000,0.000000,0.620400
856,04 09 14 18 22 24,0.04289848,0.51667870,-0.597438,0.695546,0.333333,0.726704,0.000000,0.000000,0.557448
857,04 07 10 13 14 38,0.04288168,0.52536040,-0.597438,0.330715,-0.222222,1.245778,0.000000,0.000000,0.425807
858,04 08 09 10 13 38,0.04287070,0.54400583,0.488813,1.480413,0.055556,-0.181676,0.000000,0.000000,0.097564
859,04 12 14 18 22 24,0.04286912,0.56948158,0.217250,0.241926,-0.777778,1.375547,0.000000,0.000000,0.380396
860,01 08 10 12 13 24,0.04285491,0.59895379,1.167720,1.320538,0.333333,-0.051907,0.000000,0.000000,0.382690
861,04 07 12 13 14 22,0.04283695,0.46415472,-1.683689,-0.014114,-0.777778,1.764852,0.000000,0.000000,0.196890
862,01 04 08 12 13 18,0.04279685,0.64826181,1.982408,0.881138,-1.611111,0.856472,0.000000,0.000000,-0.778835
863,01 02 04 07 08 13,0.04279226,0.63296116,0.353032,0.648278,0.055556,1.635084,0.000000,0.000000,-2.437212
864,04 06 09 10 22 24,0.04278438,0.47666236,-1.004782,1.131922,0.611111,0.207630,0.000000,0.000000,0.336537
865,06 13 14 22 24 38,0.04273049,0.44644344,-0.190094,1.623309,-0.777778,-0.700750,0.000000,0.000000,1.239402
866,01 12 13 18 22 24,0.04268946,0.58840700,0.896157,0.605446,-0.500000,0.726704,0.000000,0.000000,0.946041
867,01 02 10 13 18 24,0.04261895,0.68488572,1.303501,0.303976,1.166667,1.245778,0.000000,0.000000,0.511396
868,04 12 13 14 18 22,0.04257413,0.53687082,-0.054313,0.188491,-1.611111,1.505315,0.000000,0.000000,0.128513
869,01 02 06 12 13 24,0.04256703,0.56037790,0.217250,0.948305,0.333333,0.467167,0.000000,0.000000,0.245356
870,04 06 08 10 24 38,0.04256686,0.59477911,1.710845,1.602041,-0.500000,-0.441213,0.000000,0.000000,0.400187
871,04 06 10 12 13 22,0.04251227,0.49685447,-0.461657,0.624867,-1.333333,0.986241,0.000000,0.000000,-0.084658
872,04 09 13 14 18 22,0.04245075,0.48406793,-0.869001,0.642111,-0.500000,0.856472,0.000000,0.000000,0.282934
873,01 02 04 10 14 22,0.04243359,0.51745610,-0.733219,0.260701,-0.777778,1.505315,0.000000,0.000000,-0.228559
874,02 04 06 09 13 38,0.04241279,0.50542995,-0.461657,1.108180,0.055556,0.337398,0.000000,0.000000,-0.064960
875,02 04 08 14 18 24,0.04236796,0.67006850,1.439282,0.519365,0.333333,1.116010,0.000000,0.000000,-0.071761
876,04 07 09 13 14 22,0.04228234,0.41135184,-2.498377,0.439506,0.333333,1.116010,0.000000,0.000000,0.287425
877,12 13 14 22 24 38,0.04227549,0.48108381,-0.325875,1.101496,-0.500000,0.077861,0.000000,0.000000,0.859834
878,02 04 07 10 13 38,0.04217192,0.61002456,-0.190094,-0.192375,0.611111,2.024389,0.000000,0.000000,0.014442
879,04 06 07 22 24 38,0.04214980,0.51151624,-0.190094,0.684342,-0.500000,0.596935,0.000000,0.000000,0.955703
880,04 06 10 12 22 24,0.04213140,0.52946524,-0.190094,0.678302,-0.500000,0.856472,0.000000,0.000000,0.067095
881,02 04 06 12 13 38,0.04210572,0.55823283,0.353032,0.654560,-1.055556,0.986241,0.000000,0.000000,-0.283155
882,01 04 09 10 13 18,0.04206144,0.59135073,0.353032,0.755849,0.055556,0.986241,0.000000,0.000000,-0.761376
883,01 06 12 13 14 24,0.04205151,0.47571374,-0.190094,1.471396,-0.500000,-0.311445,0.000000,0.000000,0.475191
884,01 02 06 09 13 24,0.04193166,0.50757501,-0.597438,1.401926,1.444444,-0.181676,0.000000,0.000000,0.323925
885,04 06 12 13 14 38,0.04192286,0.47356867,-0.054313,1.177650,-1.888889,0.207630,0.000000,0.000000,-0.004035
886,02 04 08 09 12 24,0.04189667,0.58326826,-0.054313,0.745107,1.444444,0.726704,0.000000,0.000000,0.178242
887,01 04 07 12 13 14,0.04183585,0.51556742,-1.004782,0.450018,-0.777778,1.635084,0.000000,0.000000,-1.655693
888,04 06 08 12 13 22,0.04183358,0.50096267,0.353032,1.203776,-1.888889,0.207630,0.000000,0.000000,-0.138920
889,04 07 08 10 13 22,0.04180849,0.55275440,-0.190094,0.356841,-0.222222,1.245778,0.000000,0.000000,0.145154
890,01 10 13 14 18 24,0.04177755,0.60022156,0.896157,0.827066,0.333333,0.467167,0.000000,0.000000,0.692951
891,01 08 09 10 13 24,0.04173865,0.54615090,0.353032,1.774158,1.444444,-0.700750,0.000000,0.000000,0.390014
892,01 04 09 10 12 13,0.04173699,0.53010466,-0.733219,1.020807,0.055556,0.986241,0.000000,0.000000,-2.043244
893,01 07 12 13 22 24,0.04172925,0.51569091,-0.733219,0.402840,0.333333,0.986241,0.000000,0.000000,0.833223
894,04 06 18 22 24 38,0.04169528,0.58423233,1.439282,0.886948,-1.333333,0.337398,0.000000,0.000000,0.858924
895,04 08 10 18 22 24,0.04169367,0.65808126,1.710845,0.612881,-0.222222,0.856472,0.000000,0.000000,0.306883
896,01 10 13 18 24 38,0.04167476,0.64961268,1.982408,0.950275,0.055556,0.207630,0.000000,0.000000,1.017999
897,02 04 09 18 24 38,0.04166720,0.63392716,0.760376,0.374844,1.166667,0.986241,0.000000,0.000000,0.954399
898,02 09 13 14 24 38,0.04161919,0.49613826,-0.869001,1.111204,1.722222,-0.051907,0.000000,0.000000,1.174394
899,01 02 07 10 13 24,0.04161683,0.61216963,-0.325875,0.101370,2.000000,1.505315,0.000000,0.000000,0.392370
900,01 06 09 13 14 24,0.04160901,0.42291086,-1.004782,1.925016,0.611111,-0.960287,0.000000,0.000000,0.582334
901,01 02 04 08 14 22,0.04160717,0.52156429,0.081469,0.839609,-1.333333,0.726704,0.000000,0.000000,-0.304707
902,01 04 08 09 12 13,0.04160377,0.53421286,0.081469,1.599716,-0.500000,0.207630,0.000000,0.000000,-2.016693
903,02 04 09 10 12 24,0.04158614,0.57916007,-0.869001,0.166198,2.000000,1.505315,0.000000,0.000000,0.085948
904,04 07 08 10 22 24,0.04156282,0.58536516,0.081469,0.410276,0.611111,1.116010,0.000000,0.000000,0.316937
905,01 06 09 13 24 38,0.04155533,0.47230197,0.081469,2.048225,0.333333,-1.219824,0.000000,0.000000,0.914658
906,02 04 07 12 24 38,0.04155119,0.61401395,-0.054313,-0.281382,0.888889,1.894621,0.000000,0.000000,0.793951
907,01 04 06 07 12 24,0.04153273,0.54078654,-0.190094,0.532430,-0.222222,0.986241,0.000000,0.000000,0.200663
908,02 04 07 08 13 38,0.04148475,0.61413275,0.624594,0.386533,0.055556,1.245778,0.000000,0.000000,-0.041074
909,04 06 08 12 22 24,0.04148267,0.53357343,0.624594,1.257211,-1.055556,0.077861,0.000000,0.000000,0.017273
910,01 02 08 13 18 24,0.04141125,0.68899391,2.118189,0.882885,0.611111,0.467167,0.000000,0.000000,0.378761
911,04 07 08 13 14 38,0.04138300,0.52946860,0.217250,0.909624,-0.777778,0.467167,0.000000,0.000000,0.250063
912,02 04 06 13 18 22,0.04133961,0.58689460,0.488813,0.187214,-1.055556,1.505315,0.000000,0.000000,-0.048437
913,01 08 13 18 24 38,0.04132723,0.65372088,2.797096,1.529184,-0.500000,-0.570982,0.000000,0.000000,1.012801
914,01 07 08 13 24 38,0.04132165,0.58100478,1.167720,1.326578,0.333333,-0.311445,0.000000,0.000000,1.041415
915,01 04 08 09 13 18,0.04130896,0.59545893,1.167720,1.334758,-0.500000,0.207630,0.000000,0.000000,-0.826570
916,01 09 13 18 22 24,0.04129337,0.53560412,0.081469,1.059066,0.611111,0.077861,0.000000,0.000000,0.911907
917,04 06 08 09 13 22,0.04125543,0.44815978,-0.461657,1.657396,-0.777778,-0.441213,0.000000,0.000000,-0.051873
918,01 04 06 09 18 24,0.04124473,0.56069975,0.624594,1.188655,0.055556,0.077861,0.000000,0.000000,0.301256
919,02 04 12 13 18 38,0.04120908,0.65411927,1.303501,-0.132211,-0.777778,1.764852,0.000000,0.000000,0.505644
920,04 07 12 14 24 38,0.04119369,0.52934979,-0.461657,0.241709,0.055556,1.116010,0.000000,0.000000,1.047198
921,01 04 06 12 18 24,0.04112884,0.61350263,1.439282,0.735035,-1.055556,0.726704,0.000000,0.000000,0.111385
922,02 04 06 18 22 24,0.04108870,0.61950537,0.760376,0.240649,-0.222222,1.375547,0.000000,0.000000,0.122570
923,01 02 04 12 22 38,0.04108117,0.53822583,0.217250,0.241468,-1.611111,1.245778,0.000000,0.000000,0.574642
924,01 07 10 13 14 24,0.04106754,0.52750547,-0.733219,0.624461,1.166667,0.726704,0.000000,0.000000,0.617203
925,02 04 12 18 24 38,0.04103206,0.68673004,1.575064,-0.078776,0.055556,1.635084,0.000000,0.000000,0.687599
926,04 08 10 13 18 22,0.04096491,0.62547049,1.439282,0.559447,-1.055556,0.986241,0.000000,0.000000,-0.009266
927,01 07 10 13 24 38,0.04094848,0.57689659,0.353032,0.747670,0.888889,0.467167,0.000000,0.000000,0.939839
928,01 08 13 14 18 24,0.04092987,0.60432976,1.710845,1.405975,-0.222222,-0.311445,0.000000,0.000000,0.613655
929,04 08 09 12 14 24,0.04089965,0.49860410,-0.461657,1.268197,0.611111,-0.051907,0.000000,0.000000,0.336742
930,04 07 09 14 24 38,0.04087778,0.47654691,-1.276345,0.695329,1.166667,0.467167,0.000000,0.000000,1.173095
931,02 04 09 13 18 38,0.04078262,0.60131639,0.488813,0.321409,0.333333,1.116010,0.000000,0.000000,0.615165
932,02 04 07 09 24 38,0.04077981,0.56121106,-0.869001,0.172238,2.000000,1.245778,0.000000,0.000000,0.852370
933,02 12 13 14 24 38,0.04075969,0.54894115,-0.054313,0.657584,0.611111,0.596935,0.000000,0.000000,0.874356
934,01 06 08 10 13 24,0.04072937,0.56431341,1.303501,1.842351,0.055556,-0.830519,0.000000,0.000000,0.379943
935,04 06 13 14 18 22,0.04069398,0.50223044,0.081469,0.710304,-1.888889,0.726704,0.000000,0.000000,0.162123
936,04 06 09 10 24 38,0.04068277,0.50924665,-0.054313,1.334311,0.611111,-0.311445,0.000000,0.000000,0.910758
937,01 04 12 14 22 38,0.04062994,0.45356168,-0.190094,0.764558,-2.444444,0.467167,0.000000,0.000000,0.814003
938,04 06 14 18 22 24,0.04055876,0.53484121,0.353032,0.763739,-1.055556,0.596935,0.000000,0.000000,0.350268
939,01 02 04 09 22 38,0.04047805,0.48542295,-0.597438,0.695088,-0.500000,0.596935,0.000000,0.000000,0.657990
940,04 06 08 10 14 24,0.04045696,0.54538799,0.624594,1.478832,-0.222222,-0.181676,0.000000,0.000000,-0.252676
941,01 04 07 08 18 24,0.04045106,0.66940256,1.710845,0.467009,0.055556,0.986241,0.000000,0.000000,0.345049
942,04 09 10 12 14 24,0.04039673,0.49449591,-1.276345,0.689289,1.166667,0.726704,0.000000,0.000000,0.215944
943,04 09 13 14 18 38,0.04035709,0.51665223,0.081469,0.844499,-0.500000,0.337398,0.000000,0.000000,0.858333
944,08 10 13 14 22 24,0.04027339,0.52029237,0.081469,1.349242,0.333333,-0.181676,0.000000,0.000000,0.323573
945,02 08 10 13 24 38,0.04026958,0.63754082,1.439282,1.028540,1.166667,0.077861,0.000000,0.000000,0.902377
946,04 06 07 14 22 24,0.04019326,0.46212512,-1.276345,0.561134,-0.222222,0.856472,0.000000,0.000000,0.325560
947,01 04 07 13 14 18,0.04018874,0.57681349,0.081469,0.185060,-0.777778,1.635084,0.000000,0.000000,-0.665919
948,02 04 06 07 13 22,0.04014733,0.51417851,-1.140563,-0.015392,-0.222222,1.764852,0.000000,0.000000,-0.195636
949,01 04 06 10 12 13,0.04012733,0.54826717,0.217250,1.089000,-1.333333,0.856472,0.000000,0.000000,-2.142262
950,04 06 08 09 22 24,0.04008169,0.48077055,-0.190094,1.710831,0.055556,-0.570982,0.000000,0.000000,-0.017585
951,04 06 10 12 24 38,0.04006713,0.56204954,0.760376,0.880690,-0.500000,0.337398,0.000000,0.000000,0.646846
952,04 06 08 10 13 38,0.04001126,0.56216835,1.439282,1.548606,-1.333333,-0.311445,0.000000,0.000000,-0.186612
953,02 09 10 13 22 24,0.04000233,0.51942407,-1.276345,0.558421,2.277778,0.726704,0.000000,0.000000,0.766907
954,02 04 07 12 14 24,0.03999863,0.56462283,-1.140563,-0.404591,1.166667,2.154158,0.000000,0.000000,0.223658
955,09 10 13 22 24 38,0.03996812,0.48415103,-0.597438,1.204721,1.166667,-0.311445,0.000000,0.000000,1.408324
956,01 04 06 10 13 18,0.03996098,0.60951324,1.303501,0.824042,-1.333333,0.856472,0.000000,0.000000,-0.933109
957,01 02 07 08 13 24,0.03995696,0.61627782,0.488813,0.680279,1.444444,0.726704,0.000000,0.000000,0.192744
958,04 09 14 18 24 38,0.03992330,0.54926300,0.353032,0.897934,0.333333,0.207630,0.000000,0.000000,1.002245
959,01 04 07 10 18 24,0.03991501,0.66529436,0.896157,-0.111900,0.611111,1.764852,0.000000,0.000000,0.219342
960,02 08 12 13 22 24,0.03989454,0.57633514,0.353032,0.683710,0.611111,0.596935,0.000000,0.000000,0.624524
961,04 12 14 18 24 38,0.03985378,0.60206588,1.167720,0.444314,-0.777778,0.856472,0.000000,0.000000,0.819245
962,08 10 13 14 24 38,0.03980123,0.55287666,1.031938,1.551630,0.333333,-0.700750,0.000000,0.000000,1.139200
963,01 04 07 09 13 14,0.03978812,0.46276454,-1.819470,0.903638,0.333333,0.986241,0.000000,0.000000,-1.786368
964,08 09 13 22 24 38,0.03973770,0.48825922,0.217250,1.783630,0.611111,-1.090056,0.000000,0.000000,1.420477
965,08 12 13 22 24 38,0.03970643,0.54106211,1.031938,1.330009,-0.500000,-0.441213,0.000000,0.000000,1.243143
966,01 02 04 07 13 18,0.03969909,0.66147765,0.488813,-0.338030,0.055556,2.413695,0.000000,0.000000,-1.044673
967,01 06 13 18 22 24,0.03965731,0.55376663,1.031938,1.127259,-0.777778,-0.051907,0.000000,0.000000,0.808978
968,01 07 08 13 14 24,0.03952255,0.53161366,0.081469,1.203370,0.611111,-0.051907,0.000000,0.000000,0.434596
969,04 12 13 14 18 38,0.03951394,0.56945511,0.896157,0.390879,-1.611111,0.986241,0.000000,0.000000,0.560716
970,02 08 09 13 22 24,0.03948451,0.52353226,-0.461657,1.137330,1.722222,-0.051907,0.000000,0.000000,0.736479
971,01 04 09 14 22 38,0.03947522,0.40075879,-1.004782,1.218179,-1.333333,-0.181676,0.000000,0.000000,0.815629
972,04 06 08 12 24 38,0.03946199,0.56615773,1.575064,1.459599,-1.055556,-0.441213,0.000000,0.000000,0.603483
973,04 07 08 10 24 38,0.03946121,0.61794946,1.031938,0.612664,0.611111,0.596935,0.000000,0.000000,0.891157
974,04 06 09 12 22 24,0.03944274,0.44804098,-1.140563,0.989481,0.055556,0.207630,0.000000,0.000000,0.504754
975,01 04 06 09 10 13,0.03942290,0.49546429,-0.597438,1.542620,-0.222222,0.207630,0.000000,0.000000,-2.073925
976,02 06 13 14 24 38,0.03940834,0.51430078,0.081469,1.179397,0.333333,-0.181676,0.000000,0.000000,0.986308
977,01 07 09 13 22 24,0.03940390,0.46288803,-1.547908,0.856460,1.444444,0.337398,0.000000,0.000000,0.661417
978,02 04 07 09 14 24,0.03939176,0.51181994,-1.955252,0.049029,2.277778,1.505315,0.000000,0.000000,0.306450
979,01 04 06 08 12 13,0.03930923,0.55237537,1.031938,1.667909,-1.888889,0.077861,0.000000,0.000000,-2.217177
980,02 04 09 14 18 24,0.03927584,0.58453604,-0.325875,0.251635,1.444444,1.245778,0.000000,0.000000,0.259835
981,02 10 12 13 22 24,0.03925262,0.57222695,-0.461657,0.104801,1.166667,1.375547,0.000000,0.000000,0.483133
982,02 04 12 14 18 24,0.03924612,0.63733892,0.488813,-0.201985,0.333333,1.894621,0.000000,0.000000,0.082730
983,02 04 06 08 10 24,0.03919838,0.63005215,1.031938,0.955741,0.611111,0.596935,0.000000,0.000000,-0.745349
984,02 08 10 13 14 24,0.03913980,0.58814970,0.353032,0.905331,1.444444,0.337398,0.000000,0.000000,0.394721
985,01 04 06 07 09 24,0.03912596,0.48798365,-1.004782,0.986050,0.888889,0.337398,0.000000,0.000000,0.016794
986,01 02 04 07 12 13,0.03905745,0.60023158,-0.597438,-0.073072,0.055556,2.413695,0.000000,0.000000,-2.373532
987,01 04 06 08 13 18,0.03903895,0.61362144,2.118189,1.402951,-1.888889,0.077861,0.000000,0.000000,-1.023421
988,02 04 09 10 13 14,0.03901265,0.51930058,-1.547908,0.605600,1.166667,1.375547,0.000000,0.000000,-1.884428
989,04 08 10 13 18 38,0.03898024,0.65805479,2.389752,0.761835,-1.055556,0.467167,0.000000,0.000000,0.582279
990,04 06 09 12 13 22,0.03893567,0.41543021,-1.412126,0.936046,-0.777778,0.337398,0.000000,0.000000,0.221450
991,02 04 10 13 14 18,0.03892742,0.63334953,0.353032,-0.112979,0.055556,2.024389,0.000000,0.000000,-0.835957
992,04 07 10 12 22 24,0.03888088,0.55263559,-0.869001,-0.311074,0.611111,1.894621,0.000000,0.000000,0.536601
993,04 08 10 18 24 38,0.03885272,0.69066556,2.661315,0.815270,-0.222222,0.337398,0.000000,0.000000,0.771566
994,04 06 08 09 24 38,0.03883939,0.51335485,0.760376,1.913219,0.055556,-1.090056,0.000000,0.000000,0.683944
995,04 06 07 13 14 22,0.03877557,0.42951435,-1.547908,0.507699,-1.055556,0.986241,0.000000,0.000000,-0.092656
996,01 06 07 13 22 24,0.03877175,0.48105054,-0.597438,0.924653,0.055556,0.207630,0.000000,0.000000,0.707221
997,01 04 08 10 22 38,0.03876933,0.54216135,1.303501,1.135514,-1.888889,-0.051907,0.000000,0.000000,0.638979
998,02 04 06 07 22 24,0.03875336,0.54678928,-0.869001,0.038043,0.611111,1.635084,0.000000,0.000000,-0.193976
999,10 12 13 22 24 38,0.03872760,0.53695391,0.217250,0.751101,0.055556,0.337398,0.000000,0.000000,1.051837
1000,04 08 09 12 13 38,0.03872727,0.51538445,0.353032,1.337971,-0.500000,-0.181676,0.000000,0.000000,0.146993
1001,04 09 10 18 22 24,0.03863607,0.57254880,-0.054313,0.345151,0.888889,0.986241,0.000000,0.000000,0.643593
1002,04 06 09 10 14 24,0.03860557,0.45985554,-1.140563,1.211102,0.888889,-0.051907,0.000000,0.000000,0.262739
1003,02 07 13 22 24 38,0.03853177,0.55427795,-0.461657,0.110841,1.166667,1.116010,0.000000,0.000000,1.262219
1004,04 06 07 14 24 38,0.03847486,0.49470942,-0.325875,0.763522,-0.222222,0.337398,0.000000,0.000000,0.956554
1005,02 04 08 12 13 14,0.03846813,0.57621166,0.081469,0.730888,-0.500000,1.245778,0.000000,0.000000,-2.091513
1006,04 07 10 12 13 22,0.03840378,0.52002482,-1.140563,-0.364509,-0.222222,2.024389,0.000000,0.000000,0.257736
1007,04 07 08 12 22 24,0.03839610,0.55674379,-0.054313,0.267834,0.055556,1.116010,0.000000,0.000000,0.511068
1008,04 07 13 18 22 38,0.03838602,0.57479191,0.488813,-0.155864,-1.055556,1.505315,0.000000,0.000000,1.111548
1009,04 08 09 18 22 24,0.03836127,0.57665699,0.760376,0.924060,0.333333,0.207630,0.000000,0.000000,0.649169
1010,01 04 07 08 10 13,0.03833364,0.60416710,0.488813,0.820974,-0.222222,1.116010,0.000000,0.000000,-2.073925
1011,02 04 06 09 10 24,0.03831713,0.54451969,-0.733219,0.688011,1.722222,0.726704,0.000000,0.000000,-0.086207
1012,01 12 13 18 24 38,0.03819467,0.62099130,1.846627,0.807834,-0.500000,0.207630,0.000000,0.000000,1.165704
1013,02 04 06 18 24 38,0.03818960,0.65208967,1.710845,0.443037,-0.222222,0.856472,0.000000,0.000000,0.578639
1014,04 09 10 12 13 38,0.03818893,0.51127626,-0.461657,0.759063,0.055556,0.596935,0.000000,0.000000,0.020948
1015,01 04 06 08 09 13,0.03816920,0.49957248,0.217250,2.121529,-0.777778,-0.570982,0.000000,0.000000,-2.213375
1016,02 04 07 12 13 38,0.03811863,0.58140318,-0.325875,-0.334817,0.055556,2.024389,0.000000,0.000000,0.077226
1017,02 04 06 13 18 38,0.03803030,0.61947890,1.439282,0.389602,-1.055556,0.986241,0.000000,0.000000,0.346858
1018,04 06 13 14 18 38,0.03800962,0.53481474,1.031938,0.912692,-1.888889,0.207630,0.000000,0.000000,0.650005
1019,01 04 09 12 13 18,0.03799158,0.56272935,0.217250,0.613407,-0.500000,0.986241,0.000000,0.000000,-0.701048
1020,02 04 10 12 13 14,0.03797324,0.57210346,-0.733219,0.151979,0.055556,2.024389,0.000000,0.000000,-2.211121
1021,02 04 07 18 22 24,0.03790842,0.64267572,0.081469,-0.748728,0.888889,2.413695,0.000000,0.000000,0.602482
1022,01 02 12 13 18 24,0.03789751,0.65626434,1.167720,0.161534,0.611111,1.245778,0.000000,0.000000,0.475191
1023,02 04 08 13 14 18,0.03789035,0.63745773,1.167720,0.465930,-0.500000,1.245778,0.000000,0.000000,-0.943313
1024,02 13 14 18 22 24,0.03785517,0.57760292,0.081469,0.190238,0.611111,1.116010,0.000000,0.000000,0.792262
1025,02 04 08 09 13 14,0.03784093,0.52340877,-0.733219,1.184508,0.611111,0.596935,0.000000,0.000000,-2.011732
1026,06 10 13 22 24 38,0.03782501,0.50231354,0.353032,1.272914,-0.222222,-0.441213,0.000000,0.000000,1.230275
1027,04 07 12 13 14 38,0.03778712,0.49673902,-0.733219,0.188274,-0.777778,1.245778,0.000000,0.000000,0.334323
1028,02 04 06 10 12 24,0.03776427,0.59732258,0.081469,0.234391,0.611111,1.375547,0.000000,0.000000,-0.340816
1029,02 07 13 14 22 24,0.03774177,0.50488683,-1.547908,-0.012367,1.444444,1.375547,0.000000,0.000000,0.804902
1030,01 02 04 09 14 22,0.03773646,0.43603183,-1.683689,0.571879,-0.222222,0.856472,0.000000,0.000000,-0.088461
1031,01 07 12 13 24 38,0.03768762,0.54827521,0.217250,0.605228,0.333333,0.467167,0.000000,0.000000,1.120024
1032,01 04 06 14 22 38,0.03768617,0.41892130,-0.054313,1.286372,-2.722222,-0.311445,0.000000,0.000000,0.690034
1033,04 06 14 18 24 38,0.03767421,0.56742551,1.303501,0.966127,-1.055556,0.077861,0.000000,0.000000,0.808493
1034,02 06 10 13 22 24,0.03766880,0.53758658,-0.325875,0.626614,0.888889,0.596935,0.000000,0.000000,0.560645
1035,01 08 09 12 13 24,0.03764154,0.51752952,0.217250,1.631717,0.888889,-0.700750,0.000000,0.000000,0.446305
1036,04 07 09 10 22 24,0.03761832,0.49983271,-1.683689,0.142546,1.722222,1.245778,0.000000,0.000000,0.522251
1037,02 13 18 22 24 38,0.03760847,0.62699404,1.167720,0.313447,0.333333,0.856472,0.000000,0.000000,1.095988
1038,04 10 12 13 18 22,0.03759807,0.59274091,0.488813,-0.161904,-1.055556,1.764852,0.000000,0.000000,0.108928
1039,01 04 06 07 13 14,0.03758654,0.48092705,-0.869001,0.971831,-1.055556,0.856472,0.000000,0.000000,-1.973082
1040,07 13 14 22 24 38,0.03756276,0.46961379,-0.869001,0.633932,0.333333,0.337398,0.000000,0.000000,1.424869
1041,01 06 10 12 13 24,0.03749677,0.53158384,0.353032,1.121001,0.055556,-0.051907,0.000000,0.000000,0.518026
1042,04 07 18 22 24 38,0.03747205,0.60740268,0.760376,-0.102429,-0.222222,1.375547,0.000000,0.000000,1.184320
1043,01 02 04 12 14 22,0.03739099,0.48883472,-0.869001,0.118259,-1.333333,1.505315,0.000000,0.000000,-0.312344
1044,04 07 08 10 14 24,0.03738401,0.56855834,-0.054313,0.489455,0.888889,0.856472,0.000000,0.000000,0.243138
1045,06 08 13 22 24 38,0.03738173,0.50642173,1.167720,1.851823,-0.777778,-1.219824,0.000000,0.000000,1.210890
1046,01 02 04 07 09 13,0.03737813,0.54742870,-1.412126,0.380548,1.166667,1.764852,0.000000,0.000000,-2.449627
1047,04 07 09 13 14 38,0.03729790,0.44393614,-1.547908,0.641894,0.333333,0.596935,0.000000,0.000000,0.434546
1048,04 06 09 10 13 38,0.03726920,0.47663589,-0.325875,1.280876,-0.222222,-0.181676,0.000000,0.000000,0.196847
1049,04 10 12 18 22 24,0.03725632,0.62535168,0.760376,-0.108469,-0.222222,1.635084,0.000000,0.000000,0.266477
1050,02 04 07 08 10 24,0.03722787,0.65322250,0.353032,-0.033635,1.722222,1.635084,0.000000,0.000000,-0.086207
1051,02 04 08 10 18 24,0.03720023,0.72593859,1.982408,0.168970,0.888889,1.375547,0.000000,0.000000,-0.119742
1052,01 09 10 12 13 24,0.03714952,0.51342133,-0.597438,1.052808,1.444444,0.077861,0.000000,0.000000,0.327122
1053,04 09 10 13 18 22,0.03704933,0.53993803,-0.325875,0.291716,0.055556,1.116010,0.000000,0.000000,0.200332
1054,04 06 10 12 14 24,0.03704135,0.51265842,-0.325875,0.757482,-0.222222,0.596935,0.000000,0.000000,-0.141708
1055,04 07 09 10 13 22,0.03700602,0.46722194,-1.955252,0.089111,0.888889,1.375547,0.000000,0.000000,0.223356
1056,04 08 12 18 22 24,0.03699092,0.62945988,1.575064,0.470440,-0.777778,0.856472,0.000000,0.000000,0.273446
1057,02 04 06 08 12 24,0.03697886,0.60143077,0.896157,0.813300,0.055556,0.596935,0.000000,0.000000,-0.410887
1058,04 07 08 12 13 22,0.03696264,0.52413302,-0.325875,0.214399,-0.777778,1.245778,0.000000,0.000000,0.090516
1059,04 08 12 13 18 22,0.03694699,0.59684911,1.303501,0.417005,-1.611111,0.986241,0.000000,0.000000,0.058757
1060,02 06 08 13 22 24,0.03691077,0.54169477,0.488813,1.205523,0.333333,-0.181676,0.000000,0.000000,0.494629
1061,01 02 09 13 18 24,0.03688588,0.60346146,0.353032,0.615154,1.722222,0.596935,0.000000,0.000000,0.498017
1062,04 06 08 09 14 24,0.03683912,0.46396373,-0.325875,1.790010,0.333333,-0.830519,0.000000,0.000000,0.047322
1063,01 06 08 12 13 24,0.03681535,0.53569203,1.167720,1.699910,-0.500000,-0.830519,0.000000,0.000000,0.463360
1064,01 12 13 14 18 24,0.03672347,0.57160018,0.760376,0.684625,-0.222222,0.467167,0.000000,0.000000,0.607465
1065,02 04 06 07 24 38,0.03668839,0.57937357,0.081469,0.240431,0.611111,1.116010,0.000000,0.000000,0.385672
1066,04 06 10 12 13 38,0.03668603,0.52943877,0.488813,0.827256,-1.333333,0.467167,0.000000,0.000000,-0.062253
1067,01 02 07 12 13 24,0.03668347,0.58354825,-0.461657,-0.041071,1.444444,1.505315,0.000000,0.000000,0.324768
1068,01 02 04 06 22 38,0.03658172,0.50358546,0.353032,0.763281,-1.888889,0.467167,0.000000,0.000000,0.220196
1069,02 04 06 10 13 14,0.03654229,0.53746309,-0.597438,0.673792,-0.222222,1.245778,0.000000,0.000000,-2.110961
1070,02 04 07 09 13 38,0.03653070,0.52860030,-1.140563,0.118803,1.166667,1.375547,0.000000,0.000000,0.014671
1071,04 08 09 13 18 22,0.03652061,0.54404622,0.488813,0.870625,-0.500000,0.337398,0.000000,0.000000,0.168289
1072,04 06 09 12 24 38,0.03647388,0.48062527,-0.190094,1.191869,0.055556,-0.311445,0.000000,0.000000,0.950488
1073,01 02 04 10 14 38,0.03646814,0.55004039,0.217250,0.463089,-0.777778,0.986241,0.000000,0.000000,-0.226778
1074,02 10 12 13 24 38,0.03643804,0.60481125,0.488813,0.307189,1.166667,0.856472,0.000000,0.000000,0.951724
1075,04 06 08 12 14 24,0.03637082,0.51676661,0.488813,1.336390,-0.777778,-0.181676,0.000000,0.000000,-0.194759
1076,01 09 13 18 24 38,0.03634069,0.56818842,1.031938,1.261454,0.611111,-0.441213,0.000000,0.000000,1.063732
1077,01 04 06 12 13 18,0.03633704,0.58089186,1.167720,0.681600,-1.888889,0.856472,0.000000,0.000000,-0.806715
1078,02 09 10 13 24 38,0.03632676,0.55200836,-0.325875,0.760810,2.277778,0.207630,0.000000,0.000000,1.107939
1079,01 04 08 10 14 22,0.03625660,0.49277023,0.217250,1.012305,-1.611111,0.207630,0.000000,0.000000,-0.073565
1080,01 09 13 14 18 24,0.03622107,0.51879730,-0.054313,1.138245,0.888889,-0.181676,0.000000,0.000000,0.705735
1081,01 06 09 10 13 24,0.03621111,0.47878095,-0.461657,1.574621,1.166667,-0.700750,0.000000,0.000000,0.500254
1082,02 08 12 13 24 38,0.03619716,0.60891944,1.303501,0.886098,0.611111,0.077861,0.000000,0.000000,0.962327
1083,02 04 06 14 18 24,0.03616339,0.60269855,0.624594,0.319828,0.055556,1.116010,0.000000,0.000000,-0.061825
1084,02 04 07 13 18 22,0.03613252,0.61006495,-0.190094,-0.802163,0.055556,2.543464,0.000000,0.000000,0.131197
1085,04 07 08 09 22 24,0.03612624,0.50394090,-0.869001,0.721454,1.166667,0.467167,0.000000,0.000000,0.347484
1086,04 07 14 18 22 24,0.03612318,0.55801156,-0.325875,-0.225638,0.055556,1.635084,0.000000,0.000000,0.644205
1087,04 06 08 12 13 38,0.03605093,0.53354697,1.303501,1.406164,-1.888889,-0.311445,0.000000,0.000000,-0.110057
1088,04 07 08 10 13 38,0.03604764,0.58533870,0.760376,0.559229,-0.222222,0.726704,0.000000,0.000000,0.177246
1089,01 07 12 13 14 24,0.03601930,0.49888409,-0.869001,0.482019,0.611111,0.726704,0.000000,0.000000,0.532581
1090,04 08 10 14 18 24,0.03594192,0.64127444,1.575064,0.692061,0.055556,0.596935,0.000000,0.000000,0.000047
1091,04 07 10 12 24 38,0.03586842,0.58521989,0.081469,-0.108686,0.611111,1.375547,0.000000,0.000000,0.975876
1092,02 08 09 13 24 38,0.03585252,0.55611656,0.488813,1.339718,1.722222,-0.570982,0.000000,0.000000,1.083969
1093,02 09 12 13 22 24,0.03580956,0.49080269,-1.412126,0.415980,1.722222,0.726704,0.000000,0.000000,0.809026
1094,01 02 04 08 10 22,0.03577900,0.57743439,0.624594,0.489215,-0.777778,0.986241,0.000000,0.000000,-0.450533
1095,04 09 10 18 24 38,0.03577332,0.60513310,0.896157,0.547539,0.888889,0.467167,0.000000,0.000000,1.105047
1096,06 10 13 14 22 24,0.03571249,0.45292242,-0.733219,1.149705,0.055556,-0.181676,0.000000,0.000000,0.577023
1097,01 02 04 08 14 38,0.03568531,0.55414859,1.031938,1.041997,-1.333333,0.207630,0.000000,0.000000,-0.296467
1098,02 04 06 07 14 24,0.03565290,0.52998246,-1.004782,0.117222,0.888889,1.375547,0.000000,0.000000,-0.108015
1099,02 04 06 08 09 24,0.03556102,0.54862789,0.081469,1.266920,1.166667,-0.051907,0.000000,0.000000,-0.448243
1100,04 06 08 09 13 38,0.03553817,0.48074408,0.488813,1.859784,-0.777778,-0.960287,0.000000,0.000000,-0.013322
1101,04 07 08 09 13 22,0.03551561,0.47133013,-1.140563,0.668020,0.333333,0.596935,0.000000,0.000000,0.048837
1102,04 07 09 10 24 38,0.03549492,0.53241700,-0.733219,0.344934,1.722222,0.726704,0.000000,0.000000,1.093242
1103,09 12 13 22 24 38,0.03548799,0.45552965,-0.733219,1.062279,0.611111,-0.311445,0.000000,0.000000,1.407872
1104,01 07 09 13 24 38,0.03542766,0.49547232,-0.597438,1.058848,1.444444,-0.181676,0.000000,0.000000,0.957906
1105,04 07 08 12 24 38,0.03542723,0.58932808,0.896157,0.470222,0.055556,0.596935,0.000000,0.000000,0.956802
1106,01 04 07 09 18 24,0.03537627,0.58387010,-0.054313,0.199279,1.166667,1.116010,0.000000,0.000000,0.382906
1107,01 06 08 09 13 24,0.03536015,0.48288915,0.353032,2.153530,0.611111,-1.479361,0.000000,0.000000,0.420470
1108,01 08 10 13 18 24,0.03535634,0.66019986,2.253971,1.055580,0.333333,-0.051907,0.000000,0.000000,0.505553
1109,04 08 09 18 24 38,0.03535240,0.60924129,1.710845,1.126448,0.333333,-0.311445,0.000000,0.000000,1.088976
1110,04 07 13 14 18 22,0.03534509,0.52540079,-0.597438,-0.279072,-0.777778,1.764852,0.000000,0.000000,0.320749
1111,04 06 10 18 22 24,0.03533791,0.59071131,0.896157,0.413344,-0.500000,0.856472,0.000000,0.000000,0.294418
1112,13 14 18 22 24 38,0.03530736,0.54232988,0.760376,0.836537,-0.500000,0.077861,0.000000,0.000000,1.061283
1113,01 04 07 12 18 24,0.03530259,0.63667298,0.760376,-0.254341,0.055556,1.764852,0.000000,0.000000,0.199290
1114,01 04 10 12 22 38,0.03526107,0.50943178,0.353032,0.414164,-1.888889,0.726704,0.000000,0.000000,0.736223
1115,04 06 07 10 13 22,0.03525364,0.48538445,-1.004782,0.157304,-0.500000,1.245778,0.000000,0.000000,0.103194
1116,04 10 12 13 18 38,0.03517050,0.62532521,1.439282,0.040484,-1.055556,1.245778,0.000000,0.000000,0.634855
1117,01 04 06 09 12 13,0.03514167,0.46684291,-0.733219,1.400179,-0.777778,0.207630,0.000000,0.000000,-2.044911
1118,08 12 13 14 22 24,0.03509622,0.49167099,-0.054313,1.206801,-0.222222,-0.181676,0.000000,0.000000,0.219850
1119,01 02 07 09 13 24,0.03507949,0.53074536,-1.276345,0.412549,2.555556,0.856472,0.000000,0.000000,0.259836
1120,01 02 06 13 18 24,0.03505732,0.62162397,1.303501,0.683347,0.333333,0.467167,0.000000,0.000000,0.366568
1121,04 09 10 13 18 38,0.03504287,0.57252233,0.624594,0.494105,0.055556,0.596935,0.000000,0.000000,0.788648
1122,04 06 07 10 22 24,0.03503793,0.51799522,-0.733219,0.210739,0.333333,1.116010,0.000000,0.000000,0.279417
1123,08 09 13 14 22 24,0.03502940,0.43886810,-0.869001,1.660421,0.888889,-0.830519,0.000000,0.000000,0.382653
1124,01 06 13 18 24 38,0.03501506,0.58635093,1.982408,1.329647,-0.777778,-0.570982,0.000000,0.000000,1.006795
1125,02 04 06 09 12 24,0.03500727,0.51589831,-0.869001,0.545570,1.166667,0.726704,0.000000,0.000000,0.086719
1126,01 04 09 10 22 38,0.03497515,0.45662889,-0.461657,0.867784,-0.777778,0.077861,0.000000,0.000000,0.866564
1127,02 04 09 12 13 14,0.03495096,0.49067920,-1.683689,0.463158,0.611111,1.375547,0.000000,0.000000,-1.822889
1128,09 10 13 14 22 24,0.03493736,0.43475991,-1.683689,1.081512,1.444444,-0.051907,0.000000,0.000000,0.322727
1129,04 08 12 13 18 38,0.03491872,0.62943341,2.253971,0.619393,-1.611111,0.467167,0.000000,0.000000,0.643843
1130,04 10 12 18 24 38,0.03487360,0.65793598,1.710845,0.093919,-0.222222,1.116010,0.000000,0.000000,0.799049
1131,01 07 08 10 13 24,0.03486927,0.58748376,0.624594,0.852975,1.166667,0.207630,0.000000,0.000000,0.462834
1132,01 06 07 13 24 38,0.03486091,0.51363484,0.353032,1.127041,0.055556,-0.311445,0.000000,0.000000,1.013397
1133,01 04 07 10 12 13,0.03485409,0.57143752,-0.461657,0.099623,-0.222222,1.894621,0.000000,0.000000,-1.972429
1134,09 10 13 14 24 38,0.03483125,0.46734421,-0.733219,1.283900,1.444444,-0.570982,0.000000,0.000000,1.192586
1135,02 04 07 10 12 24,0.03468699,0.62049293,-0.597438,-0.754986,1.722222,2.413695,0.000000,0.000000,0.154357
1136,01 07 09 13 14 24,0.03458764,0.44608121,-1.683689,0.935639,1.722222,0.077861,0.000000,0.000000,0.493179
1137,08 12 13 14 24 38,0.03458046,0.52425529,0.896157,1.409189,-0.222222,-0.700750,0.000000,0.000000,1.029018
1138,04 06 10 13 18 22,0.03457918,0.55810054,0.624594,0.359909,-1.333333,0.986241,0.000000,0.000000,-0.026171
1139,08 09 13 14 24 38,0.03457904,0.47145240,0.081469,1.862809,0.888889,-1.349593,0.000000,0.000000,1.201509
1140,04 08 09 13 18 38,0.03455773,0.57663052,1.439282,1.073013,-0.500000,-0.181676,0.000000,0.000000,0.763063
1141,01 06 13 14 18 24,0.03455231,0.53695981,0.896157,1.206438,-0.500000,-0.311445,0.000000,0.000000,0.597962
1142,01 02 04 06 07 13,0.03449311,0.56559121,-0.461657,0.448741,-0.222222,1.635084,0.000000,0.000000,-2.737594
1143,01 04 06 09 13 18,0.03440322,0.52808898,0.353032,1.135221,-0.777778,0.207630,0.000000,0.000000,-0.920515
1144,04 06 09 12 14 24,0.03434179,0.43123416,-1.276345,1.068660,0.333333,-0.051907,0.000000,0.000000,0.294337
1145,02 09 10 13 14 24,0.03430329,0.50261725,-1.412126,0.637601,2.555556,0.467167,0.000000,0.000000,0.467879
1146,02 04 09 10 18 24,0.03430218,0.64040614,0.217250,-0.098760,2.000000,1.505315,0.000000,0.000000,0.240606
1147,01 04 08 09 22 38,0.03430168,0.46073709,0.353032,1.446692,-1.333333,-0.700750,0.000000,0.000000,0.813076
1148,06 08 13 14 22 24,0.03427743,0.45703061,0.081469,1.728614,-0.500000,-0.960287,0.000000,0.000000,0.410703
1149,04 07 09 12 22 24,0.03427395,0.47121133,-1.819470,0.000104,1.166667,1.245778,0.000000,0.000000,0.690064
1150,02 07 13 14 24 38,0.03421231,0.53747113,-0.597438,0.190021,1.444444,0.856472,0.000000,0.000000,1.167581
1151,02 08 12 13 14 24,0.03420639,0.55952832,0.217250,0.762889,0.888889,0.337398,0.000000,0.000000,0.327111
1152,02 04 06 08 13 14,0.03417037,0.54157129,0.217250,1.252701,-0.777778,0.467167,0.000000,0.000000,-2.416079
1153,02 04 07 18 24 38,0.03408483,0.67526002,1.031938,-0.546340,0.888889,1.894621,0.000000,0.000000,0.921586
1154,02 04 07 08 12 24,0.03407923,0.62460112,0.217250,-0.176077,1.166667,1.635084,0.000000,0.000000,0.110605
1155,04 06 08 18 22 24,0.03406513,0.59481950,1.710845,0.992253,-1.055556,0.077861,0.000000,0.000000,0.152140
1156,02 04 09 13 14 18,0.03394710,0.55192527,-0.597438,0.198200,0.611111,1.375547,0.000000,0.000000,-0.737813
1157,04 07 08 09 24 38,0.03393576,0.53652520,0.081469,0.923843,1.166667,-0.051907,0.000000,0.000000,0.908537
1158,04 06 07 13 14 38,0.03385652,0.46209865,-0.597438,0.710087,-1.055556,0.467167,0.000000,0.000000,0.064153
1159,04 08 09 10 12 24,0.03384717,0.55447420,0.081469,0.917803,1.166667,0.207630,0.000000,0.000000,0.009530
1160,01 04 08 12 22 38,0.03383076,0.51353997,1.167720,0.993072,-2.444444,-0.051907,0.000000,0.000000,0.570606
1161,04 06 08 13 18 22,0.03381025,0.56220874,1.439282,0.938818,-1.888889,0.207630,0.000000,0.000000,-0.093801
1162,01 02 04 18 22 38,0.03380347,0.59947190,1.303501,-0.023490,-1.611111,1.245778,0.000000,0.000000,0.730229
1163,04 07 10 12 14 24,0.03380173,0.53582877,-1.004782,-0.231895,0.888889,1.635084,0.000000,0.000000,0.329413
1164,02 04 08 09 18 24,0.03377209,0.64451433,1.031938,0.480149,1.444444,0.726704,0.000000,0.000000,0.208361
1165,04 09 12 18 22 24,0.03376937,0.54392742,-0.190094,0.202710,0.333333,0.986241,0.000000,0.000000,0.585868
1166,02 08 09 13 14 24,0.03376366,0.50672544,-0.597438,1.216509,2.000000,-0.311445,0.000000,0.000000,0.434222
1167,01 04 07 08 12 13,0.03375364,0.57554572,0.353032,0.678532,-0.777778,1.116010,0.000000,0.000000,-2.089174
1168,01 02 04 06 14 22,0.03374205,0.45419434,-0.733219,0.640072,-1.611111,0.726704,0.000000,0.000000,-0.540787
1169,04 08 12 18 24 38,0.03372541,0.66204418,2.525533,0.672828,-0.777778,0.337398,0.000000,0.000000,0.675230
1170,02 04 06 07 13 38,0.03371794,0.54676281,-0.190094,0.186996,-0.222222,1.245778,0.000000,0.000000,-0.262590
1171,02 13 14 18 24 38,0.03368283,0.61018722,1.031938,0.392626,0.611111,0.596935,0.000000,0.000000,1.059697
1172,01 04 06 07 18 24,0.03366242,0.60203261,0.896157,0.267472,-0.222222,0.986241,0.000000,0.000000,0.268453
1173,10 12 13 14 24 38,0.03362342,0.52014709,0.081469,0.830280,0.333333,0.077861,0.000000,0.000000,0.840942
1174,02 10 12 13 14 24,0.03358626,0.55542013,-0.597438,0.183981,1.444444,1.116010,0.000000,0.000000,0.188949
1175,06 10 13 14 24 38,0.03358184,0.48550672,0.217250,1.352093,0.055556,-0.700750,0.000000,0.000000,1.146940
1176,02 06 12 13 22 24,0.03352515,0.50896520,-0.461657,0.484173,0.333333,0.596935,0.000000,0.000000,0.610041
1177,02 04 12 13 14 18,0.03352001,0.60472815,0.217250,-0.255420,-0.500000,2.024389,0.000000,0.000000,-0.973790
1178,01 04 07 08 13 18,0.03347518,0.63679179,1.439282,0.413574,-0.777778,1.116010,0.000000,0.000000,-0.896630
1179,04 07 09 10 14 24,0.03345041,0.48302589,-1.819470,0.221725,2.000000,0.986241,0.000000,0.000000,0.450066
1180,06 12 13 22 24 38,0.03339401,0.47369216,0.217250,1.130472,-0.777778,-0.441213,0.000000,0.000000,1.237100
1181,06 09 13 22 24 38,0.03337616,0.42088927,-0.597438,1.584092,0.333333,-1.090056,0.000000,0.000000,1.407157
1182,01 02 13 14 22 38,0.03335322,0.46168301,-0.325875,0.712871,-1.055556,0.207630,0.000000,0.000000,0.890633
1183,02 06 08 13 24 38,0.03334418,0.57427907,1.439282,1.407911,0.333333,-0.700750,0.000000,0.000000,0.851808
1184,02 04 07 09 10 24,0.03333116,0.56769004,-1.412126,-0.301365,2.833333,1.764852,0.000000,0.000000,0.126187
1185,01 07 13 18 22 24,0.03330564,0.57693698,0.353032,0.137882,0.333333,0.986241,0.000000,0.000000,0.819040
1186,04 07 08 12 14 24,0.03329515,0.53993697,-0.190094,0.347014,0.333333,0.856472,0.000000,0.000000,0.300651
1187,01 04 07 10 13 18,0.03329317,0.63268359,0.624594,-0.165335,-0.222222,1.894621,0.000000,0.000000,-0.969883
1188,02 04 10 12 18 24,0.03323919,0.69320902,1.031938,-0.552380,0.888889,2.154158,0.000000,0.000000,-0.089581
1189,01 02 06 07 13 24,0.03319049,0.54890787,-0.325875,0.480742,1.166667,0.726704,0.000000,0.000000,0.119433
1190,02 06 10 13 24 38,0.03313223,0.57017088,0.624594,0.829003,0.888889,0.077861,0.000000,0.000000,0.774118
1191,04 06 09 12 13 38,0.03313122,0.44801451,-0.461657,1.138434,-0.777778,-0.181676,0.000000,0.000000,0.247083
1192,06 08 13 14 24 38,0.03311675,0.48961491,1.031938,1.931002,-0.500000,-1.479361,0.000000,0.000000,1.124326
1193,02 04 07 13 18 38,0.03310179,0.64264925,0.760376,-0.599775,0.055556,2.024389,0.000000,0.000000,0.567765
1194,02 06 09 13 22 24,0.03306600,0.45616231,-1.276345,0.937793,1.444444,-0.051907,0.000000,0.000000,0.714719
1195,01 06 07 13 14 24,0.03299641,0.46424372,-0.733219,1.003832,0.333333,-0.051907,0.000000,0.000000,0.396891
1196,04 06 07 10 24 38,0.03297992,0.55057952,0.217250,0.413127,0.333333,0.596935,0.000000,0.000000,0.860096
1197,04 07 13 14 18 38,0.03293931,0.55798509,0.353032,-0.076684,-0.777778,1.245778,0.000000,0.000000,0.849905
1198,04 07 09 12 13 22,0.03290891,0.43860056,-2.091033,-0.053331,0.333333,1.375547,0.000000,0.000000,0.279647
1199,04 09 10 14 18 24,0.03289522,0.55574198,-0.190094,0.424331,1.166667,0.726704,0.000000,0.000000,0.338372
1200,04 09 12 13 18 22,0.03286746,0.51131665,-0.461657,0.149275,-0.500000,1.116010,0.000000,0.000000,0.244066
1201,02 06 10 13 14 24,0.03286345,0.52077976,-0.461657,0.705794,1.166667,0.337398,0.000000,0.000000,0.394021
1202,01 02 14 22 24 38,0.03282468,0.49429378,-0.054313,0.766305,-0.222222,0.077861,0.000000,0.000000,1.020508
1203,01 04 10 12 14 22,0.03275885,0.46004066,-0.733219,0.290955,-1.611111,0.986241,0.000000,0.000000,0.025235
1204,01 04 07 09 10 13,0.03270735,0.51863464,-1.276345,0.553244,0.888889,1.245778,0.000000,0.000000,-2.117772
1205,02 04 08 12 18 24,0.03268894,0.69731722,1.846627,0.026529,0.333333,1.375547,0.000000,0.000000,-0.124812
1206,04 06 07 08 13 22,0.03268100,0.48949264,-0.190094,0.736213,-1.055556,0.467167,0.000000,0.000000,-0.231662
1207,07 10 13 22 24 38,0.03266274,0.52548389,-0.325875,0.283537,0.888889,0.596935,0.000000,0.000000,1.416549
1208,01 02 04 07 22 38,0.03265214,0.52675581,-0.325875,-0.226096,-0.777778,1.505315,0.000000,0.000000,0.589097
1209,04 06 10 13 18 38,0.03263810,0.59068484,1.575064,0.562298,-1.333333,0.467167,0.000000,0.000000,0.571833
1210,04 07 10 12 13 38,0.03255574,0.55260912,-0.190094,-0.162121,-0.222222,1.505315,0.000000,0.000000,0.276912
1211,04 06 10 18 24 38,0.03254055,0.62329561,1.846627,0.615732,-0.500000,0.337398,0.000000,0.000000,0.765560
1212,04 07 14 18 24 38,0.03253549,0.59059586,0.624594,-0.023249,0.055556,1.116010,0.000000,0.000000,0.998258
1213,02 07 10 13 22 24,0.03250002,0.56075693,-1.004782,-0.362762,2.000000,1.635084,0.000000,0.000000,0.745955
1214,01 04 09 10 14 22,0.03249512,0.40723777,-1.547908,0.744575,-0.500000,0.337398,0.000000,0.000000,0.158864
1215,10 12 13 14 22 24,0.03248070,0.48756279,-0.869001,0.627892,0.333333,0.596935,0.000000,0.000000,-0.213937
1216,01 02 04 08 12 22,0.03243082,0.54881301,0.488813,0.346773,-1.333333,0.986241,0.000000,0.000000,-0.283286
1217,02 10 13 18 22 24,0.03238841,0.63347302,0.624594,-0.160157,1.166667,1.375547,0.000000,0.000000,0.699979
1218,07 08 13 22 24 38,0.03238340,0.52959208,0.488813,0.862446,0.333333,-0.181676,0.000000,0.000000,1.421454
1219,04 08 09 14 18 24,0.03238152,0.55985017,0.624594,1.003239,0.611111,-0.051907,0.000000,0.000000,0.308555
1220,01 02 04 10 12 22,0.03221602,0.54470482,-0.325875,-0.232136,-0.777778,1.764852,0.000000,0.000000,-0.361398
1221,01 04 08 12 14 22,0.03218953,0.46414885,0.081469,0.869863,-2.166667,0.207630,0.000000,0.000000,-0.012822
1222,02 04 08 10 13 18,0.03218807,0.69332783,1.710845,0.115535,0.055556,1.505315,0.000000,0.000000,-1.070490
1223,02 04 07 10 13 14,0.03213792,0.56063344,-1.276345,-0.315584,0.888889,2.283926,0.000000,0.000000,-1.812401
1224,01 04 06 10 22 38,0.03212024,0.47479140,0.488813,0.935977,-2.166667,-0.051907,0.000000,0.000000,0.583059
1225,01 06 09 12 13 24,0.03211945,0.45015958,-0.597438,1.432180,0.611111,-0.700750,0.000000,0.000000,0.557352
1226,02 09 12 13 24 38,0.03209039,0.52338698,-0.461657,0.618368,1.722222,0.207630,0.000000,0.000000,1.143600
1227,02 06 08 13 14 24,0.03208362,0.52488795,0.353032,1.284702,0.611111,-0.441213,0.000000,0.000000,0.324776
1228,01 10 12 13 18 24,0.03207398,0.62747028,1.303501,0.334230,0.333333,0.726704,0.000000,0.000000,0.636264
1229,01 04 14 18 22 38,0.03203713,0.51480775,0.896157,0.499600,-2.444444,0.467167,0.000000,0.000000,0.774751
1230,04 10 12 14 18 24,0.03202810,0.60854486,0.624594,-0.029290,0.055556,1.375547,0.000000,0.000000,0.037204
1231,04 07 08 09 14 24,0.03196818,0.48713408,-1.004782,0.800634,1.444444,0.207630,0.000000,0.000000,0.276758
1232,04 06 08 18 24 38,0.03191367,0.62740380,2.661315,1.194641,-1.055556,-0.441213,0.000000,0.000000,0.718975
1233,04 06 08 13 18 38,0.03191276,0.59479303,2.389752,1.141206,-1.888889,-0.311445,0.000000,0.000000,0.510661
1234,02 07 08 13 22 24,0.03190593,0.56486512,-0.190094,0.216146,1.444444,0.856472,0.000000,0.000000,0.704228
1235,02 04 07 14 18 24,0.03187367,0.62586890,-0.054313,-0.669549,1.166667,2.154158,0.000000,0.000000,0.253719
1236,02 04 06 09 13 14,0.03185341,0.45603883,-1.547908,0.984971,0.333333,0.596935,0.000000,0.000000,-1.969641
1237,04 06 09 18 22 24,0.03184156,0.50928705,-0.054313,0.724523,0.055556,0.207630,0.000000,0.000000,0.612416
1238,01 04 07 14 22 38,0.03181898,0.44209165,-0.733219,0.296995,-1.611111,0.726704,0.000000,0.000000,0.771873
1239,01 02 04 09 14 38,0.03179281,0.46861613,-0.733219,0.774267,-0.222222,0.337398,0.000000,0.000000,-0.083451
1240,02 04 07 08 09 24,0.03179252,0.57179824,-0.597438,0.277543,2.277778,0.986241,0.000000,0.000000,-0.055478
1241,01 04 08 09 14 22,0.03175626,0.41134597,-0.733219,1.323484,-1.055556,-0.441213,0.000000,0.000000,0.095689
1242,01 04 07 08 09 13,0.03174473,0.52274283,-0.461657,1.132152,0.333333,0.467167,0.000000,0.000000,-2.214099
1243,04 08 12 14 18 24,0.03174090,0.61265306,1.439282,0.549619,-0.500000,0.596935,0.000000,0.000000,0.040944
1244,01 04 06 07 10 13,0.03153447,0.53679715,-0.325875,0.621436,-0.500000,1.116010,0.000000,0.000000,-2.152080
1245,01 07 10 12 13 24,0.03147001,0.55475419,-0.325875,0.131625,1.166667,0.986241,0.000000,0.000000,0.576224
1246,02 08 13 18 22 24,0.03145459,0.63758121,1.439282,0.418752,0.611111,0.596935,0.000000,0.000000,0.607919
1247,04 06 07 08 22 24,0.03145025,0.52210341,0.081469,0.789647,-0.222222,0.337398,0.000000,0.000000,-0.205820
1248,01 02 04 12 14 38,0.03138195,0.52141901,0.081469,0.320647,-1.333333,0.986241,0.000000,0.000000,-0.317022
1249,10 13 18 22 24 38,0.03136629,0.59819998,1.303501,0.486143,0.055556,0.337398,0.000000,0.000000,1.195036
1250,01 08 12 13 18 24,0.03134114,0.63157848,2.118189,0.913139,-0.222222,-0.051907,0.000000,0.000000,0.573980
1251,08 13 18 22 24 38,0.03131480,0.60230817,2.118189,1.065051,-0.500000,-0.441213,0.000000,0.000000,1.233697
1252,04 07 09 12 24 38,0.03128329,0.50379563,-0.869001,0.202492,1.166667,0.726704,0.000000,0.000000,1.132568
1253,01 04 06 08 22 38,0.03127723,0.47889960,1.303501,1.514885,-2.722222,-0.830519,0.000000,0.000000,0.504453
1254,06 09 13 14 22 24,0.03123095,0.37149815,-1.683689,1.460883,0.611111,-0.830519,0.000000,0.000000,0.749061
1255,04 07 09 10 13 38,0.03122337,0.49980624,-1.004782,0.291499,0.888889,0.856472,0.000000,0.000000,0.252219
1256,02 04 08 09 10 13,0.03120975,0.57927887,-0.190094,0.834113,1.166667,0.856472,0.000000,0.000000,-2.276528
1257,01 02 04 14 18 22,0.03119210,0.55008078,0.217250,-0.146699,-1.333333,1.505315,0.000000,0.000000,0.003070
1258,04 07 08 12 13 38,0.03115819,0.55671732,0.624594,0.416788,-0.777778,0.726704,0.000000,0.000000,0.116150
1259,04 07 10 18 22 24,0.03115283,0.61388166,0.217250,-0.576032,0.611111,1.894621,0.000000,0.000000,0.625466
1260,01 02 04 09 10 22,0.03114857,0.49190193,-1.140563,0.221484,0.333333,1.116010,0.000000,0.000000,-0.346842
1261,04 07 08 18 22 24,0.03097038,0.61798985,1.031938,0.002876,0.055556,1.116010,0.000000,0.000000,0.644725
1262,04 08 10 13 14 18,0.03085440,0.60866367,1.303501,0.638626,-0.777778,0.726704,0.000000,0.000000,-0.961866
1263,04 06 07 12 22 24,0.03084369,0.48937384,-0.869001,0.068297,-0.222222,1.116010,0.000000,0.000000,0.321318
1264,04 06 07 10 14 24,0.03083733,0.50118840,-0.869001,0.289918,0.611111,0.856472,0.000000,0.000000,0.202389
1265,02 04 06 13 14 18,0.03082641,0.57008778,0.353032,0.266393,-0.777778,1.245778,0.000000,0.000000,-1.060696
1266,04 09 12 13 18 38,0.03081740,0.54390095,0.488813,0.351663,-0.500000,0.596935,0.000000,0.000000,0.825923
1267,01 09 10 13 18 24,0.03081421,0.57466740,0.488813,0.787850,1.444444,0.077861,0.000000,0.000000,0.622326
1268,04 06 12 13 18 22,0.03080214,0.52947916,0.488813,0.217468,-1.888889,0.986241,0.000000,0.000000,0.077541
1269,02 04 06 12 13 14,0.03055842,0.50884171,-0.733219,0.531351,-0.777778,1.245778,0.000000,0.000000,-2.334199
1270,09 12 13 14 22 24,0.03052263,0.40613853,-1.819470,0.939070,0.888889,-0.051907,0.000000,0.000000,0.331962
1271,04 06 12 18 22 24,0.03052033,0.56208993,0.760376,0.270903,-1.055556,0.856472,0.000000,0.000000,0.243970
1272,02 04 06 10 18 24,0.03050483,0.65856865,1.167720,-0.030567,0.611111,1.375547,0.000000,0.000000,-0.182525
1273,04 09 12 18 24 38,0.03048206,0.57651172,0.760376,0.405098,0.333333,0.467167,0.000000,0.000000,0.984422
1274,02 04 06 07 10 24,0.03046140,0.58585256,-0.461657,-0.233173,1.444444,1.635084,0.000000,0.000000,-0.159518
1275,01 02 04 08 09 22,0.03044343,0.49601013,-0.325875,0.800393,-0.222222,0.337398,0.000000,0.000000,-0.405022
1276,02 04 07 08 13 14,0.03041003,0.56474164,-0.461657,0.263325,0.333333,1.505315,0.000000,0.000000,-2.022103
1277,02 04 08 10 12 13,0.03038765,0.63208176,0.624594,0.380493,0.055556,1.505315,0.000000,0.000000,-2.571026
1278,09 12 13 14 24 38,0.03037292,0.43872283,-0.869001,1.141459,0.888889,-0.570982,0.000000,0.000000,1.195362
1279,01 04 07 12 13 18,0.03022348,0.60406221,0.488813,-0.307776,-0.777778,1.894621,0.000000,0.000000,-0.761376
1280,07 10 13 14 22 24,0.03019506,0.47609277,-1.412126,0.160328,1.166667,0.856472,0.000000,0.000000,0.710680
1281,01 04 08 10 14 38,0.03016037,0.52535453,1.167720,1.214693,-1.611111,-0.311445,0.000000,0.000000,-0.091159
1282,04 06 07 08 24 38,0.03014087,0.55468771,1.031938,0.992036,-0.222222,-0.181676,0.000000,0.000000,0.485771
1283,02 09 12 13 14 24,0.03013231,0.47399587,-1.547908,0.495159,2.000000,0.467167,0.000000,0.000000,0.513228
1284,02 04 10 14 22 38,0.03011362,0.49862769,-0.461657,-0.001044,-0.777778,1.116010,0.000000,0.000000,0.536048
1285,01 04 06 07 08 13,0.03008091,0.54090534,0.488813,1.200345,-1.055556,0.337398,0.000000,0.000000,-2.321140
1286,01 08 09 13 18 24,0.03003771,0.57877559,1.303501,1.366759,0.888889,-0.700750,0.000000,0.000000,0.553575
1287,01 07 08 12 13 24,0.03002614,0.55886238,0.488813,0.710533,0.611111,0.207630,0.000000,0.000000,0.408600
1288,02 04 07 09 12 24,0.03001858,0.53906866,-1.547908,-0.443807,2.277778,1.764852,0.000000,0.000000,0.298710
1289,04 06 09 13 18 22,0.02997093,0.47667628,-0.325875,0.671088,-0.777778,0.337398,0.000000,0.000000,0.127096
1290,08 09 10 13 22 24,0.02987219,0.49473820,-0.325875,1.310026,1.444444,-0.570982,0.000000,0.000000,0.336229
1291,02 06 12 13 24 38,0.02987137,0.54154950,0.488813,0.686561,0.333333,0.077861,0.000000,0.000000,0.954303
1292,01 04 09 12 22 38,0.02985894,0.42800751,-0.597438,0.725342,-1.333333,0.077861,0.000000,0.000000,0.771873
1293,01 02 04 07 14 22,0.02984516,0.47736469,-1.412126,-0.349304,-0.500000,1.764852,0.000000,0.000000,-0.167042
1294,04 07 08 09 13 38,0.02977656,0.50391443,-0.190094,0.870408,0.333333,0.077861,0.000000,0.000000,0.084158
1295,04 08 10 12 13 14,0.02972763,0.54741760,0.217250,0.903584,-0.777778,0.726704,0.000000,0.000000,-2.362598
1296,02 04 09 12 18 24,0.02961324,0.61178476,0.081469,-0.241202,1.444444,1.505315,0.000000,0.000000,0.209217
1297,04 06 10 14 18 24,0.02956436,0.57390449,0.760376,0.492523,-0.222222,0.596935,0.000000,0.000000,-0.015647
1298,01 04 06 10 14 22,0.02954212,0.42540028,-0.597438,0.812768,-1.888889,0.207630,0.000000,0.000000,-0.139173
1299,04 06 07 10 13 38,0.02953638,0.51796875,-0.054313,0.359692,-0.500000,0.726704,0.000000,0.000000,0.141745
1300,02 04 08 14 22 38,0.02952498,0.50273589,0.353032,0.577865,-1.333333,0.337398,0.000000,0.000000,0.495129
1301,06 12 13 14 22 24,0.02949410,0.42430104,-0.869001,1.007263,-0.500000,-0.181676,0.000000,0.000000,0.319041
1302,04 08 09 10 13 14,0.02945573,0.49461472,-0.597438,1.357204,0.333333,0.077861,0.000000,0.000000,-2.230180
1303,04 06 07 12 13 22,0.02938026,0.45676307,-1.140563,0.014862,-1.055556,1.245778,0.000000,0.000000,-0.103674
1304,08 09 10 13 24 38,0.02931930,0.52732250,0.624594,1.512414,1.444444,-1.090056,0.000000,0.000000,1.139897
1305,08 10 12 13 24 38,0.02924484,0.58012538,1.439282,1.058794,0.333333,-0.441213,0.000000,0.000000,0.956164
1306,01 07 09 10 13 24,0.02919520,0.50195131,-1.140563,0.585245,2.277778,0.337398,0.000000,0.000000,0.411905
1307,04 07 09 12 14 24,0.02918390,0.45440451,-1.955252,0.079283,1.444444,0.986241,0.000000,0.000000,0.481261
1308,04 06 08 10 12 24,0.02912708,0.57263671,1.031938,0.985995,-0.222222,0.077861,0.000000,0.000000,-0.550308
1309,06 09 13 14 24 38,0.02912209,0.40408245,-0.733219,1.663272,0.611111,-1.349593,0.000000,0.000000,1.322207
1310,02 04 06 08 18 24,0.02901318,0.66267684,1.982408,0.548342,0.055556,0.596935,0.000000,0.000000,-0.357228
1311,04 06 08 09 10 24,0.02895299,0.51983383,0.217250,1.439616,0.888889,-0.570982,0.000000,0.000000,-0.403398
1312,01 02 04 06 10 22,0.02894965,0.51006444,-0.190094,0.289677,-1.055556,0.986241,0.000000,0.000000,-0.533162
1313,06 08 10 13 22 24,0.02894264,0.51290071,0.624594,1.378219,0.055556,-0.700750,0.000000,0.000000,0.337972
1314,01 07 13 18 24 38,0.02894198,0.60952128,1.303501,0.340270,0.333333,0.467167,0.000000,0.000000,1.058130
1315,08 10 12 13 22 24,0.02893673,0.54754109,0.488813,0.856406,0.333333,0.077861,0.000000,0.000000,0.024937
1316,04 07 08 13 18 22,0.02893114,0.58537909,0.760376,-0.050559,-0.777778,1.245778,0.000000,0.000000,0.134424
1317,01 02 10 13 22 38,0.02889174,0.51755311,0.217250,0.362476,-0.500000,0.467167,0.000000,0.000000,0.947285
1318,04 06 09 18 24 38,0.02887629,0.54187134,0.896157,0.926911,0.055556,-0.311445,0.000000,0.000000,1.058681
1319,01 02 07 13 18 24,0.02885835,0.64479432,0.624594,-0.306029,1.444444,1.505315,0.000000,0.000000,0.399253
1320,04 06 07 12 24 38,0.02884481,0.52195814,0.081469,0.270685,-0.222222,0.596935,0.000000,0.000000,0.910758
1321,04 06 08 14 18 24,0.02881730,0.57801268,1.575064,1.071432,-0.777778,-0.181676,0.000000,0.000000,-0.080037
1322,04 06 07 09 13 22,0.02866968,0.40396019,-1.955252,0.468482,0.055556,0.596935,0.000000,0.000000,-0.036247
1323,01 04 06 08 14 22,0.02863372,0.42950848,0.217250,1.391677,-2.444444,-0.570982,0.000000,0.000000,-0.227467
1324,02 08 10 12 13 24,0.02862133,0.61539842,0.760376,0.412495,1.444444,0.596935,0.000000,0.000000,0.217302
1325,04 07 10 13 18 22,0.02860973,0.58127089,-0.054313,-0.629467,-0.222222,2.024389,0.000000,0.000000,0.040518
1326,01 02 04 09 12 22,0.02856283,0.46328055,-1.276345,0.079043,-0.222222,1.116010,0.000000,0.000000,-0.066637
1327,02 06 09 13 24 38,0.02855122,0.48874661,-0.325875,1.140181,1.444444,-0.570982,0.000000,0.000000,0.931421
1328,04 09 12 14 18 24,0.02853025,0.52712060,-0.325875,0.281889,0.611111,0.726704,0.000000,0.000000,0.354980
1329,04 06 12 13 18 38,0.02846175,0.56206346,1.439282,0.419856,-1.888889,0.467167,0.000000,0.000000,0.616385
1330,02 04 09 10 13 18,0.02843204,0.60779537,-0.054313,-0.152195,1.166667,1.635084,0.000000,0.000000,-0.837254
1331,01 06 07 10 13 24,0.02843197,0.52011382,-0.190094,0.653438,0.888889,0.207630,0.000000,0.000000,0.438289
1332,07 10 13 14 24 38,0.02843046,0.50867707,-0.461657,0.362716,1.166667,0.337398,0.000000,0.000000,1.334828
1333,01 04 07 09 12 13,0.02842340,0.49001326,-1.412126,0.410802,0.333333,1.245778,0.000000,0.000000,-2.089162
1334,04 06 07 09 22 24,0.02838390,0.43657095,-1.683689,0.521917,0.888889,0.467167,0.000000,0.000000,0.129593
1335,02 08 09 10 13 24,0.02838212,0.56259554,-0.054313,0.866115,2.555556,-0.051907,0.000000,0.000000,0.354563
1336,02 07 12 13 22 24,0.02835364,0.53213555,-1.140563,-0.505204,1.444444,1.635084,0.000000,0.000000,0.794947
1337,02 12 13 18 22 24,0.02834687,0.60485164,0.488813,-0.302598,0.611111,1.375547,0.000000,0.000000,0.764504
1338,02 07 08 13 24 38,0.02831754,0.59744942,0.760376,0.418535,1.444444,0.337398,0.000000,0.000000,1.058177
1339,02 04 10 12 13 18,0.02830267,0.66059825,0.760376,-0.605815,0.055556,2.283926,0.000000,0.000000,-1.029121
1340,02 04 08 12 13 18,0.02829312,0.66470645,1.575064,-0.026906,-0.500000,1.505315,0.000000,0.000000,-0.984247
1341,01 02 08 13 22 38,0.02827851,0.52166131,1.031938,0.941384,-1.055556,-0.311445,0.000000,0.000000,0.902722
1342,04 06 07 08 14 24,0.02827287,0.50529659,-0.054313,0.868827,0.055556,0.077861,0.000000,0.000000,-0.131256
1343,01 04 09 12 14 22,0.02825041,0.37861639,-1.683689,0.602133,-1.055556,0.337398,0.000000,0.000000,0.193288
1344,02 06 09 13 14 24,0.02824975,0.43935549,-1.412126,1.016972,1.722222,-0.311445,0.000000,0.000000,0.546480
1345,06 12 13 14 24 38,0.02824624,0.45688534,0.081469,1.209652,-0.500000,-0.700750,0.000000,0.000000,1.019746
1346,07 12 13 22 24 38,0.02822901,0.49686251,-0.461657,0.141096,0.333333,0.596935,0.000000,0.000000,1.422970
1347,04 06 12 18 24 38,0.02822480,0.59467423,1.710845,0.473291,-1.055556,0.337398,0.000000,0.000000,0.789460
1348,01 07 13 14 18 24,0.02821155,0.56013016,0.217250,0.217061,0.611111,0.726704,0.000000,0.000000,0.609638
1349,04 06 09 10 12 24,0.02820480,0.48710426,-0.733219,0.718265,0.888889,0.207630,0.000000,0.000000,0.102757
1350,08 13 14 18 22 24,0.02812634,0.55291706,1.031938,0.941842,-0.222222,-0.181676,0.000000,0.000000,0.421041
1351,04 06 09 13 18 38,0.02805165,0.50926058,0.624594,0.873476,-0.777778,-0.181676,0.000000,0.000000,0.728328
1352,01 04 06 12 22 38,0.02802063,0.44617002,0.353032,0.793535,-2.722222,-0.051907,0.000000,0.000000,0.638979
1353,01 06 08 13 18 24,0.02801612,0.59693810,2.253971,1.434952,-0.500000,-0.830519,0.000000,0.000000,0.393528
1354,07 08 13 14 22 24,0.02799756,0.48020096,-0.597438,0.739237,0.611111,0.077861,0.000000,0.000000,0.431402
1355,02 07 10 13 24 38,0.02794164,0.59334123,-0.054313,-0.160374,2.000000,1.116010,0.000000,0.000000,0.956198
1356,04 07 08 18 24 38,0.02787074,0.65057415,1.982408,0.205264,0.055556,0.596935,0.000000,0.000000,1.071083
1357,01 02 04 06 14 38,0.02786379,0.48677864,0.217250,0.842460,-1.611111,0.207630,0.000000,0.000000,-0.526089
1358,01 06 10 13 18 24,0.02786139,0.59282991,1.439282,0.856043,0.055556,-0.051907,0.000000,0.000000,0.324315
1359,02 06 12 13 14 24,0.02781520,0.49215838,-0.597438,0.563352,0.611111,0.337398,0.000000,0.000000,0.309399
1360,01 02 10 22 24 38,0.02778425,0.55016388,0.488813,0.415911,0.333333,0.337398,0.000000,0.000000,0.991387
1361,02 10 13 18 24 38,0.02777998,0.66605732,1.575064,0.042231,1.166667,0.856472,0.000000,0.000000,0.902806
1362,02 07 10 13 14 24,0.02770556,0.54395011,-1.140563,-0.283583,2.277778,1.375547,0.000000,0.000000,0.580945
1363,01 07 08 09 13 24,0.02770207,0.50605950,-0.325875,1.164153,1.722222,-0.441213,0.000000,0.000000,0.236983
1364,02 04 08 09 13 18,0.02768227,0.61190356,0.760376,0.426714,0.611111,0.856472,0.000000,0.000000,-0.902044
1365,06 08 10 13 24 38,0.02767945,0.54548501,1.575064,1.580607,0.055556,-1.219824,0.000000,0.000000,1.036407
1366,01 04 07 09 13 18,0.02767677,0.55125933,-0.325875,0.145844,0.333333,1.245778,0.000000,0.000000,-0.965978
1367,02 09 13 18 22 24,0.02766182,0.55204875,-0.325875,0.151022,1.722222,0.726704,0.000000,0.000000,0.835713
1368,01 10 13 14 22 38,0.02756638,0.43288895,-0.190094,0.885566,-1.333333,-0.311445,0.000000,0.000000,1.057139
1369,10 13 14 18 24 38,0.02752784,0.58139316,1.167720,0.565322,0.333333,0.077861,0.000000,0.000000,1.171662
1370,04 06 08 09 12 24,0.02747956,0.49121245,0.081469,1.297174,0.333333,-0.570982,0.000000,0.000000,0.041600
1371,01 04 06 09 22 38,0.02747495,0.39336714,-0.461657,1.247155,-1.611111,-0.700750,0.000000,0.000000,0.730837
1372,08 13 14 18 24 38,0.02745456,0.58550135,1.982408,1.144231,-0.222222,-0.700750,0.000000,0.000000,1.207094
1373,02 08 13 18 24 38,0.02743517,0.67016551,2.389752,0.621140,0.611111,0.077861,0.000000,0.000000,0.898011
1374,04 07 10 18 24 38,0.02740728,0.64646596,1.167720,-0.373644,0.611111,1.375547,0.000000,0.000000,0.956132
1375,02 10 13 14 18 24,0.02733791,0.61666620,0.488813,-0.080977,1.444444,1.116010,0.000000,0.000000,0.497035
1376,01 02 08 22 24 38,0.02732427,0.55427208,1.303501,0.994819,-0.222222,-0.441213,0.000000,0.000000,0.969528
1377,07 09 13 22 24 38,0.02722201,0.44405962,-1.276345,0.594716,1.444444,-0.051907,0.000000,0.000000,1.446481
1378,07 08 13 14 24 38,0.02720294,0.51278526,0.353032,0.941625,0.611111,-0.441213,0.000000,0.000000,1.199256
1379,01 08 13 14 22 38,0.02720250,0.43699715,0.624594,1.464475,-1.888889,-1.090056,0.000000,0.000000,1.049519
1380,02 04 07 12 13 14,0.02717469,0.53201206,-1.412126,-0.458026,0.333333,2.283926,0.000000,0.000000,-1.884428
1381,04 06 07 09 24 38,0.02716339,0.46915525,-0.733219,0.724305,0.888889,-0.051907,0.000000,0.000000,0.834352
1382,09 13 18 22 24 38,0.02708819,0.51677572,0.353032,0.797321,0.611111,-0.311445,0.000000,0.000000,1.397215
1383,04 07 09 12 13 38,0.02708266,0.47118486,-1.140563,0.149058,0.333333,0.856472,0.000000,0.000000,0.302052
1384,10 13 14 18 22 24,0.02705647,0.54880886,0.217250,0.362934,0.333333,0.596935,0.000000,0.000000,0.216247
1385,04 07 08 13 18 38,0.02701185,0.61796338,1.710845,0.151830,-0.777778,0.726704,0.000000,0.000000,0.735657
1386,04 06 07 08 13 38,0.02700734,0.52207694,0.760376,0.938601,-1.055556,-0.051907,0.000000,0.000000,-0.186652
1387,04 07 08 10 12 24,0.02698324,0.59580706,0.353032,-0.003381,0.888889,1.116010,0.000000,0.000000,0.083157
1388,01 04 08 10 12 22,0.02698177,0.52001895,0.624594,0.519469,-1.611111,0.467167,0.000000,0.000000,-0.066734
1389,04 06 08 10 13 14,0.02695820,0.51277723,0.353032,1.425397,-1.055556,-0.051907,0.000000,0.000000,-2.460739
1390,01 02 04 14 18 38,0.02695760,0.58266508,1.167720,0.055689,-1.333333,0.986241,0.000000,0.000000,0.261296
1391,01 04 06 07 13 18,0.02693325,0.56942184,0.624594,0.214037,-1.055556,1.116010,0.000000,0.000000,-0.936674
1392,02 04 08 09 12 13,0.02692035,0.55065749,-0.325875,0.691672,0.611111,0.856472,0.000000,0.000000,-2.248725
1393,02 07 09 13 22 24,0.02690534,0.47933266,-1.955252,-0.051584,2.555556,0.986241,0.000000,0.000000,0.753079
1394,02 04 06 09 18 24,0.02689904,0.57714438,0.217250,0.280612,1.166667,0.726704,0.000000,0.000000,0.119260
1395,02 04 06 07 08 24,0.02689672,0.58996075,0.353032,0.345736,0.888889,0.856472,0.000000,0.000000,-0.641347
1396,01 02 10 14 22 24,0.02688253,0.50077276,-0.597438,0.292702,0.611111,0.596935,0.000000,0.000000,0.517518
1397,01 04 10 18 22 38,0.02686532,0.57067784,1.439282,0.149206,-1.888889,0.726704,0.000000,0.000000,0.726166
1398,01 06 07 08 13 24,0.02678300,0.52422201,0.624594,1.232346,0.333333,-0.570982,0.000000,0.000000,0.240278
1399,04 07 09 18 22 24,0.02666460,0.53245740,-0.733219,-0.264854,1.166667,1.245778,0.000000,0.000000,0.796514
1400,04 07 10 13 18 38,0.02664685,0.61385519,0.896157,-0.427079,-0.222222,1.505315,0.000000,0.000000,0.635292
1401,01 09 12 13 18 24,0.02663506,0.54604602,0.353032,0.645409,0.888889,0.077861,0.000000,0.000000,0.666463
1402,01 04 10 12 14 38,0.02657544,0.49262496,0.217250,0.493343,-1.611111,0.467167,0.000000,0.000000,-0.005276
1403,02 04 07 13 14 18,0.02655660,0.59325813,-0.325875,-0.722984,0.333333,2.283926,0.000000,0.000000,-0.742200
1404,01 04 07 08 22 38,0.02654691,0.50206995,0.624594,0.525509,-1.611111,0.207630,0.000000,0.000000,0.754723
1405,04 08 09 10 18 24,0.02651416,0.61572027,1.167720,0.652844,1.166667,0.207630,0.000000,0.000000,0.156922
1406,02 06 08 10 13 24,0.02650396,0.58075805,0.896157,0.934308,1.166667,-0.181676,0.000000,0.000000,0.215766
1407,02 04 07 10 18 24,0.02649299,0.68173900,0.488813,-1.019944,1.722222,2.413695,0.000000,0.000000,0.174190
1408,02 04 06 08 10 13,0.02648416,0.59744138,0.760376,0.902306,-0.222222,0.726704,0.000000,0.000000,-2.837180
1409,04 09 10 13 14 18,0.02643439,0.52313121,-0.461657,0.370896,0.333333,0.856472,0.000000,0.000000,-0.827000
1410,02 04 09 14 22 38,0.02640834,0.41720343,-1.412126,0.310135,-0.222222,0.467167,0.000000,0.000000,0.823092
1411,01 02 04 08 10 38,0.02640274,0.61001869,1.575064,0.691603,-0.777778,0.467167,0.000000,0.000000,-0.954076
1412,12 13 18 22 24 38,0.02638382,0.56957860,1.167720,0.343701,-0.500000,0.337398,0.000000,0.000000,1.120158
1413,02 08 13 14 18 24,0.02638229,0.62077439,1.303501,0.497931,0.888889,0.337398,0.000000,0.000000,0.401746
1414,01 04 09 10 14 38,0.02637710,0.43982207,-0.597438,0.946963,-0.500000,-0.181676,0.000000,0.000000,0.138040
1415,01 02 04 06 08 22,0.02634969,0.51417264,0.624594,0.868586,-1.611111,0.207630,0.000000,0.000000,-0.872064
1416,01 04 08 18 22 38,0.02633965,0.57478604,2.253971,0.728114,-2.444444,-0.051907,0.000000,0.000000,0.694575
1417,04 07 12 18 22 24,0.02633252,0.58526028,0.081469,-0.718474,0.055556,1.894621,0.000000,0.000000,0.574614
1418,01 04 06 07 12 13,0.02632432,0.50817577,-0.461657,0.478995,-1.055556,1.116010,0.000000,0.000000,-2.260689
1419,01 04 07 10 22 38,0.02628589,0.49796175,-0.190094,-0.053400,-1.055556,0.986241,0.000000,0.000000,0.669763
1420,02 04 06 07 12 24,0.02627155,0.55723118,-0.597438,-0.375614,0.888889,1.635084,0.000000,0.000000,-0.116966
1421,01 02 08 14 22 24,0.02624757,0.50488096,0.217250,0.871610,0.055556,-0.181676,0.000000,0.000000,0.469737
1422,04 08 10 12 18 24,0.02619182,0.66852316,1.982408,0.199224,0.055556,0.856472,0.000000,0.000000,-0.063536
1423,02 07 08 13 14 24,0.02616329,0.54805830,-0.325875,0.295326,1.722222,0.596935,0.000000,0.000000,0.398742
1424,01 04 08 09 10 22,0.02612746,0.46721607,-0.190094,0.973089,-0.500000,-0.181676,0.000000,0.000000,-0.020601
1425,02 04 09 10 12 13,0.02612446,0.54654930,-1.140563,0.112763,1.166667,1.635084,0.000000,0.000000,-2.412927
1426,02 04 07 08 18 24,0.02610537,0.68584719,1.303501,-0.441035,1.166667,1.635084,0.000000,0.000000,0.163053
1427,04 10 12 13 14 18,0.02608943,0.57593409,0.353032,-0.082724,-0.777778,1.505315,0.000000,0.000000,-1.050808
1428,06 09 10 13 22 24,0.02606283,0.42736825,-1.140563,1.110489,1.166667,-0.570982,0.000000,0.000000,0.701023
1429,01 04 08 12 14 38,0.02604971,0.49673315,1.031938,1.072252,-2.166667,-0.311445,0.000000,0.000000,-0.036875
1430,06 07 13 22 24 38,0.02604292,0.46222213,-0.325875,0.662909,0.055556,-0.181676,0.000000,0.000000,1.411254
1431,02 04 07 09 13 14,0.02600401,0.47920918,-2.226814,-0.004406,1.444444,1.635084,0.000000,0.000000,-1.885166
1432,01 10 14 22 24 38,0.02599157,0.46549972,0.081469,0.939001,-0.500000,-0.441213,0.000000,0.000000,1.032007
1433,04 08 12 13 14 18,0.02593188,0.58004229,1.167720,0.496184,-1.333333,0.726704,0.000000,0.000000,-1.027860
1434,02 04 06 12 18 24,0.02590610,0.62994727,1.031938,-0.173009,0.055556,1.375547,0.000000,0.000000,-0.200549
1435,04 06 09 14 18 24,0.02584001,0.49248023,-0.190094,0.803702,0.333333,-0.051907,0.000000,0.000000,0.268572
1436,02 04 12 14 22 38,0.02575963,0.47000631,-0.597438,-0.143485,-1.333333,1.116010,0.000000,0.000000,0.554282
1437,04 06 07 12 14 24,0.02572095,0.47256702,-1.004782,0.147476,0.055556,0.856472,0.000000,0.000000,0.107672
1438,01 04 08 09 14 38,0.02568183,0.44393027,0.217250,1.525872,-1.055556,-0.960287,0.000000,0.000000,0.081323
1439,08 09 12 13 22 24,0.02566307,0.46611682,-0.461657,1.167584,0.888889,-0.570982,0.000000,0.000000,0.375927
1440,01 08 14 22 24 38,0.02565766,0.46960792,0.896157,1.517910,-1.055556,-1.219824,0.000000,0.000000,1.028826
1441,01 02 10 13 14 22,0.02559166,0.46816199,-0.869001,0.239267,-0.222222,0.726704,0.000000,0.000000,0.118092
1442,04 08 09 13 14 18,0.02547281,0.52723940,0.353032,0.949804,-0.222222,0.077861,0.000000,0.000000,-0.923172
1443,02 04 06 10 13 18,0.02546269,0.62595788,0.896157,-0.084002,-0.222222,1.505315,0.000000,0.000000,-1.137713
1444,02 06 07 13 22 24,0.02540432,0.49749517,-1.004782,0.016609,1.166667,0.856472,0.000000,0.000000,0.670156
1445,02 06 13 18 22 24,0.02540193,0.57021127,0.624594,0.219215,0.333333,0.596935,0.000000,0.000000,0.640361
1446,04 07 12 13 18 22,0.02540064,0.55264951,-0.190094,-0.771909,-0.777778,2.024389,0.000000,0.000000,0.228373
1447,01 04 06 12 14 22,0.02538762,0.39677890,-0.733219,0.670326,-2.444444,0.207630,0.000000,0.000000,-0.091384
1448,04 08 09 12 13 14,0.02537769,0.46599334,-0.733219,1.214762,-0.222222,0.077861,0.000000,0.000000,-2.171064
1449,06 10 12 13 22 24,0.02529677,0.48017114,-0.325875,0.656869,0.055556,0.077861,0.000000,0.000000,0.414827
1450,04 06 12 14 18 24,0.02524851,0.54528311,0.624594,0.350082,-0.777778,0.596935,0.000000,0.000000,0.008238
1451,04 06 07 09 14 24,0.02513043,0.41976413,-1.819470,0.601097,1.166667,0.207630,0.000000,0.000000,0.192886
1452,01 02 04 10 18 22,0.02511652,0.60595088,0.760376,-0.497094,-0.777778,1.764852,0.000000,0.000000,-0.179411
1453,01 07 09 12 13 24,0.02510081,0.47332993,-1.276345,0.442803,1.722222,0.337398,0.000000,0.000000,0.468600
1454,08 09 12 13 24 38,0.02506659,0.49870112,0.488813,1.369972,0.888889,-1.090056,0.000000,0.000000,1.173136
1455,01 02 04 07 10 22,0.02505821,0.53323479,-0.869001,-0.699699,0.055556,2.024389,0.000000,0.000000,-0.158609
1456,06 13 18 22 24 38,0.02501873,0.53493823,1.303501,0.865514,-0.777778,-0.441213,0.000000,0.000000,1.230076
1457,01 02 08 13 14 22,0.02491304,0.47227019,-0.054313,0.818176,-0.777778,-0.051907,0.000000,0.000000,0.063841
1458,06 08 12 13 22 24,0.02490292,0.48427933,0.488813,1.235777,-0.500000,-0.700750,0.000000,0.000000,0.402766
1459,01 04 06 09 14 22,0.02486414,0.34397602,-1.547908,1.123946,-1.333333,-0.441213,0.000000,0.000000,0.003761
1460,04 07 08 14 18 24,0.02480706,0.60118303,0.896157,0.082056,0.333333,0.856472,0.000000,0.000000,0.276915
1461,01 02 04 08 12 38,0.02478176,0.58139731,1.439282,0.549161,-1.333333,0.467167,0.000000,0.000000,-0.530938
1462,02 04 06 09 10 13,0.02474493,0.51190893,-1.004782,0.634576,0.888889,0.856472,0.000000,0.000000,-2.305149
1463,02 07 12 13 24 38,0.02467806,0.56471985,-0.190094,-0.302816,1.444444,1.116010,0.000000,0.000000,1.135979
1464,01 04 06 07 09 13,0.02466134,0.45537289,-1.276345,0.932615,0.055556,0.467167,0.000000,0.000000,-2.334363
1465,01 06 12 13 18 24,0.02465775,0.56420853,1.303501,0.713602,-0.500000,-0.051907,0.000000,0.000000,0.512977
1466,01 02 04 08 18 22,0.02462507,0.61005908,1.575064,0.081815,-1.333333,0.986241,0.000000,0.000000,-0.205931
1467,01 02 04 06 12 22,0.02456024,0.48144306,-0.325875,0.147236,-1.611111,0.986241,0.000000,0.000000,-0.520174
1468,01 02 04 10 12 38,0.02452337,0.57728911,0.624594,-0.029748,-0.777778,1.245778,0.000000,0.000000,-0.615508
1469,06 08 09 13 22 24,0.02450924,0.43147645,-0.325875,1.689397,0.611111,-1.349593,0.000000,0.000000,0.517143
1470,04 07 10 14 18 24,0.02446379,0.59707484,0.081469,-0.496853,0.888889,1.635084,0.000000,0.000000,0.179769
1471,04 06 10 13 14 18,0.02444687,0.54129372,0.488813,0.439089,-1.055556,0.726704,0.000000,0.000000,-0.981999
1472,04 09 10 12 13 14,0.02438941,0.46188514,-1.547908,0.635854,0.333333,0.856472,0.000000,0.000000,-2.363769
1473,01 02 04 06 09 22,0.02437652,0.42864018,-1.140563,0.600856,-0.500000,0.337398,0.000000,0.000000,-0.374692
1474,02 04 09 12 13 18,0.02435944,0.57917399,-0.190094,-0.294636,0.611111,1.635084,0.000000,0.000000,-0.777330
1475,02 12 13 18 24 38,0.02429716,0.63743594,1.439282,-0.100210,0.611111,0.856472,0.000000,0.000000,1.050107
1476,02 08 09 12 13 24,0.02428228,0.53397416,-0.190094,0.723673,2.000000,-0.051907,0.000000,0.000000,0.410451
1477,09 10 12 13 24 38,0.02427758,0.49459293,-0.325875,0.791064,1.444444,-0.311445,0.000000,0.000000,1.009953
1478,04 06 09 10 13 14,0.02424884,0.42724477,-1.412126,1.157667,0.055556,0.077861,0.000000,0.000000,-2.072436
1479,06 08 10 13 14 24,0.02420268,0.49609389,0.488813,1.457398,0.333333,-0.960287,0.000000,0.000000,0.181036
1480,04 07 08 09 10 24,0.02408750,0.54300418,-0.461657,0.450239,2.000000,0.467167,0.000000,0.000000,-0.173155
1481,07 12 13 14 22 24,0.02397395,0.44747139,-1.547908,0.017887,0.611111,0.856472,0.000000,0.000000,0.452294
1482,06 10 12 13 24 38,0.02394639,0.51275544,0.624594,0.859257,0.055556,-0.441213,0.000000,0.000000,1.100344
1483,01 02 04 07 14 38,0.02394510,0.50994899,-0.461657,-0.146916,-0.500000,1.245778,0.000000,0.000000,-0.155573
1484,01 04 07 08 14 22,0.02393610,0.45267883,-0.461657,0.402300,-1.333333,0.467167,0.000000,0.000000,0.027647
1485,04 07 09 13 18 22,0.02393599,0.49984663,-1.004782,-0.318289,0.333333,1.375547,0.000000,0.000000,0.184082
1486,02 04 08 10 22 38,0.02390991,0.55860599,0.896157,0.227470,-0.777778,0.596935,0.000000,0.000000,0.380873
1487,06 09 10 13 24 38,0.02385146,0.45995255,-0.190094,1.312877,1.166667,-1.090056,0.000000,0.000000,1.258981
1488,02 04 06 07 09 24,0.02381544,0.50442829,-1.412126,0.078006,2.000000,0.986241,0.000000,0.000000,-0.308145
1489,01 04 10 14 18 22,0.02381038,0.52128673,0.353032,0.025997,-1.611111,0.986241,0.000000,0.000000,-0.066709
1490,01 02 12 13 22 38,0.02379718,0.48893173,0.081469,0.220034,-1.055556,0.467167,0.000000,0.000000,0.855801
1491,07 09 13 14 22 24,0.02379525,0.39466850,-2.362596,0.471507,1.722222,0.207630,0.000000,0.000000,0.598521
1492,02 09 10 12 13 24,0.02378753,0.52986597,-1.004782,0.144764,2.555556,0.726704,0.000000,0.000000,0.290864
1493,01 04 07 10 14 22,0.02374047,0.44857063,-1.276345,-0.176609,-0.777778,1.245778,0.000000,0.000000,-0.047625
1494,04 08 10 14 22 38,0.02367847,0.47394183,0.488813,0.750561,-1.611111,-0.181676,0.000000,0.000000,0.652795
1495,04 07 09 18 24 38,0.02367753,0.56504169,0.217250,-0.062466,1.166667,0.726704,0.000000,0.000000,1.239550
1496,02 04 07 08 10 13,0.02365567,0.62061173,0.081469,-0.087070,0.888889,1.764852,0.000000,0.000000,-2.305149
1497,02 04 06 10 12 13,0.02364593,0.56471181,-0.190094,0.180956,-0.222222,1.505315,0.000000,0.000000,-2.640671
1498,04 06 07 12 13 38,0.02361941,0.48934737,-0.190094,0.217250,-1.055556,0.726704,0.000000,0.000000,-0.071581
1499,02 04 06 08 13 18,0.02361700,0.63006607,1.710845,0.494907,-0.777778,0.726704,0.000000,0.000000,-1.364869
1500,09 10 12 13 22 24,0.02360343,0.46200863,-1.276345,0.588676,1.444444,0.207630,0.000000,0.000000,0.024495
1501,06 08 12 13 24 38,0.02359614,0.51686363,1.439282,1.438165,-0.500000,-1.219824,0.000000,0.000000,1.094742
1502,07 08 10 13 22 24,0.02359461,0.53607106,-0.054313,0.388842,1.166667,0.337398,0.000000,0.000000,0.496726
1503,04 06 07 18 22 24,0.02355445,0.55061991,0.217250,-0.196661,-0.222222,1.116010,0.000000,0.000000,0.475194
1504,01 04 06 10 14 38,0.02348949,0.45798458,0.353032,1.015156,-1.888889,-0.311445,0.000000,0.000000,-0.150309
1505,01 06 07 12 13 24,0.02348771,0.49149244,-0.325875,0.510996,0.333333,0.207630,0.000000,0.000000,0.369073
1506,01 02 09 13 22 38,0.02342824,0.43612885,-0.733219,0.673654,0.055556,-0.181676,0.000000,0.000000,0.973843
1507,01 02 12 22 24 38,0.02342189,0.52154250,0.353032,0.273469,-0.222222,0.337398,0.000000,0.000000,1.008381
1508,04 07 12 13 18 38,0.02339417,0.58523381,0.760376,-0.569521,-0.777778,1.505315,0.000000,0.000000,0.816688
1509,08 10 12 13 14 24,0.02333577,0.53073427,0.353032,0.935585,0.611111,-0.181676,0.000000,0.000000,-0.259559
1510,02 09 13 18 24 38,0.02332023,0.58463305,0.624594,0.353410,1.722222,0.207630,0.000000,0.000000,1.078073
1511,08 09 10 13 14 24,0.02331214,0.47793138,-0.461657,1.389205,1.722222,-0.830519,0.000000,0.000000,-0.090358
1512,04 06 10 12 13 14,0.02330376,0.48004765,-0.597438,0.704047,-1.055556,0.726704,0.000000,0.000000,-2.385154
1513,02 07 09 13 24 38,0.02329515,0.51191696,-1.004782,0.150804,2.555556,0.467167,0.000000,0.000000,1.103798
1514,01 02 09 22 24 38,0.02327034,0.46873962,-0.461657,0.727089,0.888889,-0.311445,0.000000,0.000000,1.158629
1515,06 08 09 13 24 38,0.02326784,0.46406075,0.624594,1.891786,0.611111,-1.868667,0.000000,0.000000,1.218806
1516,02 06 10 12 13 24,0.02326591,0.54802848,-0.054313,0.212957,1.166667,0.596935,0.000000,0.000000,0.353042
1517,09 13 14 18 24 38,0.02323885,0.49996890,0.217250,0.876500,0.888889,-0.570982,0.000000,0.000000,1.372227
1518,01 04 09 10 12 22,0.02322301,0.43448649,-1.140563,0.251739,-0.500000,0.596935,0.000000,0.000000,0.166098
1519,06 13 14 18 22 24,0.02319667,0.48554711,0.217250,0.742305,-0.500000,-0.181676,0.000000,0.000000,0.619857
1520,01 04 08 14 18 22,0.02316453,0.52539492,1.167720,0.604905,-2.166667,0.207630,0.000000,0.000000,-0.116105
1521,01 02 10 14 24 38,0.02316139,0.53335706,0.353032,0.495090,0.611111,0.077861,0.000000,0.000000,0.851800
1522,04 09 10 12 18 24,0.02314784,0.58299070,0.217250,-0.068506,1.166667,0.986241,0.000000,0.000000,0.275193
1523,04 06 08 13 14 18,0.02314081,0.54540192,1.303501,1.017997,-1.611111,-0.051907,0.000000,0.000000,-1.129207
1524,09 13 14 18 22 24,0.02313352,0.46738460,-0.733219,0.674112,0.888889,-0.051907,0.000000,0.000000,0.471043
1525,07 12 13 14 24 38,0.02309214,0.48005569,-0.597438,0.220275,0.611111,0.337398,0.000000,0.000000,1.207231
1526,04 07 12 18 24 38,0.02308881,0.61784458,1.031938,-0.516086,0.055556,1.375547,0.000000,0.000000,0.979628
1527,04 07 09 10 12 24,0.02305236,0.51027461,-1.412126,-0.271111,2.000000,1.245778,0.000000,0.000000,0.290489
1528,04 07 08 10 13 14,0.02302727,0.53594758,-0.325875,0.436020,0.055556,0.986241,0.000000,0.000000,-2.092037
1529,07 09 13 14 24 38,0.02297883,0.42725280,-1.412126,0.673895,1.722222,-0.311445,0.000000,0.000000,1.363146
1530,08 10 13 18 22 24,0.02297511,0.60878716,1.575064,0.591448,0.333333,0.077861,0.000000,0.000000,0.375504
1531,04 06 07 09 13 38,0.02297422,0.43654448,-1.004782,0.670871,0.055556,0.077861,0.000000,0.000000,0.005534
1532,02 06 09 10 13 24,0.02285730,0.49522559,-0.869001,0.666577,2.277778,-0.051907,0.000000,0.000000,0.465207
1533,02 04 06 08 12 13,0.02283055,0.56882001,0.624594,0.759865,-0.777778,0.726704,0.000000,0.000000,-2.715182
1534,01 04 06 08 10 22,0.02282735,0.48537858,0.760376,1.041282,-1.888889,-0.311445,0.000000,0.000000,-0.370064
1535,02 04 06 14 22 38,0.02282404,0.43536594,-0.461657,0.378328,-1.611111,0.337398,0.000000,0.000000,0.431524
1536,04 06 08 10 18 24,0.02274498,0.63388278,2.118189,0.721037,-0.222222,0.077861,0.000000,0.000000,-0.262036
1537,04 08 09 12 18 24,0.02273527,0.58709889,1.031938,0.510403,0.611111,0.207630,0.000000,0.000000,0.260358
1538,07 08 10 13 24 38,0.02269747,0.56865536,0.896157,0.591230,1.166667,-0.181676,0.000000,0.000000,1.249392
1539,02 07 12 13 14 24,0.02265459,0.51532873,-1.276345,-0.426025,1.722222,1.375547,0.000000,0.000000,0.495920
1540,04 06 07 13 18 22,0.02265407,0.51800914,-0.054313,-0.250096,-1.055556,1.245778,0.000000,0.000000,0.133619
1541,01 04 06 08 14 38,0.02262468,0.46209278,1.167720,1.594065,-2.444444,-1.090056,0.000000,0.000000,-0.232145
1542,01 02 04 07 08 22,0.02262220,0.53734299,-0.054313,-0.120791,-0.500000,1.245778,0.000000,0.000000,-0.473223
1543,04 07 08 09 12 24,0.02261135,0.51438280,-0.597438,0.307797,1.444444,0.467167,0.000000,0.000000,0.271440
1544,04 06 08 12 13 14,0.02260326,0.48415585,0.217250,1.282955,-1.611111,-0.051907,0.000000,0.000000,-2.442645
1545,02 09 13 14 18 24,0.02260042,0.53524193,-0.461657,0.230201,2.000000,0.467167,0.000000,0.000000,0.631155
1546,01 04 08 09 12 22,0.02259898,0.43859469,-0.325875,0.830647,-1.055556,-0.181676,0.000000,0.000000,0.119935
1547,02 06 08 12 13 24,0.02258721,0.55213667,0.760376,0.791866,0.611111,-0.181676,0.000000,0.000000,0.298780
1548,01 02 08 14 24 38,0.02257003,0.53746526,1.167720,1.073999,0.055556,-0.700750,0.000000,0.000000,0.810477
1549,01 04 12 18 22 38,0.02256865,0.54205647,1.303501,0.006764,-2.444444,0.726704,0.000000,0.000000,0.752892
1550,02 04 06 08 09 13,0.02256757,0.51601712,-0.190094,1.213485,0.333333,0.077861,0.000000,0.000000,-2.581443
1551,02 12 13 14 18 24,0.02239178,0.58804482,0.353032,-0.223419,0.888889,1.116010,0.000000,0.000000,0.427542
1552,08 10 13 18 24 38,0.02239051,0.64137145,2.525533,0.793836,0.333333,-0.441213,0.000000,0.000000,1.174474
1553,01 06 09 13 18 24,0.02237882,0.51140564,0.488813,1.167222,0.611111,-0.700750,0.000000,0.000000,0.348047
1554,01 04 09 18 22 38,0.02231856,0.48925358,0.488813,0.460384,-1.333333,0.077861,0.000000,0.000000,0.888543
1555,01 02 09 14 22 24,0.02228113,0.41934850,-1.547908,0.603880,1.166667,-0.051907,0.000000,0.000000,0.671799
1556,04 09 12 13 14 18,0.02227431,0.49450983,-0.597438,0.228454,-0.222222,0.856472,0.000000,0.000000,-0.780037
1557,01 12 13 14 22 38,0.02224986,0.40426757,-0.325875,0.743125,-1.888889,-0.311445,0.000000,0.000000,0.932771
1558,01 09 13 14 22 38,0.02222413,0.35146469,-1.140563,1.196745,-0.777778,-0.960287,0.000000,0.000000,1.101662
1559,01 04 07 12 22 38,0.02216986,0.46934037,-0.325875,-0.195841,-1.611111,0.986241,0.000000,0.000000,0.723251
1560,01 07 08 13 18 24,0.02214513,0.62010845,1.575064,0.445575,0.611111,0.207630,0.000000,0.000000,0.474804
1561,02 07 09 13 14 24,0.02209998,0.46252584,-2.091033,0.027596,2.833333,0.726704,0.000000,0.000000,0.586454
1562,01 04 09 12 14 38,0.02208879,0.41120069,-0.733219,0.804521,-1.055556,-0.181676,0.000000,0.000000,0.166006
1563,02 06 08 09 13 24,0.02200906,0.49933379,-0.054313,1.245486,1.722222,-0.830519,0.000000,0.000000,0.385826
1564,02 04 06 07 13 14,0.02200716,0.49737169,-1.276345,0.063787,0.055556,1.505315,0.000000,0.000000,-2.337853
1565,04 07 09 13 18 38,0.02199491,0.53243093,-0.054313,-0.115901,0.333333,0.856472,0.000000,0.000000,0.782085
1566,04 06 08 09 13 14,0.02199242,0.43135296,-0.597438,1.736575,-0.500000,-0.700750,0.000000,0.000000,-2.360442
1567,06 07 13 14 22 24,0.02197954,0.41283102,-1.412126,0.539700,0.333333,0.077861,0.000000,0.000000,0.468975
1568,01 02 12 14 22 24,0.02197254,0.47215138,-0.733219,0.150260,0.055556,0.596935,0.000000,0.000000,0.453380
1569,02 04 07 09 18 24,0.02190218,0.60031473,-0.461657,-0.708765,2.277778,1.764852,0.000000,0.000000,0.330040
1570,01 06 07 09 13 24,0.02190008,0.43868955,-1.140563,0.964616,1.444444,-0.441213,0.000000,0.000000,0.306562
1571,02 04 07 12 18 24,0.02187784,0.65311762,0.353032,-1.162385,1.166667,2.413695,0.000000,0.000000,0.153733
1572,02 06 07 13 24 38,0.02185952,0.53007947,-0.054313,0.218997,1.166667,0.337398,0.000000,0.000000,1.030563
1573,06 09 12 13 22 24,0.02185916,0.39874687,-1.276345,0.968047,0.611111,-0.570982,0.000000,0.000000,0.741528
1574,01 07 10 13 18 24,0.02182645,0.61600026,0.760376,-0.133333,1.166667,0.986241,0.000000,0.000000,0.381301
1575,01 02 04 09 10 38,0.02175051,0.52448623,-0.190094,0.423873,0.333333,0.596935,0.000000,0.000000,-0.853614
1576,01 08 10 13 22 38,0.02172705,0.49286725,1.167720,1.114080,-1.333333,-0.830519,0.000000,0.000000,0.955949
1577,01 02 06 13 22 38,0.02167324,0.45429136,0.217250,0.741847,-1.333333,-0.311445,0.000000,0.000000,0.853293
1578,12 13 14 18 24 38,0.02164078,0.55277178,1.031938,0.422880,-0.222222,0.077861,0.000000,0.000000,0.962767
1579,01 04 07 09 22 38,0.02158196,0.41653749,-1.140563,0.257779,-0.500000,0.337398,0.000000,0.000000,0.808854
1580,01 09 14 22 24 38,0.02153727,0.38407546,-0.869001,1.250180,0.055556,-1.090056,0.000000,0.000000,1.208081
1581,02 07 08 10 13 24,0.02151546,0.60392840,0.217250,-0.055069,2.277778,0.856472,0.000000,0.000000,0.427787
1582,01 12 14 22 24 38,0.02141024,0.43687834,-0.054313,0.796560,-1.055556,-0.441213,0.000000,0.000000,1.016560
1583,04 06 07 18 24 38,0.02134575,0.58320421,1.167720,0.005727,-0.222222,0.596935,0.000000,0.000000,1.033549
1584,01 02 04 10 18 38,0.02129329,0.63853518,1.710845,-0.294706,-0.777778,1.245778,0.000000,0.000000,0.139745
1585,04 06 07 08 10 24,0.02114100,0.56116669,0.488813,0.518432,0.611111,0.337398,0.000000,0.000000,-0.470229
1586,06 13 14 18 24 38,0.02113669,0.51813141,1.167720,0.944693,-0.500000,-0.700750,0.000000,0.000000,1.200244
1587,02 06 13 18 24 38,0.02112573,0.60279556,1.575064,0.421603,0.333333,0.077861,0.000000,0.000000,0.892409
1588,01 02 04 12 18 22,0.02110969,0.57732950,0.624594,-0.639535,-1.333333,1.764852,0.000000,0.000000,-0.109744
1589,04 07 12 14 18 24,0.02107161,0.56845346,-0.054313,-0.639295,0.333333,1.635084,0.000000,0.000000,0.340497
1590,02 04 09 10 22 38,0.02098734,0.47307353,-0.869001,-0.040260,0.333333,0.726704,0.000000,0.000000,0.737588
1591,02 04 08 10 14 22,0.02098663,0.50921487,-0.190094,0.104261,-0.500000,0.856472,0.000000,0.000000,-0.392496
1592,01 04 12 14 18 22,0.02098542,0.49266535,0.217250,-0.116445,-2.166667,0.986241,0.000000,0.000000,0.178056
1593,02 04 06 12 13 18,0.02090964,0.59733650,0.760376,-0.226443,-0.777778,1.505315,0.000000,0.000000,-1.148970
1594,01 02 04 09 12 38,0.02089197,0.49586485,-0.325875,0.281431,-0.222222,0.596935,0.000000,0.000000,-0.317518
1595,04 06 09 10 18 24,0.02088814,0.54835032,0.353032,0.453307,0.888889,0.207630,0.000000,0.000000,0.252571
1596,01 06 13 14 22 38,0.02087398,0.36962720,-0.190094,1.264938,-2.166667,-1.090056,0.000000,0.000000,1.041091
1597,06 07 13 14 24 38,0.02084066,0.44541531,-0.461657,0.742088,0.333333,-0.441213,0.000000,0.000000,1.185827
1598,02 08 10 13 18 24,0.02081420,0.67664449,1.846627,0.147536,1.444444,0.596935,0.000000,0.000000,0.294452
1599,02 04 06 09 13 18,0.02077926,0.54453362,-0.054313,0.227177,0.333333,0.856472,0.000000,0.000000,-0.995586
1600,04 07 09 14 18 24,0.02067395,0.51565058,-0.869001,-0.185675,1.444444,0.986241,0.000000,0.000000,0.454285
1601,01 02 04 07 12 22,0.02066608,0.50461341,-1.004782,-0.842141,-0.500000,2.024389,0.000000,0.000000,-0.146025
1602,04 08 10 12 13 18,0.02065705,0.63591239,1.710845,0.145789,-0.777778,0.986241,0.000000,0.000000,-1.091709
1603,01 04 06 18 22 38,0.02062805,0.50741609,1.439282,0.528577,-2.722222,-0.051907,0.000000,0.000000,0.777546
1604,01 02 04 09 18 22,0.02061454,0.52452662,-0.190094,-0.185915,-0.222222,1.116010,0.000000,0.000000,-0.010400
1605,04 09 10 14 22 38,0.02060725,0.38840937,-1.276345,0.482830,-0.500000,-0.051907,0.000000,0.000000,0.987487
1606,02 04 07 10 13 18,0.02059288,0.64912823,0.217250,-1.073379,0.888889,2.543464,0.000000,0.000000,-0.908110
1607,01 02 06 22 24 38,0.02053227,0.48690213,0.488813,0.795282,-0.500000,-0.441213,0.000000,0.000000,0.892435
1608,01 08 10 22 24 38,0.02052965,0.52547802,1.439282,1.167515,-0.500000,-0.960287,0.000000,0.000000,0.986730
1609,01 02 04 08 18 38,0.02052136,0.64264338,2.525533,0.284203,-1.333333,0.467167,0.000000,0.000000,0.071670
1610,01 04 07 12 14 22,0.02049594,0.41994925,-1.412126,-0.319050,-1.333333,1.245778,0.000000,0.000000,0.134979
1611,02 04 06 09 12 13,0.02046098,0.48328755,-1.140563,0.492135,0.333333,0.856472,0.000000,0.000000,-2.276539
1612,04 06 07 10 12 24,0.02043111,0.52843712,-0.461657,-0.202918,0.611111,1.116010,0.000000,0.000000,0.041600
1613,04 06 07 13 18 38,0.02042266,0.55059344,0.896157,-0.047708,-1.055556,0.726704,0.000000,0.000000,0.688609
1614,06 09 10 13 14 24,0.02040738,0.41056143,-1.276345,1.189668,1.444444,-0.830519,0.000000,0.000000,0.408454
1615,04 08 09 10 13 18,0.02040149,0.58310950,0.896157,0.599410,0.333333,0.337398,0.000000,0.000000,-0.956869
1616,02 04 10 12 22 38,0.02039621,0.52587641,-0.054313,-0.493880,-0.777778,1.375547,0.000000,0.000000,0.477310
1617,01 02 08 10 13 22,0.02033229,0.52814029,0.488813,0.467781,-0.222222,0.207630,0.000000,0.000000,0.102823
1618,02 04 08 09 22 38,0.02031659,0.47718172,-0.054313,0.538649,-0.222222,-0.051907,0.000000,0.000000,0.684504
1619,02 06 13 14 18 24,0.02030783,0.55340445,0.488813,0.298394,0.611111,0.337398,0.000000,0.000000,0.430959
1620,01 04 10 14 18 38,0.02027101,0.55387102,1.303501,0.228385,-1.611111,0.467167,0.000000,0.000000,0.294503
1621,01 04 06 10 12 22,0.02026184,0.45264900,-0.190094,0.319932,-1.888889,0.467167,0.000000,0.000000,-0.133150
1622,01 02 04 08 09 38,0.02020356,0.52859442,0.624594,1.002781,-0.222222,-0.181676,0.000000,0.000000,-1.036510
1623,04 06 09 12 13 14,0.02017625,0.39862339,-1.547908,1.015225,-0.500000,0.077861,0.000000,0.000000,-2.012512
1624,02 04 07 10 12 13,0.02017067,0.58788216,-0.869001,-0.808420,0.888889,2.543464,0.000000,0.000000,-2.204461
1625,01 04 06 09 10 22,0.02015083,0.39984612,-1.004782,0.773552,-0.777778,-0.181676,0.000000,0.000000,0.023104
1626,04 08 09 14 22 38,0.02014259,0.39251757,-0.461657,1.061739,-1.055556,-0.830519,0.000000,0.000000,0.964936
1627,01 02 09 13 14 22,0.02009546,0.38673773,-1.819470,0.550445,0.333333,0.077861,0.000000,0.000000,0.139806
1628,01 02 08 10 22 24,0.02004028,0.56075106,0.760376,0.521216,0.611111,0.077861,0.000000,0.000000,0.267741
1629,02 07 13 18 22 24,0.01992186,0.59338162,-0.054313,-0.770162,1.444444,1.635084,0.000000,0.000000,0.779553
1630,02 04 08 12 22 38,0.01989501,0.52998461,0.760376,0.085029,-1.333333,0.596935,0.000000,0.000000,0.449344
1631,02 04 07 08 13 18,0.01985122,0.65323642,1.031938,-0.494470,0.333333,1.764852,0.000000,0.000000,-0.971700
1632,07 13 18 22 24 38,0.01984556,0.55810858,0.624594,-0.123862,0.333333,0.596935,0.000000,0.000000,1.414735
1633,04 06 09 13 14 18,0.01982772,0.45986946,-0.461657,0.750267,-0.500000,0.077861,0.000000,0.000000,-0.830348
1634,01 08 10 14 22 24,0.01982410,0.47608690,0.353032,1.044306,-0.222222,-0.700750,0.000000,0.000000,0.541924
1635,04 06 10 12 18 24,0.01980881,0.60115321,1.167720,-0.000313,-0.222222,0.856472,0.000000,0.000000,-0.080037
1636,07 10 12 13 22 24,0.01978207,0.50334149,-1.004782,-0.332508,1.166667,1.116010,0.000000,0.000000,0.548888
1637,01 04 06 07 22 38,0.01972828,0.43470000,-0.190094,0.325972,-1.888889,0.207630,0.000000,0.000000,0.673684
1638,06 10 12 13 14 24,0.01967401,0.46336432,-0.461657,0.736048,0.333333,-0.181676,0.000000,0.000000,0.127102
1639,01 04 08 14 18 38,0.01966875,0.55797922,2.118189,0.807294,-2.166667,-0.311445,0.000000,0.000000,0.251565
1640,04 07 08 10 18 24,0.01966658,0.65705313,1.439282,-0.268339,0.888889,1.116010,0.000000,0.000000,0.232971
1641,04 10 12 14 22 38,0.01966656,0.44121226,-0.461657,0.029210,-1.611111,0.596935,0.000000,0.000000,0.675420
1642,04 07 10 12 13 14,0.01966615,0.50321800,-1.276345,-0.285330,0.055556,1.764852,0.000000,0.000000,-1.972996
1643,02 06 07 13 14 24,0.01963988,0.48068835,-1.140563,0.095789,1.444444,0.596935,0.000000,0.000000,0.361441
1644,01 02 06 14 22 24,0.01962058,0.43751101,-0.597438,0.672073,-0.222222,-0.181676,0.000000,0.000000,0.417089
1645,01 02 04 06 10 38,0.01961697,0.54264874,0.760376,0.492066,-1.055556,0.467167,0.000000,0.000000,-1.030245
1646,06 09 12 13 24 38,0.01960419,0.43133117,-0.325875,1.170435,0.611111,-1.090056,0.000000,0.000000,1.293027
1647,01 08 10 13 14 22,0.01954953,0.44347613,0.081469,0.990871,-1.055556,-0.570982,0.000000,0.000000,0.293066
1648,01 02 04 08 10 14,0.01951852,0.56062757,0.488813,0.568394,-0.500000,0.726704,0.000000,0.000000,-2.314269
1649,12 13 14 18 22 24,0.01951092,0.52018748,0.081469,0.220492,-0.222222,0.596935,0.000000,0.000000,-0.238359
1650,01 04 06 08 12 22,0.01946827,0.45675720,0.624594,0.898840,-2.444444,-0.311445,0.000000,0.000000,-0.204432
1651,01 02 10 13 14 38,0.01943004,0.50074629,0.081469,0.441655,-0.222222,0.207630,0.000000,0.000000,0.090809
1652,04 08 12 14 22 38,0.01942841,0.44532045,0.353032,0.608119,-2.166667,-0.181676,0.000000,0.000000,0.686426
1653,04 07 10 13 14 18,0.01941471,0.56446407,-0.190094,-0.550288,0.055556,1.764852,0.000000,0.000000,-0.776449
1654,01 06 14 22 24 38,0.01935911,0.40223797,0.081469,1.318373,-1.333333,-1.219824,0.000000,0.000000,1.024839
1655,04 06 08 09 18 24,0.01932229,0.55245852,1.167720,1.032216,0.333333,-0.570982,0.000000,0.000000,0.066875
1656,01 04 06 12 14 38,0.01929140,0.42936320,0.217250,0.872714,-2.444444,-0.311445,0.000000,0.000000,-0.108979
1657,06 08 12 13 14 24,0.01925836,0.46747251,0.353032,1.314957,-0.222222,-0.960287,0.000000,0.000000,0.111812
1658,04 06 12 13 14 18,0.01924991,0.51267234,0.353032,0.296647,-1.611111,0.726704,0.000000,0.000000,-1.088653
1659,01 04 08 10 12 38,0.01915833,0.55260325,1.575064,0.721857,-1.611111,-0.051907,0.000000,0.000000,-0.340220
1660,04 06 08 12 18 24,0.01914918,0.60526140,1.982408,0.578596,-0.777778,0.077861,0.000000,0.000000,-0.131473
1661,08 09 12 13 14 24,0.01912482,0.44931000,-0.597438,1.246764,1.166667,-0.830519,0.000000,0.000000,-0.047431
1662,02 04 07 08 12 13,0.01907295,0.59199036,-0.054313,-0.229512,0.333333,1.764852,0.000000,0.000000,-2.320803
1663,01 04 07 08 10 22,0.01906157,0.50854893,0.081469,0.051905,-0.777778,0.726704,0.000000,0.000000,0.023104
1664,01 02 12 13 14 22,0.01903379,0.43954061,-1.004782,0.096825,-0.777778,0.726704,0.000000,0.000000,-0.190186
1665,01 04 07 09 14 22,0.01900385,0.36714637,-2.226814,0.134570,-0.222222,0.596935,0.000000,0.000000,0.086622
1666,04 06 07 08 12 24,0.01890786,0.53254531,0.353032,0.375990,0.055556,0.337398,0.000000,0.000000,-0.137785
1667,01 04 08 10 18 22,0.01890684,0.58126502,1.710845,0.254511,-1.611111,0.467167,0.000000,0.000000,-0.029260
1668,02 04 07 09 10 13,0.01890098,0.53507928,-1.683689,-0.354800,2.000000,1.894621,0.000000,0.000000,-2.219867
1669,01 04 09 14 18 22,0.01884781,0.43986246,-0.597438,0.337175,-1.055556,0.337398,0.000000,0.000000,0.034064
1670,01 04 06 09 14 38,0.01883330,0.37656032,-0.597438,1.326335,-1.333333,-0.960287,0.000000,0.000000,-0.004145
1671,06 08 09 13 14 24,0.01883199,0.41466963,-0.461657,1.768577,0.888889,-1.609130,0.000000,0.000000,0.221344
1672,01 02 12 14 24 38,0.01881012,0.50473568,0.217250,0.352648,0.055556,0.077861,0.000000,0.000000,0.870438
1673,07 10 12 13 24 38,0.01879774,0.53592579,-0.054313,-0.130120,1.166667,0.596935,0.000000,0.000000,1.288636
1674,01 02 08 13 14 38,0.01879501,0.50485449,0.896157,1.020564,-0.777778,-0.570982,0.000000,0.000000,0.043017
1675,02 06 09 12 13 24,0.01876292,0.46660421,-1.004782,0.524136,1.722222,-0.051907,0.000000,0.000000,0.521902
1676,02 04 07 14 22 38,0.01875483,0.45853629,-1.140563,-0.611049,-0.500000,1.375547,0.000000,0.000000,0.779740
1677,08 12 13 18 22 24,0.01871343,0.58016578,1.439282,0.449006,-0.222222,0.077861,0.000000,0.000000,0.407414
1678,08 09 13 18 22 24,0.01866296,0.52736289,0.624594,0.902626,0.888889,-0.570982,0.000000,0.000000,0.572638
1679,07 09 10 13 22 24,0.01863259,0.45053860,-1.819470,0.121112,2.277778,0.467167,0.000000,0.000000,0.551291
1680,07 08 12 13 22 24,0.01862578,0.50744968,-0.190094,0.246401,0.611111,0.337398,0.000000,0.000000,0.423869
1681,01 07 12 13 18 24,0.01862009,0.58737888,0.624594,-0.275775,0.611111,0.986241,0.000000,0.000000,0.569559
1682,06 07 10 13 22 24,0.01861236,0.46870112,-0.869001,0.189305,0.888889,0.337398,0.000000,0.000000,0.687751
1683,01 02 09 14 24 38,0.01858179,0.45193280,-0.597438,0.806268,1.166667,-0.570982,0.000000,0.000000,1.009310
1684,01 02 04 07 09 22,0.01856681,0.45181053,-1.819470,-0.388521,0.611111,1.375547,0.000000,0.000000,-0.284337
1685,09 10 13 18 22 24,0.01856002,0.52325470,-0.190094,0.323718,1.444444,0.207630,0.000000,0.000000,0.511098
1686,04 06 07 14 18 24,0.01848968,0.53381309,0.081469,-0.117482,0.055556,0.856472,0.000000,0.000000,0.270137
1687,01 04 06 08 09 22,0.01842362,0.40395431,-0.190094,1.352460,-1.333333,-0.960287,0.000000,0.000000,-0.186498
1688,02 04 06 07 18 24,0.01839307,0.61847724,0.488813,-0.640572,0.888889,1.635084,0.000000,0.000000,-0.050387
1689,08 10 13 14 18 24,0.01834572,0.59198034,1.439282,0.670627,0.611111,-0.181676,0.000000,0.000000,0.234949
1690,09 10 13 18 24 38,0.01834147,0.55583900,0.760376,0.526106,1.444444,-0.311445,0.000000,0.000000,1.364300
1691,04 07 08 13 14 18,0.01827259,0.56857227,0.624594,0.028621,-0.500000,0.986241,0.000000,0.000000,-0.899367
1692,01 02 06 13 14 22,0.01824238,0.40490024,-0.869001,0.618638,-1.055556,-0.051907,0.000000,0.000000,0.004724
1693,04 07 09 10 13 14,0.01823570,0.45041512,-2.091033,0.168290,1.166667,1.116010,0.000000,0.000000,-2.012220
1694,02 07 10 12 13 24,0.01811075,0.57119883,-0.733219,-0.776419,2.277778,1.635084,0.000000,0.000000,0.540369
1695,08 09 13 18 24 38,0.01810016,0.55994719,1.575064,1.105014,0.888889,-1.090056,0.000000,0.000000,1.374838
1696,02 04 09 10 14 22,0.01809675,0.42368241,-1.955252,-0.163469,0.611111,0.986241,0.000000,0.000000,-0.030937
1697,08 12 13 18 24 38,0.01808524,0.61275007,2.389752,0.651394,-0.222222,-0.441213,0.000000,0.000000,1.199925
1698,02 04 14 18 22 38,0.01808503,0.53125238,0.488813,-0.408443,-1.333333,1.116010,0.000000,0.000000,0.651066
1699,10 12 13 18 24 38,0.01804369,0.60864188,1.575064,0.072486,0.333333,0.337398,0.000000,0.000000,1.147481
1700,02 04 07 08 09 13,0.01794108,0.53918747,-0.869001,0.224108,1.444444,1.116010,0.000000,0.000000,-2.315790
1701,07 08 10 13 14 24,0.01793916,0.51926424,-0.190094,0.468021,1.444444,0.077861,0.000000,0.000000,0.204157
1702,01 10 12 13 22 38,0.01791186,0.46013767,0.217250,0.392730,-1.333333,-0.051907,0.000000,0.000000,1.007718
1703,01 04 07 08 14 38,0.01790526,0.48526313,0.488813,0.604688,-1.333333,-0.051907,0.000000,0.000000,0.019740
1704,01 04 06 14 18 22,0.01787817,0.45802497,0.353032,0.405368,-2.444444,0.207630,0.000000,0.000000,0.029868
1705,04 07 08 12 13 14,0.01774322,0.50732620,-0.461657,0.293579,-0.500000,0.986241,0.000000,0.000000,-2.211594
1706,07 09 10 13 24 38,0.01771365,0.48312290,-0.869001,0.323500,2.277778,-0.051907,0.000000,0.000000,1.300727
1707,07 08 12 13 24 38,0.01768504,0.54003398,0.760376,0.448789,0.611111,-0.181676,0.000000,0.000000,1.170076
1708,01 04 07 10 14 38,0.01766604,0.48115493,-0.325875,0.025779,-0.777778,0.726704,0.000000,0.000000,-0.061990
1709,01 08 12 13 22 38,0.01766281,0.46424587,1.031938,0.971639,-1.888889,-0.830519,0.000000,0.000000,1.017109
1710,02 10 12 13 18 24,0.01763707,0.64391492,0.896157,-0.573814,1.444444,1.375547,0.000000,0.000000,0.440752
1711,06 10 13 18 22 24,0.01749872,0.54141721,0.760376,0.391911,0.055556,0.077861,0.000000,0.000000,0.493322
1712,04 06 08 10 13 18,0.01746032,0.60127202,1.846627,0.667603,-1.055556,0.207630,0.000000,0.000000,-1.253155
1713,07 13 14 18 22 24,0.01736797,0.50871746,-0.461657,-0.247071,0.611111,0.856472,0.000000,0.000000,0.707397
1714,07 08 09 13 22 24,0.01736322,0.45464680,-1.004782,0.700021,1.722222,-0.311445,0.000000,0.000000,0.409519
1715,02 04 08 09 14 22,0.01736061,0.42779060,-1.140563,0.415440,0.055556,0.207630,0.000000,0.000000,-0.093709
1716,04 06 10 14 22 38,0.01734995,0.40657188,-0.325875,0.551023,-1.888889,-0.181676,0.000000,0.000000,0.644367
1717,02 04 06 10 22 38,0.01726355,0.49123604,0.081469,0.027933,-1.055556,0.596935,0.000000,0.000000,0.325356
1718,01 02 04 12 18 38,0.01724286,0.60991380,1.575064,-0.437147,-1.333333,1.245778,0.000000,0.000000,0.202954
1719,04 06 07 09 10 24,0.01723885,0.47563423,-1.276345,0.250702,1.722222,0.467167,0.000000,0.000000,-0.258642
1720,02 09 10 13 18 24,0.01719901,0.59111203,0.081469,-0.120194,2.555556,0.726704,0.000000,0.000000,0.548553
1721,09 10 12 13 14 24,0.01708697,0.44520181,-1.412126,0.667855,1.722222,-0.051907,0.000000,0.000000,-0.395634
1722,01 04 06 07 14 22,0.01705208,0.38530888,-1.276345,0.202763,-1.611111,0.467167,0.000000,0.000000,-0.063080
1723,10 12 13 18 22 24,0.01701339,0.57605758,0.624594,-0.129903,0.333333,0.856472,0.000000,0.000000,0.109259
1724,06 08 13 18 22 24,0.01700094,0.54552540,1.575064,0.970819,-0.500000,-0.700750,0.000000,0.000000,0.465864
1725,01 02 13 18 22 38,0.01696153,0.55017780,1.167720,-0.044924,-1.055556,0.467167,0.000000,0.000000,1.076879
1726,01 02 04 06 12 38,0.01695478,0.51402736,0.624594,0.349624,-1.611111,0.467167,0.000000,0.000000,-0.761367
1727,01 02 08 10 24 38,0.01694951,0.59333535,1.710845,0.723604,0.611111,-0.441213,0.000000,0.000000,0.695414
1728,02 04 08 12 14 22,0.01691684,0.48059349,-0.325875,-0.038180,-1.055556,0.856472,0.000000,0.000000,-0.332157
1729,01 09 10 13 22 38,0.01691535,0.40733479,-0.597438,0.846350,-0.222222,-0.700750,0.000000,0.000000,1.032784
1730,01 02 08 12 22 24,0.01689536,0.53212968,0.624594,0.378774,0.055556,0.077861,0.000000,0.000000,0.465102
1731,01 02 04 06 18 22,0.01687358,0.54268913,0.760376,-0.117722,-1.611111,0.986241,0.000000,0.000000,-0.425178
1732,02 04 06 07 10 13,0.01685923,0.55324179,-0.733219,-0.286607,0.611111,1.764852,0.000000,0.000000,-2.382901
1733,01 04 12 14 18 38,0.01685703,0.52524965,1.167720,0.085943,-2.166667,0.467167,0.000000,0.000000,0.452002
1734,02 08 12 13 18 24,0.01679628,0.64802311,1.710845,0.005095,0.888889,0.596935,0.000000,0.000000,0.362475
1735,02 04 09 12 22 38,0.01679479,0.44445215,-1.004782,-0.182702,-0.222222,0.726704,0.000000,0.000000,0.779740
1736,02 07 09 10 13 24,0.01671299,0.51839594,-1.547908,-0.322799,3.388889,0.986241,0.000000,0.000000,0.505989
1737,02 07 08 12 13 24,0.01666961,0.57530702,0.081469,-0.197511,1.722222,0.856472,0.000000,0.000000,0.373149
1738,04 06 08 14 22 38,0.01665193,0.41068008,0.488813,1.129932,-2.444444,-0.960287,0.000000,0.000000,0.587243
1739,01 02 04 09 18 38,0.01662340,0.55711092,0.760376,0.016473,-0.222222,0.596935,0.000000,0.000000,0.283879
1740,01 04 08 09 10 38,0.01659861,0.49980037,0.760376,1.175477,-0.500000,-0.700750,0.000000,0.000000,-0.546748
1741,02 04 07 12 13 18,0.01659407,0.62050685,0.081469,-1.215820,0.333333,2.543464,0.000000,0.000000,-0.837254
1742,01 09 10 22 24 38,0.01657593,0.43994556,-0.325875,0.899785,0.611111,-0.830519,0.000000,0.000000,1.190678
1743,02 04 10 12 14 22,0.01655705,0.47648529,-1.140563,-0.617089,-0.500000,1.635084,0.000000,0.000000,-0.431751
1744,04 08 09 10 12 13,0.01652848,0.52186344,-0.190094,0.864368,0.333333,0.337398,0.000000,0.000000,-2.764467
1745,01 02 10 12 22 24,0.01651649,0.52802148,-0.190094,-0.200135,0.611111,0.856472,0.000000,0.000000,0.362683
1746,01 10 12 22 24 38,0.01649029,0.49274844,0.488813,0.446165,-0.500000,-0.181676,0.000000,0.000000,1.005289
1747,07 08 09 13 24 38,0.01648787,0.48723110,-0.054313,0.902409,1.722222,-0.830519,0.000000,0.000000,1.165414
1748,04 06 07 10 13 14,0.01645062,0.46857763,-1.140563,0.236483,-0.222222,0.986241,0.000000,0.000000,-2.137226
1749,06 07 10 13 24 38,0.01644457,0.50128541,0.081469,0.391693,0.888889,-0.181676,0.000000,0.000000,1.252168
1750,01 08 09 13 22 38,0.01643295,0.41144298,0.217250,1.425259,-0.777778,-1.479361,0.000000,0.000000,1.007603
1751,02 08 09 13 18 24,0.01636990,0.59522023,0.896157,0.458715,2.000000,-0.051907,0.000000,0.000000,0.472007
1752,04 08 09 12 13 18,0.01631255,0.55448812,0.760376,0.456968,-0.222222,0.337398,0.000000,0.000000,-0.899367
1753,01 07 09 13 18 24,0.01627839,0.53457599,-0.190094,0.177845,1.722222,0.337398,0.000000,0.000000,0.395331
1754,01 08 12 22 24 38,0.01627121,0.49685664,1.303501,1.025074,-1.055556,-0.960287,0.000000,0.000000,1.019121
1755,04 07 08 09 13 14,0.01626350,0.45452331,-1.276345,0.747199,0.611111,0.337398,0.000000,0.000000,-2.258118
1756,06 09 12 13 14 24,0.01622550,0.38194005,-1.412126,1.047226,0.888889,-0.830519,0.000000,0.000000,0.452188
1757,04 09 12 14 22 38,0.01619324,0.35978799,-1.412126,0.340389,-1.055556,-0.051907,0.000000,0.000000,0.996830
1758,04 06 09 12 18 24,0.01618831,0.51972895,0.217250,0.310866,0.333333,0.207630,0.000000,0.000000,0.219568
1759,01 08 09 22 24 38,0.01618513,0.44405375,0.488813,1.478694,0.055556,-1.609130,0.000000,0.000000,1.179069
1760,06 07 08 13 22 24,0.01617639,0.47280931,-0.054313,0.768214,0.333333,-0.441213,0.000000,0.000000,0.373145
1761,01 02 06 14 24 38,0.01598663,0.47009531,0.353032,0.874461,-0.222222,-0.700750,0.000000,0.000000,0.764288
1762,07 13 14 18 24 38,0.01597441,0.54130176,0.488813,-0.044683,0.611111,0.337398,0.000000,0.000000,1.386518
1763,01 08 10 14 24 38,0.01597218,0.50867120,1.303501,1.246694,-0.222222,-1.219824,0.000000,0.000000,0.856830
1764,02 07 13 18 24 38,0.01592425,0.62596592,0.896157,-0.567774,1.444444,1.116010,0.000000,0.000000,1.072874
1765,01 09 10 14 22 24,0.01590307,0.39055444,-1.412126,0.776576,0.888889,-0.570982,0.000000,0.000000,0.750716
1766,04 09 10 12 13 18,0.01582871,0.55037993,-0.054313,-0.121941,0.333333,1.116010,0.000000,0.000000,-1.017339
1767,01 02 08 10 14 24,0.01577429,0.54394424,0.624594,0.600395,0.888889,-0.181676,0.000000,0.000000,0.181025
1768,04 06 07 09 12 24,0.01576815,0.44701285,-1.412126,0.108260,1.166667,0.467167,0.000000,0.000000,0.186760
1769,01 02 07 13 22 38,0.01575013,0.47746171,-0.461657,-0.247529,-0.222222,0.726704,0.000000,0.000000,0.926847
1770,06 08 13 18 24 38,0.01572784,0.57810970,2.525533,1.173207,-0.500000,-1.219824,0.000000,0.000000,1.162829
1771,04 07 09 10 18 24,0.01572753,0.57152067,-0.325875,-0.536069,2.000000,1.245778,0.000000,0.000000,0.439092
1772,01 02 04 07 10 38,0.01570374,0.56581909,0.081469,-0.497311,0.055556,1.505315,0.000000,0.000000,-0.658922
1773,01 04 06 09 12 22,0.01570141,0.37122474,-1.140563,0.631110,-1.333333,-0.181676,0.000000,0.000000,0.027200
1774,01 04 09 14 18 38,0.01568596,0.47244676,0.353032,0.539563,-1.055556,-0.181676,0.000000,0.000000,0.451206
1775,04 07 10 12 18 24,0.01563735,0.62432356,0.488813,-0.989689,0.888889,1.894621,0.000000,0.000000,0.253030
1776,01 06 07 13 18 24,0.01562990,0.55273851,0.760376,0.246038,0.333333,0.207630,0.000000,0.000000,0.438713
1777,01 08 12 14 22 24,0.01562035,0.44746552,0.217250,0.901865,-0.777778,-0.700750,0.000000,0.000000,0.582418
1778,01 02 07 22 24 38,0.01560316,0.51007248,-0.190094,-0.194094,0.611111,0.596935,0.000000,0.000000,1.113252
1779,01 02 08 12 13 22,0.01550823,0.49951891,0.353032,0.325339,-0.777778,0.207630,0.000000,0.000000,0.051415
1780,02 04 06 08 22 38,0.01549688,0.49534423,0.896157,0.606842,-1.611111,-0.181676,0.000000,0.000000,0.109906
1781,01 02 14 18 22 24,0.01546601,0.53339745,0.353032,-0.114698,0.055556,0.596935,0.000000,0.000000,0.723217
1782,01 08 09 14 22 24,0.01539209,0.39466263,-0.597438,1.355485,0.333333,-1.349593,0.000000,0.000000,0.721302
1783,01 04 07 10 12 22,0.01538930,0.47581935,-0.869001,-0.669445,-0.777778,1.505315,0.000000,0.000000,0.096049
1784,01 04 09 10 12 38,0.01537778,0.46707079,-0.190094,0.454127,-0.500000,0.077861,0.000000,0.000000,-0.110617
1785,01 02 09 10 22 24,0.01534151,0.47521860,-1.004782,0.253486,1.722222,0.207630,0.000000,0.000000,0.361308
1786,02 04 08 10 14 38,0.01531186,0.54179917,0.760376,0.306649,-0.500000,0.337398,0.000000,0.000000,-0.347651
1787,01 02 04 09 10 14,0.01531005,0.47509511,-1.276345,0.300664,0.611111,0.856472,0.000000,0.000000,-2.148064
1788,01 02 04 06 08 38,0.01528981,0.54675694,1.575064,1.070974,-1.611111,-0.311445,0.000000,0.000000,-1.625039
1789,06 10 13 18 24 38,0.01525564,0.57400151,1.710845,0.594299,0.055556,-0.441213,0.000000,0.000000,1.046582
1790,01 02 04 08 12 14,0.01524819,0.53200619,0.353032,0.425952,-1.055556,0.726704,0.000000,0.000000,-2.283640
1791,02 07 08 09 13 24,0.01522258,0.52250414,-0.733219,0.256109,2.833333,0.207630,0.000000,0.000000,0.331470
1792,01 13 14 18 22 38,0.01519752,0.46551364,0.760376,0.478167,-1.888889,-0.311445,0.000000,0.000000,1.121746
1793,01 10 12 14 22 24,0.01516814,0.44335732,-0.597438,0.322956,-0.222222,0.077861,0.000000,0.000000,0.469132
1794,01 02 10 12 13 22,0.01515934,0.49541071,-0.461657,-0.253569,-0.222222,0.986241,0.000000,0.000000,-0.046564
1795,04 07 08 12 18 24,0.01514167,0.62843175,1.303501,-0.410781,0.333333,1.116010,0.000000,0.000000,0.225882
1796,01 04 09 10 18 22,0.01513991,0.49573256,-0.054313,-0.013219,-0.500000,0.596935,0.000000,0.000000,0.202361
1797,02 06 07 10 13 24,0.01508089,0.53655845,-0.597438,-0.254606,2.000000,0.856472,0.000000,0.000000,0.403646
1798,06 07 08 13 24 38,0.01497859,0.50539361,0.896157,0.970602,0.333333,-0.960287,0.000000,0.000000,1.081267
1799,01 02 04 10 14 18,0.01496696,0.58914406,0.624594,-0.417915,-0.500000,1.505315,0.000000,0.000000,-1.137795
1800,01 04 10 12 18 22,0.01496214,0.54853545,0.760376,-0.466840,-1.611111,1.245778,0.000000,0.000000,0.003323
1801,01 04 08 10 18 38,0.01495282,0.61384932,2.661315,0.456899,-1.611111,-0.051907,0.000000,0.000000,0.270520
1802,02 04 07 09 13 18,0.01492441,0.56770397,-0.733219,-0.762200,1.444444,1.894621,0.000000,0.000000,-0.911918
1803,01 02 18 22 24 38,0.01490108,0.58278857,1.439282,0.008511,-0.222222,0.337398,0.000000,0.000000,0.979797
1804,01 02 04 10 12 14,0.01489558,0.52789800,-0.461657,-0.152956,-0.500000,1.505315,0.000000,0.000000,-2.382169
1805,04 06 08 09 10 13,0.01486123,0.48722306,-0.054313,1.386181,0.055556,-0.441213,0.000000,0.000000,-2.699316
1806,02 07 13 14 18 24,0.01483866,0.57657480,-0.190094,-0.690983,1.722222,1.375547,0.000000,0.000000,0.571766
1807,01 07 13 14 22 38,0.01480908,0.39279755,-0.869001,0.275561,-1.055556,-0.051907,0.000000,0.000000,1.093638
1808,01 04 08 09 12 38,0.01479734,0.47117899,0.624594,1.033035,-1.055556,-0.700750,0.000000,0.000000,-0.150322
1809,04 07 12 13 14 18,0.01478569,0.53584269,-0.325875,-0.692730,-0.500000,1.764852,0.000000,0.000000,-0.798960
1810,01 06 08 13 22 38,0.01478530,0.42960550,1.167720,1.493452,-2.166667,-1.609130,0.000000,0.000000,0.902958
1811,04 06 07 08 09 24,0.01478471,0.47974243,-0.461657,0.829610,1.166667,-0.311445,0.000000,0.000000,-0.575940
1812,01 02 09 10 13 22,0.01477555,0.44260783,-1.276345,0.200051,0.888889,0.337398,0.000000,0.000000,0.069278
1813,01 04 07 08 12 22,0.01477337,0.47992755,-0.054313,-0.090536,-1.333333,0.726704,0.000000,0.000000,0.051086
1814,04 06 09 10 13 18,0.01474550,0.51573956,0.081469,0.399872,0.055556,0.337398,0.000000,0.000000,-0.865660
1815,01 04 07 18 22 38,0.01472801,0.53058644,0.760376,-0.460799,-1.611111,0.986241,0.000000,0.000000,0.854519
1816,01 08 12 13 14 22,0.01462429,0.41485475,-0.054313,0.848430,-1.611111,-0.570982,0.000000,0.000000,0.226667
1817,01 02 04 08 09 14,0.01461475,0.47920331,-0.461657,0.879572,0.055556,0.077861,0.000000,0.000000,-2.204785
1818,02 04 07 09 12 13,0.01461431,0.50645790,-1.819470,-0.497242,1.444444,1.894621,0.000000,0.000000,-2.191660
1819,01 04 08 09 18 22,0.01460165,0.49984076,0.760376,0.565689,-1.055556,-0.181676,0.000000,0.000000,0.168906
1820,01 02 08 09 22 24,0.01459280,0.47932679,-0.190094,0.832394,1.166667,-0.570982,0.000000,0.000000,0.296674
1821,01 06 10 13 22 38,0.01458152,0.42549730,0.353032,0.914543,-1.611111,-0.830519,0.000000,0.000000,0.826478
1822,01 02 07 14 22 24,0.01458130,0.46068136,-1.276345,-0.317303,0.888889,0.856472,0.000000,0.000000,0.621585
1823,02 04 06 07 08 13,0.01448201,0.55734998,0.081469,0.292301,0.055556,0.986241,0.000000,0.000000,-2.688805
1824,04 07 08 09 18 24,0.01444590,0.57562887,0.488813,0.042839,1.444444,0.467167,0.000000,0.000000,0.295504
1825,07 09 12 13 22 24,0.01442620,0.42191722,-1.955252,-0.021329,1.722222,0.467167,0.000000,0.000000,0.591392
1826,01 02 06 10 22 24,0.01439427,0.49338111,-0.054313,0.321679,0.333333,0.077861,0.000000,0.000000,0.360429
1827,01 04 07 12 14 38,0.01437791,0.45253355,-0.461657,-0.116662,-1.333333,0.726704,0.000000,0.000000,0.114155
1828,01 06 10 22 24 38,0.01434048,0.45810807,0.624594,0.967978,-0.777778,-0.960287,0.000000,0.000000,0.998947
1829,01 04 07 09 10 22,0.01429598,0.42301647,-1.683689,-0.215825,0.333333,0.856472,0.000000,0.000000,0.106772
1830,02 04 06 10 14 22,0.01427488,0.44184492,-1.004782,-0.095276,-0.777778,0.856472,0.000000,0.000000,-0.457701
1831,04 06 10 12 13 18,0.01424407,0.56854244,0.896157,-0.053748,-1.055556,0.986241,0.000000,0.000000,-1.112650
1832,01 10 12 13 14 22,0.01420205,0.41074656,-0.869001,0.269521,-1.055556,0.207630,0.000000,0.000000,0.117822
1833,01 02 04 06 09 38,0.01418024,0.46122448,-0.190094,0.803244,-0.500000,-0.181676,0.000000,0.000000,-0.999722
1834,07 10 12 13 14 24,0.01417020,0.48653467,-1.140563,-0.253329,1.444444,0.856472,0.000000,0.000000,0.262777
1835,04 07 09 12 13 14,0.01416038,0.42179374,-2.226814,0.025849,0.611111,1.116010,0.000000,0.000000,-1.952700
1836,01 07 14 22 24 38,0.01415218,0.42540832,-0.597438,0.328996,-0.222222,-0.181676,0.000000,0.000000,1.204497
1837,09 12 13 18 22 24,0.01413439,0.49463332,-0.325875,0.181276,0.888889,0.207630,0.000000,0.000000,0.518719
1838,01 02 04 08 14 18,0.01412964,0.59325226,1.439282,0.160994,-1.055556,0.726704,0.000000,0.000000,-1.215557
1839,01 02 13 14 18 22,0.01408456,0.50078668,0.081469,-0.168133,-0.777778,0.726704,0.000000,0.000000,0.310371
1840,01 02 08 09 13 22,0.01402851,0.44671602,-0.461657,0.778959,0.333333,-0.441213,0.000000,0.000000,0.004892
1841,04 08 10 12 22 38,0.01397741,0.50119055,0.896157,0.257724,-1.611111,0.077861,0.000000,0.000000,0.596478
1842,01 02 09 13 14 38,0.01395564,0.41932203,-0.869001,0.752834,0.333333,-0.441213,0.000000,0.000000,0.115753
1843,01 04 06 14 18 38,0.01388056,0.49060927,1.303501,0.607756,-2.444444,-0.311445,0.000000,0.000000,0.323189
1844,09 12 13 18 24 38,0.01387225,0.52721762,0.624594,0.383664,0.888889,-0.311445,0.000000,0.000000,1.365462
1845,01 02 04 06 07 22,0.01384954,0.46997304,-0.869001,-0.320328,-0.777778,1.245778,0.000000,0.000000,-0.843757
1846,02 04 09 12 14 22,0.01384931,0.39506103,-2.091033,-0.305910,0.055556,0.986241,0.000000,0.000000,0.003083
1847,01 09 10 13 14 22,0.01384414,0.35794367,-1.683689,0.723141,0.055556,-0.441213,0.000000,0.000000,0.237498
1848,04 08 09 10 22 38,0.01382789,0.44838766,0.081469,0.711344,-0.500000,-0.570982,0.000000,0.000000,0.747028
1849,04 07 09 13 14 18,0.01380368,0.48303981,-1.140563,-0.239109,0.611111,1.116010,0.000000,0.000000,-0.771746
1850,02 06 08 13 18 24,0.01377981,0.61338274,1.846627,0.526908,0.611111,-0.181676,0.000000,0.000000,0.227736
1851,01 06 08 22 24 38,0.01377112,0.46221626,1.439282,1.546887,-1.333333,-1.738899,0.000000,0.000000,0.960883
1852,01 02 06 10 13 22,0.01372992,0.46077034,-0.325875,0.268244,-0.500000,0.207630,0.000000,0.000000,0.053823
1853,02 10 13 14 22 38,0.01367977,0.44933359,-0.597438,-0.022478,-0.222222,0.337398,0.000000,0.000000,0.943157
1854,04 06 09 14 22 38,0.01365012,0.32514762,-1.276345,0.862202,-1.333333,-0.830519,0.000000,0.000000,0.932219
1855,02 06 10 13 18 24,0.01362236,0.60927455,1.031938,-0.052001,1.166667,0.596935,0.000000,0.000000,0.158119
1856,01 06 10 14 22 24,0.01356954,0.40871695,-0.461657,0.844769,-0.500000,-0.700750,0.000000,0.000000,0.544454
1857,04 06 08 12 13 18,0.01355447,0.57265064,1.710845,0.525161,-1.611111,0.207630,0.000000,0.000000,-1.168527
1858,04 07 08 10 13 18,0.01352394,0.62444237,1.167720,-0.321774,0.055556,1.245778,0.000000,0.000000,-0.885260
1859,02 04 06 09 22 38,0.01349259,0.40981178,-0.869001,0.339111,-0.500000,-0.051907,0.000000,0.000000,0.602668
1860,06 12 13 18 22 24,0.01347793,0.51279583,0.624594,0.249469,-0.500000,0.077861,0.000000,0.000000,0.560920
1861,01 04 08 12 18 22,0.01347733,0.55264364,1.575064,0.112069,-2.166667,0.467167,0.000000,0.000000,-0.170367
1862,06 08 09 10 13 24,0.01347224,0.47053973,0.081469,1.418182,1.444444,-1.349593,0.000000,0.000000,0.144915
1863,07 09 12 13 24 38,0.01346366,0.45450152,-1.004782,0.181059,1.722222,-0.051907,0.000000,0.000000,1.334369
1864,01 02 10 12 24 38,0.01344126,0.56060578,0.760376,0.002254,0.611111,0.337398,0.000000,0.000000,0.792658
1865,02 06 07 08 13 24,0.01343464,0.54066665,0.217250,0.324302,1.444444,0.077861,0.000000,0.000000,0.206038
1866,01 02 08 10 13 38,0.01341606,0.56072459,1.439282,0.670169,-0.222222,-0.311445,0.000000,0.000000,-0.036258
1867,01 04 06 08 10 38,0.01336390,0.51796288,1.710845,1.243670,-1.888889,-0.830519,0.000000,0.000000,-0.886524
1868,02 08 13 14 22 38,0.01331862,0.45344179,0.217250,0.556431,-0.777778,-0.441213,0.000000,0.000000,0.935940
1869,01 08 09 13 14 22,0.01329634,0.36205187,-0.869001,1.302050,-0.500000,-1.219824,0.000000,0.000000,0.202629
1870,01 06 10 13 14 22,0.01326500,0.37610618,-0.733219,0.791334,-1.333333,-0.570982,0.000000,0.000000,0.291155
1871,01 08 10 13 14 38,0.01325713,0.47606043,1.031938,1.193259,-1.055556,-1.090056,0.000000,0.000000,0.246408
1872,02 04 07 10 22 38,0.01322719,0.51440639,-0.597438,-0.961444,0.055556,1.635084,0.000000,0.000000,0.678438
1873,01 14 18 22 24 38,0.01321300,0.49812441,1.031938,0.531602,-1.055556,-0.441213,0.000000,0.000000,1.035914
1874,08 12 13 14 18 24,0.01317944,0.56335896,1.303501,0.528185,0.055556,-0.181676,0.000000,0.000000,0.132841
1875,02 04 06 12 22 38,0.01316122,0.46261466,-0.054313,-0.114509,-1.611111,0.596935,0.000000,0.000000,0.380873
1876,04 06 07 10 18 24,0.01313080,0.58968319,0.624594,-0.467876,0.611111,1.116010,0.000000,0.000000,0.193836
1877,08 09 13 14 18 24,0.01309628,0.51055607,0.488813,0.981805,1.166667,-0.830519,0.000000,0.000000,0.293222
1878,01 02 04 07 12 38,0.01303882,0.53719771,-0.054313,-0.639753,-0.500000,1.505315,0.000000,0.000000,-0.390447
1879,06 09 13 18 22 24,0.01302262,0.45999294,-0.190094,0.703089,0.611111,-0.570982,0.000000,0.000000,0.666167
1880,02 09 12 13 18 24,0.01301713,0.56249065,-0.054313,-0.262635,2.000000,0.726704,0.000000,0.000000,0.592287
1881,09 10 13 14 18 24,0.01301514,0.50644788,-0.325875,0.402897,1.722222,-0.051907,0.000000,0.000000,0.234911
1882,07 09 10 13 14 24,0.01298803,0.43373178,-1.955252,0.200291,2.555556,0.207630,0.000000,0.000000,0.260336
1883,04 06 12 14 22 38,0.01298506,0.37795050,-0.461657,0.408582,-2.444444,-0.181676,0.000000,0.000000,0.660987
1884,04 06 08 09 13 18,0.01295997,0.51984775,0.896157,0.978781,-0.500000,-0.441213,0.000000,0.000000,-1.083902
1885,01 04 07 09 14 38,0.01295121,0.39973067,-1.276345,0.336958,-0.222222,0.077861,0.000000,0.000000,0.075486
1886,01 02 04 07 18 22,0.01294755,0.56585948,0.081469,-1.107099,-0.500000,2.024389,0.000000,0.000000,-0.055750
1887,01 02 09 12 22 24,0.01294533,0.44659722,-1.140563,0.111044,1.166667,0.207630,0.000000,0.000000,0.669598
1888,01 02 08 12 24 38,0.01293733,0.56471398,1.575064,0.581162,0.055556,-0.441213,0.000000,0.000000,0.764288
1889,06 07 10 13 14 24,0.01293511,0.45189430,-1.004782,0.268484,1.166667,0.077861,0.000000,0.000000,0.391953
1890,02 04 10 18 22 38,0.01291868,0.58712248,1.031938,-0.758838,-0.777778,1.375547,0.000000,0.000000,0.603289
1891,04 06 07 08 13 14,0.01288086,0.47268582,-0.325875,0.815392,-0.777778,0.207630,0.000000,0.000000,-2.619808
1892,01 04 07 08 09 22,0.01285984,0.42712466,-0.869001,0.363084,-0.222222,0.077861,0.000000,0.000000,-0.059707
1893,06 10 13 14 18 24,0.01284753,0.52461039,0.624594,0.471090,0.333333,-0.181676,0.000000,0.000000,0.349538
1894,01 06 08 14 22 24,0.01282520,0.41282514,0.353032,1.423678,-1.055556,-1.479361,0.000000,0.000000,0.480468
1895,01 02 06 08 13 22,0.01281334,0.46487854,0.488813,0.847152,-1.055556,-0.570982,0.000000,0.000000,-0.035681
1896,06 08 10 12 13 24,0.01276871,0.52334261,0.896157,0.964562,0.333333,-0.700750,0.000000,0.000000,-0.132016
1897,01 02 04 06 18 38,0.01271073,0.57527343,1.710845,0.084666,-1.611111,0.467167,0.000000,0.000000,-0.156337
1898,01 09 12 13 22 38,0.01268716,0.37871341,-0.733219,0.703909,-0.777778,-0.700750,0.000000,0.000000,1.069656
1899,01 02 04 06 10 14,0.01266737,0.49325762,-0.325875,0.368857,-0.777778,0.726704,0.000000,0.000000,-2.400126
1900,04 07 08 14 22 38,0.01261718,0.43385043,-0.190094,0.140555,-1.333333,0.077861,0.000000,0.000000,0.940562
1901,02 07 09 12 13 24,0.01261588,0.48977456,-1.683689,-0.465241,2.833333,0.986241,0.000000,0.000000,0.562280
1902,06 07 12 13 22 24,0.01260231,0.44007974,-1.004782,0.046864,0.333333,0.337398,0.000000,0.000000,0.460635
1903,04 06 08 10 12 13,0.01257466,0.54002595,0.760376,0.932561,-1.055556,0.207630,0.000000,0.000000,-3.210779
1904,02 04 07 08 22 38,0.01256455,0.51851458,0.217250,-0.382535,-0.500000,0.856472,0.000000,0.000000,0.626554
1905,01 02 12 13 14 38,0.01250450,0.47212491,-0.054313,0.299213,-0.777778,0.207630,0.000000,0.000000,-0.271940
1906,01 04 06 10 12 38,0.01248200,0.48523330,0.760376,0.522320,-1.888889,-0.051907,0.000000,0.000000,-0.400177
1907,01 06 08 13 14 22,0.01247700,0.38021438,0.081469,1.370243,-1.888889,-1.349593,0.000000,0.000000,0.220699
1908,01 02 06 08 22 24,0.01246265,0.49748930,0.760376,0.900587,-0.222222,-0.700750,0.000000,0.000000,0.120542
1909,02 04 06 08 14 22,0.01244281,0.44595312,-0.190094,0.483633,-1.333333,0.077861,0.000000,0.000000,-0.682839
1910,02 04 09 10 14 38,0.01240018,0.45626671,-1.004782,0.038919,0.611111,0.467167,0.000000,0.000000,0.010679
1911,02 04 08 18 22 38,0.01239573,0.59123068,1.846627,-0.179930,-1.333333,0.596935,0.000000,0.000000,0.572102
1912,02 04 06 07 13 18,0.01238563,0.58586648,0.217250,-0.694007,0.055556,1.764852,0.000000,0.000000,-1.148588
1913,01 02 07 13 14 22,0.01235197,0.42807059,-1.547908,-0.370738,0.055556,0.986241,0.000000,0.000000,0.083122
1914,06 08 13 14 18 24,0.01232796,0.52871858,1.439282,1.049998,-0.222222,-0.960287,0.000000,0.000000,0.318850
1915,01 04 06 07 10 22,0.01228693,0.44117898,-0.733219,-0.147632,-1.055556,0.726704,0.000000,0.000000,-0.051418
1916,01 02 09 10 24 38,0.01222894,0.50780290,-0.054313,0.455874,1.722222,-0.311445,0.000000,0.000000,0.785751
1917,04 07 10 14 22 38,0.01222486,0.42974223,-1.004782,-0.438353,-0.777778,0.856472,0.000000,0.000000,0.836150
1918,01 04 06 10 18 22,0.01220326,0.51389507,0.896157,0.054974,-1.888889,0.467167,0.000000,0.000000,-0.093254
1919,01 02 06 13 14 38,0.01216795,0.43748454,0.081469,0.821027,-1.055556,-0.570982,0.000000,0.000000,-0.009642
1920,01 09 12 22 24 38,0.01215355,0.41132418,-0.461657,0.757343,0.055556,-0.830519,0.000000,0.000000,1.198779
1921,06 07 09 13 22 24,0.01209674,0.38727685,-1.819470,0.500484,1.444444,-0.311445,0.000000,0.000000,0.558436
1922,07 08 12 13 14 24,0.01206573,0.49064286,-0.325875,0.325580,0.888889,0.077861,0.000000,0.000000,-0.002718
1923,01 09 10 14 24 38,0.01202935,0.42313874,-0.461657,0.978964,0.888889,-1.090056,0.000000,0.000000,1.062393
1924,07 10 13 18 22 24,0.01197584,0.56458756,0.081469,-0.597466,1.166667,1.116010,0.000000,0.000000,0.626171
1925,01 10 12 14 24 38,0.01196572,0.47594162,0.353032,0.525344,-0.222222,-0.441213,0.000000,0.000000,0.880263
1926,08 09 10 12 13 24,0.01188635,0.50518010,-0.054313,0.896369,1.722222,-0.570982,0.000000,0.000000,-0.402198
1927,01 02 04 09 12 14,0.01180216,0.44647373,-1.412126,0.158222,0.055556,0.856472,0.000000,0.000000,-2.004477
1928,01 04 07 14 18 22,0.01179318,0.48119532,-0.325875,-0.584008,-1.333333,1.245778,0.000000,0.000000,0.079439
1929,06 12 13 18 24 38,0.01176192,0.54538013,1.575064,0.451857,-0.500000,-0.441213,0.000000,0.000000,1.192268
1930,01 04 06 08 12 38,0.01173202,0.48934150,1.575064,1.101228,-2.444444,-0.830519,0.000000,0.000000,-0.465000
1931,01 08 12 14 24 38,0.01172484,0.48004982,1.167720,1.104253,-0.777778,-1.219824,0.000000,0.000000,0.890866
1932,02 04 08 09 14 38,0.01170764,0.46037490,-0.190094,0.617828,0.055556,-0.311445,0.000000,0.000000,-0.045635
1933,01 02 08 12 14 24,0.01170722,0.51532286,0.488813,0.457953,0.333333,-0.181676,0.000000,0.000000,0.241768
1934,07 08 13 18 22 24,0.01164201,0.56869575,0.896157,-0.018557,0.611111,0.337398,0.000000,0.000000,0.623002
1935,01 04 06 08 18 22,0.01162983,0.51800327,1.710845,0.633882,-2.444444,-0.311445,0.000000,0.000000,-0.131921
1936,01 08 09 14 24 38,0.01156197,0.42724693,0.353032,1.557873,0.333333,-1.868667,0.000000,0.000000,1.039437
1937,01 02 04 07 08 38,0.01154052,0.56992729,0.896157,0.081598,-0.500000,0.726704,0.000000,0.000000,-1.229426
1938,01 09 12 14 22 24,0.01153538,0.36193306,-1.547908,0.634135,0.333333,-0.570982,0.000000,0.000000,0.766920
1939,10 12 13 14 18 24,0.01150121,0.55925076,0.488813,-0.050723,0.611111,0.596935,0.000000,0.000000,-0.162084
1940,01 04 10 12 18 38,0.01146637,0.58111974,1.710845,-0.264451,-1.611111,0.726704,0.000000,0.000000,0.370993
1941,01 02 08 09 24 38,0.01141315,0.51191109,0.760376,1.034782,1.166667,-1.090056,0.000000,0.000000,0.711179
1942,01 02 10 12 14 24,0.01135015,0.51121466,-0.325875,-0.120955,0.888889,0.596935,0.000000,0.000000,0.142578
1943,01 06 12 13 22 38,0.01132884,0.39687592,0.217250,0.772102,-2.166667,-0.830519,0.000000,0.000000,1.007874
1944,06 07 12 13 24 38,0.01131732,0.47266403,-0.054313,0.249252,0.333333,-0.181676,0.000000,0.000000,1.155840
1945,04 06 09 10 12 13,0.01131614,0.45449349,-1.004782,0.664830,0.055556,0.337398,0.000000,0.000000,-2.607529
1946,02 10 14 22 24 38,0.01121701,0.48194436,-0.325875,0.030957,0.611111,0.207630,0.000000,0.000000,0.786472
1947,02 04 08 12 14 38,0.01119847,0.51317779,0.624594,0.164208,-1.055556,0.337398,0.000000,0.000000,-0.293770
1948,01 04 09 10 18 38,0.01116409,0.52831686,0.896157,0.189169,-0.500000,0.077861,0.000000,0.000000,0.498912
1949,01 02 14 18 24 38,0.01114370,0.56598175,1.303501,0.087690,0.055556,0.077861,0.000000,0.000000,0.968432
1950,04 10 14 18 22 38,0.01112046,0.50245832,0.624594,-0.235748,-1.611111,0.596935,0.000000,0.000000,0.643089
1951,01 02 09 10 14 24,0.01108642,0.45841178,-1.140563,0.332665,2.000000,-0.051907,0.000000,0.000000,0.276207
1952,01 04 06 07 14 38,0.01106484,0.41789318,-0.325875,0.405151,-1.611111,-0.051907,0.000000,0.000000,-0.064528
1953,04 06 07 13 14 18,0.01104734,0.50120232,-0.190094,-0.170917,-0.777778,0.986241,0.000000,0.000000,-1.040649
1954,04 07 09 12 18 24,0.01102498,0.54289930,-0.461657,-0.678511,1.444444,1.245778,0.000000,0.000000,0.405685
1955,01 02 04 06 08 14,0.01093101,0.49736582,0.488813,0.947765,-1.333333,-0.051907,0.000000,0.000000,-2.611084
1956,01 02 07 14 24 38,0.01092555,0.49326566,-0.325875,-0.114915,0.888889,0.337398,0.000000,0.000000,0.965554
1957,04 09 10 12 22 38,0.01090891,0.41565809,-0.869001,-0.010006,-0.500000,0.207630,0.000000,0.000000,0.931574
1958,04 06 07 08 18 24,0.01090131,0.59379138,1.439282,0.111032,0.055556,0.337398,0.000000,0.000000,-0.090181
1959,02 08 14 22 24 38,0.01088583,0.48605255,0.488813,0.609866,0.055556,-0.570982,0.000000,0.000000,0.783696
1960,06 07 09 13 24 38,0.01087714,0.41986115,-0.869001,0.702872,1.444444,-0.830519,0.000000,0.000000,1.263328
1961,02 04 08 09 10 22,0.01081087,0.48366070,-0.597438,0.065045,0.611111,0.467167,0.000000,0.000000,-0.346439
1962,06 09 13 18 24 38,0.01080134,0.49257724,0.760376,0.905477,0.611111,-1.090056,0.000000,0.000000,1.222656
1963,02 04 10 12 14 38,0.01079509,0.50906959,-0.190094,-0.414701,-0.500000,1.116010,0.000000,0.000000,-0.399822
1964,02 04 08 10 12 22,0.01078814,0.53646359,0.217250,-0.388575,-0.500000,1.116010,0.000000,0.000000,-0.522509
1965,04 08 14 18 22 38,0.01077838,0.50656652,1.439282,0.343161,-2.166667,-0.181676,0.000000,0.000000,0.638697
1966,07 08 09 13 14 24,0.01077048,0.43783998,-1.140563,0.779200,2.000000,-0.570982,0.000000,0.000000,-0.021912
1967,07 08 13 18 24 38,0.01073496,0.60128005,1.846627,0.183831,0.611111,-0.181676,0.000000,0.000000,1.374200
1968,02 04 06 07 12 13,0.01071996,0.52462041,-0.869001,-0.429049,0.055556,1.764852,0.000000,0.000000,-2.629161
1969,01 02 09 12 13 22,0.01070023,0.41398645,-1.412126,0.057609,0.333333,0.337398,0.000000,0.000000,0.128799
1970,01 04 06 09 10 38,0.01066558,0.43243042,-0.054313,0.975940,-0.777778,-0.700750,0.000000,0.000000,-0.496584
1971,04 06 09 12 13 18,0.01066201,0.48711818,-0.054313,0.257431,-0.500000,0.337398,0.000000,0.000000,-0.807350
1972,04 06 08 09 12 13,0.01056093,0.45860168,-0.190094,1.243739,-0.500000,-0.441213,0.000000,0.000000,-2.673127
1973,04 08 09 12 22 38,0.01054538,0.41976629,-0.054313,0.568903,-1.055556,-0.570982,0.000000,0.000000,0.924005
1974,01 02 04 12 14 18,0.01048069,0.56052268,0.488813,-0.560356,-1.055556,1.505315,0.000000,0.000000,-1.139159
1975,01 04 08 09 18 38,0.01047972,0.53242506,1.710845,0.768077,-1.055556,-0.700750,0.000000,0.000000,0.443810
1976,02 04 06 09 14 22,0.01047122,0.36042066,-1.955252,0.215903,-0.222222,0.207630,0.000000,0.000000,-0.185233
1977,01 02 06 10 24 38,0.01042070,0.52596541,0.896157,0.524067,0.333333,-0.441213,0.000000,0.000000,0.657312
1978,02 06 12 13 18 24,0.01041599,0.58065317,0.896157,-0.194442,0.611111,0.596935,0.000000,0.000000,0.346377
1979,01 02 08 09 14 24,0.01034756,0.46251997,-0.325875,0.911573,1.444444,-0.830519,0.000000,0.000000,0.213031
1980,02 04 07 10 14 22,0.01027122,0.46501527,-1.683689,-1.084653,0.333333,1.894621,0.000000,0.000000,-0.099775
1981,04 08 09 10 14 22,0.01024696,0.39899655,-1.004782,0.588135,-0.222222,-0.311445,0.000000,0.000000,-0.123773
1982,01 02 06 12 22 24,0.01023552,0.46475973,-0.190094,0.179237,-0.222222,0.077861,0.000000,0.000000,0.407589
1983,04 07 10 12 13 18,0.01014102,0.59171279,0.217250,-1.043124,0.055556,2.024389,0.000000,0.000000,-0.769448
1984,02 06 07 12 13 24,0.01013390,0.50793707,-0.733219,-0.397048,1.444444,0.856472,0.000000,0.000000,0.334026
1985,04 06 08 10 22 38,0.01013227,0.46655018,1.031938,0.779537,-1.888889,-0.700750,0.000000,0.000000,0.338969
1986,07 10 13 18 24 38,0.01009881,0.59717186,1.031938,-0.395078,1.166667,0.596935,0.000000,0.000000,1.233663
1987,04 07 08 10 12 13,0.01009458,0.56319630,0.081469,-0.056816,0.055556,1.245778,0.000000,0.000000,-2.627130
1988,01 04 08 12 18 38,0.01002515,0.58522794,2.525533,0.314457,-2.166667,-0.051907,0.000000,0.000000,0.203762
1989,01 06 12 22 24 38,0.00996722,0.42948669,0.488813,0.825536,-1.333333,-0.960287,0.000000,0.000000,1.014326
1990,01 04 08 09 10 14,0.00994327,0.45040925,-0.325875,1.052268,-0.222222,-0.441213,0.000000,0.000000,-1.873034
1991,02 04 06 07 09 13,0.00993404,0.47181752,-1.683689,0.024571,1.166667,1.116010,0.000000,0.000000,-2.572897
1992,01 02 04 09 14 18,0.00990866,0.50771980,-0.325875,-0.106736,0.055556,0.856472,0.000000,0.000000,-1.051205
1993,06 09 10 12 13 24,0.00990252,0.43781015,-0.869001,0.696832,1.444444,-0.570982,0.000000,0.000000,0.233053
1994,01 04 08 10 12 14,0.00988633,0.50321213,0.488813,0.598648,-1.333333,0.207630,0.000000,0.000000,-2.054171
1995,01 04 06 07 08 22,0.00986181,0.44528718,0.081469,0.431277,-1.611111,-0.051907,0.000000,0.000000,-0.364417
1996,01 04 07 09 12 22,0.00984384,0.39439509,-1.819470,-0.358267,-0.222222,0.856472,0.000000,0.000000,0.110464
1997,01 06 09 22 24 38,0.00983201,0.37668380,-0.325875,1.279157,-0.222222,-1.609130,0.000000,0.000000,1.166997
1998,01 02 10 18 22 24,0.00978022,0.58926755,0.896157,-0.465093,0.611111,0.856472,0.000000,0.000000,0.598483
1999,01 02 06 09 22 24,0.00969554,0.41195684,-1.004782,0.632857,0.888889,-0.570982,0.000000,0.000000,0.500290
2000,01 09 12 13 14 22,0.00968134,0.32932229,-1.819470,0.580700,-0.500000,-0.441213,0.000000,0.000000,0.284057
2001,04 06 07 12 13 14,0.00962372,0.43995625,-1.276345,0.094042,-0.777778,0.986241,0.000000,0.000000,-2.485362
2002,01 04 07 08 10 38,0.00957632,0.54113323,1.031938,0.254293,-0.777778,0.207630,0.000000,0.000000,-0.496584
2003,01 02 13 14 18 38,0.00957486,0.53337098,1.031938,0.034255,-0.777778,0.207630,0.000000,0.000000,0.527824
2004,06 07 08 13 14 24,0.00955096,0.45600249,-0.190094,0.847393,0.611111,-0.700750,0.000000,0.000000,-0.063130
2005,02 04 07 08 14 22,0.00954318,0.46912347,-0.869001,-0.505744,-0.222222,1.116010,0.000000,0.000000,-0.161347
2006,01 02 08 18 22 24,0.00953503,0.59337575,1.710845,0.113816,0.055556,0.077861,0.000000,0.000000,0.608447
2007,01 04 09 12 18 22,0.00953276,0.46711118,-0.190094,-0.155661,-1.055556,0.596935,0.000000,0.000000,0.034936
2008,01 08 10 12 22 24,0.00947441,0.50333562,0.760376,0.551470,-0.222222,-0.441213,0.000000,0.000000,0.389511
2009,02 04 10 14 18 22,0.00945318,0.53773136,-0.054313,-0.882047,-0.500000,1.635084,0.000000,0.000000,-0.250411
2010,04 08 10 12 14 22,0.00944790,0.45179943,-0.190094,0.134515,-1.333333,0.337398,0.000000,0.000000,-0.414858
2011,02 06 07 09 13 24,0.00942332,0.45513419,-1.547908,0.056572,2.555556,0.207630,0.000000,0.000000,0.401453
2012,04 06 07 09 13 14,0.00939578,0.38715337,-2.091033,0.547662,0.333333,0.337398,0.000000,0.000000,-2.346431
2013,01 02 07 10 22 24,0.00938783,0.51655146,-0.733219,-0.667698,1.444444,1.116010,0.000000,0.000000,0.569790
2014,06 08 09 12 13 24,0.00936150,0.44191835,-0.054313,1.275740,0.888889,-1.349593,0.000000,0.000000,0.199188
2015,01 10 13 18 22 38,0.00927832,0.52138374,1.303501,0.127772,-1.333333,-0.051907,0.000000,0.000000,0.962432
2016,01 06 12 14 22 24,0.00925097,0.38009557,-0.597438,0.702328,-1.055556,-0.700750,0.000000,0.000000,0.567935
2017,02 04 09 18 22 38,0.00924624,0.50569822,0.081469,-0.447660,-0.222222,0.726704,0.000000,0.000000,0.895199
2018,01 02 06 08 24 38,0.00923771,0.53007360,1.710845,1.102975,-0.222222,-1.219824,0.000000,0.000000,0.528338
2019,02 09 13 14 22 38,0.00921185,0.36790933,-1.547908,0.288701,0.333333,-0.311445,0.000000,0.000000,1.117213
2020,02 04 06 12 14 22,0.00919127,0.41322354,-1.140563,-0.237718,-1.333333,0.856472,0.000000,0.000000,-0.547563
2021,01 02 06 10 14 24,0.00918009,0.47657429,-0.190094,0.400858,0.611111,-0.181676,0.000000,0.000000,0.133236
2022,01 07 10 22 24 38,0.00913900,0.48127842,-0.054313,-0.021399,0.333333,0.077861,0.000000,0.000000,1.179413
2023,04 07 08 09 10 13,0.00913776,0.51039341,-0.733219,0.396804,1.166667,0.596935,0.000000,0.000000,-2.596184
2024,01 08 10 12 13 22,0.00913355,0.47072485,0.488813,0.498035,-1.055556,-0.311445,0.000000,0.000000,0.130832
2025,01 06 09 13 22 38,0.00912347,0.34407304,-0.597438,1.225722,-1.055556,-1.479361,0.000000,0.000000,0.853844
2026,01 02 10 13 18 22,0.00911099,0.55665678,0.624594,-0.518527,-0.222222,0.986241,0.000000,0.000000,0.291155
2027,02 04 07 12 22 38,0.00910843,0.48578501,-0.733219,-1.103885,-0.500000,1.635084,0.000000,0.000000,0.731522
2028,01 06 08 14 24 38,0.00906047,0.44540944,1.303501,1.626066,-1.055556,-1.998436,0.000000,0.000000,0.808291
2029,02 06 09 13 18 24,0.00901411,0.52785028,0.081469,0.259178,1.722222,-0.051907,0.000000,0.000000,0.311386
2030,01 06 09 14 22 24,0.00897359,0.32729269,-1.412126,1.155948,0.055556,-1.349593,0.000000,0.000000,0.699542
2031,01 02 09 12 24 38,0.00896551,0.47918152,-0.190094,0.313432,1.166667,-0.311445,0.000000,0.000000,0.965554
2032,01 08 13 18 22 38,0.00892534,0.52549194,2.118189,0.706681,-1.888889,-0.830519,0.000000,0.000000,0.956427
2033,01 07 08 13 22 38,0.00888979,0.45277585,0.488813,0.504075,-1.055556,-0.570982,0.000000,0.000000,0.980600
2034,01 06 10 14 24 38,0.00883482,0.44130125,0.488813,1.047157,-0.500000,-1.219824,0.000000,0.000000,0.728571
2035,01 02 06 12 13 22,0.00881843,0.43214896,-0.461657,0.125802,-1.055556,0.207630,0.000000,0.000000,-0.010538
2036,02 04 08 14 18 22,0.00881005,0.54183956,0.760376,-0.303138,-1.055556,0.856472,0.000000,0.000000,-0.299404
2037,07 09 12 13 14 24,0.00880343,0.40511040,-2.091033,0.057850,2.000000,0.207630,0.000000,0.000000,0.303666
2038,01 02 04 07 10 14,0.00878683,0.51642797,-1.004782,-0.620520,0.333333,1.764852,0.000000,0.000000,-2.023959
2039,01 02 04 07 18 38,0.00878659,0.59844378,1.031938,-0.904711,-0.500000,1.505315,0.000000,0.000000,0.213372
2040,04 07 12 14 22 38,0.00878363,0.40112085,-1.140563,-0.580795,-1.333333,0.856472,0.000000,0.000000,0.989613
2041,02 07 08 13 18 24,0.00878042,0.63655309,1.167720,-0.462469,1.722222,0.856472,0.000000,0.000000,0.438142
2042,01 07 08 22 24 38,0.00873358,0.48538661,0.760376,0.557510,-0.222222,-0.700750,0.000000,0.000000,1.165638
2043,04 07 09 10 13 18,0.00872691,0.53890991,-0.597438,-0.589504,1.166667,1.375547,0.000000,0.000000,-0.806251
2044,04 07 08 12 13 18,0.00868898,0.59582099,1.031938,-0.464216,-0.500000,1.245778,0.000000,0.000000,-0.938283
2045,02 04 06 10 14 38,0.00864370,0.47442922,-0.054313,0.107112,-0.777778,0.337398,0.000000,0.000000,-0.406397
2046,02 04 12 18 22 38,0.00861928,0.55850110,0.896157,-0.901280,-1.333333,1.375547,0.000000,0.000000,0.629611
2047,01 10 14 18 22 24,0.00861377,0.50460339,0.488813,0.057998,-0.222222,0.077861,0.000000,0.000000,0.731882
2048,09 12 13 14 18 24,0.00861130,0.47782650,-0.461657,0.260455,1.166667,-0.051907,0.000000,0.000000,0.245761
2049,01 02 08 12 13 38,0.00854840,0.53210321,1.303501,0.527727,-0.777778,-0.311445,0.000000,0.000000,-0.094125
2050,01 02 04 06 09 14,0.00852604,0.41183336,-1.276345,0.680035,-0.222222,0.077861,0.000000,0.000000,-2.177684
2051,01 07 10 13 22 38,0.00852207,0.44866765,-0.325875,-0.074834,-0.500000,0.207630,0.000000,0.000000,0.879832
2052,04 06 07 12 18 24,0.00850476,0.56106181,0.488813,-0.610318,0.055556,1.116010,0.000000,0.000000,0.171765
2053,01 08 09 10 22 24,0.00848517,0.45053273,-0.054313,1.005090,0.888889,-1.090056,0.000000,0.000000,0.415655
2054,02 04 07 09 22 38,0.00847120,0.43298213,-1.547908,-0.650265,0.611111,0.986241,0.000000,0.000000,0.809815
2055,04 07 09 14 22 38,0.00845954,0.34831797,-1.955252,-0.127175,-0.222222,0.207630,0.000000,0.000000,1.114299
2056,02 07 10 13 18 24,0.00845902,0.63244490,0.353032,-1.041377,2.277778,1.635084,0.000000,0.000000,0.344236
2057,01 07 10 14 22 24,0.00840075,0.43188730,-1.140563,-0.144608,0.611111,0.337398,0.000000,0.000000,0.729763
2058,01 02 04 08 10 18,0.00839830,0.64912236,1.982408,-0.189401,-0.500000,0.986241,0.000000,0.000000,-1.347039
2059,01 10 18 22 24 38,0.00836435,0.55399451,1.575064,0.181207,-0.500000,-0.181676,0.000000,0.000000,1.035205
2060,06 09 13 14 18 24,0.00836053,0.44318612,-0.325875,0.782268,0.888889,-0.830519,0.000000,0.000000,0.520768
2061,02 12 13 14 22 38,0.00836053,0.42071221,-0.733219,-0.164919,-0.777778,0.337398,0.000000,0.000000,0.818385
2062,01 02 04 07 09 38,0.00834874,0.48439483,-0.869001,-0.186133,0.611111,0.856472,0.000000,0.000000,-0.912595
2063,01 10 13 14 18 22,0.00830229,0.47199262,0.217250,0.004563,-1.055556,0.207630,0.000000,0.000000,0.477554
2064,01 04 06 10 18 38,0.00829284,0.54647937,1.846627,0.257362,-1.888889,-0.051907,0.000000,0.000000,0.212985
2065,01 08 12 13 14 38,0.00828829,0.44743905,0.896157,1.050818,-1.611111,-1.090056,0.000000,0.000000,0.173551
2066,01 02 06 08 14 24,0.00827168,0.48068248,0.624594,0.979766,0.055556,-0.960287,0.000000,0.000000,0.044942
2067,04 06 09 10 22 38,0.00825091,0.38101772,-0.733219,0.511807,-0.777778,-0.570982,0.000000,0.000000,0.849944
2068,01 06 12 13 14 22,0.00822493,0.34748480,-0.869001,0.648893,-1.888889,-0.570982,0.000000,0.000000,0.207744
2069,02 04 08 09 12 22,0.00820606,0.45503932,-0.733219,-0.077397,0.055556,0.467167,0.000000,0.000000,-0.069060
2070,01 02 06 09 13 22,0.00817488,0.37934608,-1.276345,0.579422,0.055556,-0.441213,0.000000,0.000000,0.066820
2071,01 02 10 12 13 38,0.00815591,0.52799501,0.488813,-0.051181,-0.222222,0.467167,0.000000,0.000000,-0.198562
2072,02 04 09 12 14 38,0.00810915,0.42764533,-1.140563,-0.103522,0.055556,0.467167,0.000000,0.000000,0.038241
2073,01 04 06 08 09 38,0.00809656,0.43653861,0.760376,1.554848,-1.333333,-1.479361,0.000000,0.000000,-0.830903
2074,01 04 08 10 14 18,0.00805589,0.56445820,1.575064,0.333690,-1.333333,0.207630,0.000000,0.000000,-1.091557
2075,01 08 18 22 24 38,0.00804134,0.55810271,2.389752,0.760115,-1.055556,-0.960287,0.000000,0.000000,1.033639
2076,01 04 07 14 18 38,0.00801882,0.51377962,0.624594,-0.381620,-1.333333,0.726704,0.000000,0.000000,0.405835
2077,01 08 09 10 13 22,0.00800912,0.41792197,-0.325875,0.951655,0.055556,-0.960287,0.000000,0.000000,0.136946
2078,01 04 06 09 12 38,0.00794337,0.40380904,-0.190094,0.833498,-1.333333,-0.700750,0.000000,0.000000,-0.236597
2079,02 04 09 10 12 22,0.00790098,0.45093113,-1.547908,-0.656305,0.611111,1.245778,0.000000,0.000000,-0.160547
2080,01 02 08 13 18 22,0.00789784,0.56076498,1.439282,0.060381,-0.777778,0.207630,0.000000,0.000000,0.157712
2081,01 04 06 07 12 22,0.00788390,0.41255760,-0.869001,-0.290074,-1.611111,0.726704,0.000000,0.000000,-0.040448
2082,01 02 07 10 13 22,0.00786550,0.48394069,-1.004782,-0.721133,0.611111,1.245778,0.000000,0.000000,0.136073
2083,02 08 10 13 22 38,0.00784862,0.50931189,0.760376,0.206036,-0.222222,-0.181676,0.000000,0.000000,0.843177
2084,01 02 09 10 13 38,0.00783752,0.47519213,-0.325875,0.402439,0.888889,-0.181676,0.000000,0.000000,-0.073032
2085,01 07 08 14 22 24,0.00782037,0.43599550,-0.325875,0.434301,0.055556,-0.441213,0.000000,0.000000,0.690066
2086,01 08 14 18 22 24,0.00779062,0.50871159,1.303501,0.636907,-0.777778,-0.700750,0.000000,0.000000,0.656219
2087,01 06 09 13 14 22,0.00777425,0.29468192,-1.683689,1.102513,-0.777778,-1.219824,0.000000,0.000000,0.313677
2088,01 02 09 12 14 24,0.00776810,0.42979040,-1.276345,0.190223,1.444444,-0.051907,0.000000,0.000000,0.447878
2089,08 10 12 13 18 24,0.00773484,0.61922906,1.846627,0.177791,0.611111,0.077861,0.000000,0.000000,0.043840
2090,08 09 10 13 18 24,0.00772756,0.56642617,1.031938,0.631411,1.722222,-0.570982,0.000000,0.000000,0.215464
2091,01 04 06 09 18 22,0.00772043,0.43247081,-0.054313,0.366152,-1.333333,-0.181676,0.000000,0.000000,0.078593
2092,04 06 10 12 22 38,0.00764344,0.43382060,0.081469,0.058187,-1.888889,0.077861,0.000000,0.000000,0.587243
2093,02 09 14 22 24 38,0.00763704,0.40052010,-1.276345,0.342136,1.166667,-0.441213,0.000000,0.000000,1.092080
2094,01 10 12 13 14 38,0.00763275,0.44333085,0.081469,0.471909,-1.055556,-0.311445,0.000000,0.000000,0.030141
2095,04 06 07 09 18 24,0.00761905,0.50825892,-0.325875,-0.156698,1.166667,0.467167,0.000000,0.000000,0.213246
2096,01 09 12 14 24 38,0.00761807,0.39451736,-0.597438,0.836523,0.333333,-1.090056,0.000000,0.000000,1.072138
2097,01 04 06 12 18 22,0.00761271,0.48527369,0.760376,-0.087468,-2.444444,0.467167,0.000000,0.000000,-0.110067
2098,07 12 13 18 22 24,0.00759661,0.53596618,-0.054313,-0.739908,0.611111,1.116010,0.000000,0.000000,0.640665
2099,01 04 07 10 12 38,0.00758767,0.50840365,0.081469,-0.467057,-0.777778,0.986241,0.000000,0.000000,-0.174207
2100,06 12 13 14 18 24,0.00756643,0.49598901,0.488813,0.328648,-0.222222,-0.181676,0.000000,0.000000,0.230417
2101,04 09 14 18 22 38,0.00753503,0.42103406,-0.325875,0.075431,-1.055556,-0.051907,0.000000,0.000000,0.947889
2102,01 09 10 13 14 38,0.00752994,0.39052797,-0.733219,0.925529,0.055556,-0.960287,0.000000,0.000000,0.187611
2103,04 12 14 18 22 38,0.00747369,0.47383694,0.488813,-0.378189,-2.166667,0.596935,0.000000,0.000000,0.766100
2104,01 08 13 14 18 22,0.00744917,0.47610082,1.031938,0.583472,-1.611111,-0.570982,0.000000,0.000000,0.397451
2105,01 04 06 08 18 38,0.00743892,0.55058757,2.661315,0.836270,-2.444444,-0.830519,0.000000,0.000000,0.132764
2106,08 10 13 14 22 38,0.00741296,0.42464773,0.353032,0.729127,-1.055556,-0.960287,0.000000,0.000000,1.084844
2107,07 10 13 14 18 24,0.00733555,0.54778074,-0.054313,-0.518287,1.444444,0.856472,0.000000,0.000000,0.484002
2108,01 07 10 13 14 22,0.00723824,0.39927653,-1.412126,-0.198042,-0.222222,0.467167,0.000000,0.000000,0.349353
2109,04 07 08 09 13 18,0.00722561,0.54301810,0.217250,-0.010596,0.611111,0.596935,0.000000,0.000000,-0.982385
2110,01 02 04 07 08 14,0.00721442,0.52053617,-0.190094,-0.041611,-0.222222,0.986241,0.000000,0.000000,-2.210627
2111,01 02 04 06 12 14,0.00719621,0.46463624,-0.461657,0.226415,-1.333333,0.726704,0.000000,0.000000,-2.547404
2112,01 02 08 09 13 38,0.00713407,0.47930032,0.488813,0.981348,0.333333,-0.960287,0.000000,0.000000,-0.130960
2113,04 06 08 12 22 38,0.00703286,0.43792880,0.896157,0.637096,-2.444444,-0.700750,0.000000,0.000000,0.543073
2114,04 07 08 10 22 38,0.00702935,0.48972053,0.353032,-0.209839,-0.777778,0.337398,0.000000,0.000000,0.830343
2115,01 08 09 13 14 38,0.00702574,0.39463616,0.081469,1.504438,-0.500000,-1.738899,0.000000,0.000000,0.159201
2116,04 06 07 08 10 13,0.00701927,0.52855592,0.217250,0.464997,-0.222222,0.467167,0.000000,0.000000,-2.770586
2117,01 06 10 13 14 38,0.00701619,0.40869048,0.217250,0.993722,-1.333333,-1.090056,0.000000,0.000000,0.250955
2118,01 04 07 08 12 38,0.00701533,0.51251185,0.896157,0.111852,-1.333333,0.207630,0.000000,0.000000,-0.212712
2119,02 06 13 14 22 38,0.00699283,0.38607184,-0.597438,0.356894,-1.055556,-0.441213,0.000000,0.000000,0.927916
2120,01 06 08 10 13 22,0.00699166,0.43608448,0.624594,1.019848,-1.333333,-1.090056,0.000000,0.000000,0.125664
2121,04 06 07 10 13 18,0.00695819,0.55707242,0.353032,-0.521311,-0.222222,1.245778,0.000000,0.000000,-0.928835
2122,01 04 07 08 18 22,0.00692676,0.54117362,1.031938,-0.355494,-1.333333,0.726704,0.000000,0.000000,0.122386
2123,04 08 09 12 14 22,0.00690957,0.37037517,-1.140563,0.445694,-0.777778,-0.311445,0.000000,0.000000,0.045073
2124,01 02 06 10 13 38,0.00685728,0.49335464,0.624594,0.470632,-0.500000,-0.311445,0.000000,0.000000,-0.078800
2125,02 04 06 08 14 38,0.00685523,0.47853741,0.760376,0.686021,-1.333333,-0.441213,0.000000,0.000000,-0.625076
2126,01 02 04 06 14 18,0.00679905,0.52588231,0.624594,-0.038543,-1.333333,0.726704,0.000000,0.000000,-1.372446
2127,06 08 10 13 18 24,0.00678167,0.58458868,1.982408,0.699604,0.333333,-0.700750,0.000000,0.000000,0.214785
2128,01 02 07 08 22 24,0.00670746,0.52065965,0.081469,-0.088789,0.888889,0.337398,0.000000,0.000000,0.218975
2129,01 06 08 10 22 24,0.00663971,0.46869524,0.896157,1.073283,-0.500000,-1.219824,0.000000,0.000000,0.281701
2130,02 12 14 22 24 38,0.00663296,0.45332298,-0.461657,-0.111484,0.055556,0.207630,0.000000,0.000000,0.770622
2131,01 04 06 08 10 14,0.00661046,0.46857176,0.624594,1.120461,-1.611111,-0.570982,0.000000,0.000000,-2.227341
2132,07 12 13 18 24 38,0.00660237,0.56855048,0.896157,-0.537520,0.611111,0.596935,0.000000,0.000000,1.378946
2133,01 04 09 10 12 14,0.00654953,0.41767967,-1.276345,0.330918,-0.222222,0.337398,0.000000,0.000000,-1.758825
2134,04 06 08 09 22 38,0.00654440,0.38512591,0.081469,1.090716,-1.333333,-1.349593,0.000000,0.000000,0.643408
2135,07 08 10 12 13 24,0.00650792,0.54651296,0.217250,-0.024815,1.444444,0.337398,0.000000,0.000000,-0.108491
2136,07 09 13 18 22 24,0.00650787,0.48316329,-0.869001,-0.286288,1.722222,0.467167,0.000000,0.000000,0.652067
2137,04 06 08 10 14 22,0.00645326,0.41715906,-0.054313,0.656328,-1.611111,-0.441213,0.000000,0.000000,-0.546363
2138,04 08 10 18 22 38,0.00645083,0.56243662,1.982408,-0.007234,-1.611111,0.077861,0.000000,0.000000,0.715192
2139,01 04 08 09 12 14,0.00641903,0.42178787,-0.461657,0.909827,-0.777778,-0.441213,0.000000,0.000000,-1.731869
2140,04 09 10 12 14 22,0.00641210,0.36626697,-1.955252,-0.133215,-0.222222,0.467167,0.000000,0.000000,-0.074918
2141,06 07 09 13 14 24,0.00640859,0.37047003,-1.955252,0.579663,1.722222,-0.570982,0.000000,0.000000,0.261023
2142,01 04 07 10 18 22,0.00639616,0.53706542,0.217250,-0.934403,-0.777778,1.505315,0.000000,0.000000,-0.002513
2143,02 04 10 14 18 38,0.00633526,0.57031566,0.896157,-0.679659,-0.500000,1.116010,0.000000,0.000000,0.173240
2144,01 02 06 12 24 38,0.00632109,0.49734403,0.760376,0.381625,-0.222222,-0.441213,0.000000,0.000000,0.713233
2145,01 06 08 13 14 38,0.00627178,0.41279868,1.031938,1.572631,-1.888889,-1.868667,0.000000,0.000000,0.186958
2146,01 08 10 12 24 38,0.00626839,0.53591992,1.710845,0.753858,-0.222222,-0.960287,0.000000,0.000000,0.800110
2147,01 02 07 13 14 38,0.00625574,0.46065489,-0.597438,-0.168350,0.055556,0.467167,0.000000,0.000000,0.065527
2148,01 02 07 08 13 22,0.00620018,0.48804889,-0.190094,-0.142224,0.055556,0.467167,0.000000,0.000000,-0.064361
2149,02 04 07 12 14 22,0.00609757,0.43639389,-1.819470,-1.227094,-0.222222,1.894621,0.000000,0.000000,-0.054823
2150,01 08 09 12 22 24,0.00607265,0.42191135,-0.190094,0.862648,0.333333,-1.090056,0.000000,0.000000,0.721522
2151,01 04 09 12 18 38,0.00605878,0.49969548,0.760376,0.046727,-1.055556,0.077861,0.000000,0.000000,0.405835
2152,07 08 13 14 18 24,0.00605354,0.55188893,0.760376,0.060622,0.888889,0.077861,0.000000,0.000000,0.340357
2153,04 06 07 14 22 38,0.00604845,0.36648048,-1.004782,-0.058982,-1.611111,0.077861,0.000000,0.000000,0.896547
2154,06 07 12 13 14 24,0.00602046,0.42327292,-1.140563,0.126043,0.611111,0.077861,0.000000,0.000000,0.030819
2155,06 07 13 18 22 24,0.00599061,0.50132580,0.081469,-0.218095,0.333333,0.337398,0.000000,0.000000,0.714891
2156,01 02 06 08 13 38,0.00598429,0.49746283,1.439282,1.049540,-1.055556,-1.090056,0.000000,0.000000,-0.161846
2157,01 02 10 18 24 38,0.00597189,0.62185185,1.846627,-0.262704,0.611111,0.337398,0.000000,0.000000,0.919848
2158,06 07 08 10 13 24,0.00585132,0.51187259,0.353032,0.496998,1.166667,-0.441213,0.000000,0.000000,0.106391
2159,01 02 12 18 22 24,0.00585121,0.56064617,0.760376,-0.607534,0.055556,0.856472,0.000000,0.000000,0.679680
2160,01 12 13 18 22 38,0.00580368,0.49276236,1.167720,-0.014670,-1.888889,-0.051907,0.000000,0.000000,1.110944
2161,01 04 06 07 09 22,0.00580098,0.35975472,-1.683689,0.163547,-0.500000,0.077861,0.000000,0.000000,-0.176338
2162,02 08 10 22 24 38,0.00576327,0.54192265,1.031938,0.259471,0.611111,-0.311445,0.000000,0.000000,0.742407
2163,02 04 06 18 22 38,0.00576047,0.52386073,1.031938,-0.379467,-1.611111,0.596935,0.000000,0.000000,0.518229
2164,02 04 08 14 18 38,0.00573573,0.57442386,1.710845,-0.100750,-1.055556,0.337398,0.000000,0.000000,0.130706
2165,02 04 06 08 10 22,0.00571550,0.50182322,0.353032,0.133238,-0.777778,0.337398,0.000000,0.000000,-0.961876
2166,02 04 12 14 18 22,0.00569910,0.50910998,-0.190094,-1.024489,-1.055556,1.635084,0.000000,0.000000,-0.143298
2167,01 07 08 13 14 22,0.00568779,0.40338473,-0.597438,0.380866,-0.777778,-0.311445,0.000000,0.000000,0.165939
2168,01 02 06 09 24 38,0.00563309,0.44454114,-0.054313,0.835245,0.888889,-1.090056,0.000000,0.000000,0.784006
2169,07 09 13 18 24 38,0.00557902,0.51574759,0.081469,-0.083899,1.722222,-0.051907,0.000000,0.000000,1.400035
2170,01 09 10 12 22 24,0.00555610,0.41780316,-1.004782,0.283740,0.888889,-0.311445,0.000000,0.000000,0.598706
2171,02 04 07 09 14 22,0.00548252,0.38359101,-2.634158,-0.773474,0.888889,1.245778,0.000000,0.000000,0.026758
2172,01 02 08 18 24 38,0.00544622,0.62596004,2.661315,0.316204,0.055556,-0.441213,0.000000,0.000000,0.888257
2173,07 08 09 10 13 24,0.00541618,0.49371008,-0.597438,0.428805,2.555556,-0.311445,0.000000,0.000000,-0.097534
2174,01 02 09 18 22 24,0.00540137,0.50784329,-0.054313,-0.153914,1.166667,0.207630,0.000000,0.000000,0.785736
2175,01 06 12 14 24 38,0.00539905,0.41267987,0.353032,0.904716,-1.055556,-1.219824,0.000000,0.000000,0.882841
2176,01 02 07 10 24 38,0.00539246,0.54913576,0.217250,-0.465310,1.444444,0.596935,0.000000,0.000000,0.863445
2177,02 04 09 14 18 22,0.00536493,0.45630710,-1.004782,-0.570869,0.055556,0.986241,0.000000,0.000000,-0.020105
2178,01 02 08 10 12 24,0.00535172,0.57119296,1.031938,0.107559,0.888889,0.077861,0.000000,0.000000,0.017815
2179,01 04 10 12 14 18,0.00534672,0.53172863,0.624594,-0.387660,-1.333333,0.986241,0.000000,0.000000,-0.875928
2180,04 08 09 10 14 38,0.00530612,0.43158084,-0.054313,0.790524,-0.222222,-0.830519,0.000000,0.000000,0.029806
2181,04 07 09 10 12 13,0.00530573,0.47766384,-1.683689,-0.324546,1.166667,1.375547,0.000000,0.000000,-2.546910
2182,04 06 14 18 22 38,0.00527777,0.43919657,0.624594,0.143624,-2.444444,-0.181676,0.000000,0.000000,0.752927
2183,01 07 12 13 22 38,0.00526666,0.42004627,-0.461657,-0.217275,-1.055556,0.207630,0.000000,0.000000,1.060824
2184,02 08 10 13 14 22,0.00526054,0.45992077,-0.325875,0.082827,0.055556,0.077861,0.000000,0.000000,0.119469
2185,02 07 12 13 18 24,0.00524993,0.60382352,0.217250,-1.183819,1.722222,1.635084,0.000000,0.000000,0.532091
2186,01 08 09 10 24 38,0.00524182,0.48311703,0.896157,1.207478,0.888889,-1.609130,0.000000,0.000000,0.820722
2187,01 02 07 12 22 24,0.00521266,0.48793008,-0.869001,-0.810140,0.888889,1.116010,0.000000,0.000000,0.614517
2188,01 02 04 08 10 12,0.00515783,0.58787629,0.896157,0.075557,-0.500000,0.986241,0.000000,0.000000,-3.060924
2189,01 02 10 13 18 38,0.00509159,0.58924108,1.575064,-0.316139,-0.222222,0.467167,0.000000,0.000000,0.581248
2190,01 02 06 12 14 24,0.00502559,0.44795291,-0.325875,0.258416,0.055556,-0.181676,0.000000,0.000000,0.181025
2191,02 04 06 09 14 38,0.00486184,0.39300496,-1.004782,0.418291,-0.222222,-0.311445,0.000000,0.000000,-0.130699
2192,08 10 14 22 24 38,0.00486029,0.45725850,0.624594,0.782562,-0.222222,-1.090056,0.000000,0.000000,0.914839
2193,02 04 06 09 10 22,0.00483697,0.41629076,-1.412126,-0.134492,0.333333,0.467167,0.000000,0.000000,-0.302330
2194,04 07 08 09 12 13,0.00483474,0.48177203,-0.869001,0.254363,0.611111,0.596935,0.000000,0.000000,-2.570399
2195,02 04 06 07 22 38,0.00482226,0.45114464,-0.597438,-0.582072,-0.777778,0.856472,0.000000,0.000000,0.408671
2196,01 04 07 09 10 38,0.00478894,0.45560077,-0.733219,-0.013437,0.333333,0.337398,0.000000,0.000000,-0.416146
2197,01 07 12 22 24 38,0.00476301,0.45265704,-0.190094,-0.163840,-0.222222,0.077861,0.000000,0.000000,1.194388
2198,01 04 09 10 14 18,0.00471092,0.47892574,-0.190094,0.065960,-0.222222,0.337398,0.000000,0.000000,-0.797422
2199,02 08 10 14 22 24,0.00470257,0.49253154,-0.054313,0.136262,0.888889,-0.051907,0.000000,0.000000,0.244984
2200,04 07 09 12 13 18,0.00464070,0.51028853,-0.733219,-0.731946,0.611111,1.375547,0.000000,0.000000,-0.748345
2201,01 02 04 08 12 18,0.00461832,0.62050098,1.846627,-0.331842,-1.055556,0.986241,0.000000,0.000000,-1.243764
2202,02 04 07 10 14 38,0.00461824,0.49759957,-0.733219,-0.882264,0.333333,1.375547,0.000000,0.000000,-0.051701
2203,04 06 09 10 14 22,0.00460460,0.33162660,-1.819470,0.388598,-0.500000,-0.311445,0.000000,0.000000,-0.030545
2204,02 06 14 22 24 38,0.00459001,0.41868261,-0.325875,0.410329,-0.222222,-0.570982,0.000000,0.000000,0.780112
2205,01 02 06 09 14 24,0.00450210,0.39515002,-1.140563,0.712036,1.166667,-0.830519,0.000000,0.000000,0.276171
2206,01 02 10 14 18 24,0.00447581,0.57246073,0.760376,-0.385913,0.888889,0.596935,0.000000,0.000000,0.357922
2207,01 02 08 13 18 38,0.00446745,0.59334928,2.389752,0.262769,-0.777778,-0.311445,0.000000,0.000000,0.535070
2208,04 08 10 12 14 38,0.00444167,0.48438373,0.760376,0.336903,-1.333333,-0.181676,0.000000,0.000000,-0.270966
2209,01 02 04 10 12 18,0.00441442,0.61639278,1.031938,-0.910751,-0.500000,1.764852,0.000000,0.000000,-1.320261
2210,01 02 12 13 18 22,0.00439500,0.52803540,0.488813,-0.660969,-0.777778,0.986241,0.000000,0.000000,0.255757
2211,06 07 13 18 24 38,0.00438359,0.53391010,1.031938,-0.015706,0.333333,-0.181676,0.000000,0.000000,1.362386
2212,04 06 07 08 13 18,0.00437465,0.56118061,1.167720,0.057597,-0.777778,0.467167,0.000000,0.000000,-1.265305
2213,01 08 10 12 14 24,0.00437346,0.48652880,0.624594,0.630649,0.055556,-0.700750,0.000000,0.000000,0.179094
2214,01 12 14 18 22 24,0.00430034,0.47598201,0.353032,-0.084444,-0.777778,0.077861,0.000000,0.000000,0.756124
2215,01 08 09 10 14 24,0.00429547,0.43372591,-0.190094,1.084269,1.166667,-1.349593,0.000000,0.000000,0.340241
2216,01 06 09 14 24 38,0.00426067,0.35987698,-0.461657,1.358336,0.055556,-1.868667,0.000000,0.000000,0.886889
2217,01 04 06 12 18 38,0.00420412,0.51785799,1.710845,0.114920,-2.444444,-0.051907,0.000000,0.000000,0.270520
2218,01 02 07 10 14 24,0.00418455,0.49974464,-0.869001,-0.588519,1.722222,0.856472,0.000000,0.000000,0.344212
2219,01 06 10 12 22 24,0.00414079,0.43596567,-0.054313,0.351933,-0.500000,-0.441213,0.000000,0.000000,0.528480
2220,01 07 12 14 22 24,0.00407946,0.40326592,-1.276345,-0.287049,0.055556,0.337398,0.000000,0.000000,0.752841
2221,02 04 06 10 12 22,0.00407093,0.46909364,-0.597438,-0.588112,-0.777778,1.116010,0.000000,0.000000,-0.588522
2222,04 06 09 12 22 38,0.00404747,0.35239634,-0.869001,0.369366,-1.333333,-0.570982,0.000000,0.000000,0.890481
2223,01 07 08 14 24 38,0.00403383,0.46857979,0.624594,0.636689,0.055556,-0.960287,0.000000,0.000000,1.014660
2224,02 10 12 13 22 38,0.00402798,0.47658231,-0.190094,-0.515314,-0.222222,0.596935,0.000000,0.000000,0.894139
2225,01 04 08 12 14 18,0.00399972,0.53583682,1.439282,0.191248,-1.888889,0.207630,0.000000,0.000000,-1.029200
2226,01 04 08 09 14 18,0.00396116,0.48303394,0.624594,0.644868,-0.777778,-0.441213,0.000000,0.000000,-0.862212
2227,01 04 06 09 10 14,0.00394484,0.38303930,-1.140563,0.852731,-0.500000,-0.441213,0.000000,0.000000,-1.832558
2228,01 09 14 18 22 24,0.00394252,0.42317913,-0.461657,0.369176,0.333333,-0.570982,0.000000,0.000000,0.875814
2229,01 09 13 18 22 38,0.00394152,0.43995948,0.353032,0.438951,-0.777778,-0.700750,0.000000,0.000000,1.007762
2230,02 04 07 08 14 38,0.00393380,0.50170776,0.081469,-0.303356,-0.222222,0.596935,0.000000,0.000000,-0.106814
2231,01 08 09 12 13 22,0.00391746,0.38930059,-0.461657,0.809214,-0.500000,-0.960287,0.000000,0.000000,0.194044
2232,01 09 18 22 24 38,0.00391550,0.47257025,0.624594,0.492385,0.055556,-0.830519,0.000000,0.000000,1.212087
2233,01 06 09 10 22 24,0.00390855,0.38316279,-0.869001,0.805553,0.611111,-1.090056,0.000000,0.000000,0.666775
2234,02 09 10 13 22 38,0.00390852,0.42377943,-1.004782,-0.061694,0.888889,-0.051907,0.000000,0.000000,1.049143
2235,01 12 18 22 24 38,0.00389240,0.52537313,1.439282,0.038765,-1.055556,-0.181676,0.000000,0.000000,1.035963
2236,01 02 04 07 12 14,0.00388362,0.48780659,-1.140563,-0.762962,-0.222222,1.764852,0.000000,0.000000,-2.087094
2237,01 10 13 14 18 38,0.00383161,0.50457692,1.167720,0.206951,-1.055556,-0.311445,0.000000,0.000000,0.700790
2238,02 07 09 13 18 24,0.00378528,0.55102063,-0.597438,-0.730199,2.833333,0.986241,0.000000,0.000000,0.487800
2239,02 08 12 13 22 38,0.00378165,0.48069051,0.624594,0.063595,-0.777778,-0.181676,0.000000,0.000000,0.903935
2240,01 02 04 09 10 18,0.00377332,0.56358990,0.217250,-0.457131,0.611111,1.116010,0.000000,0.000000,-1.242540
2241,01 06 10 12 13 22,0.00376996,0.40335490,-0.325875,0.298498,-1.333333,-0.311445,0.000000,0.000000,0.265362
2242,02 04 07 08 10 22,0.00374771,0.52499357,-0.325875,-0.856139,0.333333,1.375547,0.000000,0.000000,-0.302330
2243,01 02 09 12 13 38,0.00371861,0.44657075,-0.461657,0.259997,0.333333,-0.181676,0.000000,0.000000,-0.019970
2244,01 07 10 14 24 38,0.00364424,0.46447160,-0.190094,0.057781,0.611111,-0.181676,0.000000,0.000000,0.910651
2245,01 04 06 09 18 38,0.00364210,0.46505511,0.896157,0.568540,-1.333333,-0.700750,0.000000,0.000000,0.359956
2246,01 07 09 22 24 38,0.00363866,0.39985416,-1.004782,0.289780,0.888889,-0.570982,0.000000,0.000000,1.200513
2247,02 04 08 10 18 22,0.00363142,0.59770966,1.303501,-0.653533,-0.500000,1.116010,0.000000,0.000000,-0.348999
2248,08 09 12 13 18 24,0.00352934,0.53780479,0.896157,0.488969,1.166667,-0.570982,0.000000,0.000000,0.256776
2249,02 04 06 12 14 38,0.00351650,0.44580784,-0.190094,-0.035329,-1.333333,0.337398,0.000000,0.000000,-0.502717
2250,04 06 07 10 12 13,0.00351248,0.49582635,-0.733219,-0.256353,-0.222222,1.245778,0.000000,0.000000,-2.673127
2251,01 06 08 12 22 24,0.00348388,0.44007386,0.760376,0.930841,-1.055556,-1.219824,0.000000,0.000000,0.477448
2252,01 06 08 10 24 38,0.00346175,0.50127954,1.846627,1.275671,-0.500000,-1.738899,0.000000,0.000000,0.696457
2253,01 02 07 08 24 38,0.00346073,0.55324395,1.031938,0.113599,0.888889,-0.181676,0.000000,0.000000,0.623542
2254,01 08 13 14 18 38,0.00345683,0.50868512,1.982408,0.785860,-1.611111,-1.090056,0.000000,0.000000,0.691555
2255,04 07 10 12 22 38,0.00344746,0.45699095,-0.597438,-0.931190,-0.777778,1.116010,0.000000,0.000000,0.916677
2256,01 09 10 12 13 22,0.00343089,0.38519239,-1.276345,0.230305,0.055556,-0.181676,0.000000,0.000000,0.075668
2257,02 08 09 13 22 38,0.00342884,0.42788762,-0.190094,0.517215,0.333333,-0.830519,0.000000,0.000000,1.024366
2258,01 10 14 18 24 38,0.00342779,0.53718769,1.439282,0.260386,-0.222222,-0.441213,0.000000,0.000000,0.849142
2259,02 04 08 10 12 38,0.00338616,0.56904789,1.167720,-0.186187,-0.500000,0.596935,0.000000,0.000000,-0.733555
2260,04 07 08 10 14 22,0.00338304,0.44032941,-0.733219,-0.333048,-0.500000,0.596935,0.000000,0.000000,-0.050146
2261,01 02 09 13 18 22,0.00337520,0.47523252,-0.325875,-0.207349,0.333333,0.337398,0.000000,0.000000,0.277373
2262,04 09 10 18 22 38,0.00337416,0.47690416,0.217250,-0.274964,-0.500000,0.207630,0.000000,0.000000,1.049077
2263,01 02 08 10 13 14,0.00336194,0.51133347,0.353032,0.546960,0.055556,-0.051907,0.000000,0.000000,-1.866082
2264,01 09 12 13 14 38,0.00332355,0.36190659,-0.869001,0.783088,-0.500000,-0.960287,0.000000,0.000000,0.227712
2265,01 02 08 14 18 24,0.00328453,0.57656893,1.575064,0.192995,0.333333,-0.181676,0.000000,0.000000,0.227720
2266,02 04 06 08 12 22,0.00328008,0.47320184,0.217250,-0.009204,-1.333333,0.337398,0.000000,0.000000,-0.659400
2267,01 02 04 08 09 18,0.00327863,0.56769809,1.031938,0.121778,0.055556,0.337398,0.000000,0.000000,-1.269541
2268,01 12 13 14 18 22,0.00325366,0.44337125,0.081469,-0.137879,-1.611111,0.207630,0.000000,0.000000,0.392875
2269,06 10 12 13 18 24,0.00315759,0.55185911,1.031938,-0.021747,0.333333,0.077861,0.000000,0.000000,0.294869
2270,01 04 06 10 12 14,0.00314461,0.43584218,-0.325875,0.399111,-1.611111,0.207630,0.000000,0.000000,-2.123816
2271,01 06 08 12 13 22,0.00308309,0.40746310,0.488813,0.877407,-1.888889,-1.090056,0.000000,0.000000,0.209889
2272,01 08 14 18 24 38,0.00308298,0.54129589,2.253971,0.839295,-0.777778,-1.219824,0.000000,0.000000,0.844347
2273,01 02 06 18 22 24,0.00307645,0.52600580,0.896157,-0.085721,-0.222222,0.077861,0.000000,0.000000,0.580750
2274,04 07 09 10 22 38,0.00306578,0.40418807,-1.412126,-0.477569,0.333333,0.467167,0.000000,0.000000,1.032831
2275,04 06 10 12 14 22,0.00304855,0.38442948,-1.004782,-0.065022,-1.611111,0.337398,0.000000,0.000000,-0.433780
2276,04 07 08 12 22 38,0.00300082,0.46109915,0.217250,-0.352281,-1.333333,0.337398,0.000000,0.000000,0.896795
2277,01 07 09 13 22 38,0.00299853,0.36724339,-1.276345,0.236345,0.055556,-0.441213,0.000000,0.000000,0.897495
2278,06 09 10 13 18 24,0.00298092,0.49905622,0.217250,0.431874,1.444444,-0.570982,0.000000,0.000000,0.441396
2279,04 08 09 18 22 38,0.00294779,0.48101235,1.031938,0.303945,-1.055556,-0.570982,0.000000,0.000000,1.032199
2280,01 02 07 12 13 22,0.00293759,0.45531931,-1.140563,-0.863575,0.055556,1.245778,0.000000,0.000000,0.069278
2281,01 04 07 08 10 14,0.00285558,0.49174211,-0.054313,0.131084,-0.500000,0.467167,0.000000,0.000000,-1.832558
2282,01 04 06 07 10 38,0.00284527,0.47376328,0.217250,0.054756,-1.055556,0.207630,0.000000,0.000000,-0.564648
2283,04 06 08 09 14 22,0.00283269,0.33573479,-1.004782,0.967507,-1.055556,-1.090056,0.000000,0.000000,-0.246769
2284,01 07 09 14 22 24,0.00281292,0.35046304,-2.091033,0.166571,1.166667,-0.311445,0.000000,0.000000,0.737902
2285,01 02 07 09 22 24,0.00277768,0.43512719,-1.683689,-0.356520,2.000000,0.467167,0.000000,0.000000,0.426469
2286,06 08 12 13 18 24,0.00275284,0.55596730,1.846627,0.557162,-0.222222,-0.700750,0.000000,0.000000,0.281193
2287,01 09 13 14 18 22,0.00274309,0.39056836,-0.733219,0.315742,-0.500000,-0.441213,0.000000,0.000000,0.489934
2288,01 02 04 07 09 14,0.00272724,0.43500371,-1.955252,-0.309341,0.888889,1.116010,0.000000,0.000000,-2.085714
2289,01 04 07 08 18 38,0.00271406,0.57375792,1.982408,-0.153106,-1.333333,0.207630,0.000000,0.000000,0.383841
2290,01 08 10 18 22 24,0.00268909,0.56458169,1.846627,0.286512,-0.222222,-0.441213,0.000000,0.000000,0.618046
2291,02 09 10 22 24 38,0.00268115,0.45639020,-0.733219,-0.008259,1.722222,-0.181676,0.000000,0.000000,1.075484
2292,01 02 04 07 14 18,0.00266257,0.54905266,-0.054313,-1.027920,-0.222222,1.764852,0.000000,0.000000,-1.034197
2293,01 04 06 08 09 14,0.00263853,0.38714749,-0.325875,1.431640,-1.055556,-1.219824,0.000000,0.000000,-1.979803
2294,02 04 09 14 18 38,0.00262453,0.48889140,-0.054313,-0.368480,0.055556,0.467167,0.000000,0.000000,0.459477
2295,01 06 13 18 22 38,0.00260772,0.45812199,1.303501,0.507143,-2.166667,-0.830519,0.000000,0.000000,0.949613
2296,02 04 06 14 18 22,0.00260003,0.47446961,-0.054313,-0.502676,-1.333333,0.856472,0.000000,0.000000,-0.290275
2297,01 02 07 08 14 24,0.00252740,0.50385283,-0.054313,-0.009610,1.166667,0.077861,0.000000,0.000000,0.144990
2298,01 04 07 08 09 38,0.00251099,0.45970896,0.081469,0.565472,-0.222222,-0.441213,0.000000,0.000000,-0.707341
2299,04 10 12 18 22 38,0.00248261,0.52970704,1.031938,-0.728584,-1.611111,0.856472,0.000000,0.000000,0.744290
2300,01 06 09 10 13 22,0.00247613,0.35055202,-1.140563,0.752118,-0.222222,-0.960287,0.000000,0.000000,0.246378
2301,01 04 07 10 18 38,0.00246394,0.56964972,1.167720,-0.732015,-0.777778,0.986241,0.000000,0.000000,0.300496
2302,09 10 13 14 22 38,0.00244571,0.33911527,-1.412126,0.461397,0.055556,-0.830519,0.000000,0.000000,1.138634
2303,06 07 10 12 13 24,0.00242480,0.47914302,-0.597438,-0.224352,1.166667,0.337398,0.000000,0.000000,0.215745
2304,01 06 07 13 22 38,0.00242360,0.38540590,-0.325875,0.304538,-1.333333,-0.570982,0.000000,0.000000,0.951776
2305,01 02 08 09 10 24,0.00242328,0.51839007,0.217250,0.561179,2.000000,-0.570982,0.000000,0.000000,-0.243340
2306,01 06 08 10 14 24,0.00241731,0.45188842,0.760376,1.152462,-0.222222,-1.479361,0.000000,0.000000,0.201444
2307,09 10 12 13 18 24,0.00240698,0.53369660,0.081469,-0.089939,1.722222,0.207630,0.000000,0.000000,0.044206
2308,04 06 08 12 14 22,0.00237257,0.38853768,-0.190094,0.513887,-2.166667,-0.441213,0.000000,0.000000,-0.487639
2309,06 08 09 13 18 24,0.00234281,0.50316442,1.031938,1.010782,0.888889,-1.349593,0.000000,0.000000,0.393148
2310,01 04 06 08 12 14,0.00232924,0.43995038,0.488813,0.978019,-2.166667,-0.570982,0.000000,0.000000,-2.198327
2311,01 09 10 12 24 38,0.00232829,0.45038746,-0.054313,0.486128,0.888889,-0.830519,0.000000,0.000000,1.006076
2312,02 08 09 22 24 38,0.00229307,0.46049839,0.081469,0.570650,1.166667,-0.960287,0.000000,0.000000,1.064279
2313,02 06 07 13 18 24,0.00226791,0.56918314,0.353032,-0.662006,1.444444,0.856472,0.000000,0.000000,0.402455
2314,04 06 07 09 10 13,0.00225914,0.44302346,-1.547908,0.197267,0.888889,0.596935,0.000000,0.000000,-2.686111
2315,01 06 07 22 24 38,0.00221668,0.41801667,-0.054313,0.357973,-0.500000,-0.700750,0.000000,0.000000,1.129301
2316,08 12 13 14 22 38,0.00219764,0.39602635,0.217250,0.586685,-1.611111,-0.960287,0.000000,0.000000,0.975470
2317,01 07 12 13 14 22,0.00219544,0.37065515,-1.547908,-0.340484,-0.777778,0.467167,0.000000,0.000000,0.265538
2318,08 09 13 14 22 38,0.00218805,0.34322346,-0.597438,1.040305,-0.500000,-1.609130,0.000000,0.000000,1.146750
2319,02 04 06 08 09 22,0.00218609,0.42039895,-0.597438,0.444417,-0.222222,-0.311445,0.000000,0.000000,-0.648776
2320,01 06 08 09 22 24,0.00212407,0.38727098,-0.054313,1.384462,0.055556,-1.868667,0.000000,0.000000,0.448688
2321,01 04 07 09 12 38,0.00206400,0.42697939,-0.869001,-0.155878,-0.222222,0.337398,0.000000,0.000000,-0.156563
2322,07 12 13 14 18 24,0.00205172,0.51915936,-0.190094,-0.660728,0.888889,0.856472,0.000000,0.000000,0.364478
2323,01 02 06 08 10 24,0.00202261,0.53655258,1.167720,0.629372,0.611111,-0.700750,0.000000,0.000000,-0.163242
2324,01 08 10 12 13 38,0.00199935,0.50330915,1.439282,0.700423,-1.055556,-0.830519,0.000000,0.000000,-0.040542
2325,02 04 12 14 18 38,0.00199217,0.54169428,0.760376,-0.822101,-1.055556,1.116010,0.000000,0.000000,0.193089
2326,01 08 09 12 24 38,0.00196204,0.45449565,0.760376,1.065037,0.333333,-1.609130,0.000000,0.000000,0.998103
2327,01 06 12 13 14 38,0.00193253,0.38006910,0.081469,0.851281,-1.888889,-1.090056,0.000000,0.000000,0.161086
2328,01 02 04 06 07 38,0.00192606,0.50255734,0.081469,-0.117940,-0.777778,0.726704,0.000000,0.000000,-1.724677
2329,04 08 09 12 14 38,0.00192513,0.40295947,-0.190094,0.648082,-0.777778,-0.830519,0.000000,0.000000,0.192194
2330,01 02 06 12 13 38,0.00190219,0.46473326,0.488813,0.328190,-1.055556,-0.311445,0.000000,0.000000,-0.149620
2331,01 08 10 13 18 22,0.00186473,0.53197092,1.575064,0.233077,-1.055556,-0.311445,0.000000,0.000000,0.287734
2332,07 09 13 14 18 24,0.00185668,0.46635647,-1.004782,-0.207108,2.000000,0.207630,0.000000,0.000000,0.508283
2333,01 04 07 09 18 22,0.00185469,0.45564116,-0.733219,-0.623225,-0.222222,0.856472,0.000000,0.000000,0.160646
2334,01 02 04 08 09 12,0.00181333,0.50645203,-0.054313,0.386736,0.055556,0.337398,0.000000,0.000000,-2.720429
2335,02 07 13 14 22 38,0.00179952,0.40924219,-1.276345,-0.632483,0.055556,0.596935,0.000000,0.000000,1.109593
2336,01 04 07 12 18 22,0.00178919,0.50844404,0.081469,-1.076845,-1.333333,1.505315,0.000000,0.000000,-0.021759
2337,01 06 18 22 24 38,0.00175369,0.49073276,1.575064,0.560578,-1.333333,-0.960287,0.000000,0.000000,1.031267
2338,02 04 06 07 14 22,0.00173550,0.40175352,-1.683689,-0.705281,-0.500000,1.116010,0.000000,0.000000,-0.388918
2339,02 10 12 22 24 38,0.00171846,0.50919308,0.081469,-0.461879,0.611111,0.467167,0.000000,0.000000,0.760158
2340,02 04 08 09 10 38,0.00170349,0.51624500,0.353032,0.267433,0.611111,-0.051907,0.000000,0.000000,-0.810146
2341,01 06 14 18 22 24,0.00168263,0.44134164,0.488813,0.437369,-1.055556,-0.700750,0.000000,0.000000,0.680462
2342,09 10 14 22 24 38,0.00167740,0.37172604,-1.140563,0.514832,0.888889,-0.960287,0.000000,0.000000,1.232987
2343,01 02 12 18 24 38,0.00167522,0.59323047,1.710845,-0.405146,0.055556,0.337398,0.000000,0.000000,0.946573
2344,02 04 07 18 22 38,0.00165842,0.54703108,0.353032,-1.368843,-0.500000,1.635084,0.000000,0.000000,0.861579
2345,02 09 10 14 22 24,0.00165314,0.40699908,-1.819470,-0.131468,2.000000,0.077861,0.000000,0.000000,0.582906
2346,04 07 08 09 22 38,0.00164349,0.40829626,-0.597438,0.101339,-0.222222,-0.311445,0.000000,0.000000,0.868404
2347,01 07 08 10 22 24,0.00164032,0.49186559,0.217250,0.083906,0.611111,-0.181676,0.000000,0.000000,0.492107
2348,01 06 08 09 13 22,0.00161972,0.35466021,-0.325875,1.331027,-0.777778,-1.738899,0.000000,0.000000,0.165787
2349,04 06 08 10 14 38,0.00157781,0.44974336,0.896157,0.858717,-1.611111,-0.960287,0.000000,0.000000,-0.383096
2350,07 09 10 12 13 24,0.00155952,0.46098050,-1.547908,-0.292545,2.555556,0.467167,0.000000,0.000000,-0.051908
2351,01 02 04 06 10 18,0.00155805,0.58175241,1.167720,-0.388938,-0.777778,0.986241,0.000000,0.000000,-1.431282
2352,01 06 09 13 14 38,0.00154724,0.32726622,-0.733219,1.304901,-0.777778,-1.738899,0.000000,0.000000,0.276706
2353,01 02 06 13 18 22,0.00153846,0.49339503,0.624594,-0.139156,-1.055556,0.207630,0.000000,0.000000,0.144712
2354,04 08 10 14 18 22,0.00152822,0.51304550,0.896157,-0.130443,-1.333333,0.337398,0.000000,0.000000,-0.354384
2355,02 08 12 22 24 38,0.00150211,0.51330127,0.896157,0.117030,0.055556,-0.311445,0.000000,0.000000,0.774394
2356,04 06 07 08 12 13,0.00149926,0.49993454,0.081469,0.322555,-0.777778,0.467167,0.000000,0.000000,-2.925102
2357,08 09 14 22 24 38,0.00144971,0.37583423,-0.325875,1.093740,0.333333,-1.738899,0.000000,0.000000,1.245543
2358,07 08 10 13 18 24,0.00143909,0.60775903,1.303501,-0.289773,1.444444,0.337398,0.000000,0.000000,0.374346
2359,01 02 09 18 24 38,0.00142513,0.54042759,0.896157,0.048474,1.166667,-0.311445,0.000000,0.000000,1.082224
2360,04 09 10 12 14 38,0.00138407,0.39885127,-1.004782,0.069173,-0.222222,-0.051907,0.000000,0.000000,0.065745
2361,01 04 06 10 14 18,0.00133052,0.49708825,0.760376,0.134153,-1.611111,0.207630,0.000000,0.000000,-1.158780
2362,04 08 12 18 22 38,0.00132897,0.53381524,1.846627,-0.149675,-2.166667,0.077861,0.000000,0.000000,0.619664
2363,01 06 07 14 22 24,0.00132560,0.36862555,-1.140563,0.234764,-0.222222,-0.441213,0.000000,0.000000,0.657009
2364,01 02 07 09 13 22,0.00132544,0.40251643,-1.955252,-0.409954,1.166667,0.596935,0.000000,0.000000,0.003135
2365,01 02 06 09 13 38,0.00132404,0.41193038,-0.325875,0.781810,0.055556,-0.960287,0.000000,0.000000,-0.062573
2366,02 04 06 09 12 22,0.00131121,0.38766938,-1.547908,-0.276934,-0.222222,0.467167,0.000000,0.000000,-0.161390
2367,07 08 09 12 13 24,0.00130272,0.46508870,-0.733219,0.286364,2.000000,-0.311445,0.000000,0.000000,-0.043665
2368,02 13 14 18 22 38,0.00130001,0.48195828,0.353032,-0.429877,-0.777778,0.337398,0.000000,0.000000,1.006149
2369,01 02 07 12 24 38,0.00127643,0.52051438,0.081469,-0.607752,0.888889,0.596935,0.000000,0.000000,0.916932
2370,10 12 13 14 22 38,0.00124606,0.39191815,-0.597438,0.007777,-1.055556,-0.181676,0.000000,0.000000,0.788201
2371,02 08 10 14 24 38,0.00121669,0.52511583,0.896157,0.338650,0.888889,-0.570982,0.000000,0.000000,0.614122
2372,06 10 13 14 22 38,0.00118812,0.35727778,-0.461657,0.529590,-1.333333,-0.960287,0.000000,0.000000,1.091777
2373,01 04 06 08 14 18,0.00117799,0.50119645,1.575064,0.713061,-2.166667,-0.570982,0.000000,0.000000,-1.135088
2374,02 08 09 14 22 24,0.00114489,0.41110727,-1.004782,0.447441,1.444444,-0.700750,0.000000,0.000000,0.553896
2375,01 07 08 10 13 22,0.00113430,0.45925483,-0.054313,0.030471,-0.222222,-0.051907,0.000000,0.000000,0.208958
2376,04 06 07 12 13 18,0.00109571,0.52845104,0.217250,-0.663753,-0.777778,1.245778,0.000000,0.000000,-1.134088
2377,01 06 13 14 18 22,0.00106616,0.40873087,0.217250,0.383935,-1.888889,-0.570982,0.000000,0.000000,0.380950
2378,06 07 09 10 13 24,0.00104339,0.42634013,-1.412126,0.229268,2.277778,-0.311445,0.000000,0.000000,0.183786
2379,02 04 07 10 12 22,0.00099638,0.49226399,-1.276345,-1.577489,0.333333,2.154158,0.000000,0.000000,-0.092945
2380,01 02 07 10 13 38,0.00097106,0.51652499,-0.054313,-0.518745,0.611111,0.726704,0.000000,0.000000,0.000221
2381,01 02 08 09 12 24,0.00096893,0.48976869,0.081469,0.418737,1.444444,-0.570982,0.000000,0.000000,0.204484
2382,01 07 10 13 14 38,0.00096763,0.43186083,-0.461657,0.004346,-0.222222,-0.051907,0.000000,0.000000,0.305924
2383,01 08 09 12 14 24,0.00096080,0.40510453,-0.325875,0.941828,0.611111,-1.349593,0.000000,0.000000,0.509491
2384,01 02 04 09 10 12,0.00095208,0.50234383,-0.869001,-0.192173,0.611111,1.116010,0.000000,0.000000,-2.894315
2385,01 08 09 10 13 38,0.00094031,0.45050626,0.624594,1.154043,0.055556,-1.479361,0.000000,0.000000,-0.024741
2386,02 06 08 13 22 38,0.00091232,0.44605013,0.760376,0.585408,-1.055556,-0.960287,0.000000,0.000000,0.790994
2387,02 04 08 09 12 38,0.00082588,0.48762362,0.217250,0.124992,0.055556,-0.051907,0.000000,0.000000,-0.276876
2388,01 02 04 09 12 18,0.00075578,0.53496852,0.081469,-0.599572,0.055556,1.116010,0.000000,0.000000,-1.026308
2389,01 07 09 13 14 22,0.00075561,0.31785227,-2.362596,0.113136,0.333333,-0.181676,0.000000,0.000000,0.224925
2390,02 04 09 10 18 22,0.00073609,0.51217720,-0.461657,-0.921263,0.611111,1.245778,0.000000,0.000000,0.011752
2391,06 08 13 14 22 38,0.00071759,0.36138597,0.353032,1.108498,-1.888889,-1.738899,0.000000,0.000000,1.068355
2392,02 06 10 13 22 38,0.00070582,0.44194194,-0.054313,0.006499,-0.500000,-0.181676,0.000000,0.000000,0.714111
2393,01 02 09 10 12 24,0.00066657,0.48566050,-0.733219,-0.160171,2.000000,0.207630,0.000000,0.000000,0.113400
2394,04 06 07 10 22 38,0.00054261,0.42235058,-0.461657,-0.409376,-1.055556,0.337398,0.000000,0.000000,0.798474
2395,01 02 12 14 18 24,0.00050311,0.54383935,0.624594,-0.528355,0.333333,0.596935,0.000000,0.000000,0.432646
2396,02 08 12 14 22 24,0.00049610,0.46391016,-0.190094,-0.006179,0.333333,-0.051907,0.000000,0.000000,0.285074
2397,02 04 09 10 12 38,0.00047721,0.48351543,-0.597438,-0.453917,0.611111,0.726704,0.000000,0.000000,-0.374822
2398,01 04 09 12 14 18,0.00047710,0.45030436,-0.325875,-0.076482,-0.777778,0.337398,0.000000,0.000000,-0.761383
2399,01 09 10 12 14 24,0.00046605,0.40099634,-1.140563,0.362919,1.166667,-0.570982,0.000000,0.000000,0.389904
2400,02 09 10 13 14 22,0.00042675,0.37438831,-2.091033,-0.184903,1.166667,0.207630,0.000000,0.000000,0.193031
2401,02 04 07 12 14 38,0.00040100,0.46897819,-0.869001,-1.024706,-0.222222,1.375547,0.000000,0.000000,-0.013207
2402,04 06 07 08 09 13,0.00038375,0.44713166,-0.733219,0.776176,0.333333,-0.181676,0.000000,0.000000,-2.917667
2403,02 04 07 08 12 22,0.00038317,0.49637219,-0.461657,-0.998580,-0.222222,1.375547,0.000000,0.000000,-0.137505
2404,08 12 14 22 24 38,0.00038017,0.42863712,0.488813,0.640120,-0.777778,-1.090056,0.000000,0.000000,0.914386
2405,04 06 07 09 13 18,0.00036878,0.47564815,-0.597438,-0.210133,0.333333,0.596935,0.000000,0.000000,-1.069083
2406,04 06 09 12 14 22,0.00034626,0.30300522,-1.955252,0.246157,-1.055556,-0.311445,0.000000,0.000000,0.001861
2407,02 08 12 13 14 22,0.00033257,0.43129939,-0.461657,-0.059614,-0.500000,0.077861,0.000000,0.000000,0.052667
2408,02 07 14 22 24 38,0.00025468,0.44185296,-1.004782,-0.579048,0.888889,0.467167,0.000000,0.000000,1.088900
2409,01 07 12 14 24 38,0.00020574,0.43585022,-0.325875,-0.084661,0.055556,-0.181676,0.000000,0.000000,1.064518
2410,02 04 08 09 18 22,0.00020056,0.51628539,0.353032,-0.342355,0.055556,0.467167,0.000000,0.000000,-0.021299
2411,01 04 06 07 12 38,0.00016945,0.44514190,0.081469,-0.087685,-1.611111,0.207630,0.000000,0.000000,-0.297788
2412,04 07 14 18 22 38,0.00014177,0.46236692,-0.054313,-0.845753,-1.333333,0.856472,0.000000,0.000000,0.943095
2413,04 06 10 18 22 38,0.00013321,0.49506667,1.167720,-0.206771,-1.888889,0.077861,0.000000,0.000000,0.708379
2414,01 04 06 07 18 22,0.00013267,0.47380367,0.217250,-0.555032,-1.611111,0.726704,0.000000,0.000000,0.044983
2415,02 04 08 10 18 38,0.00009886,0.63029396,2.253971,-0.451145,-0.500000,0.596935,0.000000,0.000000,0.013221
2416,06 07 08 12 13 24,0.00006817,0.48325121,0.217250,0.354557,0.611111,-0.441213,0.000000,0.000000,-0.087108
2417,04 08 09 10 12 22,0.00006754,0.42624527,-0.597438,0.095299,-0.222222,-0.051907,0.000000,0.000000,-0.250960
2418,01 06 10 12 24 38,0.00005198,0.46854997,0.896157,0.554321,-0.500000,-0.960287,0.000000,0.000000,0.808291
2419,06 07 13 14 18 24,0.00002462,0.48451898,-0.054313,-0.138915,0.611111,0.077861,0.000000,0.000000,0.376315
2420,01 02 07 12 14 24,0.00001363,0.47112326,-1.004782,-0.730960,1.166667,0.856472,0.000000,0.000000,0.389569
2421,01 02 12 13 18 38,0.00000792,0.56061970,1.439282,-0.458581,-0.777778,0.467167,0.000000,0.000000,0.491378
2422,01 06 08 10 13 38,-0.00001176,0.46866878,1.575064,1.222236,-1.333333,-1.609130,0.000000,0.000000,-0.026335
2423,04 08 10 14 18 38,-0.00006720,0.54562980,1.846627,0.071945,-1.333333,-0.181676,0.000000,0.000000,0.294831
2424,02 08 09 13 14 22,-0.00011833,0.37849650,-1.276345,0.394006,0.611111,-0.570982,0.000000,0.000000,0.158566
2425,02 04 07 09 10 22,-0.00014627,0.43946111,-2.091033,-1.123869,1.444444,1.505315,0.000000,0.000000,-0.089532
2426,02 10 12 14 22 24,-0.00014855,0.45980196,-1.004782,-0.585088,0.888889,0.726704,0.000000,0.000000,0.143279
2427,02 04 07 09 14 38,-0.00014865,0.41617531,-1.683689,-0.571086,0.888889,0.726704,0.000000,0.000000,0.078062
2428,01 02 06 07 22 24,-0.00017680,0.45328971,-0.733219,-0.288327,0.611111,0.337398,0.000000,0.000000,0.128212
2429,04 07 10 12 14 22,-0.00018835,0.40759983,-1.683689,-1.054398,-0.500000,1.375547,0.000000,0.000000,0.037744
2430,01 12 14 18 24 38,-0.00021625,0.50856631,1.303501,0.117944,-0.777778,-0.441213,0.000000,0.000000,0.972558
2431,01 06 09 10 24 38,-0.00021760,0.41574708,0.081469,1.007941,0.611111,-1.609130,0.000000,0.000000,0.941054
2432,02 10 12 13 14 22,-0.00028210,0.42719119,-1.276345,-0.638523,0.055556,0.856472,0.000000,0.000000,-0.084688
2433,04 06 09 10 14 38,-0.00029265,0.36421090,-0.869001,0.590986,-0.500000,-0.830519,0.000000,0.000000,0.129493
2434,02 04 10 12 18 22,-0.00031872,0.56498008,0.353032,-1.374883,-0.500000,1.894621,0.000000,0.000000,-0.317223
2435,01 02 06 10 12 24,-0.00032154,0.50382301,0.217250,-0.091979,0.611111,0.077861,0.000000,0.000000,0.106466
2436,02 09 12 13 22 38,-0.00032239,0.39515805,-1.140563,-0.204135,0.333333,-0.051907,0.000000,0.000000,1.085611
2437,01 06 09 12 22 24,-0.00035131,0.35454141,-1.004782,0.663111,0.055556,-1.090056,0.000000,0.000000,0.698955
2438,01 02 09 14 18 24,-0.00037609,0.49103647,-0.190094,-0.074735,1.444444,-0.051907,0.000000,0.000000,0.475092
2439,01 02 09 13 18 38,-0.00037737,0.50781682,0.624594,-0.004961,0.333333,-0.181676,0.000000,0.000000,0.606998
2440,01 02 07 09 24 38,-0.00038018,0.46771149,-0.733219,-0.154131,2.000000,-0.051907,0.000000,0.000000,0.844203
2441,02 06 10 22 24 38,-0.00042317,0.47455271,0.217250,0.059934,0.333333,-0.311445,0.000000,0.000000,0.755028
2442,04 06 08 18 22 38,-0.00049912,0.49917487,1.982408,0.372138,-2.444444,-0.700750,0.000000,0.000000,0.660987
2443,01 07 08 13 14 38,-0.00053922,0.43596903,0.353032,0.583254,-0.777778,-0.830519,0.000000,0.000000,0.128968
2444,04 07 09 10 14 22,-0.00054784,0.35479695,-2.498377,-0.600778,0.611111,0.726704,0.000000,0.000000,0.157186
2445,01 06 08 12 24 38,-0.00056133,0.47265816,1.710845,1.133230,-1.055556,-1.738899,0.000000,0.000000,0.763716
2446,01 02 06 07 13 22,-0.00057173,0.42067894,-1.004782,-0.341761,-0.222222,0.467167,0.000000,0.000000,-0.138479
2447,10 12 14 22 24 38,-0.00060139,0.42452892,-0.325875,0.061212,-0.222222,-0.311445,0.000000,0.000000,0.722676
2448,01 02 04 06 08 18,-0.00061011,0.58586061,1.982408,0.189971,-1.333333,0.207630,0.000000,0.000000,-1.706212
2449,02 08 10 13 14 38,-0.00061040,0.49250507,0.624594,0.285216,0.055556,-0.441213,0.000000,0.000000,0.135251
2450,01 02 07 08 13 38,-0.00065067,0.52063318,0.760376,0.060164,0.055556,-0.051907,0.000000,0.000000,-0.193754
2451,04 07 08 12 14 22,-0.00070038,0.41170803,-0.869001,-0.475490,-1.055556,0.596935,0.000000,0.000000,0.008175
2452,01 02 04 08 09 10,-0.00074930,0.53507341,0.081469,0.529178,0.611111,0.337398,0.000000,0.000000,-3.763382
2453,01 04 08 10 12 18,-0.00078714,0.59170692,1.982408,-0.159146,-1.333333,0.467167,0.000000,0.000000,-1.020754
2454,01 06 07 13 14 22,-0.00084379,0.33601478,-1.412126,0.181329,-1.055556,-0.311445,0.000000,0.000000,0.127426
2455,02 04 08 12 18 22,-0.00087442,0.56908828,1.167720,-0.795975,-1.055556,1.116010,0.000000,0.000000,-0.353262
2456,01 04 06 09 12 14,-0.00096673,0.35441792,-1.276345,0.710289,-1.055556,-0.441213,0.000000,0.000000,-1.896931
2457,02 04 06 14 18 38,-0.00097612,0.50705391,0.896157,-0.300287,-1.333333,0.337398,0.000000,0.000000,0.065487
2458,01 06 10 12 14 24,-0.00098196,0.41915885,-0.190094,0.431112,-0.222222,-0.700750,0.000000,0.000000,0.314834
2459,02 06 08 22 24 38,-0.00098981,0.47866090,1.031938,0.638843,-0.222222,-1.090056,0.000000,0.000000,0.717367
2460,01 07 09 14 24 38,-0.00099540,0.38304734,-1.140563,0.368959,1.166667,-0.830519,0.000000,0.000000,1.059267
2461,01 10 12 18 22 24,-0.00099678,0.53185211,0.896157,-0.434838,-0.222222,0.337398,0.000000,0.000000,0.688974
2462,02 06 10 13 14 22,-0.00102127,0.39255082,-1.140563,-0.116710,-0.222222,0.077861,0.000000,0.000000,0.117962
2463,01 07 10 12 22 24,-0.00102527,0.45913602,-0.733219,-0.637444,0.611111,0.596935,0.000000,0.000000,0.714193
2464,01 09 14 18 24 38,-0.00103196,0.45576343,0.488813,0.571565,0.333333,-1.090056,0.000000,0.000000,1.024409
2465,01 02 06 18 24 38,-0.00107149,0.55859010,1.846627,0.116667,-0.222222,-0.441213,0.000000,0.000000,0.851800
2466,04 09 10 14 18 22,-0.00110471,0.42751304,-0.869001,-0.398173,-0.222222,0.467167,0.000000,0.000000,0.045244
2467,01 02 06 08 12 24,-0.00111512,0.50793120,1.031938,0.486930,0.055556,-0.700750,0.000000,0.000000,0.035184
2468,01 02 04 06 07 14,-0.00113733,0.45316622,-1.004782,-0.241149,-0.500000,0.986241,0.000000,0.000000,-2.518804
2469,04 07 09 12 22 38,-0.00114039,0.37556669,-1.547908,-0.620011,-0.222222,0.467167,0.000000,0.000000,1.072965
2470,01 06 08 09 24 38,-0.00114277,0.41985528,0.896157,1.586850,0.055556,-2.387741,0.000000,0.000000,0.850276
2471,06 09 12 13 18 24,-0.00121185,0.47043484,0.081469,0.289432,0.888889,-0.570982,0.000000,0.000000,0.483515
2472,01 04 08 09 10 18,-0.00121510,0.53890404,1.167720,0.294474,-0.222222,-0.181676,0.000000,0.000000,-0.911455
2473,01 06 09 10 14 24,-0.00122934,0.36635597,-1.004782,0.884732,0.888889,-1.349593,0.000000,0.000000,0.450885
2474,01 09 10 18 22 24,-0.00123738,0.47904923,0.081469,0.018782,0.888889,-0.311445,0.000000,0.000000,0.826030
2475,01 08 10 18 24 38,-0.00125002,0.59716599,2.797096,0.488900,-0.222222,-0.960287,0.000000,0.000000,0.920035
2476,01 04 07 10 12 14,-0.00125704,0.45901253,-1.004782,-0.590266,-0.500000,1.245778,0.000000,0.000000,-1.824853
2477,01 02 10 13 14 18,-0.00128050,0.53984996,0.488813,-0.439348,0.055556,0.726704,0.000000,0.000000,-0.703072
2478,01 04 06 07 08 38,-0.00130705,0.47787147,1.031938,0.633665,-1.611111,-0.570982,0.000000,0.000000,-1.133538
2479,06 10 14 22 24 38,-0.00133458,0.38988855,-0.190094,0.583025,-0.500000,-1.090056,0.000000,0.000000,0.926211
2480,06 07 08 09 13 24,-0.00136250,0.43044833,-0.597438,0.808177,1.722222,-1.090056,0.000000,0.000000,-0.126366
2481,01 10 12 13 18 22,-0.00140673,0.49924134,0.624594,-0.488273,-1.055556,0.467167,0.000000,0.000000,0.420059
2482,01 04 07 08 12 14,-0.00142837,0.46312073,-0.190094,-0.011357,-1.055556,0.467167,0.000000,0.000000,-1.803948
2483,01 12 13 14 18 38,-0.00147401,0.47595554,1.031938,0.064510,-1.611111,-0.311445,0.000000,0.000000,0.578036
2484,01 02 07 09 14 24,-0.00147847,0.41832037,-1.819470,-0.277340,2.277778,0.207630,0.000000,0.000000,0.341212
2485,04 07 08 10 14 38,-0.00151421,0.47291371,0.217250,-0.130660,-0.500000,0.077861,0.000000,0.000000,0.109892
2486,01 09 13 14 18 38,-0.00151609,0.42315266,0.217250,0.518130,-0.500000,-0.960287,0.000000,0.000000,0.744505
2487,01 07 08 12 22 24,-0.00151823,0.46324422,0.081469,-0.058535,0.055556,-0.181676,0.000000,0.000000,0.687450
2488,01 08 09 18 22 24,-0.00152036,0.48315742,0.896157,0.597690,0.333333,-1.090056,0.000000,0.000000,0.830395
2489,02 06 10 14 22 24,-0.00154927,0.42516159,-0.869001,-0.063275,0.611111,-0.051907,0.000000,0.000000,0.247917
2490,01 07 08 10 24 38,-0.00155944,0.52444989,1.167720,0.286294,0.611111,-0.700750,0.000000,0.000000,0.903634
2491,02 14 18 22 24 38,-0.00157245,0.51456905,0.624594,-0.376442,0.055556,0.207630,0.000000,0.000000,0.788765
2492,02 04 07 08 09 22,-0.00157969,0.44356930,-1.276345,-0.544960,0.888889,0.726704,0.000000,0.000000,-0.255608
2493,01 02 06 09 10 24,-0.00158030,0.45102012,-0.597438,0.361642,1.722222,-0.570982,0.000000,0.000000,0.092679
2494,04 10 12 14 18 22,-0.00160793,0.48031593,-0.054313,-0.851793,-1.333333,1.116010,0.000000,0.000000,-0.202012
2495,01 06 09 12 13 22,-0.00161008,0.32193064,-1.276345,0.609676,-0.777778,-0.960287,0.000000,0.000000,0.304284
2496,04 08 09 14 18 22,-0.00162386,0.43162124,-0.054313,0.180736,-0.777778,-0.311445,0.000000,0.000000,0.014619
2497,01 04 07 12 18 38,-0.00164120,0.54102834,1.031938,-0.874457,-1.333333,0.986241,0.000000,0.000000,0.355599
2498,01 06 08 12 14 24,-0.00166066,0.42326704,0.624594,1.010021,-0.777778,-1.479361,0.000000,0.000000,0.260572
2499,02 04 07 14 18 22,-0.00168697,0.49763996,-0.733219,-1.492052,-0.222222,1.894621,0.000000,0.000000,0.025673
2500,01 02 04 06 10 12,-0.00169877,0.52050634,0.081469,-0.123980,-0.777778,0.986241,0.000000,0.000000,-3.147588
2501,01 08 12 18 22 24,-0.00170511,0.53596031,1.710845,0.144070,-0.777778,-0.441213,0.000000,0.000000,0.630323
2502,02 09 12 22 24 38,-0.00174396,0.42776882,-0.869001,-0.150700,1.166667,-0.181676,0.000000,0.000000,1.083182
2503,06 08 14 22 24 38,-0.00177514,0.39399674,0.624594,1.161933,-1.055556,-1.868667,0.000000,0.000000,0.907230
2504,02 06 08 13 14 22,-0.00180655,0.39665901,-0.325875,0.462199,-0.777778,-0.700750,0.000000,0.000000,0.047910
2505,02 09 10 14 24 38,-0.00185453,0.43958338,-0.869001,0.070920,2.000000,-0.441213,0.000000,0.000000,0.948814
2506,01 04 07 09 10 14,-0.00189911,0.40620965,-1.819470,-0.136646,0.611111,0.596935,0.000000,0.000000,-1.747276
2507,01 02 08 10 18 24,-0.00189955,0.63243902,2.118189,-0.157399,0.888889,0.077861,0.000000,0.000000,0.177317
2508,04 09 12 18 22 38,-0.00191165,0.44828278,0.081469,-0.417405,-1.055556,0.207630,0.000000,0.000000,0.929259
2509,04 06 10 12 14 38,-0.00191409,0.41701378,-0.054313,0.137366,-1.611111,-0.181676,0.000000,0.000000,-0.283430
2510,04 06 07 08 22 38,-0.00196191,0.42645877,0.353032,0.169532,-1.611111,-0.441213,0.000000,0.000000,0.473710
2511,09 12 13 14 22 38,-0.00200717,0.31049389,-1.547908,0.318955,-0.500000,-0.830519,0.000000,0.000000,1.142217
2512,01 02 07 18 22 24,-0.00201937,0.54917615,0.217250,-1.075098,0.888889,1.116010,0.000000,0.000000,0.776869
2513,04 06 08 09 14 38,-0.00202096,0.36831909,-0.054313,1.169895,-1.055556,-1.609130,0.000000,0.000000,-0.080273
2514,04 07 08 09 14 22,-0.00203552,0.35890514,-1.683689,-0.021870,0.055556,-0.051907,0.000000,0.000000,-0.016929
2515,04 06 07 09 12 13,-0.00203843,0.41440209,-1.683689,0.054825,0.333333,0.596935,0.000000,0.000000,-2.659519
2516,01 08 10 13 18 38,-0.00204041,0.56455522,2.525533,0.435465,-1.055556,-0.830519,0.000000,0.000000,0.594755
2517,01 04 06 12 14 18,-0.00204631,0.46846687,0.624594,-0.008289,-2.166667,0.207630,0.000000,0.000000,-0.995776
2518,01 06 08 09 14 24,-0.00207758,0.37046416,-0.190094,1.463641,0.333333,-2.128204,0.000000,0.000000,0.371505
2519,01 08 12 13 18 22,-0.00214502,0.50334954,1.439282,0.090635,-1.611111,-0.311445,0.000000,0.000000,0.356968
2520,01 02 06 13 18 38,-0.00214871,0.52597933,1.575064,0.063232,-1.055556,-0.311445,0.000000,0.000000,0.484026
2521,01 02 04 06 08 12,-0.00223430,0.52461454,0.896157,0.454929,-1.333333,0.207630,0.000000,0.000000,-3.180639
2522,01 04 07 09 18 38,-0.00224544,0.48822546,0.217250,-0.420836,-0.222222,0.337398,0.000000,0.000000,0.438780
2523,01 07 10 12 13 22,-0.00225407,0.42652525,-1.004782,-0.690879,-0.222222,0.726704,0.000000,0.000000,0.323963
2524,02 06 08 14 22 24,-0.00229088,0.42926978,-0.054313,0.515634,0.055556,-0.830519,0.000000,0.000000,0.184335
2525,02 08 09 14 24 38,-0.00231919,0.44369157,-0.054313,0.649829,1.444444,-1.219824,0.000000,0.000000,0.926262
2526,01 02 04 07 10 18,-0.00232794,0.60492276,0.488813,-1.378314,0.333333,2.024389,0.000000,0.000000,-1.055922
2527,07 10 12 13 18 24,-0.00235166,0.57502946,0.353032,-1.011123,1.444444,1.116010,0.000000,0.000000,0.429737
2528,01 02 08 12 13 14,-0.00236671,0.48271209,0.217250,0.404519,-0.500000,-0.051907,0.000000,0.000000,-2.051508
2529,01 06 07 14 24 38,-0.00241734,0.40120985,-0.190094,0.437152,-0.222222,-0.960287,0.000000,0.000000,0.988061
2530,01 02 08 13 14 18,-0.00251545,0.54395816,1.303501,0.139560,-0.500000,-0.051907,0.000000,0.000000,-0.839744
2531,04 06 08 12 14 38,-0.00254647,0.42112198,0.760376,0.716275,-2.166667,-0.960287,0.000000,0.000000,-0.330830
2532,02 06 12 13 22 38,-0.00254959,0.41332056,-0.190094,-0.135942,-1.055556,-0.181676,0.000000,0.000000,0.895103
2533,01 07 08 10 14 24,-0.00257118,0.47505877,0.081469,0.163086,0.888889,-0.441213,0.000000,0.000000,0.413465
2534,04 08 12 14 18 22,-0.00266735,0.48442412,0.760376,-0.272884,-1.888889,0.337398,0.000000,0.000000,-0.312679
2535,01 09 10 13 18 22,-0.00267468,0.44643846,-0.190094,-0.034653,0.055556,-0.181676,0.000000,0.000000,0.404910
2536,02 09 12 14 22 24,-0.00271728,0.37837770,-1.955252,-0.273909,1.444444,0.077861,0.000000,0.000000,0.598706
2537,01 08 10 14 18 24,-0.00279497,0.54777487,1.710845,0.365691,0.055556,-0.700750,0.000000,0.000000,0.350868
2538,02 10 12 14 24 38,-0.00279522,0.49238626,-0.054313,-0.382700,0.888889,0.207630,0.000000,0.000000,0.636747
2539,01 02 04 06 09 18,-0.00279918,0.50032815,0.217250,-0.077759,-0.222222,0.337398,0.000000,0.000000,-1.240826
2540,01 02 06 14 18 24,-0.00280794,0.50919898,0.760376,-0.006542,0.055556,-0.181676,0.000000,0.000000,0.254264
2541,01 02 09 10 13 14,-0.00280991,0.42580101,-1.412126,0.279230,1.166667,0.077861,0.000000,0.000000,-1.990757
2542,02 04 09 10 18 38,-0.00281827,0.54476150,0.488813,-0.718875,0.611111,0.726704,0.000000,0.000000,0.370743
2543,01 06 13 14 18 38,-0.00288258,0.44131517,1.167720,0.586323,-1.888889,-1.090056,0.000000,0.000000,0.681512
2544,01 04 07 08 09 14,-0.00291434,0.41031784,-1.004782,0.442263,0.055556,-0.181676,0.000000,0.000000,-1.851397
2545,01 04 06 09 14 18,-0.00294186,0.41566399,-0.190094,0.445331,-1.055556,-0.441213,0.000000,0.000000,-0.955753
2546,09 12 14 22 24 38,-0.00296667,0.34310466,-1.276345,0.372390,0.333333,-0.960287,0.000000,0.000000,1.208245
2547,02 04 06 07 10 22,-0.00302421,0.45762362,-1.140563,-1.055676,0.055556,1.375547,0.000000,0.000000,-0.376448
2548,02 08 12 14 24 38,-0.00303337,0.49649445,0.760376,0.196209,0.333333,-0.570982,0.000000,0.000000,0.647753
2549,06 07 09 12 13 24,-0.00306462,0.39771875,-1.547908,0.086827,1.722222,-0.311445,0.000000,0.000000,0.238463
2550,02 04 06 10 18 22,-0.00306943,0.53033971,0.488813,-0.853070,-0.777778,1.116010,0.000000,0.000000,-0.412590
2551,01 02 10 12 13 14,-0.00307477,0.47860389,-0.597438,-0.174390,0.055556,0.726704,0.000000,0.000000,-2.202699
2552,08 09 10 13 22 38,-0.00308259,0.39909356,-0.054313,0.689911,0.055556,-1.349593,0.000000,0.000000,1.083523
2553,01 02 06 10 13 14,-0.00310262,0.44396352,-0.461657,0.347423,-0.222222,-0.051907,0.000000,0.000000,-1.894664
2554,04 09 10 14 18 38,-0.00313297,0.46009734,0.081469,-0.195785,-0.222222,-0.051907,0.000000,0.000000,0.630330
2555,08 10 12 13 22 38,-0.00314887,0.45189645,0.760376,0.236291,-1.055556,-0.700750,0.000000,0.000000,0.901001
2556,04 06 07 10 14 22,-0.00316909,0.37295946,-1.547908,-0.532585,-0.777778,0.596935,0.000000,0.000000,-0.091702
2557,01 07 09 10 22 24,-0.00317306,0.40633314,-1.547908,-0.183824,1.722222,-0.051907,0.000000,0.000000,0.568695
2558,01 08 09 12 13 38,-0.00319495,0.42188488,0.488813,1.011602,-0.500000,-1.479361,0.000000,0.000000,0.025899
2559,01 06 14 18 24 38,-0.00322646,0.47392594,1.439282,0.639758,-1.055556,-1.219824,0.000000,0.000000,0.838745
2560,01 02 04 06 12 18,-0.00326315,0.55313103,1.031938,-0.531379,-1.333333,0.986241,0.000000,0.000000,-1.482267
2561,06 09 13 14 22 38,-0.00327435,0.27585352,-1.412126,0.840768,-0.777778,-1.609130,0.000000,0.000000,1.266640
2562,02 04 06 10 12 38,-0.00328745,0.50167794,0.353032,-0.385724,-0.777778,0.596935,0.000000,0.000000,-0.793109
2563,01 06 10 12 13 38,-0.00332065,0.43593920,0.624594,0.500886,-1.333333,-0.830519,0.000000,0.000000,0.100446
2564,02 04 06 08 10 38,-0.00332649,0.53440751,1.303501,0.335626,-0.777778,-0.181676,0.000000,0.000000,-1.415895
2565,02 04 10 12 18 38,-0.00339305,0.59756438,1.303501,-1.172495,-0.500000,1.375547,0.000000,0.000000,0.112887
2566,01 02 06 08 09 24,-0.00341818,0.45512832,0.217250,0.940550,1.166667,-1.349593,0.000000,0.000000,-0.133320
2567,01 08 09 13 18 22,-0.00345662,0.45054665,0.624594,0.544256,-0.500000,-0.960287,0.000000,0.000000,0.335352
2568,01 07 18 22 24 38,-0.00345869,0.51390311,0.896157,-0.428798,-0.222222,0.077861,0.000000,0.000000,1.210117
2569,01 07 13 18 22 38,-0.00346263,0.48129234,0.624594,-0.482233,-1.055556,0.207630,0.000000,0.000000,1.001353
2570,01 04 08 09 10 12,-0.00347196,0.47765797,0.081469,0.559432,-0.222222,-0.181676,0.000000,0.000000,-2.479616
2571,01 02 06 07 24 38,-0.00349062,0.48587400,0.217250,-0.085938,0.611111,-0.181676,0.000000,0.000000,0.522840
2572,02 04 08 09 18 38,-0.00349991,0.54886969,1.303501,-0.139967,0.055556,-0.051907,0.000000,0.000000,0.316045
2573,01 04 07 08 14 18,-0.00351418,0.52436680,0.896157,-0.276315,-1.055556,0.467167,0.000000,0.000000,-0.879167
2574,07 09 10 13 18 24,-0.00351749,0.52222657,-0.461657,-0.557503,2.555556,0.467167,0.000000,0.000000,0.429718
2575,07 08 12 13 18 24,-0.00351885,0.57913765,1.167720,-0.432214,0.888889,0.337398,0.000000,0.000000,0.303103
2576,04 06 09 18 22 38,-0.00353378,0.41364241,0.217250,0.104408,-1.333333,-0.570982,0.000000,0.000000,1.001096
2577,01 06 10 18 22 24,-0.00355457,0.49721174,1.031938,0.086975,-0.500000,-0.441213,0.000000,0.000000,0.622190
2578,04 06 07 12 22 38,-0.00358705,0.39372920,-0.597438,-0.551818,-1.611111,0.337398,0.000000,0.000000,0.849944
2579,04 08 09 14 18 38,-0.00360853,0.46420553,0.896157,0.383124,-0.777778,-0.830519,0.000000,0.000000,0.606164
2580,02 04 07 09 12 22,-0.00367475,0.41083973,-2.226814,-1.266310,0.888889,1.505315,0.000000,0.000000,0.051004
2581,01 07 08 12 13 22,-0.00370339,0.43063345,-0.190094,-0.111970,-0.777778,-0.051907,0.000000,0.000000,0.155532
2582,01 02 07 08 10 24,-0.00371622,0.55972293,0.488813,-0.360005,1.722222,0.337398,0.000000,0.000000,-0.062388
2583,01 09 10 12 13 38,-0.00372511,0.41777669,-0.325875,0.432693,0.055556,-0.700750,0.000000,0.000000,-0.098935
2584,02 09 12 13 14 22,-0.00373878,0.34576693,-2.226814,-0.327344,0.611111,0.207630,0.000000,0.000000,0.239187
2585,01 07 14 18 22 24,-0.00374210,0.46451199,-0.190094,-0.552007,0.055556,0.337398,0.000000,0.000000,0.827853
2586,02 04 06 07 14 38,-0.00383029,0.43433782,-0.733219,-0.502893,-0.500000,0.596935,0.000000,0.000000,-0.327926
2587,01 06 07 10 22 24,-0.00384607,0.42449565,-0.597438,-0.115631,0.333333,-0.181676,0.000000,0.000000,0.608443
2588,02 06 09 13 22 38,-0.00387791,0.36051767,-1.004782,0.317678,0.055556,-0.830519,0.000000,0.000000,0.871010
2589,01 02 08 09 13 14,-0.00387913,0.42990920,-0.597438,0.858139,0.611111,-0.700750,0.000000,0.000000,-2.102876
2590,02 04 08 12 18 38,-0.00390515,0.60167258,2.118189,-0.593587,-1.055556,0.596935,0.000000,0.000000,0.083306
2591,01 06 08 18 22 24,-0.00390914,0.50131993,1.846627,0.665883,-1.055556,-1.219824,0.000000,0.000000,0.615948
2592,01 04 06 07 10 14,-0.00394086,0.42437216,-0.869001,-0.068453,-0.777778,0.467167,0.000000,0.000000,-1.910309
2593,02 04 09 12 18 22,-0.00394739,0.48355582,-0.597438,-1.063705,0.055556,1.245778,0.000000,0.000000,-0.018829
2594,07 10 13 14 22 38,-0.00396053,0.38044813,-1.140563,-0.459787,-0.222222,0.077861,0.000000,0.000000,1.280069
2595,01 06 08 12 13 38,-0.00396393,0.44004740,1.439282,1.079795,-1.888889,-1.609130,0.000000,0.000000,0.051431
2596,01 02 07 12 13 38,-0.00400044,0.48790361,-0.190094,-0.661186,0.055556,0.726704,0.000000,0.000000,-0.073032
2597,02 04 06 08 12 38,-0.00403471,0.50578613,1.167720,0.193185,-1.333333,-0.181676,0.000000,0.000000,-0.857528
2598,04 10 12 14 18 38,-0.00405731,0.51290022,0.896157,-0.649405,-1.333333,0.596935,0.000000,0.000000,0.320685
2599,02 06 09 22 24 38,-0.00405732,0.39312844,-0.733219,0.371113,0.888889,-0.960287,0.000000,0.000000,1.052611
2600,02 07 08 13 22 38,-0.00411159,0.46922048,0.081469,-0.403969,0.055556,0.077861,0.000000,0.000000,0.997767
2601,01 04 06 07 18 38,-0.00411547,0.50638797,1.167720,-0.352643,-1.611111,0.207630,0.000000,0.000000,0.301188
2602,01 07 12 13 14 38,-0.00411875,0.40323945,-0.597438,-0.138096,-0.777778,-0.051907,0.000000,0.000000,0.215651
2603,06 12 13 14 22 38,-0.00414202,0.32865640,-0.597438,0.387148,-1.888889,-0.960287,0.000000,0.000000,0.965391
2604,04 06 12 18 22 38,-0.00417709,0.46644529,1.031938,-0.349212,-2.444444,0.077861,0.000000,0.000000,0.733086
2605,02 04 06 09 10 38,-0.00422682,0.44887506,-0.461657,0.067896,0.333333,-0.051907,0.000000,0.000000,-0.759578
2606,01 02 06 07 14 24,-0.00423634,0.43648289,-0.869001,-0.209147,0.888889,0.077861,0.000000,0.000000,0.072082
2607,04 08 12 14 18 38,-0.00430636,0.51700842,1.710845,-0.070496,-1.888889,-0.181676,0.000000,0.000000,0.330077
2608,01 02 04 07 08 18,-0.00433215,0.60903096,1.303501,-0.799406,-0.222222,1.245778,0.000000,0.000000,-1.306563
2609,01 04 07 10 14 18,-0.00446569,0.52025860,0.081469,-0.855224,-0.500000,1.245778,0.000000,0.000000,-1.066424
2610,06 07 10 13 18 24,-0.00448045,0.54038908,0.488813,-0.489310,1.166667,0.337398,0.000000,0.000000,0.426509
2611,02 07 10 13 22 38,-0.00448204,0.46511229,-0.733219,-0.982877,0.611111,0.856472,0.000000,0.000000,0.896595
2612,01 04 06 07 09 38,-0.00450428,0.39233902,-0.733219,0.365935,-0.500000,-0.441213,0.000000,0.000000,-0.817514
2613,01 04 06 08 10 18,-0.00453155,0.55706655,2.118189,0.362667,-1.611111,-0.311445,0.000000,0.000000,-1.263340
2614,01 07 09 10 13 22,-0.00453706,0.37372237,-1.819470,-0.237259,0.888889,0.077861,0.000000,0.000000,0.158434
2615,04 07 08 18 22 38,-0.00453933,0.52234522,1.303501,-0.617239,-1.333333,0.337398,0.000000,0.000000,1.013498
2616,01 04 09 10 12 18,-0.00454044,0.50617446,0.217250,-0.426877,-0.222222,0.596935,0.000000,0.000000,-0.787114
2617,01 06 09 10 13 38,-0.00454909,0.38313632,-0.190094,0.954506,-0.222222,-1.479361,0.000000,0.000000,0.091150
2618,01 02 06 08 13 14,-0.00455633,0.44807172,0.353032,0.926332,-0.777778,-0.830519,0.000000,0.000000,-2.063747
2619,02 04 06 08 18 22,-0.00456653,0.53444790,1.303501,-0.274162,-1.333333,0.337398,0.000000,0.000000,-0.588100
2620,04 06 09 12 14 38,-0.00459458,0.33558952,-1.004782,0.448545,-1.055556,-0.830519,0.000000,0.000000,0.155440
2621,02 10 13 18 22 38,-0.00461373,0.53782838,0.896157,-0.780272,-0.222222,0.596935,0.000000,0.000000,0.847643
2622,04 06 08 09 10 22,-0.00462164,0.39160489,-0.461657,0.617112,-0.500000,-0.830519,0.000000,0.000000,-0.633517
2623,01 02 07 13 18 22,-0.00465778,0.51656538,-0.054313,-1.128533,0.055556,1.245778,0.000000,0.000000,0.177801
2624,04 06 08 10 12 22,-0.00466072,0.44440778,0.353032,0.163492,-1.611111,-0.181676,0.000000,0.000000,-0.812009
2625,01 07 08 09 22 24,-0.00467331,0.41044133,-0.733219,0.395085,1.166667,-0.830519,0.000000,0.000000,0.392717
2626,06 08 10 13 22 38,-0.00473061,0.41725607,0.896157,0.758104,-1.333333,-1.479361,0.000000,0.000000,0.978822
2627,01 02 04 06 09 12,-0.00474722,0.43908208,-0.869001,0.187199,-0.222222,0.337398,0.000000,0.000000,-2.763233
2628,02 07 10 22 24 38,-0.00475305,0.49772306,-0.461657,-0.929443,1.444444,0.726704,0.000000,0.000000,1.064623
2629,07 08 09 13 18 24,-0.00479776,0.52633477,0.353032,0.021406,2.000000,-0.311445,0.000000,0.000000,0.286331
2630,02 06 12 22 24 38,-0.00479916,0.44593133,0.081469,-0.082507,-0.222222,-0.311445,0.000000,0.000000,0.770003
2631,04 07 09 12 14 22,-0.00480890,0.32617557,-2.634158,-0.743220,0.055556,0.726704,0.000000,0.000000,0.189189
2632,10 13 14 18 22 38,-0.00483318,0.45316422,0.488813,-0.257181,-1.055556,-0.181676,0.000000,0.000000,1.121343
2633,04 06 08 14 18 22,-0.00484053,0.44978375,0.896157,0.248929,-2.166667,-0.441213,0.000000,0.000000,-0.322482
2634,04 06 10 14 18 22,-0.00485479,0.44567555,0.081469,-0.329980,-1.611111,0.337398,0.000000,0.000000,-0.370885
2635,01 02 06 09 12 24,-0.00488198,0.42239874,-0.733219,0.219200,1.166667,-0.570982,0.000000,0.000000,0.266816
2636,06 09 14 22 24 38,-0.00490910,0.30846428,-1.140563,0.894203,0.055556,-1.738899,0.000000,0.000000,1.232627
2637,08 13 14 18 22 38,-0.00491191,0.45727242,1.303501,0.321727,-1.611111,-0.960287,0.000000,0.000000,1.155968
2638,02 08 13 18 22 38,-0.00496399,0.54193658,1.710845,-0.201363,-0.777778,-0.181676,0.000000,0.000000,0.842041
2639,04 07 10 18 22 38,-0.00499733,0.51823702,0.488813,-1.196148,-0.777778,1.116010,0.000000,0.000000,0.899354
2640,01 02 04 06 08 10,-0.00502807,0.55323592,1.031938,0.597371,-0.777778,0.207630,0.000000,0.000000,-4.257836
2641,02 04 07 14 18 38,-0.00503988,0.53022426,0.217250,-1.289664,-0.222222,1.375547,0.000000,0.000000,0.414510
2642,01 02 04 07 10 12,-0.00511659,0.54367669,-0.597438,-1.113356,0.333333,2.024389,0.000000,0.000000,-2.702868
2643,04 06 07 09 22 38,-0.00513432,0.34092631,-1.412126,-0.098198,-0.500000,-0.311445,0.000000,0.000000,0.793412
2644,01 07 10 12 24 38,-0.00513588,0.49172032,0.217250,-0.435056,0.611111,0.077861,0.000000,0.000000,0.990775
2645,02 08 10 12 13 22,-0.00515271,0.48716949,0.081469,-0.410009,0.055556,0.337398,0.000000,0.000000,-0.042361
2646,02 07 08 22 24 38,-0.00515575,0.50183125,0.353032,-0.350534,0.888889,-0.051907,0.000000,0.000000,1.051252
2647,04 07 10 12 14 38,-0.00517279,0.44018413,-0.733219,-0.852010,-0.500000,0.856472,0.000000,0.000000,0.184865
2648,01 04 08 09 12 18,-0.00517538,0.51028266,1.031938,0.152032,-0.777778,-0.181676,0.000000,0.000000,-0.834892
2649,07 08 13 14 22 38,-0.00519350,0.38455633,-0.325875,0.119122,-0.777778,-0.700750,0.000000,0.000000,1.143690
2650,01 09 10 18 24 38,-0.00519829,0.51163353,1.031938,0.221170,0.888889,-0.830519,0.000000,0.000000,1.124790
2651,01 10 12 18 24 38,-0.00521279,0.56443641,1.846627,-0.232450,-0.222222,-0.181676,0.000000,0.000000,0.949940
2652,02 06 09 14 22 24,-0.00527090,0.34373732,-1.819470,0.247904,1.166667,-0.700750,0.000000,0.000000,0.532539
2653,01 07 13 14 18 22,-0.00527189,0.43190122,-0.461657,-0.605442,-0.777778,0.467167,0.000000,0.000000,0.393030
2654,01 02 10 12 18 24,-0.00529882,0.59970945,1.167720,-0.878750,0.888889,0.856472,0.000000,0.000000,0.290707
2655,01 06 07 10 13 22,-0.00530846,0.39188488,-0.869001,-0.169066,-0.500000,-0.051907,0.000000,0.000000,0.183606
2656,01 02 07 10 12 24,-0.00531436,0.52699336,-0.461657,-1.081355,1.722222,1.116010,0.000000,0.000000,0.317845
2657,02 04 07 08 10 38,-0.00531609,0.55757786,0.624594,-0.653751,0.333333,0.856472,0.000000,0.000000,-0.759578
2658,08 09 10 22 24 38,-0.00532626,0.43170433,0.217250,0.743346,0.888889,-1.479361,0.000000,0.000000,0.959297
2659,01 06 09 12 24 38,-0.00534471,0.38712570,-0.054313,0.865499,0.055556,-1.609130,0.000000,0.000000,0.844748
2660,01 06 08 09 13 38,-0.00536191,0.38724451,0.624594,1.533415,-0.777778,-2.257973,0.000000,0.000000,0.017018
2661,02 08 09 10 13 22,-0.00540010,0.43436660,-0.733219,0.043611,1.166667,-0.311445,0.000000,0.000000,0.093690
2662,04 09 12 14 18 22,-0.00546422,0.39889166,-1.004782,-0.540614,-0.777778,0.467167,0.000000,0.000000,0.062659
2663,02 09 10 13 14 38,-0.00546599,0.40697261,-1.140563,0.017485,1.166667,-0.311445,0.000000,0.000000,0.205584
2664,04 07 09 10 14 38,-0.00546688,0.38738125,-1.547908,-0.398390,0.611111,0.207630,0.000000,0.000000,0.313995
2665,01 06 09 12 14 24,-0.00548495,0.33773459,-1.140563,0.742291,0.333333,-1.349593,0.000000,0.000000,0.483694
2666,01 07 09 13 14 38,-0.00549319,0.35043657,-1.412126,0.315524,0.333333,-0.700750,0.000000,0.000000,0.184725
2667,01 04 06 07 08 14,-0.00550237,0.42848036,-0.054313,0.510456,-1.333333,-0.311445,0.000000,0.000000,-2.095363
2668,01 02 07 09 13 38,-0.00554720,0.43510073,-1.004782,-0.207566,1.166667,0.077861,0.000000,0.000000,-0.129488
2669,08 10 12 22 24 38,-0.00554830,0.48450722,1.031938,0.289725,-0.222222,-0.830519,0.000000,0.000000,0.753699
2670,01 09 12 18 22 24,-0.00555048,0.45042785,-0.054313,-0.123660,0.333333,-0.311445,0.000000,0.000000,0.850322
2671,04 06 09 10 12 22,-0.00558027,0.35887532,-1.412126,-0.104238,-0.500000,-0.051907,0.000000,0.000000,-0.158540
2672,02 08 12 13 14 38,-0.00558196,0.46388369,0.488813,0.142774,-0.500000,-0.441213,0.000000,0.000000,0.061990
2673,02 04 08 09 10 14,-0.00558405,0.46685388,-0.733219,0.144224,0.888889,0.207630,0.000000,0.000000,-2.230092
2674,01 07 08 12 24 38,-0.00558524,0.49582851,1.031938,0.143853,0.055556,-0.700750,0.000000,0.000000,0.970490
2675,07 10 14 22 24 38,-0.00562525,0.41305890,-0.869001,-0.406352,0.611111,-0.051907,0.000000,0.000000,1.241616
2676,01 08 09 18 24 38,-0.00562738,0.51574172,1.846627,0.800079,0.333333,-1.609130,0.000000,0.000000,1.107508
2677,02 06 09 13 14 22,-0.00563769,0.31112656,-2.091033,0.194469,0.333333,-0.570982,0.000000,0.000000,0.270017
2678,04 07 08 12 14 38,-0.00564122,0.44429233,0.081469,-0.273102,-1.055556,0.077861,0.000000,0.000000,0.161754
2679,02 08 10 12 22 24,-0.00564440,0.51978025,0.353032,-0.356574,0.888889,0.207630,0.000000,0.000000,0.092974
2680,02 06 08 14 24 38,-0.00568956,0.46185408,0.896157,0.718022,0.055556,-1.349593,0.000000,0.000000,0.566389
2681,04 06 07 08 14 22,-0.00573901,0.37706765,-0.733219,0.046323,-1.333333,-0.181676,0.000000,0.000000,-0.426154
2682,02 08 09 10 22 24,-0.00575658,0.46697737,-0.461657,0.097046,2.000000,-0.441213,0.000000,0.000000,0.249056
2683,01 10 12 13 18 38,-0.00583381,0.53182564,1.575064,-0.285885,-1.055556,-0.051907,0.000000,0.000000,0.649754
2684,01 06 08 13 18 22,-0.00584210,0.46870917,1.575064,0.612448,-1.888889,-1.090056,0.000000,0.000000,0.121393
2685,02 07 10 14 22 24,-0.00584645,0.44833194,-1.547908,-1.052651,1.722222,0.986241,0.000000,0.000000,0.562357
2686,02 06 12 14 22 24,-0.00587056,0.39654021,-1.004782,-0.205716,0.055556,-0.051907,0.000000,0.000000,0.270995
2687,01 07 08 10 13 38,-0.00589093,0.49183913,0.896157,0.232860,-0.222222,-0.570982,0.000000,0.000000,0.053730
2688,07 08 14 22 24 38,-0.00590187,0.41716709,-0.054313,0.172557,0.055556,-0.830519,0.000000,0.000000,1.246923
2689,02 06 10 14 24 38,-0.00591793,0.45774589,0.081469,0.139113,0.611111,-0.570982,0.000000,0.000000,0.486266
2690,06 12 14 22 24 38,-0.00592953,0.36126717,-0.325875,0.440583,-1.055556,-1.090056,0.000000,0.000000,0.908747
2691,01 02 04 07 08 12,-0.00594816,0.54778489,0.217250,-0.534448,-0.222222,1.245778,0.000000,0.000000,-2.779779
2692,02 08 09 13 14 38,-0.00596747,0.41108080,-0.325875,0.596394,0.611111,-1.090056,0.000000,0.000000,0.177578
2693,01 06 10 13 18 22,-0.00599139,0.46460097,0.760376,0.033540,-1.333333,-0.311445,0.000000,0.000000,0.052987
2694,06 07 08 13 18 24,-0.00600093,0.54449728,1.303501,0.089599,0.611111,-0.441213,0.000000,0.000000,0.247536
2695,02 04 06 09 12 38,-0.00602537,0.42025368,-0.597438,-0.074546,-0.222222,-0.051907,0.000000,0.000000,-0.362748
2696,01 07 08 09 13 22,-0.00603564,0.37783056,-1.004782,0.341650,0.333333,-0.700750,0.000000,0.000000,-0.017296
2697,02 06 12 13 14 22,-0.00606406,0.36392944,-1.276345,-0.259151,-0.777778,0.077861,0.000000,0.000000,0.034148
2698,01 08 12 13 18 38,-0.00609376,0.53593384,2.389752,0.293024,-1.611111,-0.830519,0.000000,0.000000,0.657531
2699,01 08 09 10 12 24,-0.00610803,0.46097463,0.217250,0.591433,1.166667,-1.090056,0.000000,0.000000,0.179856
2700,01 07 10 12 14 24,-0.00613712,0.44232920,-0.869001,-0.558265,0.888889,0.337398,0.000000,0.000000,0.502162
2701,01 02 07 18 24 38,-0.00616542,0.58176045,1.167720,-0.872710,0.888889,0.596935,0.000000,0.000000,1.048200
2702,02 07 10 13 14 22,-0.00617643,0.41572117,-1.819470,-1.106086,0.888889,1.116010,0.000000,0.000000,0.305290
2703,02 10 13 14 18 22,-0.00619003,0.48843726,-0.190094,-0.903481,0.055556,0.856472,0.000000,0.000000,0.273833
2704,02 10 12 13 14 38,-0.00624023,0.45977549,-0.325875,-0.436135,0.055556,0.337398,0.000000,0.000000,-0.081823
2705,01 10 12 14 18 24,-0.00625770,0.51504529,0.760376,-0.355659,0.055556,0.077861,0.000000,0.000000,0.454857
2706,02 09 12 14 24 38,-0.00626854,0.41096200,-1.004782,-0.071521,1.444444,-0.441213,0.000000,0.000000,0.958156
2707,04 06 08 09 12 22,-0.00631096,0.36298351,-0.597438,0.474671,-1.055556,-0.830519,0.000000,0.000000,-0.220505
2708,01 08 12 18 24 38,-0.00636915,0.56854461,2.661315,0.346458,-0.777778,-0.960287,0.000000,0.000000,0.824910
2709,02 04 06 07 08 22,-0.00637299,0.46173181,-0.325875,-0.476767,-0.500000,0.596935,0.000000,0.000000,-0.826291
2710,02 04 07 10 12 38,-0.00638380,0.52484829,-0.325875,-1.375101,0.333333,1.635084,0.000000,0.000000,-0.300761
2711,01 02 04 06 09 10,-0.00638892,0.46770346,-0.733219,0.329640,0.333333,0.337398,0.000000,0.000000,-3.669747
2712,01 07 09 10 24 38,-0.00639461,0.43891743,-0.597438,0.018564,1.722222,-0.570982,0.000000,0.000000,0.976992
2713,01 02 08 12 18 24,-0.00640267,0.60381765,1.982408,-0.299841,0.333333,0.077861,0.000000,0.000000,0.173458
2714,04 06 10 14 18 38,-0.00640661,0.47825985,1.031938,-0.127592,-1.611111,-0.181676,0.000000,0.000000,0.284788
2715,02 10 18 22 24 38,-0.00641565,0.57043915,1.167720,-0.726837,0.611111,0.467167,0.000000,0.000000,0.788863
2716,02 07 08 14 22 24,-0.00642412,0.45244013,-0.733219,-0.473743,1.166667,0.207630,0.000000,0.000000,0.523063
2717,01 09 10 14 18 24,-0.00646551,0.46224241,-0.054313,0.097961,1.166667,-0.570982,0.000000,0.000000,0.596771
2718,01 07 09 12 22 24,-0.00650925,0.37771176,-1.683689,-0.326265,1.166667,-0.051907,0.000000,0.000000,0.737719
2719,01 06 07 08 22 24,-0.00651554,0.42860384,0.217250,0.463278,-0.222222,-0.960287,0.000000,0.000000,0.259243
2720,02 04 06 10 18 38,-0.00655840,0.56292401,1.439282,-0.650682,-0.777778,0.596935,0.000000,0.000000,-0.043911
2721,01 02 09 10 18 24,-0.00659287,0.54690657,0.353032,-0.425130,2.000000,0.207630,0.000000,0.000000,0.271691
2722,04 08 09 10 12 38,-0.00660051,0.45882956,0.353032,0.297687,-0.222222,-0.570982,0.000000,0.000000,-0.353272
2723,01 07 08 12 14 24,-0.00665187,0.44643740,-0.054313,0.020644,0.333333,-0.441213,0.000000,0.000000,0.472189
2724,02 04 06 09 18 22,-0.00667794,0.44891545,-0.461657,-0.541892,-0.222222,0.467167,0.000000,0.000000,-0.111208
2725,02 10 14 18 22 24,-0.00671109,0.52104803,0.081469,-0.850046,0.888889,0.726704,0.000000,0.000000,0.404817
2726,02 08 18 22 24 38,-0.00673594,0.57454734,1.982408,-0.147928,0.055556,-0.311445,0.000000,0.000000,0.787701
2727,04 07 08 10 12 22,-0.00680184,0.46757813,-0.325875,-0.825885,-0.500000,0.856472,0.000000,0.000000,-0.178141
2728,01 04 07 09 12 14,-0.00681340,0.37758827,-1.955252,-0.279087,0.055556,0.596935,0.000000,0.000000,-1.812052
2729,01 09 10 13 18 38,-0.00684666,0.47902276,0.760376,0.167735,0.055556,-0.700750,0.000000,0.000000,0.672398
2730,01 09 12 13 18 22,-0.00684837,0.41781708,-0.325875,-0.177095,-0.500000,-0.181676,0.000000,0.000000,0.449855
2731,02 06 10 13 14 38,-0.00684862,0.42513512,-0.190094,0.085678,-0.222222,-0.441213,0.000000,0.000000,0.140202
2732,01 02 07 08 12 24,-0.00685668,0.53110155,0.353032,-0.502446,1.166667,0.337398,0.000000,0.000000,0.135635
2733,01 02 09 12 13 14,-0.00686343,0.39717963,-1.547908,0.136788,0.611111,0.077861,0.000000,0.000000,-1.928008
2734,04 07 08 09 14 38,-0.00691097,0.39148944,-0.733219,0.180518,0.055556,-0.570982,0.000000,0.000000,0.146338
2735,02 04 07 08 12 38,-0.00695341,0.52895648,0.488813,-0.796192,-0.222222,0.856472,0.000000,0.000000,-0.338862
2736,01 06 07 08 13 22,-0.00696288,0.39599307,-0.054313,0.409843,-1.055556,-0.830519,0.000000,0.000000,-0.015213
2737,01 08 12 14 18 24,-0.00698782,0.51915349,1.575064,0.223249,-0.500000,-0.700750,0.000000,0.000000,0.392977
2738,02 04 09 12 18 38,-0.00699992,0.51614012,0.353032,-0.861317,0.055556,0.726704,0.000000,0.000000,0.414510
2739,01 02 09 13 14 18,-0.00702719,0.45842570,-0.461657,-0.128170,0.611111,0.077861,0.000000,0.000000,-0.718469
2740,01 06 07 13 14 38,-0.00702721,0.36859908,-0.461657,0.383717,-1.055556,-0.830519,0.000000,0.000000,0.096914
2741,02 04 07 10 18 22,-0.00707855,0.55351006,-0.190094,-1.842447,0.333333,2.154158,0.000000,0.000000,-0.055471
2742,04 06 08 14 18 38,-0.00711553,0.48236805,1.846627,0.451317,-2.166667,-0.960287,0.000000,0.000000,0.226050
2743,01 02 08 09 18 24,-0.00713113,0.55101476,1.167720,0.153779,1.444444,-0.570982,0.000000,0.000000,0.238236
2744,04 08 09 10 18 22,-0.00714639,0.48749134,0.488813,-0.169659,-0.222222,-0.051907,0.000000,0.000000,-0.085927
2745,02 08 13 14 18 22,-0.00715111,0.49254546,0.624594,-0.324572,-0.500000,0.077861,0.000000,0.000000,0.177737
2746,01 02 04 07 12 18,-0.00715187,0.57630138,0.353032,-1.520756,-0.222222,2.024389,0.000000,0.000000,-1.107310
2747,01 04 06 09 10 18,-0.00720262,0.47153409,0.353032,0.094937,-0.500000,-0.181676,0.000000,0.000000,-0.869365
2748,01 08 09 14 18 24,-0.00723243,0.46635060,0.760376,0.676870,0.611111,-1.349593,0.000000,0.000000,0.529439
2749,02 06 08 10 13 22,-0.00728643,0.45252911,0.217250,0.111804,-0.222222,-0.441213,0.000000,0.000000,-0.046318
2750,01 04 07 12 14 18,-0.00728826,0.49163722,-0.054313,-0.997665,-1.055556,1.245778,0.000000,0.000000,-0.821307
2751,01 02 04 07 08 10,-0.00729109,0.57640627,0.353032,-0.392006,0.333333,1.245778,0.000000,0.000000,-3.642029
2752,01 02 08 10 13 18,-0.00730769,0.59982826,1.846627,-0.210834,0.055556,0.207630,0.000000,0.000000,-0.832096
2753,02 04 08 10 14 18,-0.00731944,0.58090284,1.167720,-0.574354,-0.222222,0.856472,0.000000,0.000000,-1.426099
2754,08 09 12 13 22 38,-0.00732985,0.37047218,-0.190094,0.547469,-0.500000,-1.349593,0.000000,0.000000,1.117569
2755,01 08 09 13 18 38,-0.00733997,0.48313095,1.575064,0.746644,-0.500000,-1.479361,0.000000,0.000000,0.645602
2756,01 07 09 10 14 24,-0.00737366,0.38952632,-1.683689,-0.104645,2.000000,-0.311445,0.000000,0.000000,0.491667
2757,01 02 06 07 13 38,-0.00737899,0.45326324,-0.054313,-0.139373,-0.222222,-0.051907,0.000000,0.000000,-0.261414
2758,02 04 06 07 12 22,-0.00742996,0.42900224,-1.276345,-1.198117,-0.500000,1.375547,0.000000,0.000000,-0.365882
2759,02 04 08 10 12 14,-0.00744442,0.51965677,0.081469,-0.309396,-0.222222,0.856472,0.000000,0.000000,-2.678413
2760,04 08 10 12 18 22,-0.00746056,0.54029422,1.303501,-0.623279,-1.333333,0.596935,0.000000,0.000000,-0.305174
2761,02 04 07 08 18 22,-0.00747161,0.55761826,0.624594,-1.263538,-0.222222,1.375547,0.000000,0.000000,-0.067415
2762,01 04 06 10 12 18,-0.00751796,0.52433697,1.167720,-0.358684,-1.611111,0.467167,0.000000,0.000000,-1.088784
2763,01 08 10 13 14 18,-0.00753498,0.51516410,1.439282,0.312256,-0.777778,-0.570982,0.000000,0.000000,-0.559558
2764,04 09 12 14 18 38,-0.00753608,0.43147596,-0.054313,-0.338226,-0.777778,-0.051907,0.000000,0.000000,0.641287
2765,02 06 08 13 14 38,-0.00759030,0.42924331,0.624594,0.664587,-0.777778,-1.219824,0.000000,0.000000,0.076609
2766,02 08 14 18 22 24,-0.00764219,0.52515622,0.896157,-0.271137,0.333333,-0.051907,0.000000,0.000000,0.313161
2767,02 04 06 12 18 22,-0.00766271,0.50171833,0.353032,-0.995512,-1.333333,1.116010,0.000000,0.000000,-0.429806
2768,07 09 12 13 18 24,-0.00771298,0.49360519,-0.597438,-0.699945,2.000000,0.467167,0.000000,0.000000,0.471433
2769,02 04 06 08 09 38,-0.00771951,0.45298325,0.353032,0.646805,-0.222222,-0.830519,0.000000,0.000000,-1.230741
2770,02 07 08 13 14 22,-0.00772415,0.41982936,-1.004782,-0.527178,0.333333,0.337398,0.000000,0.000000,0.122279
2771,02 07 12 13 22 38,-0.00774017,0.43649091,-0.869001,-1.125319,0.055556,0.856472,0.000000,0.000000,1.077183
2772,06 08 10 22 24 38,-0.00780229,0.44986684,1.167720,0.811539,-0.500000,-1.609130,0.000000,0.000000,0.731923
2773,10 14 18 22 24 38,-0.00782552,0.48577499,0.760376,-0.203747,-0.222222,-0.311445,0.000000,0.000000,0.886198
2774,01 02 12 13 14 18,-0.00782747,0.51122858,0.353032,-0.581790,-0.500000,0.726704,0.000000,0.000000,-1.009735
2775,08 14 18 22 24 38,-0.00787428,0.48988319,1.575064,0.375162,-0.777778,-1.090056,0.000000,0.000000,0.925263
2776,08 09 12 22 24 38,-0.00791494,0.40308295,0.081469,0.600904,0.333333,-1.479361,0.000000,0.000000,1.239067
2777,01 06 09 18 22 24,-0.00792797,0.41578748,0.081469,0.398153,0.055556,-1.090056,0.000000,0.000000,0.810250
2778,01 06 07 10 24 38,-0.00792863,0.45707995,0.353032,0.086757,0.333333,-0.700750,0.000000,0.000000,0.889181
2779,01 07 08 09 24 38,-0.00796194,0.44302563,0.217250,0.597473,1.166667,-1.349593,0.000000,0.000000,0.791076
2780,01 06 08 10 12 24,-0.00799436,0.47913714,1.167720,0.659626,-0.222222,-1.219824,0.000000,0.000000,0.039848
2781,04 06 07 10 14 38,-0.00802275,0.40554376,-0.597438,-0.330197,-0.777778,0.077861,0.000000,0.000000,0.074794
2782,01 06 07 12 22 24,-0.00803214,0.39587427,-0.733219,-0.258072,-0.222222,-0.181676,0.000000,0.000000,0.651556
2783,01 02 07 13 18 38,-0.00806637,0.54914968,0.896157,-0.926144,0.055556,0.726704,0.000000,0.000000,0.558388
2784,01 06 08 18 24 38,-0.00808514,0.53390423,2.797096,0.868271,-1.055556,-1.738899,0.000000,0.000000,0.882841
2785,01 02 07 14 18 24,-0.00808682,0.53236933,0.081469,-0.995918,1.166667,0.856472,0.000000,0.000000,0.423263
2786,02 12 13 18 22 38,-0.00809110,0.50920700,0.760376,-0.922713,-0.777778,0.596935,0.000000,0.000000,0.995751
2787,09 10 12 13 22 38,-0.00811341,0.36636399,-1.004782,-0.031440,0.055556,-0.570982,0.000000,0.000000,0.955194
2788,04 06 09 14 18 22,-0.00817081,0.36425129,-0.869001,-0.018801,-1.055556,-0.311445,0.000000,0.000000,-0.026171
2789,02 08 09 12 22 24,-0.00817184,0.43835599,-0.597438,-0.045395,1.444444,-0.441213,0.000000,0.000000,0.554520
2790,01 04 06 08 10 12,-0.00820572,0.49582048,1.031938,0.627625,-1.611111,-0.311445,0.000000,0.000000,-3.041479
2791,04 06 07 12 14 22,-0.00828003,0.34433808,-1.683689,-0.675027,-1.333333,0.596935,0.000000,0.000000,-0.185612
2792,01 04 07 08 10 18,-0.00829189,0.58023690,1.439282,-0.626710,-0.500000,0.726704,0.000000,0.000000,-0.869365
2793,01 04 06 08 12 18,-0.00832244,0.52844517,1.982408,0.220225,-2.166667,-0.311445,0.000000,0.000000,-1.161681
2794,02 04 06 08 18 38,-0.00833598,0.56703220,2.253971,-0.071774,-1.333333,-0.181676,0.000000,0.000000,-0.260975
2795,01 08 10 12 13 14,-0.00835382,0.45391803,0.353032,0.577214,-0.777778,-0.570982,0.000000,0.000000,-1.914672
2796,01 06 12 18 22 24,-0.00836398,0.46859036,0.896157,-0.055467,-1.055556,-0.441213,0.000000,0.000000,0.572952
2797,01 06 10 18 24 38,-0.00837647,0.52979604,1.982408,0.289363,-0.500000,-0.960287,0.000000,0.000000,0.793390
2798,04 06 12 14 18 22,-0.00839842,0.41705417,-0.054313,-0.472421,-2.166667,0.337398,0.000000,0.000000,-0.232592
2799,01 07 14 18 24 38,-0.00842795,0.49709629,0.760376,-0.349619,0.055556,-0.181676,0.000000,0.000000,1.019211
2800,06 10 12 13 22 38,-0.00845277,0.38452650,-0.054313,0.036753,-1.333333,-0.700750,0.000000,0.000000,1.044374
2801,02 06 08 10 22 24,-0.00847093,0.48513988,0.488813,0.165239,0.611111,-0.570982,0.000000,0.000000,-0.013624
2802,01 02 07 09 10 24,-0.00848180,0.47419047,-1.276345,-0.627735,2.833333,0.467167,0.000000,0.000000,0.021280
2803,01 02 06 10 18 24,-0.00848285,0.56506908,1.303501,-0.356937,0.611111,0.077861,0.000000,0.000000,0.131142
2804,02 08 10 12 24 38,-0.00848437,0.55236455,1.303501,-0.154186,0.888889,-0.311445,0.000000,0.000000,0.557805
2805,08 09 10 14 22 24,-0.00848518,0.38231321,-0.869001,0.620137,1.166667,-1.219824,0.000000,0.000000,0.151017
2806,01 02 07 10 13 14,-0.00854508,0.46713387,-1.140563,-0.641954,0.888889,0.986241,0.000000,0.000000,-1.749901
2807,06 09 10 13 22 38,-0.00855588,0.33172362,-0.869001,0.490374,-0.222222,-1.349593,0.000000,0.000000,1.201799
2808,01 02 04 07 09 18,-0.00860343,0.52349850,-0.461657,-1.067136,0.888889,1.375547,0.000000,0.000000,-1.149663
2809,01 07 09 12 13 22,-0.00862599,0.34510099,-1.955252,-0.379700,0.333333,0.077861,0.000000,0.000000,0.215936
2810,02 08 09 10 24 38,-0.00863389,0.49956167,0.488813,0.299434,2.000000,-0.960287,0.000000,0.000000,0.708355
2811,01 02 06 09 13 14,-0.00866855,0.36253926,-1.412126,0.658601,0.333333,-0.700750,0.000000,0.000000,-1.883282
2812,01 06 09 12 13 38,-0.00867889,0.35451494,-0.325875,0.812065,-0.777778,-1.479361,0.000000,0.000000,0.142598
2813,02 09 10 12 22 24,-0.00869110,0.43424780,-1.412126,-0.624304,2.000000,0.337398,0.000000,0.000000,0.431300
2814,01 04 06 08 09 18,-0.00871939,0.47564228,1.167720,0.673845,-1.055556,-0.960287,0.000000,0.000000,-1.047788
2815,09 10 12 22 24 38,-0.00872846,0.39897476,-0.733219,0.021995,0.888889,-0.700750,0.000000,0.000000,1.072252
2816,01 07 10 18 22 24,-0.00872880,0.52038209,0.353032,-0.902402,0.611111,0.596935,0.000000,0.000000,0.806692
2817,04 07 09 18 22 38,-0.00872981,0.43681276,-0.461657,-0.884969,-0.222222,0.467167,0.000000,0.000000,1.182369
2818,01 04 07 09 14 18,-0.00879671,0.43883434,-0.869001,-0.544045,0.055556,0.596935,0.000000,0.000000,-0.872086
2819,06 08 12 13 22 38,-0.00880848,0.38863469,0.760376,0.615662,-1.888889,-1.479361,0.000000,0.000000,1.037964
2820,01 06 12 13 18 22,-0.00883386,0.43597959,0.624594,-0.108902,-1.888889,-0.311445,0.000000,0.000000,0.295157
2821,04 07 08 14 18 22,-0.00884804,0.47295410,0.217250,-0.740448,-1.055556,0.596935,0.000000,0.000000,0.034874
2822,01 04 06 07 12 14,-0.00885497,0.39575078,-1.004782,-0.210894,-1.333333,0.467167,0.000000,0.000000,-1.975059
2823,01 07 08 09 14 24,-0.00886406,0.39363451,-0.869001,0.474264,1.444444,-1.090056,0.000000,0.000000,0.317148
2824,08 09 10 14 24 38,-0.00887016,0.41489751,0.081469,0.822525,1.166667,-1.738899,0.000000,0.000000,0.979561
2825,04 06 07 09 14 22,-0.00887872,0.29153520,-2.498377,-0.221407,-0.222222,-0.051907,0.000000,0.000000,-0.101609
2826,01 02 06 13 14 18,-0.00889662,0.47658821,0.488813,-0.059977,-0.777778,-0.051907,0.000000,0.000000,-0.855973
2827,01 07 08 18 22 24,-0.00891943,0.52449028,1.167720,-0.323493,0.055556,-0.181676,0.000000,0.000000,0.824740
2828,01 07 13 14 18 38,-0.00894204,0.46448552,0.488813,-0.403054,-0.777778,-0.051907,0.000000,0.000000,0.734866
2829,01 06 08 13 18 38,-0.00900396,0.50129346,2.525533,0.814837,-1.888889,-1.609130,0.000000,0.000000,0.538535
2830,01 06 07 10 14 24,-0.00900576,0.40768883,-0.733219,-0.036452,0.611111,-0.441213,0.000000,0.000000,0.389324
2831,01 06 08 09 10 24,-0.00905368,0.42633426,0.353032,1.113246,0.888889,-1.868667,0.000000,0.000000,0.055609
2832,01 02 06 08 18 24,-0.00905628,0.56917727,2.118189,0.221972,0.055556,-0.700750,0.000000,0.000000,0.092476
2833,02 09 13 18 22 38,-0.00907621,0.45640412,-0.054313,-0.469093,0.333333,-0.051907,0.000000,0.000000,1.022506
2834,01 02 06 12 13 14,-0.00907832,0.41534214,-0.597438,0.204981,-0.777778,-0.051907,0.000000,0.000000,-2.116691
2835,02 04 08 09 12 14,-0.00911101,0.43823250,-0.869001,0.001783,0.333333,0.207630,0.000000,0.000000,-2.089331
2836,09 13 14 18 22 38,-0.00912490,0.37173996,-0.461657,0.053997,-0.500000,-0.830519,0.000000,0.000000,1.321504
2837,02 07 09 13 22 38,-0.00913126,0.38368802,-1.683689,-0.671699,1.166667,0.207630,0.000000,0.000000,1.043791
2838,02 07 12 22 24 38,-0.00913177,0.46910168,-0.597438,-1.071884,0.888889,0.726704,0.000000,0.000000,1.079195
2839,06 08 09 13 22 38,-0.00914494,0.33583181,-0.054313,1.069282,-0.777778,-2.128204,0.000000,0.000000,1.160817
2840,01 06 10 13 18 38,-0.00919684,0.49718527,1.710845,0.235928,-1.333333,-0.830519,0.000000,0.000000,0.463670
2841,02 04 07 09 10 38,-0.00923186,0.47204541,-1.140563,-0.921481,1.444444,0.986241,0.000000,0.000000,-0.550010
2842,01 02 10 14 22 38,-0.00927592,0.40512812,-0.325875,-0.327413,-0.777778,-0.181676,0.000000,0.000000,0.790178
2843,07 12 13 14 22 38,-0.00929340,0.35182675,-1.276345,-0.602228,-0.777778,0.077861,0.000000,0.000000,1.153279
2844,04 07 12 18 22 38,-0.00931036,0.48961564,0.353032,-1.338589,-1.333333,1.116010,0.000000,0.000000,0.923657
2845,02 06 12 14 24 38,-0.00935644,0.42912451,-0.054313,-0.003328,0.055556,-0.570982,0.000000,0.000000,0.640133
2846,01 06 08 10 13 14,-0.00936443,0.41927766,0.488813,1.099027,-1.055556,-1.349593,0.000000,0.000000,-1.752237
2847,01 07 10 12 13 38,-0.00936648,0.45910955,-0.054313,-0.488491,-0.222222,0.207630,0.000000,0.000000,0.155818
2848,02 07 09 22 24 38,-0.00937907,0.41629879,-1.412126,-0.618264,2.000000,0.077861,0.000000,0.000000,1.215257
2849,07 09 13 14 22 38,-0.00941488,0.29902387,-2.091033,-0.148608,0.333333,-0.570982,0.000000,0.000000,1.307983
2850,01 02 06 07 10 24,-0.00944420,0.49235299,-0.325875,-0.559542,1.444444,0.337398,0.000000,0.000000,0.018157
2851,04 07 08 09 10 22,-0.00948440,0.41477524,-1.140563,-0.372264,0.611111,0.207630,0.000000,0.000000,-0.402869
2852,02 08 09 12 13 22,-0.00949448,0.40574522,-0.869001,-0.098830,0.611111,-0.311445,0.000000,0.000000,0.150385
2853,01 02 08 10 12 13,-0.00950945,0.53858219,0.760376,0.054124,0.055556,0.207630,0.000000,0.000000,-2.392092
2854,01 08 09 10 13 14,-0.00951095,0.40111515,-0.461657,1.030834,0.333333,-1.219824,0.000000,0.000000,-1.913402
2855,06 07 12 13 18 24,-0.00955322,0.51176770,0.353032,-0.631752,0.611111,0.337398,0.000000,0.000000,0.338255
2856,02 04 06 07 09 22,-0.00956222,0.37619935,-2.091033,-0.744497,0.611111,0.726704,0.000000,0.000000,-0.509082
2857,02 06 09 14 24 38,-0.00961776,0.37632162,-0.869001,0.450292,1.166667,-1.219824,0.000000,0.000000,0.774118
2858,02 09 12 13 14 38,-0.00967511,0.37835123,-1.276345,-0.124956,0.611111,-0.311445,0.000000,0.000000,0.245282
2859,07 08 10 13 22 38,-0.00970987,0.44042642,0.217250,-0.231273,-0.222222,-0.441213,0.000000,0.000000,1.192210
2860,04 07 09 12 14 38,-0.00977154,0.35875987,-1.683689,-0.540832,0.055556,0.207630,0.000000,0.000000,0.339539
2861,04 08 10 12 18 38,-0.00977916,0.57287852,2.253971,-0.420891,-1.333333,0.077861,0.000000,0.000000,0.236899
2862,02 04 09 10 14 18,-0.00979282,0.49537038,-0.597438,-0.842084,0.888889,0.986241,0.000000,0.000000,-1.002833
2863,06 09 10 22 24 38,-0.00984320,0.36433438,-0.597438,0.543808,0.611111,-1.479361,0.000000,0.000000,1.219260
2864,02 07 08 14 24 38,-0.00984460,0.48502443,0.217250,-0.271355,1.166667,-0.311445,0.000000,0.000000,0.901889
2865,01 06 07 08 24 38,-0.00984946,0.46118814,1.167720,0.665666,-0.222222,-1.479361,0.000000,0.000000,0.650892
2866,01 02 08 14 22 38,-0.00987273,0.40923632,0.488813,0.251495,-1.333333,-0.960287,0.000000,0.000000,0.748048
2867,06 08 10 13 14 22,-0.00988732,0.36786496,-0.190094,0.634895,-1.055556,-1.219824,0.000000,0.000000,-0.125436
2868,02 04 09 10 12 14,-0.00990962,0.43412431,-1.683689,-0.577126,0.888889,0.986241,0.000000,0.000000,-2.253937
2869,02 08 09 10 14 24,-0.00993539,0.45017055,-0.597438,0.176225,2.277778,-0.700750,0.000000,0.000000,0.175257
2870,01 04 06 09 10 12,-0.00994223,0.41028802,-0.733219,0.359895,-0.500000,-0.181676,0.000000,0.000000,-2.509045
2871,04 08 09 10 18 38,-0.00994502,0.52007563,1.439282,0.032729,-0.222222,-0.570982,0.000000,0.000000,0.385027
2872,04 07 10 14 18 22,-0.00995264,0.46884590,-0.597438,-1.319356,-0.500000,1.375547,0.000000,0.000000,-0.175066
2873,02 09 10 12 13 22,-0.00998378,0.40163703,-1.683689,-0.677739,1.166667,0.467167,0.000000,0.000000,0.031605
2874,08 10 13 18 22 38,-0.00998685,0.51314252,1.846627,-0.028667,-1.055556,-0.700750,0.000000,0.000000,1.121733
2875,02 09 18 22 24 38,-0.00999018,0.48901488,0.217250,-0.415658,1.166667,-0.181676,0.000000,0.000000,1.095279
2876,01 04 06 07 09 14,-0.00999500,0.34294790,-1.819470,0.242726,-0.222222,-0.181676,0.000000,0.000000,-1.971257
2877,08 10 12 14 24 38,-0.00999659,0.46770040,0.896157,0.368905,0.055556,-1.090056,0.000000,0.000000,0.639976
2878,01 02 09 12 18 24,-0.01004686,0.51828519,0.217250,-0.567571,1.444444,0.207630,0.000000,0.000000,0.423263
2879,02 10 13 14 18 38,-0.01004955,0.52102156,0.760376,-0.701093,0.055556,0.337398,0.000000,0.000000,0.587615
2880,06 07 09 13 18 24,-0.01007513,0.45896482,-0.461657,-0.178132,1.722222,-0.311445,0.000000,0.000000,0.433633
2881,01 04 06 07 14 18,-0.01010872,0.45699685,0.081469,-0.475852,-1.333333,0.467167,0.000000,0.000000,-0.927006
2882,04 06 09 14 18 38,-0.01011189,0.39683559,0.081469,0.183587,-1.055556,-0.830519,0.000000,0.000000,0.571833
2883,01 06 08 14 18 24,-0.01011605,0.48451311,1.710845,0.745063,-0.777778,-1.479361,0.000000,0.000000,0.241680
2884,02 07 12 14 22 24,-0.01017047,0.41971056,-1.683689,-1.195093,1.166667,0.986241,0.000000,0.000000,0.585031
2885,07 09 14 22 24 38,-0.01019166,0.33163463,-1.819470,-0.095173,1.166667,-0.700750,0.000000,0.000000,1.401081
2886,07 12 14 22 24 38,-0.01022293,0.38443752,-1.004782,-0.548794,0.055556,-0.051907,0.000000,0.000000,1.223747
2887,02 07 10 14 24 38,-0.01023692,0.48091624,-0.597438,-0.850263,1.722222,0.467167,0.000000,0.000000,0.797476
2888,01 06 07 12 13 22,-0.01024727,0.36326350,-1.004782,-0.311507,-1.055556,-0.051907,0.000000,0.000000,0.115197
2889,06 08 10 14 22 24,-0.01028360,0.40047572,0.081469,0.688330,-0.222222,-1.349593,0.000000,0.000000,0.024033
2890,01 06 10 14 18 24,-0.01028720,0.48040492,0.896157,0.166154,-0.222222,-0.700750,0.000000,0.000000,0.170034
2891,02 06 09 10 22 24,-0.01033049,0.39960742,-1.276345,-0.102491,1.722222,-0.441213,0.000000,0.000000,0.500579
2892,02 04 06 09 18 38,-0.01033482,0.48149974,0.488813,-0.339504,-0.222222,-0.051907,0.000000,0.000000,0.232594
2893,02 08 13 14 18 38,-0.01042160,0.52512976,1.575064,-0.122184,-0.500000,-0.441213,0.000000,0.000000,0.578783
2894,01 06 07 09 22 24,-0.01045077,0.34307138,-1.547908,0.195548,0.888889,-0.830519,0.000000,0.000000,0.465929
2895,08 10 12 14 22 24,-0.01047261,0.43511610,-0.054313,0.166517,0.055556,-0.570982,0.000000,0.000000,-0.316128
2896,01 09 12 18 24 38,-0.01048137,0.48301215,0.896157,0.078728,0.333333,-0.830519,0.000000,0.000000,1.005376
2897,01 02 08 09 10 13,-0.01049896,0.48577930,-0.054313,0.507744,1.166667,-0.441213,0.000000,0.000000,-2.365989
2898,04 09 10 12 18 22,-0.01050181,0.45476176,-0.461657,-0.891009,-0.222222,0.726704,0.000000,0.000000,0.033959
2899,02 06 10 12 13 22,-0.01051358,0.41979954,-0.733219,-0.609546,-0.222222,0.337398,0.000000,0.000000,0.092572
2900,02 04 08 09 14 18,-0.01053985,0.49947857,0.217250,-0.263175,0.333333,0.207630,0.000000,0.000000,-1.067220
2901,01 02 04 07 09 12,-0.01054330,0.46225243,-1.547908,-0.802178,0.888889,1.375547,0.000000,0.000000,-2.670859
2902,04 06 07 08 14 38,-0.01054907,0.40965195,0.217250,0.248711,-1.333333,-0.700750,0.000000,0.000000,-0.253199
2903,02 07 09 14 22 24,-0.01055996,0.36690767,-2.498377,-0.741473,2.277778,0.337398,0.000000,0.000000,0.700029
2904,02 09 14 18 22 24,-0.01056336,0.43962377,-0.869001,-0.538867,1.444444,0.077861,0.000000,0.000000,0.670085
2905,02 06 07 13 22 38,-0.01057506,0.40185054,-0.733219,-0.603506,-0.222222,0.077861,0.000000,0.000000,0.969345
2906,02 04 07 10 18 38,-0.01058931,0.58609436,0.760376,-1.640059,0.333333,1.635084,0.000000,0.000000,0.309978
2907,01 07 09 12 24 38,-0.01059806,0.41029606,-0.733219,-0.123877,1.166667,-0.570982,0.000000,0.000000,1.017529
2908,01 04 06 08 09 12,-0.01061838,0.41439621,0.081469,0.938803,-1.055556,-0.960287,0.000000,0.000000,-2.562930
2909,02 04 06 12 18 38,-0.01064984,0.53430263,1.303501,-0.793124,-1.333333,0.596935,0.000000,0.000000,0.013221
2910,01 06 07 08 14 24,-0.01065201,0.41179702,0.081469,0.542457,0.055556,-1.219824,0.000000,0.000000,0.191716
2911,01 06 09 10 12 24,-0.01071190,0.39360469,-0.597438,0.391896,0.888889,-1.090056,0.000000,0.000000,0.426940
2912,02 04 06 08 10 14,-0.01071211,0.48501640,0.217250,0.212417,-0.500000,0.077861,0.000000,0.000000,-2.850373
2913,12 13 14 18 22 38,-0.01071479,0.42454284,0.353032,-0.399623,-1.611111,-0.181676,0.000000,0.000000,0.913255
2914,04 07 09 10 12 22,-0.01072999,0.38204567,-2.091033,-1.093615,0.611111,0.986241,0.000000,0.000000,0.029595
2915,02 08 10 12 14 24,-0.01073445,0.50297343,0.217250,-0.277395,1.166667,-0.051907,0.000000,0.000000,-0.115828
2916,04 06 12 14 18 38,-0.01076060,0.44963847,0.896157,-0.270033,-2.166667,-0.181676,0.000000,0.000000,0.303022
2917,01 07 08 12 13 38,-0.01077220,0.46321775,0.760376,0.090418,-0.777778,-0.570982,0.000000,0.000000,-0.006155
2918,06 10 12 22 24 38,-0.01082223,0.41713727,0.217250,0.090188,-0.500000,-0.830519,0.000000,0.000000,0.901512
2919,01 09 12 14 18 24,-0.01082230,0.43362103,-0.190094,-0.044481,0.611111,-0.570982,0.000000,0.000000,0.614590
2920,01 02 06 08 10 13,-0.01083839,0.50394181,0.896157,0.575937,-0.222222,-0.570982,0.000000,0.000000,-2.276820
2921,08 10 12 13 14 22,-0.01084869,0.40250533,-0.325875,0.113082,-0.777778,-0.441213,0.000000,0.000000,-0.580026
2922,01 02 07 09 12 24,-0.01085982,0.44556909,-1.412126,-0.770177,2.277778,0.467167,0.000000,0.000000,0.332261
2923,08 09 10 13 14 22,-0.01088049,0.34970244,-1.140563,0.566702,0.333333,-1.090056,0.000000,0.000000,-0.412036
2924,02 12 18 22 24 38,-0.01089033,0.54181777,1.031938,-0.869279,0.055556,0.467167,0.000000,0.000000,0.789218
2925,02 12 14 18 22 24,-0.01091657,0.49242665,-0.054313,-0.992487,0.333333,0.726704,0.000000,0.000000,0.445053
2926,04 08 09 12 18 22,-0.01091984,0.45886996,0.353032,-0.312100,-0.777778,-0.051907,0.000000,0.000000,0.018317
2927,04 06 08 10 18 22,-0.01092375,0.50565385,1.439282,-0.101466,-1.611111,-0.181676,0.000000,0.000000,-0.506096
2928,02 09 13 14 18 22,-0.01093025,0.40701300,-1.140563,-0.592302,0.611111,0.207630,0.000000,0.000000,0.407549
2929,02 06 09 10 13 22,-0.01093036,0.36699665,-1.547908,-0.155926,0.888889,-0.311445,0.000000,0.000000,0.203526
2930,01 02 07 08 09 24,-0.01095501,0.47829867,-0.461657,-0.048826,2.277778,-0.311445,0.000000,0.000000,-0.298843
2931,02 04 10 12 14 18,-0.01096045,0.54817326,0.217250,-1.295704,-0.222222,1.635084,0.000000,0.000000,-1.348524
2932,02 06 10 12 22 24,-0.01097530,0.45241031,-0.461657,-0.556111,0.611111,0.207630,0.000000,0.000000,0.232347
2933,01 04 07 08 10 12,-0.01103149,0.51899083,0.353032,-0.361752,-0.500000,0.726704,0.000000,0.000000,-2.509045
2934,02 04 07 09 12 38,-0.01103314,0.44342403,-1.276345,-1.063922,0.888889,0.986241,0.000000,0.000000,-0.153583
2935,01 09 12 13 18 38,-0.01106395,0.45040138,0.624594,0.025293,-0.500000,-0.700750,0.000000,0.000000,0.710884
2936,04 06 07 18 22 38,-0.01106976,0.45497527,0.488813,-0.816776,-1.611111,0.337398,0.000000,0.000000,0.975157
2937,02 12 13 14 18 22,-0.01113071,0.45981588,-0.325875,-1.045922,-0.500000,0.856472,0.000000,0.000000,0.205148
2938,04 07 08 14 18 38,-0.01114484,0.50553840,1.167720,-0.538060,-1.055556,0.077861,0.000000,0.000000,0.580176
2939,06 08 12 22 24 38,-0.01114796,0.42124546,1.031938,0.669097,-1.055556,-1.609130,0.000000,0.000000,0.899543
2940,04 07 08 09 12 22,-0.01117645,0.38615386,-1.276345,-0.514706,0.055556,0.207630,0.000000,0.000000,0.009739
2941,02 06 08 12 13 22,-0.01119773,0.42390773,0.081469,-0.030637,-0.777778,-0.441213,0.000000,0.000000,0.037503
2942,02 07 12 13 14 22,-0.01122195,0.38709979,-1.955252,-1.248528,0.333333,1.116010,0.000000,0.000000,0.221072
2943,09 14 18 22 24 38,-0.01122929,0.40435073,-0.190094,0.107432,0.333333,-0.960287,0.000000,0.000000,1.217912
2944,06 13 14 18 22 38,-0.01123523,0.38990247,0.488813,0.122190,-1.888889,-0.960287,0.000000,0.000000,1.148310
2945,02 04 07 08 18 38,-0.01126286,0.59020255,1.575064,-1.061150,-0.222222,0.856472,0.000000,0.000000,0.256480
2946,04 06 08 10 12 38,-0.01126338,0.47699208,1.303501,0.365880,-1.611111,-0.700750,0.000000,0.000000,-0.904633
2947,06 08 09 22 24 38,-0.01126704,0.36844258,0.217250,1.122717,0.055556,-2.257973,0.000000,0.000000,1.054603
2948,02 06 13 18 22 38,-0.01127888,0.47456663,0.896157,-0.400900,-1.055556,-0.181676,0.000000,0.000000,0.835631
2949,02 06 08 10 24 38,-0.01128284,0.51772418,1.439282,0.367627,0.611111,-1.090056,0.000000,0.000000,0.455363
2950,02 10 14 18 24 38,-0.01134132,0.55363233,1.031938,-0.647658,0.888889,0.207630,0.000000,0.000000,0.604415
2951,01 07 08 13 18 22,-0.01135465,0.49187952,0.896157,-0.376928,-0.777778,-0.051907,0.000000,0.000000,0.255774
2952,02 04 08 12 14 18,-0.01137834,0.55228146,1.031938,-0.716796,-0.777778,0.856472,0.000000,0.000000,-1.364145
2953,06 08 10 14 24 38,-0.01137888,0.43306002,1.031938,0.890718,-0.222222,-1.868667,0.000000,0.000000,0.747344
2954,02 06 09 13 14 38,-0.01144324,0.34371085,-1.140563,0.396857,0.333333,-1.090056,0.000000,0.000000,0.295487
2955,01 06 08 09 12 24,-0.01144532,0.39771288,0.217250,0.970804,0.333333,-1.868667,0.000000,0.000000,0.364572
2956,01 06 09 13 18 22,-0.01147669,0.38317671,-0.190094,0.344718,-0.777778,-0.960287,0.000000,0.000000,0.076316
2957,02 04 07 08 09 38,-0.01150709,0.47615360,-0.325875,-0.342572,0.888889,0.207630,0.000000,0.000000,-0.840802
2958,04 07 10 14 18 38,-0.01152626,0.50143020,0.353032,-1.116968,-0.500000,0.856472,0.000000,0.000000,0.477378
2959,02 09 10 12 24 38,-0.01155286,0.46683209,-0.461657,-0.421916,2.000000,-0.181676,0.000000,0.000000,0.892901
2960,06 07 13 14 22 38,-0.01156123,0.31718638,-1.140563,-0.080415,-1.055556,-0.700750,0.000000,0.000000,1.129453
2961,02 04 06 09 10 14,-0.01157975,0.39948394,-1.547908,-0.055313,0.611111,0.207630,0.000000,0.000000,-2.189212
2962,01 07 09 10 13 38,-0.01158407,0.40630667,-0.869001,-0.034871,0.888889,-0.441213,0.000000,0.000000,-0.000024
2963,02 06 08 12 22 24,-0.01162947,0.45651850,0.353032,0.022798,0.055556,-0.570982,0.000000,0.000000,0.181718
2964,01 07 09 12 14 24,-0.01163199,0.36090494,-1.819470,-0.247086,1.444444,-0.311445,0.000000,0.000000,0.524072
2965,01 07 10 13 18 22,-0.01166788,0.48777132,0.081469,-0.955837,-0.222222,0.726704,0.000000,0.000000,0.163078
2966,02 06 07 22 24 38,-0.01166993,0.43446130,-0.461657,-0.550071,0.611111,-0.051907,0.000000,0.000000,1.015318
2967,02 04 07 09 18 22,-0.01167208,0.47208580,-1.140563,-1.531268,0.888889,1.505315,0.000000,0.000000,0.099975
2968,02 08 14 18 24 38,-0.01168340,0.55774052,1.846627,-0.068749,0.333333,-0.570982,0.000000,0.000000,0.600024
2969,02 04 07 12 18 22,-0.01168824,0.52488868,-0.325875,-1.984889,-0.222222,2.154158,0.000000,0.000000,-0.075120
2970,02 06 08 09 13 22,-0.01178405,0.37110485,-0.733219,0.422983,0.333333,-1.090056,0.000000,0.000000,0.123339
2971,02 07 09 13 14 22,-0.01178473,0.33429691,-2.769940,-0.794908,1.444444,0.467167,0.000000,0.000000,0.310395
2972,01 06 07 09 13 22,-0.01184307,0.31046062,-1.819470,0.142113,0.055556,-0.700750,0.000000,0.000000,0.051476
2973,02 08 10 12 13 38,-0.01186546,0.51975379,1.031938,-0.207621,0.055556,-0.181676,0.000000,0.000000,-0.151295
2974,01 02 10 12 13 18,-0.01191343,0.56709868,0.896157,-0.932185,0.055556,0.986241,0.000000,0.000000,-0.897448
2975,02 08 09 12 24 38,-0.01191639,0.47094029,0.353032,0.156993,1.444444,-0.960287,0.000000,0.000000,0.885332
2976,07 08 10 22 24 38,-0.01192357,0.47303719,0.488813,-0.177838,0.611111,-0.570982,0.000000,0.000000,1.072424
2977,02 06 12 13 14 38,-0.01193500,0.39651374,-0.325875,-0.056763,-0.777778,-0.441213,0.000000,0.000000,0.049930
2978,08 09 12 14 22 24,-0.01194555,0.35369183,-1.004782,0.477695,0.611111,-1.219824,0.000000,0.000000,0.301643
2979,02 07 10 13 14 38,-0.01202558,0.44830547,-0.869001,-0.903698,0.888889,0.596935,0.000000,0.000000,0.324301
2980,01 02 04 06 08 09,-0.01204374,0.47181165,0.081469,0.908549,-0.222222,-0.441213,0.000000,0.000000,-4.461237
2981,02 04 06 07 10 38,-0.01204441,0.49020792,-0.190094,-0.853288,0.055556,0.856472,0.000000,0.000000,-0.827238
2982,02 08 09 10 13 38,-0.01204745,0.46695090,0.217250,0.245999,1.166667,-0.830519,0.000000,0.000000,-0.005556
2983,01 06 07 12 24 38,-0.01205556,0.42845857,0.217250,-0.055684,-0.222222,-0.700750,0.000000,0.000000,0.941054
2984,01 04 06 09 12 18,-0.01208385,0.44291271,0.217250,-0.047505,-1.055556,-0.181676,0.000000,0.000000,-0.929241
2985,01 02 07 08 13 14,-0.01208498,0.47124207,-0.325875,-0.063045,0.333333,0.207630,0.000000,0.000000,-2.228058
2986,02 06 08 09 22 24,-0.01211224,0.40371562,-0.461657,0.476418,1.166667,-1.219824,0.000000,0.000000,0.282897
2987,01 02 08 12 13 18,-0.01212085,0.57120688,1.710845,-0.353276,-0.500000,0.207630,0.000000,0.000000,-0.881890
2988,01 02 04 07 09 10,-0.01218227,0.49087381,-1.412126,-0.659736,1.444444,1.375547,0.000000,0.000000,-3.576969
2989,04 06 09 10 12 38,-0.01220473,0.39145962,-0.461657,0.098150,-0.500000,-0.570982,0.000000,0.000000,-0.254393
2990,06 07 14 22 24 38,-0.01223962,0.34979715,-0.869001,-0.026981,-0.222222,-0.830519,0.000000,0.000000,1.237128
2991,01 04 06 08 09 10,-0.01224373,0.44301759,0.217250,1.081245,-0.500000,-0.960287,0.000000,0.000000,-3.467021
2992,02 07 08 10 13 22,-0.01227220,0.47569946,-0.461657,-0.877572,0.888889,0.596935,0.000000,0.000000,0.166106
2993,01 06 07 10 13 38,-0.01229008,0.42446918,0.081469,0.033322,-0.500000,-0.570982,0.000000,0.000000,0.034837
2994,06 09 10 14 22 24,-0.01229181,0.31494326,-1.683689,0.420599,0.888889,-1.219824,0.000000,0.000000,0.516214
2995,08 09 12 14 24 38,-0.01237413,0.38627613,-0.054313,0.680083,0.611111,-1.738899,0.000000,0.000000,1.123729
2996,01 04 07 10 12 18,-0.01238505,0.54750732,0.488813,-1.348060,-0.500000,1.505315,0.000000,0.000000,-0.858778
2997,02 08 10 18 22 24,-0.01243789,0.58102632,1.439282,-0.621532,0.888889,0.207630,0.000000,0.000000,0.320298
2998,01 06 12 13 18 38,-0.01243862,0.46856389,1.575064,0.093486,-1.888889,-0.830519,0.000000,0.000000,0.646681
2999,04 06 07 08 10 22,-0.01243907,0.43293775,-0.190094,-0.304071,-0.777778,0.077861,0.000000,0.000000,-0.701155
3000,01 08 12 13 14 18,-0.01244932,0.48654272,1.303501,0.169815,-1.333333,-0.570982,0.000000,0.000000,-0.624342
3001,01 08 10 12 18 24,-0.01255325,0.57502359,2.118189,-0.127145,0.055556,-0.441213,0.000000,0.000000,0.286075
3002,01 02 09 10 13 18,-0.01255861,0.51429580,0.081469,-0.478564,1.166667,0.337398,0.000000,0.000000,-0.820332
3003,02 07 08 10 22 24,-0.01259872,0.50831023,-0.190094,-0.824138,1.722222,0.467167,0.000000,0.000000,0.325912
3004,01 10 12 13 14 18,-0.01261562,0.48243452,0.488813,-0.409094,-0.777778,0.207630,0.000000,0.000000,-0.695269
3005,02 04 07 08 10 14,-0.01266901,0.50818675,-0.461657,-0.776959,0.611111,1.116010,0.000000,0.000000,-2.189212
3006,02 06 08 10 14 24,-0.01268243,0.46833306,0.353032,0.244418,0.888889,-0.830519,0.000000,0.000000,-0.092267
3007,01 06 12 18 24 38,-0.01268405,0.50117466,1.846627,0.146921,-1.055556,-0.960287,0.000000,0.000000,0.818501
3008,02 08 10 13 18 22,-0.01273009,0.54841556,1.167720,-0.674967,0.055556,0.337398,0.000000,0.000000,0.068827
3009,04 06 09 10 18 22,-0.01277786,0.42012139,-0.325875,-0.369196,-0.500000,-0.051907,0.000000,0.000000,0.008915
3010,06 09 12 13 22 38,-0.01279770,0.30310224,-1.004782,0.347932,-0.777778,-1.349593,0.000000,0.000000,1.236653
3011,08 10 18 22 24 38,-0.01280507,0.54575328,2.118189,0.024767,-0.222222,-0.830519,0.000000,0.000000,0.912386
3012,04 09 10 12 18 38,-0.01284221,0.48734606,0.488813,-0.688621,-0.222222,0.207630,0.000000,0.000000,0.572803
3013,04 06 08 09 12 38,-0.01289182,0.39556781,0.353032,0.677059,-1.055556,-1.349593,0.000000,0.000000,-0.309899
3014,01 02 04 06 07 18,-0.01289436,0.54166101,0.488813,-0.998943,-0.500000,1.245778,0.000000,0.000000,-1.645918
3015,02 06 07 14 22 24,-0.01291616,0.38507018,-1.547908,-0.673280,0.888889,0.207630,0.000000,0.000000,0.490409
3016,01 06 09 18 24 38,-0.01291778,0.44837177,1.031938,0.600541,0.055556,-1.609130,0.000000,0.000000,0.956574
3017,04 07 12 14 18 22,-0.01292832,0.44022452,-0.733219,-1.461798,-1.055556,1.375547,0.000000,0.000000,0.047370
3018,04 06 08 09 10 38,-0.01292970,0.42418919,0.488813,0.819500,-0.500000,-1.349593,0.000000,0.000000,-0.978802
3019,01 02 06 09 18 24,-0.01296568,0.48364481,0.353032,-0.045758,1.166667,-0.570982,0.000000,0.000000,0.302990
3020,12 14 18 22 24 38,-0.01297194,0.45715361,0.624594,-0.346188,-0.777778,-0.311445,0.000000,0.000000,0.787032
3021,01 07 08 10 12 24,-0.01298013,0.50230749,0.488813,-0.329751,0.888889,-0.181676,0.000000,0.000000,0.252272
3022,01 09 10 13 14 18,-0.01298988,0.42963164,-0.325875,0.044526,0.333333,-0.441213,0.000000,0.000000,-0.578015
3023,01 04 07 08 12 18,-0.01301188,0.55161552,1.303501,-0.769152,-1.055556,0.726704,0.000000,0.000000,-0.905356
3024,01 02 06 07 08 24,-0.01301705,0.49646118,0.488813,0.019367,0.888889,-0.441213,0.000000,0.000000,-0.464883
3025,02 06 18 22 24 38,-0.01302086,0.50717740,1.167720,-0.347466,-0.222222,-0.311445,0.000000,0.000000,0.785732
3026,01 07 08 09 13 38,-0.01303906,0.41041486,-0.054313,0.544038,0.333333,-1.219824,0.000000,0.000000,-0.169295
3027,01 04 07 09 10 18,-0.01305202,0.49470444,-0.325875,-0.894440,0.611111,0.856472,0.000000,0.000000,-0.784889
3028,01 02 06 12 18 24,-0.01307340,0.53644770,1.167720,-0.499378,0.055556,0.077861,0.000000,0.000000,0.114330
3029,01 07 08 18 24 38,-0.01311722,0.55707458,2.118189,-0.121105,0.055556,-0.700750,0.000000,0.000000,1.088404
3030,09 10 12 14 24 38,-0.01316586,0.38216794,-0.869001,0.101175,1.166667,-0.960287,0.000000,0.000000,0.960143
3031,04 06 07 12 14 38,-0.01317727,0.37692238,-0.733219,-0.472639,-1.333333,0.077861,0.000000,0.000000,-0.025574
3032,01 06 07 12 14 24,-0.01318758,0.37906745,-0.869001,-0.178893,0.055556,-0.441213,0.000000,0.000000,0.433065
3033,04 08 09 12 18 38,-0.01321663,0.49145425,1.303501,-0.109712,-0.777778,-0.570982,0.000000,0.000000,0.563619
3034,02 06 13 14 18 22,-0.01323101,0.42517551,-0.190094,-0.524109,-0.777778,0.077861,0.000000,0.000000,0.206142
3035,02 08 09 12 14 24,-0.01327279,0.42154917,-0.733219,0.033784,1.722222,-0.700750,0.000000,0.000000,0.344103
3036,04 07 09 14 18 22,-0.01333415,0.38742164,-1.547908,-1.008178,0.055556,0.726704,0.000000,0.000000,0.159946
3037,04 06 07 10 12 22,-0.01335941,0.40020818,-1.140563,-1.025422,-0.777778,0.856472,0.000000,0.000000,-0.220505
3038,01 08 09 10 18 24,-0.01341651,0.52222070,1.303501,0.326475,1.166667,-1.090056,0.000000,0.000000,0.330881
3039,04 07 08 10 12 38,-0.01342629,0.50016243,0.624594,-0.623496,-0.500000,0.337398,0.000000,0.000000,-0.273994
3040,02 06 14 18 22 24,-0.01344708,0.45778628,0.081469,-0.470674,0.055556,-0.051907,0.000000,0.000000,0.382311
3041,01 06 10 12 13 14,-0.01346892,0.38654808,-0.461657,0.377677,-1.055556,-0.570982,0.000000,0.000000,-1.743328
3042,01 02 07 10 18 24,-0.01348384,0.58823943,0.624594,-1.346313,1.722222,1.116010,0.000000,0.000000,0.341311
3043,02 07 08 13 14 38,-0.01352970,0.45241366,-0.054313,-0.324790,0.333333,-0.181676,0.000000,0.000000,0.147749
3044,01 07 12 18 22 24,-0.01354093,0.49176071,0.217250,-1.044844,0.055556,0.596935,0.000000,0.000000,0.757051
3045,01 07 10 18 24 38,-0.01357250,0.55296639,1.303501,-0.700014,0.611111,0.077861,0.000000,0.000000,0.974663
3046,01 08 09 12 13 14,-0.01358082,0.37249377,-0.597438,0.888393,-0.222222,-1.219824,0.000000,0.000000,-1.853074
3047,07 10 12 13 22 38,-0.01359870,0.40769685,-0.733219,-0.952623,-0.222222,0.337398,0.000000,0.000000,1.233069
3048,01 02 08 09 13 18,-0.01361692,0.51840399,0.896157,0.100344,0.611111,-0.441213,0.000000,0.000000,-0.930835
3049,01 02 12 14 22 38,-0.01362174,0.37650674,-0.461657,-0.469855,-1.333333,-0.181676,0.000000,0.000000,0.809623
3050,01 02 06 07 12 24,-0.01362587,0.46373161,-0.461657,-0.701984,0.888889,0.337398,0.000000,0.000000,0.061920
3051,04 06 08 10 18 38,-0.01365699,0.53823814,2.389752,0.100922,-1.611111,-0.700750,0.000000,0.000000,-0.025453
3052,01 06 12 14 18 24,-0.01366849,0.45178354,0.760376,0.023712,-0.777778,-0.700750,0.000000,0.000000,0.332377
3053,02 07 12 14 24 38,-0.01367814,0.45229486,-0.733219,-0.992705,1.166667,0.467167,0.000000,0.000000,0.950939
3054,06 09 10 13 14 22,-0.01367989,0.28233250,-1.955252,0.367165,0.055556,-1.090056,0.000000,0.000000,0.102386
3055,01 06 07 09 24 38,-0.01369581,0.37565568,-0.597438,0.397936,0.888889,-1.349593,0.000000,0.000000,0.870747
3056,04 06 07 09 14 38,-0.01371058,0.32411949,-1.547908,-0.019019,-0.222222,-0.570982,0.000000,0.000000,0.068117
3057,02 09 10 12 14 24,-0.01377025,0.41744098,-1.547908,-0.545125,2.277778,0.077861,0.000000,0.000000,0.224112
3058,01 08 09 13 14 18,-0.01379362,0.43373983,0.488813,0.623435,-0.222222,-1.219824,0.000000,0.000000,-0.650802
3059,02 04 06 08 09 14,-0.01380972,0.40359213,-0.733219,0.523596,0.055556,-0.570982,0.000000,0.000000,-2.473301
3060,06 08 09 14 22 24,-0.01383583,0.31905146,-0.869001,0.999508,0.333333,-1.998436,0.000000,0.000000,0.333752
3061,04 06 10 12 18 22,-0.01384902,0.47292427,0.488813,-0.822816,-1.611111,0.596935,0.000000,0.000000,-0.322482
3062,01 02 09 14 22 38,-0.01385825,0.32370386,-1.276345,-0.016235,-0.222222,-0.830519,0.000000,0.000000,0.947285
3063,02 06 08 10 13 38,-0.01386840,0.48511341,1.167720,0.314192,-0.222222,-0.960287,0.000000,0.000000,-0.135877
3064,01 06 09 10 13 14,-0.01386906,0.33374520,-1.276345,0.831297,0.055556,-1.219824,0.000000,0.000000,-1.629908
3065,01 06 07 08 13 38,-0.01390092,0.42857737,0.896157,0.612231,-1.055556,-1.349593,0.000000,0.000000,-0.157523
3066,01 02 04 06 07 10,-0.01398107,0.50903632,-0.461657,-0.591543,0.055556,1.245778,0.000000,0.000000,-3.704008
3067,04 07 08 10 18 22,-0.01399942,0.52882420,0.760376,-1.090843,-0.500000,0.856472,0.000000,0.000000,-0.010685
3068,02 07 09 14 24 38,-0.01400224,0.39949197,-1.547908,-0.539085,2.277778,-0.181676,0.000000,0.000000,1.075626
3069,09 10 12 14 22 24,-0.01400793,0.34958364,-1.819470,-0.101214,1.166667,-0.441213,0.000000,0.000000,-0.050193
3070,02 04 09 12 14 18,-0.01402935,0.46674900,-0.733219,-0.984526,0.333333,0.986241,0.000000,0.000000,-0.967198
3071,09 10 13 18 22 38,-0.01403317,0.42761006,0.081469,-0.296398,0.055556,-0.570982,0.000000,0.000000,1.311963
3072,02 04 06 10 14 18,-0.01404209,0.51353289,0.353032,-0.773891,-0.500000,0.856472,0.000000,0.000000,-1.492918
3073,06 08 10 13 14 38,-0.01407243,0.40044925,0.760376,0.837283,-1.055556,-1.738899,0.000000,0.000000,0.140107
3074,02 06 09 10 24 38,-0.01409058,0.43219172,-0.325875,0.099897,1.722222,-0.960287,0.000000,0.000000,0.829090
3075,01 07 09 18 22 24,-0.01409408,0.43895783,-0.597438,-0.591223,1.166667,-0.051907,0.000000,0.000000,0.847802
3076,06 10 12 14 22 24,-0.01410984,0.36774615,-0.869001,-0.033021,-0.222222,-0.570982,0.000000,0.000000,0.074166
3077,06 14 18 22 24 38,-0.01416763,0.42251324,0.760376,0.175625,-1.055556,-1.090056,0.000000,0.000000,0.922046
3078,01 06 08 12 13 14,-0.01417759,0.39065628,0.353032,0.956586,-1.611111,-1.349593,0.000000,0.000000,-1.802030
3079,02 04 06 10 12 14,-0.01418342,0.45228682,-0.733219,-0.508933,-0.500000,0.856472,0.000000,0.000000,-2.747655
3080,01 02 04 06 07 12,-0.01419469,0.48041494,-0.597438,-0.733985,-0.500000,1.245778,0.000000,0.000000,-3.072366
3081,08 09 10 13 14 38,-0.01424449,0.38228674,-0.190094,0.769090,0.333333,-1.609130,0.000000,0.000000,-0.024842
3082,02 06 07 13 14 22,-0.01425301,0.35245942,-1.819470,-0.726715,0.055556,0.337398,0.000000,0.000000,0.084171
3083,01 02 06 10 13 18,-0.01427668,0.53245831,1.031938,-0.410371,-0.222222,0.207630,0.000000,0.000000,-0.935412
3084,01 04 07 08 09 18,-0.01427771,0.49881263,0.488813,-0.315531,0.055556,0.077861,0.000000,0.000000,-0.920190
3085,08 10 12 13 14 38,-0.01427808,0.43508963,0.624594,0.315470,-0.777778,-0.960287,0.000000,0.000000,-0.202521
3086,06 09 12 22 24 38,-0.01427920,0.33571300,-0.733219,0.401367,0.055556,-1.479361,0.000000,0.000000,1.225344
3087,08 09 13 18 22 38,-0.01427993,0.43171825,0.896157,0.282511,-0.500000,-1.349593,0.000000,0.000000,1.321693
3088,08 12 13 18 22 38,-0.01428668,0.48452114,1.710845,-0.171109,-1.611111,-0.700750,0.000000,0.000000,1.147992
3089,10 12 13 18 22 38,-0.01432278,0.48041294,0.896157,-0.750018,-1.055556,0.077861,0.000000,0.000000,1.096355
3090,06 09 10 14 24 38,-0.01433528,0.34752756,-0.733219,0.622988,0.888889,-1.738899,0.000000,0.000000,1.099048
3091,04 06 08 09 18 22,-0.01434916,0.42422958,0.488813,0.209713,-1.055556,-0.830519,0.000000,0.000000,-0.177588
3092,06 10 12 13 14 22,-0.01440509,0.33513538,-1.140563,-0.086455,-1.055556,-0.441213,0.000000,0.000000,-0.177755
3093,01 06 10 13 14 18,-0.01448651,0.44779415,0.624594,0.112719,-1.055556,-0.570982,0.000000,0.000000,-0.660287
3094,06 08 12 14 22 24,-0.01450097,0.37185434,-0.054313,0.545888,-0.777778,-1.349593,0.000000,0.000000,0.062509
3095,04 06 08 12 18 22,-0.01451410,0.47703247,1.303501,-0.243907,-2.166667,-0.181676,0.000000,0.000000,-0.374726
3096,02 09 13 14 18 38,-0.01452292,0.43959730,-0.190094,-0.389914,0.611111,-0.311445,0.000000,0.000000,0.760863
3097,02 06 09 12 22 24,-0.01459307,0.37098604,-1.412126,-0.244933,1.166667,-0.441213,0.000000,0.000000,0.532356
3098,01 06 09 13 18 38,-0.01466034,0.41576101,0.760376,0.547106,-0.777778,-1.479361,0.000000,0.000000,0.490228
3099,01 06 07 09 14 24,-0.01466333,0.32626456,-1.683689,0.274727,1.166667,-1.090056,0.000000,0.000000,0.387131
3100,07 09 10 13 22 38,-0.01469096,0.35489397,-1.547908,-0.499003,0.888889,-0.311445,0.000000,0.000000,1.243949
3101,02 04 07 12 18 38,-0.01469717,0.55747298,0.624594,-1.782500,-0.222222,1.635084,0.000000,0.000000,0.364677
3102,02 06 10 12 24 38,-0.01469806,0.48499461,0.488813,-0.353723,0.611111,-0.311445,0.000000,0.000000,0.566389
3103,07 08 12 13 22 38,-0.01471685,0.41180505,0.081469,-0.373715,-0.777778,-0.441213,0.000000,0.000000,1.113702
3104,02 04 06 07 12 38,-0.01472295,0.46158654,-0.325875,-0.995729,-0.500000,0.856472,0.000000,0.000000,-0.560782
3105,01 09 10 12 13 14,-0.01472694,0.36838557,-1.412126,0.309484,0.333333,-0.441213,0.000000,0.000000,-2.069164
3106,07 08 10 14 22 24,-0.01476003,0.42364607,-0.597438,-0.301047,0.888889,-0.311445,0.000000,0.000000,0.311917
3107,01 02 08 09 12 13,-0.01478018,0.45715792,-0.190094,0.365302,0.611111,-0.441213,0.000000,0.000000,-2.336975
3108,01 02 07 08 18 24,-0.01480602,0.59234762,1.439282,-0.767405,1.166667,0.337398,0.000000,0.000000,0.191716
3109,06 08 12 13 14 22,-0.01482618,0.33924358,-0.325875,0.492453,-1.611111,-1.219824,0.000000,0.000000,-0.193853
3110,01 07 12 13 18 22,-0.01486880,0.45914994,-0.054313,-1.098278,-0.777778,0.726704,0.000000,0.000000,0.352144
3111,04 06 07 08 12 22,-0.01488811,0.40431637,-0.325875,-0.446513,-1.333333,0.077861,0.000000,0.000000,-0.400697
3112,01 06 09 14 18 24,-0.01488860,0.39898066,-0.054313,0.477332,0.333333,-1.349593,0.000000,0.000000,0.324315
3113,01 07 08 13 18 38,-0.01489402,0.52446381,1.846627,-0.174540,-0.777778,-0.570982,0.000000,0.000000,0.616985
3114,06 08 09 14 24 38,-0.01490932,0.35163576,0.081469,1.201896,0.333333,-2.517510,0.000000,0.000000,1.060292
3115,02 09 14 18 24 38,-0.01492674,0.47220806,0.081469,-0.336479,1.444444,-0.441213,0.000000,0.000000,0.909216
3116,04 07 12 14 18 38,-0.01495658,0.47280882,0.217250,-1.259410,-1.055556,0.856472,0.000000,0.000000,0.632456
3117,02 12 14 18 24 38,-0.01498808,0.52501095,0.896157,-0.790099,0.333333,0.207630,0.000000,0.000000,0.727427
3118,02 04 06 08 12 14,-0.01499606,0.45639502,0.081469,0.069976,-1.055556,0.077861,0.000000,0.000000,-2.821762
3119,02 06 08 09 24 38,-0.01501303,0.43629992,0.488813,0.678806,1.166667,-1.738899,0.000000,0.000000,0.738716
3120,02 06 09 12 13 22,-0.01501930,0.33837528,-1.683689,-0.298367,0.333333,-0.311445,0.000000,0.000000,0.261029
3121,01 02 06 10 12 13,-0.01505306,0.47121224,-0.054313,-0.145413,-0.222222,0.207630,0.000000,0.000000,-2.284234
3122,08 09 12 13 14 22,-0.01506236,0.32108107,-1.276345,0.424260,-0.222222,-1.090056,0.000000,0.000000,-0.368302
3123,01 04 06 07 10 18,-0.01507742,0.51286695,0.624594,-0.826247,-0.777778,0.726704,0.000000,0.000000,-0.945501
3124,01 02 07 13 14 18,-0.01508197,0.49975856,-0.190094,-1.049353,0.333333,0.986241,0.000000,0.000000,-0.821270
3125,07 10 12 22 24 38,-0.01511018,0.44030762,-0.461657,-0.899188,0.611111,0.207630,0.000000,0.000000,1.217320
3126,01 07 08 14 18 24,-0.01511544,0.50768346,1.031938,-0.244314,0.333333,-0.441213,0.000000,0.000000,0.452086
3127,02 04 06 08 14 18,-0.01511828,0.51764108,1.167720,-0.194982,-1.055556,0.077861,0.000000,0.000000,-1.606070
3128,04 06 07 14 18 22,-0.01517087,0.40558415,-0.597438,-0.939985,-1.333333,0.596935,0.000000,0.000000,0.027288
3129,02 04 06 07 18 22,-0.01518936,0.49024831,-0.190094,-1.463075,-0.500000,1.375547,0.000000,0.000000,-0.281662
3130,01 02 06 08 13 18,-0.01520416,0.53656650,1.846627,0.168537,-0.777778,-0.570982,0.000000,0.000000,-1.026531
3131,01 07 10 13 18 38,-0.01525084,0.52035562,1.031938,-0.753449,-0.222222,0.207630,0.000000,0.000000,0.517831
3132,06 08 09 13 14 22,-0.01526073,0.28644069,-1.140563,0.946073,-0.500000,-1.868667,0.000000,0.000000,-0.085531
3133,02 07 10 12 22 24,-0.01526976,0.47558066,-1.140563,-1.545488,1.722222,1.245778,0.000000,0.000000,0.547191
3134,07 08 12 22 24 38,-0.01527197,0.44441581,0.353032,-0.320280,0.055556,-0.570982,0.000000,0.000000,1.239640
3135,01 06 08 10 18 24,-0.01527833,0.54038321,2.253971,0.394668,-0.222222,-1.219824,0.000000,0.000000,0.194506
3136,01 06 08 13 14 18,-0.01528541,0.45190235,1.439282,0.691628,-1.611111,-1.349593,0.000000,0.000000,-0.732357
3137,06 10 12 14 24 38,-0.01529231,0.40033045,0.081469,0.169368,-0.222222,-1.090056,0.000000,0.000000,0.784559
3138,01 06 07 18 22 24,-0.01529687,0.45712034,0.353032,-0.523030,-0.222222,-0.181676,0.000000,0.000000,0.809064
3139,04 07 09 14 18 38,-0.01529703,0.42000594,-0.597438,-0.805790,0.055556,0.207630,0.000000,0.000000,0.754720
3140,01 02 06 09 10 13,-0.01529928,0.41840936,-0.869001,0.308207,0.888889,-0.441213,0.000000,0.000000,-2.148010
3141,01 02 07 12 13 14,-0.01530398,0.43851249,-1.276345,-0.784395,0.333333,0.986241,0.000000,0.000000,-2.087961
3142,02 06 08 12 24 38,-0.01530864,0.48910280,1.303501,0.225186,0.055556,-1.090056,0.000000,0.000000,0.522219
3143,02 04 07 09 18 38,-0.01535076,0.50467010,-0.190094,-1.328880,0.888889,0.986241,0.000000,0.000000,0.440549
3144,02 12 13 14 18 38,-0.01535790,0.49240018,0.624594,-0.843534,-0.500000,0.337398,0.000000,0.000000,0.464458
3145,02 07 08 10 24 38,-0.01543242,0.54089453,0.760376,-0.621749,1.722222,-0.051907,0.000000,0.000000,0.791670
3146,01 07 10 14 18 24,-0.01545054,0.50357527,0.217250,-0.823223,0.888889,0.337398,0.000000,0.000000,0.356150
3147,02 06 09 10 14 24,-0.01545748,0.38280060,-1.412126,-0.023312,2.000000,-0.700750,0.000000,0.000000,0.286304
3148,07 08 10 14 24 38,-0.01548927,0.45623037,0.353032,-0.098659,0.888889,-0.830519,0.000000,0.000000,1.089459
3149,02 09 10 18 22 24,-0.01549276,0.49549387,-0.325875,-0.889262,2.000000,0.337398,0.000000,0.000000,0.657412
3150,01 02 08 10 22 38,-0.01550415,0.46510642,1.031938,-0.098900,-0.777778,-0.700750,0.000000,0.000000,0.631370
3151,04 06 09 10 18 38,-0.01553290,0.45270569,0.624594,-0.166808,-0.500000,-0.570982,0.000000,0.000000,0.486328
3152,06 08 12 14 24 38,-0.01563984,0.40443864,0.896157,0.748276,-0.777778,-1.868667,0.000000,0.000000,0.779361
3153,02 07 10 12 13 22,-0.01566602,0.44296989,-1.412126,-1.598923,0.888889,1.375547,0.000000,0.000000,0.280304
3154,01 06 08 09 13 14,-0.01567366,0.33785339,-0.461657,1.410206,-0.500000,-1.998436,0.000000,0.000000,-1.850976
3155,01 02 09 10 12 13,-0.01567857,0.45304973,-1.004782,-0.213606,1.166667,0.337398,0.000000,0.000000,-2.516363
3156,01 07 09 12 13 38,-0.01571661,0.37768529,-1.004782,-0.177312,0.333333,-0.441213,0.000000,0.000000,0.051020
3157,02 07 08 12 22 24,-0.01575999,0.47968885,-0.325875,-0.966579,1.166667,0.467167,0.000000,0.000000,0.520851
3158,02 08 09 18 22 24,-0.01577302,0.49960206,0.488813,-0.310353,1.444444,-0.441213,0.000000,0.000000,0.662181
3159,01 07 08 10 13 14,-0.01578157,0.44244801,-0.190094,0.109651,0.055556,-0.311445,0.000000,0.000000,-1.751874
3160,01 04 07 09 10 12,-0.01578345,0.43345837,-1.412126,-0.629482,0.611111,0.856472,0.000000,0.000000,-2.423359
3161,01 02 06 08 12 13,-0.01587661,0.47532044,0.760376,0.433495,-0.777778,-0.570982,0.000000,0.000000,-2.359956
3162,02 10 12 13 18 22,-0.01589632,0.51568598,0.217250,-1.396317,0.055556,1.116010,0.000000,0.000000,0.216742
3163,02 08 10 13 18 38,-0.01591339,0.58099985,2.118189,-0.472579,0.055556,-0.181676,0.000000,0.000000,0.482791
3164,07 08 09 13 22 38,-0.01592219,0.35900216,-0.733219,0.079906,0.333333,-1.090056,0.000000,0.000000,1.107829
3165,06 07 10 13 22 38,-0.01596821,0.37305648,-0.597438,-0.430810,-0.500000,-0.441213,0.000000,0.000000,1.194179
3166,09 10 18 22 24 38,-0.01599341,0.46022083,0.353032,-0.242963,0.888889,-0.700750,0.000000,0.000000,1.229727
3167,02 08 10 18 24 38,-0.01601095,0.61361062,2.389752,-0.419144,0.888889,-0.311445,0.000000,0.000000,0.676519
3168,01 02 07 09 13 14,-0.01602243,0.38570961,-2.091033,-0.330775,1.444444,0.337398,0.000000,0.000000,-2.021701
3169,01 02 06 07 09 24,-0.01604082,0.41092872,-1.276345,-0.248364,2.000000,-0.311445,0.000000,0.000000,-0.123160
3170,07 09 10 22 24 38,-0.01604669,0.38750473,-1.276345,-0.445568,1.722222,-0.441213,0.000000,0.000000,1.251275
3171,02 06 10 12 14 24,-0.01608714,0.43560349,-0.597438,-0.476932,0.888889,-0.051907,0.000000,0.000000,0.020316
3172,01 02 04 07 08 09,-0.01610475,0.49498200,-0.597438,-0.080828,0.888889,0.596935,0.000000,0.000000,-4.111807
3173,04 06 10 12 18 38,-0.01612402,0.50550857,1.439282,-0.620428,-1.611111,0.077861,0.000000,0.000000,0.226050
3174,01 04 07 08 09 12,-0.01616853,0.43756656,-0.597438,-0.050573,0.055556,0.077861,0.000000,0.000000,-2.434120
3175,02 08 09 12 13 38,-0.01618544,0.43832952,0.081469,0.103558,0.611111,-0.830519,0.000000,0.000000,0.044680
3176,07 08 10 13 14 22,-0.01620352,0.39103531,-0.869001,-0.354482,0.055556,-0.181676,0.000000,0.000000,-0.110120
3177,08 09 18 22 24 38,-0.01621020,0.46432902,1.167720,0.335946,0.333333,-1.479361,0.000000,0.000000,1.243898
3178,01 09 10 12 18 24,-0.01622106,0.48949113,0.353032,-0.394875,1.166667,-0.311445,0.000000,0.000000,0.532381
3179,08 10 13 14 18 22,-0.01626509,0.46375140,0.760376,-0.151876,-0.777778,-0.441213,0.000000,0.000000,-0.148683
3180,08 10 13 14 18 38,-0.01628366,0.49633570,1.710845,0.050512,-0.777778,-0.960287,0.000000,0.000000,0.734146
3181,02 06 07 14 24 38,-0.01629304,0.41765448,-0.597438,-0.470892,0.888889,-0.311445,0.000000,0.000000,0.875693
3182,02 06 08 09 14 24,-0.01630300,0.38690880,-0.597438,0.555597,1.444444,-1.479361,0.000000,0.000000,0.207327
3183,02 10 12 18 22 24,-0.01631892,0.54829675,0.488813,-1.342882,0.888889,0.986241,0.000000,0.000000,0.362313
3184,04 06 07 09 10 22,-0.01633850,0.34740530,-1.955252,-0.571802,0.333333,0.207630,0.000000,0.000000,-0.489164
3185,02 09 10 13 18 22,-0.01634256,0.46288310,-0.597438,-0.942697,1.166667,0.467167,0.000000,0.000000,0.323332
3186,07 13 14 18 22 38,-0.01639478,0.41307282,-0.190094,-0.867187,-0.777778,0.077861,0.000000,0.000000,1.334988
3187,01 08 10 14 22 38,-0.01644878,0.38044226,0.624594,0.424191,-1.611111,-1.479361,0.000000,0.000000,0.797631
3188,01 02 06 14 22 38,-0.01646158,0.34186637,-0.325875,0.051958,-1.611111,-0.960287,0.000000,0.000000,0.701052
3189,02 07 13 18 22 38,-0.01647764,0.49773698,0.217250,-1.390277,0.055556,0.856472,0.000000,0.000000,1.016500
3190,02 04 06 09 12 14,-0.01649404,0.37086256,-1.683689,-0.197754,0.055556,0.207630,0.000000,0.000000,-2.253989
3191,02 07 09 10 22 24,-0.01654049,0.42277777,-1.955252,-1.091868,2.833333,0.596935,0.000000,0.000000,0.531629
3192,08 10 14 18 22 24,-0.01654362,0.49636217,1.031938,-0.098442,0.055556,-0.570982,0.000000,0.000000,0.018232
3193,02 04 07 09 10 14,-0.01655209,0.42265429,-2.226814,-1.044690,1.722222,1.245778,0.000000,0.000000,-1.974800
3194,01 02 09 12 13 18,-0.01662302,0.48567442,-0.054313,-0.621006,0.611111,0.337398,0.000000,0.000000,-0.759196
3195,02 04 08 09 10 18,-0.01663704,0.55534867,0.760376,-0.613570,0.888889,0.467167,0.000000,0.000000,-1.252903
3196,06 08 13 18 22 38,-0.01666043,0.44988076,1.846627,0.350704,-1.888889,-1.479361,0.000000,0.000000,1.108474
3197,06 09 12 14 22 24,-0.01667313,0.28632189,-1.819470,0.278158,0.333333,-1.219824,0.000000,0.000000,0.530400
3198,02 09 10 12 13 38,-0.01671832,0.43422133,-0.733219,-0.475351,1.166667,-0.051907,0.000000,0.000000,-0.080558
3199,08 10 14 18 24 38,-0.01673896,0.52894646,1.982408,0.103947,0.055556,-1.090056,0.000000,0.000000,0.874873
3200,02 08 12 13 18 22,-0.01674256,0.51979418,1.031938,-0.817408,-0.500000,0.337398,0.000000,0.000000,0.137658
3201,04 06 08 12 18 38,-0.01674550,0.50961677,2.253971,-0.041519,-2.166667,-0.700750,0.000000,0.000000,0.180264
3202,04 07 08 10 18 38,-0.01675446,0.56140850,1.710845,-0.888454,-0.500000,0.337398,0.000000,0.000000,0.466727
3203,02 06 13 14 18 38,-0.01675829,0.45775981,0.760376,-0.321721,-0.777778,-0.441213,0.000000,0.000000,0.569145
3204,01 07 08 09 10 24,-0.01676109,0.44950461,-0.325875,0.123869,2.000000,-0.830519,0.000000,0.000000,-0.135187
3205,02 06 08 12 14 24,-0.01676312,0.43971168,0.217250,0.101977,0.333333,-0.830519,0.000000,0.000000,-0.033543
3206,02 04 07 10 12 14,-0.01678707,0.47545717,-1.412126,-1.498310,0.611111,1.894621,0.000000,0.000000,-2.182314
3207,02 07 08 10 14 24,-0.01679932,0.49150341,-0.325875,-0.744958,2.000000,0.207630,0.000000,0.000000,0.248884
3208,01 06 07 08 10 24,-0.01687383,0.46766712,0.624594,0.192062,0.611111,-0.960287,0.000000,0.000000,-0.012432
3209,01 08 09 12 18 24,-0.01688685,0.49359932,1.167720,0.184033,0.611111,-1.090056,0.000000,0.000000,0.480032
3210,02 04 07 08 12 14,-0.01695569,0.47956537,-0.597438,-0.919401,0.055556,1.116010,0.000000,0.000000,-2.161005
3211,01 02 07 08 10 13,-0.01702415,0.52711216,0.217250,-0.413440,0.888889,0.467167,0.000000,0.000000,-2.242178
3212,01 02 06 08 09 13,-0.01702482,0.42251755,-0.054313,0.887115,0.333333,-1.219824,0.000000,0.000000,-2.357365
3213,01 04 06 07 08 18,-0.01707074,0.51697514,1.439282,-0.247338,-1.333333,-0.051907,0.000000,0.000000,-1.194527
3214,02 07 09 10 13 22,-0.01707195,0.39016701,-2.226814,-1.145303,2.000000,0.726704,0.000000,0.000000,0.244712
3215,02 04 08 10 12 18,-0.01708614,0.60815156,1.575064,-1.067190,-0.222222,1.116010,0.000000,0.000000,-1.492139
3216,02 07 08 12 13 22,-0.01711260,0.44707808,-0.597438,-1.020014,0.333333,0.596935,0.000000,0.000000,0.112276
3217,02 07 12 13 14 38,-0.01711469,0.41968409,-1.004782,-1.046140,0.333333,0.596935,0.000000,0.000000,0.233625
3218,02 04 06 07 08 38,-0.01712039,0.49431611,0.624594,-0.274379,-0.500000,0.077861,0.000000,0.000000,-1.532971
3219,06 10 13 18 22 38,-0.01712718,0.44577257,1.031938,-0.228205,-1.333333,-0.700750,0.000000,0.000000,0.993033
3220,02 08 12 18 22 24,-0.01713519,0.55240494,1.303501,-0.763974,0.333333,0.207630,0.000000,0.000000,0.287669
3221,01 09 12 13 14 18,-0.01714178,0.40101026,-0.461657,-0.097915,-0.222222,-0.441213,0.000000,0.000000,-0.529840
3222,09 10 12 13 14 22,-0.01715017,0.31697287,-2.091033,-0.154648,0.333333,-0.311445,0.000000,0.000000,-0.723906
3223,08 12 18 22 24 38,-0.01717582,0.51713191,1.982408,-0.117674,-0.777778,-0.830519,0.000000,0.000000,0.928138
3224,02 08 09 13 18 22,-0.01717712,0.46699129,0.217250,-0.363788,0.611111,-0.311445,0.000000,0.000000,0.245979
3225,02 06 10 12 13 38,-0.01718273,0.45238384,0.217250,-0.407158,-0.222222,-0.181676,0.000000,0.000000,-0.009903
3226,07 08 09 22 24 38,-0.01718630,0.39161293,-0.461657,0.133340,1.166667,-1.219824,0.000000,0.000000,1.128726
3227,01 07 09 13 18 22,-0.01721867,0.40634706,-0.869001,-0.644658,0.333333,0.077861,0.000000,0.000000,0.176705
3228,06 07 10 22 24 38,-0.01722556,0.40566724,-0.325875,-0.377375,0.333333,-0.570982,0.000000,0.000000,1.216080
3229,10 12 18 22 24 38,-0.01724188,0.51302371,1.167720,-0.696583,-0.222222,-0.051907,0.000000,0.000000,0.872061
3230,04 06 08 09 18 38,-0.01725031,0.45681388,1.439282,0.412101,-1.055556,-1.349593,0.000000,0.000000,0.278177
3231,01 06 07 12 13 38,-0.01727249,0.39584780,-0.054313,-0.109119,-1.055556,-0.570982,0.000000,0.000000,-0.040031
3232,02 07 18 22 24 38,-0.01736164,0.53034775,0.488813,-1.336842,0.888889,0.726704,0.000000,0.000000,1.093713
3233,04 07 09 10 12 38,-0.01737624,0.41462997,-1.140563,-0.891226,0.611111,0.467167,0.000000,0.000000,-0.069487
3234,06 07 08 13 22 38,-0.01743964,0.37716467,0.217250,0.148099,-1.055556,-1.219824,0.000000,0.000000,1.022471
3235,02 04 06 09 14 18,-0.01744015,0.43210863,-0.597438,-0.462713,0.055556,0.207630,0.000000,0.000000,-1.160358
3236,04 06 09 12 18 22,-0.01747224,0.39150001,-0.461657,-0.511638,-1.055556,-0.051907,0.000000,0.000000,-0.023281
3237,02 06 09 10 13 38,-0.01753412,0.39958095,-0.597438,0.046462,0.888889,-0.830519,0.000000,0.000000,0.110739
3238,02 04 07 08 09 14,-0.01756461,0.42676248,-1.412126,-0.465781,1.166667,0.467167,0.000000,0.000000,-2.078517
3239,02 07 09 13 14 38,-0.01761208,0.36688120,-1.819470,-0.592520,1.444444,-0.051907,0.000000,0.000000,0.332636
3240,04 06 07 14 18 38,-0.01772446,0.43816845,0.353032,-0.737597,-1.333333,0.077861,0.000000,0.000000,0.534546
3241,04 07 08 09 12 38,-0.01777911,0.41873816,-0.325875,-0.312318,0.055556,-0.311445,0.000000,0.000000,-0.082885
3242,01 07 09 10 12 24,-0.01777988,0.41677504,-1.276345,-0.597481,2.000000,-0.051907,0.000000,0.000000,0.330878
3243,01 04 07 08 09 10,-0.01779115,0.46618794,-0.461657,0.091868,0.611111,0.077861,0.000000,0.000000,-3.337808
3244,04 07 08 09 10 38,-0.01781426,0.44735954,-0.190094,-0.169876,0.611111,-0.311445,0.000000,0.000000,-0.751384
3245,02 06 08 12 13 38,-0.01782329,0.45649203,1.031938,0.171751,-0.777778,-0.960287,0.000000,0.000000,-0.058514
3246,01 04 06 07 10 12,-0.01783338,0.45162088,-0.461657,-0.561289,-0.777778,0.726704,0.000000,0.000000,-2.587604
3247,06 09 12 13 14 22,-0.01785631,0.25371112,-2.091033,0.224723,-0.500000,-1.090056,0.000000,0.000000,0.146927
3248,01 06 07 13 18 22,-0.01787533,0.42450957,0.081469,-0.576465,-1.055556,-0.051907,0.000000,0.000000,0.218876
3249,01 07 12 18 24 38,-0.01788280,0.52434501,1.167720,-0.842455,0.055556,0.077861,0.000000,0.000000,0.999370
3250,06 09 10 13 14 38,-0.01788680,0.31491680,-1.004782,0.569553,0.055556,-1.609130,0.000000,0.000000,0.364699
3251,01 06 09 12 13 14,-0.01793348,0.30512382,-1.412126,0.688856,-0.500000,-1.219824,0.000000,0.000000,-1.568773
3252,04 07 09 10 18 22,-0.01793575,0.44329174,-1.004782,-1.358573,0.611111,0.986241,0.000000,0.000000,0.195839
3253,01 04 07 09 12 18,-0.01793596,0.46608306,-0.461657,-1.036882,0.055556,0.856472,0.000000,0.000000,-0.845170
3254,02 06 14 18 24 38,-0.01799012,0.49037058,1.031938,-0.268286,0.055556,-0.570982,0.000000,0.000000,0.594826
3255,02 07 14 18 22 24,-0.01800021,0.48095663,-0.597438,-1.460051,1.166667,0.986241,0.000000,0.000000,0.658832
3256,02 04 07 08 14 18,-0.01801247,0.54081144,0.488813,-1.184359,0.055556,1.116010,0.000000,0.000000,-1.083771
3257,04 07 10 12 18 22,-0.01801775,0.49609462,-0.190094,-1.812193,-0.500000,1.635084,0.000000,0.000000,0.010988
3258,04 06 07 09 12 22,-0.01802510,0.31878392,-2.091033,-0.714243,-0.222222,0.207630,0.000000,0.000000,-0.075748
3259,02 07 08 09 22 24,-0.01803802,0.42688597,-1.140563,-0.512959,2.277778,-0.181676,0.000000,0.000000,0.356055
3260,02 04 07 10 14 18,-0.01804031,0.53670324,-0.325875,-1.763268,0.611111,1.894621,0.000000,0.000000,-1.134185
3261,01 02 08 10 14 22,-0.01808226,0.41571530,-0.054313,-0.222108,-0.500000,-0.441213,0.000000,0.000000,-0.090861
3262,02 06 07 10 22 24,-0.01808238,0.44094028,-1.004782,-1.023675,1.444444,0.467167,0.000000,0.000000,0.442651
3263,01 02 07 12 18 24,-0.01809081,0.55961805,0.488813,-1.488755,1.166667,1.116010,0.000000,0.000000,0.322066
3264,01 08 10 12 13 18,-0.01815156,0.54241282,1.846627,-0.180580,-0.777778,-0.311445,0.000000,0.000000,-0.751512
3265,01 07 09 18 24 38,-0.01817930,0.47154212,0.353032,-0.388835,1.166667,-0.570982,0.000000,0.000000,1.128144
3266,02 08 10 14 18 24,-0.01821144,0.56421950,1.303501,-0.542353,1.166667,-0.051907,0.000000,0.000000,0.010233
3267,01 07 08 09 12 24,-0.01822907,0.42088323,-0.461657,-0.018572,1.444444,-0.830519,0.000000,0.000000,0.310618
3268,04 08 09 10 14 18,-0.01824259,0.47068452,0.353032,-0.090480,0.055556,-0.311445,0.000000,0.000000,-1.184559
3269,02 06 08 09 13 38,-0.01834422,0.40368915,0.217250,0.625371,0.333333,-1.609130,0.000000,0.000000,0.037009
3270,02 04 06 12 14 18,-0.01834803,0.48491151,0.217250,-0.916333,-1.055556,0.856472,0.000000,0.000000,-1.467565
3271,07 14 18 22 24 38,-0.01846921,0.44568359,0.081469,-0.813752,0.055556,-0.051907,0.000000,0.000000,1.235835
3272,08 09 12 13 14 38,-0.01846995,0.35366536,-0.325875,0.626648,-0.222222,-1.609130,0.000000,0.000000,0.012433
3273,01 06 07 10 12 24,-0.01849377,0.43493755,-0.325875,-0.529288,0.611111,-0.181676,0.000000,0.000000,0.364572
3274,01 07 12 13 18 38,-0.01849535,0.49173424,0.896157,-0.895890,-0.777778,0.207630,0.000000,0.000000,0.700438
3275,09 12 13 18 22 38,-0.01849694,0.39898868,-0.054313,-0.438839,-0.500000,-0.570982,0.000000,0.000000,1.313932
3276,04 07 08 12 18 22,-0.01851888,0.50020282,0.624594,-1.233284,-1.055556,0.856472,0.000000,0.000000,-0.016967
3277,01 02 06 07 13 14,-0.01852297,0.40387212,-1.140563,-0.262582,0.055556,0.207630,0.000000,0.000000,-2.252705
3278,04 08 09 10 12 14,-0.01853198,0.40943845,-0.733219,0.174478,0.055556,-0.311445,0.000000,0.000000,-2.461231
3279,02 07 08 09 13 22,-0.01856780,0.39427520,-1.412126,-0.566394,1.444444,-0.051907,0.000000,0.000000,0.069386
3280,01 04 06 07 08 12,-0.01865405,0.45572908,0.353032,0.017620,-1.333333,-0.051907,0.000000,0.000000,-2.662900
3281,06 10 12 13 14 38,-0.01867739,0.36771968,-0.190094,0.115933,-1.055556,-0.960287,0.000000,0.000000,0.074870
3282,02 06 10 18 22 24,-0.01867882,0.51365638,0.624594,-0.821069,0.611111,0.207630,0.000000,0.000000,0.324846
3283,04 06 07 08 09 22,-0.01868741,0.35151349,-1.140563,0.007107,-0.222222,-0.570982,0.000000,0.000000,-0.790872
3284,02 07 13 14 18 22,-0.01869745,0.44834586,-0.869001,-1.513486,0.333333,1.116010,0.000000,0.000000,0.347353
3285,02 06 07 10 13 22,-0.01871222,0.40832952,-1.276345,-1.077110,0.611111,0.596935,0.000000,0.000000,0.141158
3286,07 10 12 14 22 24,-0.01875295,0.39091650,-1.547908,-1.022397,0.888889,0.467167,0.000000,0.000000,0.337357
3287,06 09 12 14 24 38,-0.01876019,0.31890618,-0.869001,0.480546,0.333333,-1.738899,0.000000,0.000000,1.106776
3288,01 06 07 09 13 38,-0.01880290,0.34304491,-0.869001,0.344501,0.055556,-1.219824,0.000000,0.000000,-0.094064
3289,01 02 06 12 13 18,-0.01882156,0.50383693,0.896157,-0.552813,-0.777778,0.207630,0.000000,0.000000,-0.945458
3290,01 07 12 14 18 24,-0.01883455,0.47495389,0.081469,-0.965664,0.333333,0.337398,0.000000,0.000000,0.518090
3291,07 09 10 14 22 24,-0.01885046,0.33811362,-2.362596,-0.568777,2.000000,-0.181676,0.000000,0.000000,0.495612
3292,02 07 08 10 13 38,-0.01887596,0.50828376,0.488813,-0.675184,0.888889,0.077861,0.000000,0.000000,0.073318
3293,01 06 09 10 18 24,-0.01893043,0.45485075,0.488813,0.126938,0.888889,-1.090056,0.000000,0.000000,0.443140
3294,07 09 12 13 22 38,-0.01893550,0.32627259,-1.683689,-0.641445,0.333333,-0.311445,0.000000,0.000000,1.278399
3295,01 02 07 09 18 24,-0.01895170,0.50681516,-0.325875,-1.035135,2.277778,0.467167,0.000000,0.000000,0.367224
3296,07 08 12 14 22 24,-0.01898012,0.39502469,-0.733219,-0.443489,0.333333,-0.311445,0.000000,0.000000,0.349989
3297,06 10 18 22 24 38,-0.01898904,0.47838334,1.303501,-0.174770,-0.500000,-0.830519,0.000000,0.000000,0.925373
3298,01 02 10 12 22 38,-0.01900150,0.43237684,0.081469,-0.820250,-0.777778,0.077861,0.000000,0.000000,0.730229
3299,02 07 10 12 24 38,-0.01901431,0.50816496,-0.190094,-1.343100,1.722222,0.726704,0.000000,0.000000,0.878003
3300,02 04 06 07 18 38,-0.01901605,0.52283261,0.760376,-1.260687,-0.500000,0.856472,0.000000,0.000000,0.036983
3301,04 08 10 12 14 18,-0.01902530,0.52348740,1.167720,-0.544100,-1.055556,0.337398,0.000000,0.000000,-1.473222
3302,02 06 08 18 22 24,-0.01903067,0.51776457,1.439282,-0.242161,0.055556,-0.570982,0.000000,0.000000,0.319008
3303,06 08 12 13 14 38,-0.01905489,0.37182787,0.624594,0.694841,-1.611111,-1.738899,0.000000,0.000000,0.065231
3304,02 09 10 18 24 38,-0.01908762,0.52807816,0.624594,-0.686874,2.000000,-0.181676,0.000000,0.000000,1.010404
3305,01 06 10 12 18 24,-0.01912454,0.50765364,1.303501,-0.326682,-0.222222,-0.441213,0.000000,0.000000,0.241680
3306,01 07 10 12 13 14,-0.01912634,0.40971843,-1.140563,-0.611700,0.055556,0.467167,0.000000,0.000000,-1.630411
3307,01 06 12 13 14 18,-0.01915996,0.41917277,0.488813,-0.029723,-1.611111,-0.570982,0.000000,0.000000,-0.689382
3308,02 06 09 12 24 38,-0.01922042,0.40357034,-0.461657,-0.042544,1.166667,-0.960287,0.000000,0.000000,0.732380
3309,04 07 08 09 18 22,-0.01922282,0.44739993,-0.190094,-0.779664,0.055556,0.207630,0.000000,0.000000,0.051444
3310,01 08 09 10 13 18,-0.01929234,0.48960993,1.031938,0.273040,0.333333,-0.960287,0.000000,0.000000,-0.747820
3311,02 07 09 10 24 38,-0.01939599,0.45536207,-1.004782,-0.889480,2.833333,0.077861,0.000000,0.000000,0.994158
3312,06 08 18 22 24 38,-0.01941870,0.48249153,2.118189,0.404139,-1.055556,-1.609130,0.000000,0.000000,0.908007
3313,06 08 09 13 14 38,-0.01942405,0.31902499,-0.190094,1.148461,-0.500000,-2.387741,0.000000,0.000000,0.183241
3314,02 04 06 07 09 38,-0.01944602,0.40878365,-1.140563,-0.542109,0.611111,0.207630,0.000000,0.000000,-1.087817
3315,02 07 08 12 24 38,-0.01946095,0.51227315,0.624594,-0.764191,1.166667,-0.051907,0.000000,0.000000,0.858122
3316,02 04 06 07 10 14,-0.01946272,0.44081680,-1.276345,-0.976497,0.333333,1.116010,0.000000,0.000000,-2.266560
3317,06 07 08 22 24 38,-0.01947013,0.40977544,0.488813,0.201533,-0.222222,-1.349593,0.000000,0.000000,0.929829
3318,08 09 10 12 24 38,-0.01947854,0.44214623,0.488813,0.329688,1.166667,-1.479361,0.000000,0.000000,0.788823
3319,01 02 08 12 22 38,-0.01951088,0.43648504,0.896157,-0.241341,-1.333333,-0.700750,0.000000,0.000000,0.701052
3320,02 08 09 18 24 38,-0.01951399,0.53218636,1.439282,-0.107965,1.444444,-0.960287,0.000000,0.000000,0.993525
3321,01 06 07 18 24 38,-0.01953010,0.48970464,1.303501,-0.320642,-0.222222,-0.700750,0.000000,0.000000,1.067478
3322,07 09 12 22 24 38,-0.01955903,0.35888335,-1.412126,-0.588010,1.166667,-0.441213,0.000000,0.000000,1.394202
3323,07 10 12 14 24 38,-0.01956937,0.42350080,-0.597438,-0.820009,0.888889,-0.051907,0.000000,0.000000,1.101982
3324,08 09 14 18 22 24,-0.01957039,0.41493790,0.081469,0.212737,0.611111,-1.219824,0.000000,0.000000,0.405800
3325,01 02 06 09 12 13,-0.01957506,0.38978798,-1.004782,0.165765,0.333333,-0.441213,0.000000,0.000000,-2.118189
3326,01 06 08 09 18 24,-0.01957806,0.45895895,1.303501,0.705846,0.333333,-1.868667,0.000000,0.000000,0.393480
3327,07 09 10 14 24 38,-0.01960148,0.37069791,-1.412126,-0.366389,2.000000,-0.700750,0.000000,0.000000,1.269925
3328,02 04 08 09 12 18,-0.01967366,0.52672729,0.624594,-0.756012,0.333333,0.467167,0.000000,0.000000,-1.039496
3329,02 10 12 13 18 38,-0.01971224,0.54827028,1.167720,-1.193929,0.055556,0.596935,0.000000,0.000000,0.536982
3330,02 06 09 12 14 24,-0.01971581,0.35417922,-1.547908,-0.165753,1.444444,-0.700750,0.000000,0.000000,0.318710
3331,04 06 09 12 18 38,-0.01972545,0.42408431,0.488813,-0.309249,-1.055556,-0.570982,0.000000,0.000000,0.528480
3332,08 09 10 12 22 24,-0.01973946,0.40956193,-0.461657,0.127300,1.166667,-0.960287,0.000000,0.000000,-0.135414
3333,06 07 10 14 22 24,-0.01973956,0.35627613,-1.412126,-0.500584,0.611111,-0.311445,0.000000,0.000000,0.503346
3334,07 08 12 14 24 38,-0.01975295,0.42760899,0.217250,-0.241100,0.333333,-0.830519,0.000000,0.000000,1.121072
3335,01 06 08 12 18 24,-0.01979234,0.51176183,2.118189,0.252226,-0.777778,-1.219824,0.000000,0.000000,0.189032
3336,01 02 06 09 13 18,-0.01983717,0.45103405,0.081469,-0.099193,0.333333,-0.441213,0.000000,0.000000,-0.923222
3337,02 09 10 13 18 38,-0.01984804,0.49546740,0.353032,-0.740309,1.166667,-0.051907,0.000000,0.000000,0.689564
3338,02 07 09 12 22 24,-0.01987941,0.39415639,-2.091033,-1.234309,2.277778,0.596935,0.000000,0.000000,0.700250
3339,01 04 06 07 12 18,-0.01991225,0.48424557,0.488813,-0.968689,-1.333333,0.726704,0.000000,0.000000,-0.998504
3340,09 10 14 18 24 38,-0.01991640,0.44341401,0.217250,-0.163784,1.166667,-0.960287,0.000000,0.000000,1.193829
3341,04 06 07 10 12 38,-0.01994027,0.43279248,-0.190094,-0.823034,-0.777778,0.337398,0.000000,0.000000,-0.309899
3342,07 10 12 13 14 22,-0.01996157,0.35830573,-1.819470,-1.075832,0.055556,0.596935,0.000000,0.000000,-0.049885
3343,07 08 10 13 14 38,-0.01996718,0.42361960,0.081469,-0.152094,0.055556,-0.700750,0.000000,0.000000,0.217863
3344,02 04 09 10 12 18,-0.01996784,0.52261910,-0.190094,-1.334920,0.888889,1.245778,0.000000,0.000000,-1.129369
3345,02 08 12 13 18 38,-0.01996946,0.55237848,1.982408,-0.615020,-0.500000,-0.181676,0.000000,0.000000,0.545163
3346,02 04 08 09 10 12,-0.01997834,0.49410260,-0.325875,-0.348612,0.888889,0.467167,0.000000,0.000000,-2.981726
3347,02 10 12 18 24 38,-0.01997917,0.58088105,1.439282,-1.140494,0.888889,0.467167,0.000000,0.000000,0.705617
3348,01 06 09 13 14 18,-0.01998271,0.36636989,-0.325875,0.423898,-0.500000,-1.219824,0.000000,0.000000,-0.638573
3349,01 04 06 07 08 10,-0.01998608,0.48435046,0.488813,0.160061,-0.777778,-0.051907,0.000000,0.000000,-3.523535
3350,02 06 07 13 14 38,-0.02001497,0.38504372,-0.869001,-0.524327,0.055556,-0.181676,0.000000,0.000000,0.116099
3351,01 06 07 08 12 24,-0.02002519,0.43904574,0.488813,0.049621,0.055556,-0.960287,0.000000,0.000000,0.183976
3352,02 09 12 18 22 24,-0.02005363,0.46687249,-0.461657,-1.031704,1.444444,0.337398,0.000000,0.000000,0.644997
3353,09 10 14 18 22 24,-0.02008711,0.41082971,-0.733219,-0.366172,1.166667,-0.441213,0.000000,0.000000,0.282957
3354,07 08 09 14 22 24,-0.02011025,0.34222181,-1.547908,0.010132,1.444444,-0.960287,0.000000,0.000000,0.355259
3355,01 07 09 14 18 24,-0.02011743,0.42215101,-0.733219,-0.512044,1.444444,-0.311445,0.000000,0.000000,0.500729
3356,02 06 08 13 18 22,-0.02013109,0.48515380,1.167720,-0.295595,-0.777778,-0.441213,0.000000,0.000000,-0.052204
3357,01 02 07 10 13 18,-0.02013565,0.55562866,0.353032,-1.399748,0.888889,1.245778,0.000000,0.000000,-0.852355
3358,01 07 10 13 14 18,-0.02015210,0.47096450,-0.054313,-0.876658,0.055556,0.467167,0.000000,0.000000,-0.548581
3359,08 09 14 18 24 38,-0.02015499,0.44752220,1.031938,0.415125,0.611111,-1.738899,0.000000,0.000000,1.204770
3360,09 10 12 13 14 38,-0.02015810,0.34955717,-1.140563,0.047740,0.333333,-0.830519,0.000000,0.000000,-0.283960
3361,01 02 09 10 22 38,-0.02022199,0.37957396,-0.733219,-0.366630,0.333333,-0.570982,0.000000,0.000000,0.722112
3362,01 07 08 10 18 24,-0.02027227,0.56355356,1.575064,-0.594709,0.888889,-0.181676,0.000000,0.000000,0.405720
3363,02 06 10 13 18 22,-0.02028310,0.48104561,0.353032,-0.874504,-0.222222,0.337398,0.000000,0.000000,-0.121013
3364,04 07 10 12 18 38,-0.02031455,0.52867892,0.760376,-1.609805,-0.500000,1.116010,0.000000,0.000000,0.556290
3365,02 08 09 10 12 24,-0.02033616,0.47741927,-0.190094,-0.316611,2.277778,-0.441213,0.000000,0.000000,0.015276
3366,02 08 09 13 18 38,-0.02033862,0.49957559,1.167720,-0.161400,0.611111,-0.830519,0.000000,0.000000,0.663172
3367,02 06 07 08 13 22,-0.02036392,0.41243771,-0.461657,-0.498201,0.055556,-0.181676,0.000000,0.000000,-0.057257
3368,02 07 10 12 14 24,-0.02037071,0.45877384,-1.276345,-1.466309,2.000000,0.986241,0.000000,0.000000,0.336774
3369,01 09 10 14 22 38,-0.02038888,0.29490980,-1.140563,0.156461,-0.500000,-1.349593,0.000000,0.000000,1.003597
3370,01 10 12 14 22 38,-0.02044435,0.34771269,-0.325875,-0.297159,-1.611111,-0.700750,0.000000,0.000000,0.822678
3371,01 02 07 10 12 13,-0.02049280,0.49438259,-0.733219,-1.134790,0.888889,1.245778,0.000000,0.000000,-2.139067
3372,02 09 12 13 18 22,-0.02051898,0.43426172,-0.733219,-1.085139,0.611111,0.467167,0.000000,0.000000,0.367873
3373,06 08 09 10 13 22,-0.02052070,0.34231079,-0.597438,0.595679,0.055556,-1.609130,0.000000,0.000000,-0.147178
3374,09 12 18 22 24 38,-0.02052810,0.43159945,0.217250,-0.385404,0.333333,-0.700750,0.000000,0.000000,1.221190
3375,04 06 07 10 18 22,-0.02054065,0.46145425,-0.054313,-1.290380,-0.777778,0.856472,0.000000,0.000000,-0.050627
3376,06 12 13 18 22 38,-0.02061545,0.41715119,0.896157,-0.370646,-1.888889,-0.700750,0.000000,0.000000,1.139527
3377,01 08 12 14 22 38,-0.02069067,0.35182088,0.488813,0.281749,-2.166667,-1.479361,0.000000,0.000000,0.832473
3378,04 06 07 08 10 38,-0.02070354,0.46552205,0.760376,-0.101683,-0.777778,-0.441213,0.000000,0.000000,-1.039981
3379,04 07 09 10 18 38,-0.02071258,0.47587604,-0.054313,-1.156185,0.611111,0.467167,0.000000,0.000000,0.670023
3380,02 07 09 10 14 24,-0.02073019,0.40597095,-2.091033,-1.012688,3.111111,0.337398,0.000000,0.000000,0.456216
3381,02 06 07 08 22 24,-0.02074913,0.44504848,-0.190094,-0.444766,0.888889,-0.311445,0.000000,0.000000,0.093855
3382,04 07 08 12 18 38,-0.02077209,0.53278712,1.575064,-1.030896,-1.055556,0.337398,0.000000,0.000000,0.534794
3383,01 07 09 13 18 38,-0.02077984,0.43893136,0.081469,-0.442270,0.333333,-0.441213,0.000000,0.000000,0.534687
3384,07 08 09 14 24 38,-0.02081769,0.37480611,-0.597438,0.212520,1.444444,-1.479361,0.000000,0.000000,1.136030
3385,01 08 09 14 22 38,-0.02086172,0.29901800,-0.325875,0.735370,-1.055556,-2.128204,0.000000,0.000000,0.979834
3386,02 07 08 12 14 24,-0.02088273,0.46288203,-0.461657,-0.887400,1.444444,0.207630,0.000000,0.000000,0.307205
3387,01 02 08 09 22 38,-0.02090091,0.38368215,0.081469,0.212279,-0.222222,-1.349593,0.000000,0.000000,0.667816
3388,02 09 10 14 18 24,-0.02095503,0.47868705,-0.461657,-0.810083,2.277778,0.077861,0.000000,0.000000,0.393464
3389,02 07 08 09 24 38,-0.02096060,0.45947027,-0.190094,-0.310571,2.277778,-0.700750,0.000000,0.000000,0.808645
3390,08 12 14 18 22 24,-0.02096925,0.46774079,0.896157,-0.240883,-0.500000,-0.570982,0.000000,0.000000,0.025853
3391,01 06 08 10 13 18,-0.02098225,0.50777245,1.982408,0.341233,-1.055556,-1.090056,0.000000,0.000000,-0.858727
3392,06 07 12 13 22 38,-0.02109002,0.34443510,-0.733219,-0.573252,-1.055556,-0.441213,0.000000,0.000000,1.098659
3393,02 08 12 18 24 38,-0.02113281,0.58498924,2.253971,-0.561585,0.333333,-0.311445,0.000000,0.000000,0.580990
3394,07 09 10 13 14 22,-0.02115192,0.30550285,-2.634158,-0.622212,1.166667,-0.051907,0.000000,0.000000,-0.053537
3395,06 07 10 13 14 22,-0.02115761,0.32366536,-1.683689,-0.554019,-0.222222,-0.181676,0.000000,0.000000,0.085078
3396,02 07 09 12 13 22,-0.02116361,0.36154563,-2.362596,-1.287744,1.444444,0.726704,0.000000,0.000000,0.301810
3397,08 12 14 18 24 38,-0.02120818,0.50032509,1.846627,-0.038495,-0.500000,-1.090056,0.000000,0.000000,0.876035
3398,06 08 10 12 13 22,-0.02121605,0.39511368,0.217250,0.142058,-1.055556,-0.960287,0.000000,0.000000,-0.422898
3399,09 10 13 14 18 38,-0.02124547,0.41080324,-0.054313,-0.217218,0.333333,-0.830519,0.000000,0.000000,0.788742
3400,10 12 14 18 24 38,-0.02125245,0.49621689,1.031938,-0.617404,0.055556,-0.311445,0.000000,0.000000,0.823187
3401,01 02 14 18 22 38,-0.02127182,0.43775281,0.624594,-0.734813,-1.333333,-0.181676,0.000000,0.000000,0.910040
3402,01 06 07 14 18 24,-0.02132072,0.44031352,0.217250,-0.443851,0.055556,-0.441213,0.000000,0.000000,0.461916
3403,01 04 06 07 09 18,-0.02134747,0.43144269,-0.325875,-0.515069,-0.222222,0.077861,0.000000,0.000000,-1.038435
3404,01 06 07 13 18 38,-0.02137111,0.45709387,1.031938,-0.374077,-1.055556,-0.570982,0.000000,0.000000,0.586545
3405,04 06 08 09 10 14,-0.02141622,0.37479807,-0.597438,0.696291,-0.222222,-1.090056,0.000000,0.000000,-2.576381
3406,04 06 07 08 12 38,-0.02142538,0.43690067,0.624594,-0.244125,-1.333333,-0.441213,0.000000,0.000000,-0.483633
3407,08 12 13 14 18 22,-0.02142592,0.43513002,0.624594,-0.294318,-1.333333,-0.441213,0.000000,0.000000,-0.249984
3408,01 07 09 10 13 14,-0.02144202,0.35691555,-1.955252,-0.158079,1.166667,-0.181676,0.000000,0.000000,-1.800784
3409,02 04 07 09 12 14,-0.02146911,0.39403291,-2.362596,-1.187131,1.166667,1.245778,0.000000,0.000000,-2.039980
3410,01 02 06 07 18 24,-0.02147983,0.52497767,0.624594,-0.966942,0.888889,0.337398,0.000000,0.000000,0.132132
3411,08 12 13 14 18 38,-0.02148808,0.46771432,1.575064,-0.091930,-1.333333,-0.960287,0.000000,0.000000,0.626386
3412,08 09 13 14 18 38,-0.02151403,0.41491143,0.760376,0.361690,-0.222222,-1.609130,0.000000,0.000000,0.795244
3413,08 09 13 14 18 22,-0.02151726,0.38232713,-0.190094,0.159302,-0.222222,-1.090056,0.000000,0.000000,-0.090814
3414,01 02 07 14 22 38,-0.02151993,0.36503672,-1.004782,-0.937419,-0.500000,0.077861,0.000000,0.000000,0.902722
3415,01 07 08 12 13 14,-0.02152384,0.41382663,-0.325875,-0.032791,-0.500000,-0.311445,0.000000,0.000000,-1.939319
3416,06 07 09 13 22 38,-0.02153837,0.29163221,-1.547908,-0.119632,0.055556,-1.090056,0.000000,0.000000,1.204936
3417,06 08 10 12 22 24,-0.02154606,0.42772444,0.488813,0.195493,-0.222222,-1.090056,0.000000,0.000000,-0.263609
3418,02 10 12 14 18 24,-0.02156894,0.53148993,0.353032,-1.263703,1.166667,0.726704,0.000000,0.000000,0.129811
3419,04 08 09 12 14 18,-0.02156909,0.44206314,0.217250,-0.232921,-0.500000,-0.311445,0.000000,0.000000,-1.014098
3420,06 09 13 18 22 38,-0.02158421,0.36434831,0.081469,0.082974,-0.777778,-1.349593,0.000000,0.000000,1.168704
3421,06 07 12 22 24 38,-0.02161517,0.37704587,-0.461657,-0.519817,-0.222222,-0.570982,0.000000,0.000000,1.229037
3422,06 08 09 10 22 24,-0.02164189,0.37492156,-0.325875,0.649113,0.888889,-1.738899,0.000000,0.000000,-0.105106
3423,04 09 10 12 14 18,-0.02164460,0.43795494,-0.597438,-0.811830,0.055556,0.467167,0.000000,0.000000,-1.071575
3424,01 06 07 09 10 24,-0.02164487,0.38213466,-1.140563,-0.075668,1.722222,-0.830519,0.000000,0.000000,0.070428
3425,09 10 13 14 18 22,-0.02164836,0.37821894,-1.004782,-0.419607,0.333333,-0.311445,0.000000,0.000000,-0.156527
3426,07 08 13 18 22 38,-0.02165058,0.47305111,1.167720,-0.638673,-0.777778,-0.441213,0.000000,0.000000,1.320248
3427,06 10 13 14 18 22,-0.02165792,0.39638145,-0.054313,-0.351414,-1.055556,-0.441213,0.000000,0.000000,-0.018485
3428,02 06 09 12 13 38,-0.02166666,0.37095957,-0.733219,-0.095979,0.333333,-0.830519,0.000000,0.000000,0.161782
3429,01 06 07 10 13 14,-0.02167545,0.37507806,-1.004782,-0.089886,-0.222222,-0.311445,0.000000,0.000000,-1.695909
3430,01 07 08 13 14 18,-0.02171344,0.47507270,0.760376,-0.297749,-0.500000,-0.311445,0.000000,0.000000,-0.733610
3431,06 07 10 14 24 38,-0.02173944,0.38886042,-0.461657,-0.298196,0.611111,-0.830519,0.000000,0.000000,1.092639
3432,06 08 14 18 22 24,-0.02174556,0.43310041,1.031938,0.280930,-0.777778,-1.349593,0.000000,0.000000,0.222999
3433,02 04 06 08 10 18,-0.02174876,0.57351118,1.710845,-0.545377,-0.500000,0.337398,0.000000,0.000000,-1.870762
3434,06 08 13 14 18 22,-0.02177188,0.40048965,0.760376,0.227495,-1.611111,-1.219824,0.000000,0.000000,0.010920
3435,02 08 09 14 18 24,-0.02177457,0.48279524,0.353032,-0.231174,1.722222,-0.700750,0.000000,0.000000,0.318337
3436,02 04 07 12 14 18,-0.02179200,0.50808186,-0.461657,-1.905709,0.055556,1.894621,0.000000,0.000000,-1.026719
3437,02 06 07 10 24 38,-0.02179888,0.47352458,-0.054313,-0.821287,1.444444,-0.051907,0.000000,0.000000,0.777620
3438,01 02 07 08 13 18,-0.02181187,0.55973685,1.167720,-0.820839,0.333333,0.467167,0.000000,0.000000,-1.054403
3439,02 07 13 14 18 38,-0.02194615,0.48093016,0.081469,-1.311098,0.333333,0.596935,0.000000,0.000000,0.751628
3440,02 04 06 07 08 14,-0.02194790,0.44492499,-0.461657,-0.397588,-0.222222,0.337398,0.000000,0.000000,-2.588457
3441,06 08 10 12 24 38,-0.02199543,0.46030874,1.439282,0.397881,-0.222222,-1.609130,0.000000,0.000000,0.555395
3442,06 10 14 18 22 24,-0.02201729,0.42899222,0.217250,-0.297979,-0.222222,-0.570982,0.000000,0.000000,0.136454
3443,01 02 06 10 22 38,-0.02203841,0.39773647,0.217250,-0.298437,-1.055556,-0.700750,0.000000,0.000000,0.592462
3444,04 06 08 10 14 18,-0.02205264,0.48884703,1.303501,-0.022287,-1.333333,-0.441213,0.000000,0.000000,-1.609571
3445,07 08 12 13 14 22,-0.02207150,0.36241393,-1.004782,-0.496923,-0.500000,-0.181676,0.000000,0.000000,-0.316188
3446,06 09 12 13 14 38,-0.02210682,0.28629542,-1.140563,0.427111,-0.500000,-1.609130,0.000000,0.000000,0.402782
3447,06 08 09 10 24 38,-0.02212861,0.40750586,0.624594,0.851502,0.888889,-2.257973,0.000000,0.000000,0.708366
3448,01 02 08 12 14 22,-0.02214388,0.38709392,-0.190094,-0.364550,-1.055556,-0.441213,0.000000,0.000000,-0.029312
3449,04 07 08 09 18 38,-0.02214577,0.47998423,0.760376,-0.577276,0.055556,-0.311445,0.000000,0.000000,0.503981
3450,06 07 08 14 22 24,-0.02215910,0.36038432,-0.597438,0.078324,0.055556,-1.090056,0.000000,0.000000,0.191173
3451,02 06 09 18 22 24,-0.02217790,0.43223211,-0.325875,-0.509891,1.166667,-0.441213,0.000000,0.000000,0.642440
3452,08 09 10 12 13 22,-0.02220106,0.37695116,-0.733219,0.073865,0.333333,-0.830519,0.000000,0.000000,-0.708287
3453,02 07 08 09 14 24,-0.02221787,0.41007915,-1.276345,-0.433780,2.555556,-0.441213,0.000000,0.000000,0.282101
3454,01 06 08 10 12 13,-0.02222492,0.44652638,0.896157,0.606191,-1.055556,-1.090056,0.000000,0.000000,-2.276632
3455,02 08 10 13 14 18,-0.02222972,0.53160874,1.031938,-0.595788,0.333333,0.077861,0.000000,0.000000,-0.793267
3456,02 06 07 12 22 24,-0.02227117,0.41231890,-1.140563,-1.166116,0.888889,0.467167,0.000000,0.000000,0.485360
3457,01 06 08 09 10 13,-0.02227169,0.39372349,0.081469,1.059811,0.055556,-1.738899,0.000000,0.000000,-2.110860
3458,07 10 13 18 22 38,-0.02228128,0.46894292,0.353032,-1.217581,-0.222222,0.337398,0.000000,0.000000,1.180518
3459,02 07 14 18 24 38,-0.02232000,0.51354093,0.353032,-1.257663,1.166667,0.467167,0.000000,0.000000,0.904421
3460,02 07 10 12 13 38,-0.02235697,0.47555419,-0.461657,-1.396534,0.888889,0.856472,0.000000,0.000000,0.174599
3461,01 08 09 10 12 13,-0.02236326,0.42836387,-0.054313,0.537998,0.333333,-0.960287,0.000000,0.000000,-2.436586
3462,02 08 12 14 18 24,-0.02240701,0.53559812,1.167720,-0.684794,0.611111,-0.051907,0.000000,0.000000,0.051938
3463,02 04 07 09 14 18,-0.02242339,0.45527898,-1.276345,-1.452089,1.166667,1.245778,0.000000,0.000000,-0.947560
3464,10 12 13 14 18 38,-0.02242877,0.46360612,0.760376,-0.670838,-0.777778,-0.181676,0.000000,0.000000,0.440731
3465,01 02 10 12 14 22,-0.02249550,0.38298572,-1.004782,-0.943459,-0.500000,0.337398,0.000000,0.000000,-0.127694
3466,06 10 13 14 18 38,-0.02251940,0.42896575,0.896157,-0.149025,-1.055556,-0.960287,0.000000,0.000000,0.739464
3467,06 09 18 22 24 38,-0.02255812,0.39695907,0.353032,0.136409,0.055556,-1.479361,0.000000,0.000000,1.232596
3468,02 04 06 09 10 18,-0.02262185,0.48797873,-0.054313,-0.813107,0.611111,0.467167,0.000000,0.000000,-1.210409
3469,06 09 10 12 22 24,-0.02262516,0.34219198,-1.276345,-0.072237,0.888889,-0.960287,0.000000,0.000000,0.366223
3470,04 07 09 12 18 22,-0.02263285,0.41467036,-1.140563,-1.501014,0.055556,0.986241,0.000000,0.000000,0.163240
3471,01 02 07 09 10 13,-0.02264771,0.44157971,-1.547908,-0.681170,2.000000,0.596935,0.000000,0.000000,-2.285622
3472,10 12 14 18 22 24,-0.02267201,0.46363259,0.081469,-0.819792,0.055556,0.207630,0.000000,0.000000,-0.272705
3473,01 02 09 10 14 22,-0.02276741,0.33018284,-1.819470,-0.489839,0.611111,-0.311445,0.000000,0.000000,0.004724
3474,06 07 09 22 24 38,-0.02277251,0.32424298,-1.276345,-0.066197,0.888889,-1.219824,0.000000,0.000000,1.230274
3475,04 06 07 08 18 22,-0.02277559,0.46556244,0.760376,-0.711471,-1.333333,0.077861,0.000000,0.000000,-0.335451
3476,02 06 08 18 24 38,-0.02284062,0.55034887,2.389752,-0.039772,0.055556,-1.090056,0.000000,0.000000,0.640133
3477,02 06 08 13 18 38,-0.02287149,0.51773810,2.118189,-0.093207,-0.777778,-0.960287,0.000000,0.000000,0.427378
3478,01 02 06 08 22 38,-0.02288687,0.40184466,1.031938,0.280472,-1.611111,-1.479361,0.000000,0.000000,0.513048
3479,02 07 10 18 22 24,-0.02298146,0.53682673,-0.054313,-1.810446,1.722222,1.245778,0.000000,0.000000,0.638478
3480,01 02 07 08 12 13,-0.02299148,0.49849079,0.081469,-0.555881,0.333333,0.467167,0.000000,0.000000,-2.462965
3481,06 08 13 14 18 38,-0.02300083,0.43307394,1.710845,0.429883,-1.611111,-1.738899,0.000000,0.000000,0.714428
3482,02 06 10 13 18 38,-0.02306710,0.51362991,1.303501,-0.672116,-0.222222,-0.181676,0.000000,0.000000,0.352110
3483,02 06 08 10 12 24,-0.02309137,0.49558178,0.760376,-0.248418,0.888889,-0.570982,0.000000,0.000000,-0.253459
3484,01 02 04 06 07 08,-0.02309790,0.51314451,0.353032,-0.012635,-0.500000,0.467167,0.000000,0.000000,-5.008406
3485,02 06 12 13 18 22,-0.02312830,0.45242423,0.217250,-1.016946,-0.777778,0.337398,0.000000,0.000000,0.120753
3486,02 06 10 18 24 38,-0.02313468,0.54624068,1.575064,-0.618681,0.611111,-0.311445,0.000000,0.000000,0.550278
3487,06 08 09 12 22 24,-0.02314166,0.34630018,-0.461657,0.506672,0.333333,-1.738899,0.000000,0.000000,0.335991
3488,02 08 10 12 13 14,-0.02315120,0.47036267,-0.054313,-0.330830,0.333333,0.077861,0.000000,0.000000,-2.163587
3489,02 07 08 18 22 24,-0.02316936,0.54093492,0.760376,-1.231537,1.166667,0.467167,0.000000,0.000000,0.656929
3490,06 07 08 14 24 38,-0.02318900,0.39296862,0.353032,0.280713,0.055556,-1.609130,0.000000,0.000000,0.924171
3491,01 02 06 07 10 13,-0.02319315,0.45974222,-0.597438,-0.612977,0.611111,0.467167,0.000000,0.000000,-2.226973
3492,10 12 13 14 18 22,-0.02320952,0.43102182,-0.190094,-0.873227,-0.777778,0.337398,0.000000,0.000000,-0.560519
3493,02 06 07 10 14 24,-0.02323117,0.42413346,-1.140563,-0.944495,1.722222,0.207630,0.000000,0.000000,0.225147
3494,07 09 12 14 22 24,-0.02323449,0.30949224,-2.498377,-0.711219,1.444444,-0.181676,0.000000,0.000000,0.509395
3495,04 06 07 10 18 38,-0.02325210,0.49403855,0.896157,-1.087992,-0.777778,0.337398,0.000000,0.000000,0.433244
3496,01 04 06 07 09 12,-0.02325464,0.37019662,-1.412126,-0.250111,-0.222222,0.077861,0.000000,0.000000,-2.554787
3497,02 06 08 09 10 24,-0.02327364,0.44277890,-0.054313,0.205202,2.000000,-1.219824,0.000000,0.000000,-0.107760
3498,07 10 18 22 24 38,-0.02328517,0.50155369,0.624594,-1.164146,0.611111,0.207630,0.000000,0.000000,1.239970
3499,01 06 08 14 22 38,-0.02337139,0.31718051,0.624594,0.803563,-2.444444,-2.257973,0.000000,0.000000,0.747477
3500,01 08 09 12 13 18,-0.02337310,0.46098855,0.896157,0.130598,-0.222222,-0.960287,0.000000,0.000000,-0.689107
3501,07 08 09 13 14 22,-0.02337492,0.30961104,-1.819470,-0.043303,0.611111,-0.830519,0.000000,0.000000,-0.336593
3502,06 08 14 18 24 38,-0.02339618,0.46568471,1.982408,0.483318,-0.777778,-1.868667,0.000000,0.000000,0.864035
3503,02 08 09 10 13 14,-0.02343128,0.41755978,-0.869001,0.122790,1.444444,-0.570982,0.000000,0.000000,-2.032380
3504,06 12 18 22 24 38,-0.02347461,0.44976196,1.167720,-0.317211,-1.055556,-0.830519,0.000000,0.000000,0.924113
3505,01 02 09 12 22 38,-0.02347997,0.35095258,-0.869001,-0.509071,-0.222222,-0.570982,0.000000,0.000000,0.902722
3506,02 06 12 18 22 24,-0.02349096,0.48503500,0.488813,-0.963511,0.055556,0.207630,0.000000,0.000000,0.275205
3507,01 02 08 09 14 22,-0.02351172,0.33429103,-1.004782,0.089070,0.055556,-1.090056,0.000000,0.000000,-0.059259
3508,07 08 18 22 24 38,-0.02355088,0.50566188,1.439282,-0.585238,0.055556,-0.570982,0.000000,0.000000,1.246893
3509,01 06 10 14 22 38,-0.02359159,0.31307231,-0.190094,0.224654,-1.888889,-1.479361,0.000000,0.000000,0.668564
3510,02 07 09 12 24 38,-0.02360217,0.42674069,-1.140563,-1.031921,2.277778,0.077861,0.000000,0.000000,1.034292
3511,01 09 10 12 13 18,-0.02360373,0.45688036,0.081469,-0.448310,0.333333,-0.181676,0.000000,0.000000,-0.769564
3512,02 06 07 12 13 22,-0.02365376,0.37970814,-1.412126,-1.219551,0.055556,0.596935,0.000000,0.000000,0.072345
3513,02 07 09 10 13 38,-0.02369751,0.42275130,-1.276345,-0.942914,2.000000,0.207630,0.000000,0.000000,0.148695
3514,02 04 07 08 10 18,-0.02371111,0.59668153,1.031938,-1.534754,0.611111,1.375547,0.000000,0.000000,-1.210409
3515,02 06 07 08 24 38,-0.02371700,0.47763278,0.760376,-0.242378,0.888889,-0.830519,0.000000,0.000000,0.539736
3516,02 07 08 12 13 38,-0.02375996,0.47966238,0.353032,-0.817626,0.333333,0.077861,0.000000,0.000000,0.013030
3517,07 10 12 13 14 38,-0.02381242,0.39089003,-0.869001,-0.873444,0.055556,0.077861,0.000000,0.000000,0.265181
3518,02 06 07 09 22 24,-0.02381276,0.35951602,-1.955252,-0.712496,2.000000,-0.181676,0.000000,0.000000,0.429671
3519,02 04 06 10 12 18,-0.02381423,0.54078161,0.760376,-1.266727,-0.500000,1.116010,0.000000,0.000000,-1.559766
3520,06 10 14 18 24 38,-0.02387111,0.46157652,1.167720,-0.095591,-0.222222,-1.090056,0.000000,0.000000,0.747384
3521,01 07 08 09 13 14,-0.02388879,0.36102374,-1.140563,0.420829,0.611111,-0.960287,0.000000,0.000000,-2.116991
3522,04 06 09 10 14 18,-0.02389585,0.40331457,-0.461657,-0.290017,-0.222222,-0.311445,0.000000,0.000000,-1.092945
3523,06 09 10 12 24 38,-0.02402272,0.37477628,-0.325875,0.130151,0.888889,-1.479361,0.000000,0.000000,1.044750
3524,07 09 12 14 24 38,-0.02402912,0.34207653,-1.547908,-0.508831,1.444444,-0.700750,0.000000,0.000000,1.277249
3525,01 06 07 09 12 24,-0.02403378,0.35351328,-1.276345,-0.218109,1.166667,-0.830519,0.000000,0.000000,0.379794
3526,02 09 12 13 18 38,-0.02406806,0.46684602,0.217250,-0.882750,0.611111,-0.051907,0.000000,0.000000,0.727647
3527,06 09 10 12 13 22,-0.02407952,0.30958122,-1.547908,-0.125672,0.055556,-0.830519,0.000000,0.000000,-0.057425
3528,01 06 07 08 09 24,-0.02410717,0.38624286,-0.325875,0.503241,1.166667,-1.609130,0.000000,0.000000,-0.248080
3529,01 02 08 10 14 38,-0.02413490,0.44829960,0.896157,-0.019720,-0.500000,-0.960287,0.000000,0.000000,-0.101998
3530,01 06 10 12 13 18,-0.02418215,0.47504287,1.031938,-0.380117,-1.055556,-0.311445,0.000000,0.000000,-0.715800
3531,02 06 08 10 13 14,-0.02426431,0.43572229,0.081469,0.190983,0.055556,-0.700750,0.000000,0.000000,-2.016338
3532,01 07 10 12 18 24,-0.02428515,0.53082399,0.624594,-1.316059,0.888889,0.596935,0.000000,0.000000,0.428200
3533,02 06 07 09 13 22,-0.02437251,0.32690525,-2.226814,-0.765931,1.166667,-0.051907,0.000000,0.000000,0.138561
3534,02 09 12 18 24 38,-0.02437343,0.49945678,0.488813,-0.829316,1.444444,-0.181676,0.000000,0.000000,0.890586
3535,06 08 09 12 24 38,-0.02449563,0.37888448,0.488813,0.709060,0.333333,-2.257973,0.000000,0.000000,1.020976
3536,01 02 04 06 07 09,-0.02452708,0.42761205,-1.412126,-0.280365,0.611111,0.596935,0.000000,0.000000,-4.430439
3537,06 07 08 13 14 22,-0.02454721,0.32777355,-0.869001,0.024890,-0.777778,-0.960287,0.000000,0.000000,-0.370812
3538,01 06 09 12 18 24,-0.02454847,0.42622938,0.353032,-0.015504,0.333333,-1.090056,0.000000,0.000000,0.274100
3539,09 12 14 18 24 38,-0.02454957,0.41479263,0.081469,-0.306225,0.611111,-0.960287,0.000000,0.000000,1.170701
3540,04 06 07 09 12 38,-0.02458417,0.35136821,-1.140563,-0.511855,-0.222222,-0.311445,0.000000,0.000000,-0.161913
3541,02 04 06 08 12 18,-0.02461599,0.54488980,1.575064,-0.687819,-1.055556,0.337398,0.000000,0.000000,-1.632259
3542,04 06 07 09 10 38,-0.02462477,0.37998959,-1.004782,-0.369413,0.333333,-0.311445,0.000000,0.000000,-0.831220
3543,06 08 09 12 13 22,-0.02462599,0.31368941,-0.733219,0.453237,-0.500000,-1.609130,0.000000,0.000000,-0.092098
3544,04 06 09 10 12 14,-0.02466798,0.34206850,-1.547908,-0.025059,-0.222222,-0.311445,0.000000,0.000000,-2.441138
3545,09 12 14 18 22 24,-0.02467669,0.38220833,-0.869001,-0.508613,0.611111,-0.441213,0.000000,0.000000,0.266288
3546,01 02 06 10 14 22,-0.02468191,0.34834535,-0.869001,-0.421646,-0.777778,-0.441213,0.000000,0.000000,-0.139458
3547,08 09 10 12 14 24,-0.02475322,0.39275511,-0.597438,0.206480,1.444444,-1.219824,0.000000,0.000000,-0.332914
3548,01 07 08 12 18 24,-0.02478900,0.53493218,1.439282,-0.737150,0.333333,-0.181676,0.000000,0.000000,0.399842
3549,01 09 12 14 22 38,-0.02479472,0.26628842,-1.276345,0.014019,-1.055556,-1.349593,0.000000,0.000000,1.014150
3550,06 08 09 10 14 24,-0.02485072,0.35811474,-0.461657,0.728293,1.166667,-1.998436,0.000000,0.000000,-0.035199
3551,02 06 07 08 14 24,-0.02487470,0.42824166,-0.325875,-0.365587,1.166667,-0.570982,0.000000,0.000000,0.027943
3552,01 06 08 12 13 18,-0.02487992,0.47915107,1.846627,0.198791,-1.611111,-1.090056,0.000000,0.000000,-0.772888
3553,01 04 06 07 09 10,-0.02488271,0.39881800,-1.276345,-0.107669,0.333333,0.077861,0.000000,0.000000,-3.459282
3554,02 06 09 13 18 22,-0.02489408,0.39962134,-0.597438,-0.563325,0.333333,-0.311445,0.000000,0.000000,0.031849
3555,04 07 09 12 18 38,-0.02490785,0.44725466,-0.190094,-1.298626,0.055556,0.467167,0.000000,0.000000,0.711771
3556,02 06 09 10 12 24,-0.02493731,0.41004932,-1.004782,-0.516148,2.000000,-0.441213,0.000000,0.000000,0.262763
3557,07 09 10 13 14 38,-0.02493737,0.33808715,-1.683689,-0.419824,1.166667,-0.570982,0.000000,0.000000,0.271216
3558,02 07 09 12 14 24,-0.02499125,0.37734957,-2.226814,-1.155130,2.555556,0.337398,0.000000,0.000000,0.488218
3559,06 07 12 14 22 24,-0.02500087,0.32765475,-1.547908,-0.643026,0.055556,-0.311445,0.000000,0.000000,0.387159
3560,01 02 07 08 09 13,-0.02500856,0.44568790,-0.733219,-0.102261,1.444444,-0.181676,0.000000,0.000000,-2.589101
3561,01 02 07 12 13 18,-0.02505267,0.52700728,0.217250,-1.542190,0.333333,1.245778,0.000000,0.000000,-0.917535
3562,02 04 06 08 09 18,-0.02506227,0.49208692,0.760376,-0.234199,0.055556,-0.311445,0.000000,0.000000,-1.525676
3563,01 07 09 10 18 24,-0.02508019,0.47802110,-0.190094,-0.862439,2.000000,-0.051907,0.000000,0.000000,0.483114
3564,04 07 08 10 14 18,-0.02511742,0.51201738,0.624594,-1.011663,-0.222222,0.596935,0.000000,0.000000,-1.112546
3565,02 07 08 13 18 22,-0.02512776,0.50832415,0.488813,-1.284972,0.333333,0.596935,0.000000,0.000000,0.158606
3566,02 07 08 09 13 38,-0.02514977,0.42685950,-0.461657,-0.364006,1.444444,-0.570982,0.000000,0.000000,-0.020173
3567,04 06 07 12 18 22,-0.02516125,0.43283287,-0.190094,-1.432821,-1.333333,0.856472,0.000000,0.000000,-0.071891
3568,01 07 12 13 14 18,-0.02518400,0.44234312,-0.190094,-1.019099,-0.500000,0.467167,0.000000,0.000000,-0.630781
3569,01 06 07 08 13 14,-0.02520445,0.37918625,-0.190094,0.489022,-0.777778,-1.090056,0.000000,0.000000,-2.172452
3570,04 06 08 10 12 14,-0.02520745,0.42760096,0.217250,0.242671,-1.333333,-0.441213,0.000000,0.000000,-3.310765
3571,06 09 14 18 22 24,-0.02520800,0.34756795,-0.733219,0.013200,0.333333,-1.219824,0.000000,0.000000,0.499732
3572,02 06 08 14 18 24,-0.02522668,0.50095775,1.303501,-0.162981,0.333333,-0.830519,0.000000,0.000000,-0.053646
3573,04 06 08 09 14 18,-0.02526760,0.40742276,0.353032,0.288892,-0.777778,-1.090056,0.000000,0.000000,-1.249885
3574,02 06 07 10 13 38,-0.02527239,0.44091382,-0.325875,-0.874721,0.611111,0.077861,0.000000,0.000000,0.054829
3575,02 04 06 07 12 14,-0.02530595,0.41219542,-1.412126,-1.118938,-0.222222,1.116010,0.000000,0.000000,-2.468960
3576,02 09 12 14 18 24,-0.02531455,0.45006567,-0.597438,-0.952524,1.722222,0.077861,0.000000,0.000000,0.410880
3577,06 07 10 13 14 38,-0.02532093,0.35624966,-0.733219,-0.351631,-0.222222,-0.700750,0.000000,0.000000,0.353849
3578,07 09 12 13 14 22,-0.02533107,0.27688147,-2.769940,-0.764654,0.611111,-0.051907,0.000000,0.000000,-0.009399
3579,06 07 09 14 22 24,-0.02537401,0.27485186,-2.362596,-0.189406,1.166667,-0.960287,0.000000,0.000000,0.504579
3580,02 06 10 14 18 24,-0.02540056,0.49684956,0.488813,-0.741890,0.888889,-0.051907,0.000000,0.000000,-0.125696
3581,04 06 08 09 12 14,-0.02542047,0.34617669,-0.733219,0.553850,-0.777778,-1.090056,0.000000,0.000000,-2.506332
3582,04 06 10 12 14 18,-0.02543556,0.45611745,0.353032,-0.743637,-1.333333,0.337398,0.000000,0.000000,-1.493759
3583,02 07 10 13 18 22,-0.02544371,0.50421596,-0.325875,-1.863881,0.888889,1.375547,0.000000,0.000000,0.065507
3584,06 08 09 10 13 38,-0.02548223,0.37489509,0.353032,0.798067,0.055556,-2.128204,0.000000,0.000000,0.003336
3585,01 06 09 10 13 18,-0.02549233,0.42223999,0.217250,0.073503,0.055556,-0.960287,0.000000,0.000000,-0.737206
3586,01 07 09 12 13 14,-0.02550916,0.32829417,-2.091033,-0.300521,0.611111,-0.181676,0.000000,0.000000,-1.740053
3587,02 04 06 07 14 18,-0.02553066,0.47344149,-0.325875,-1.383896,-0.222222,1.116010,0.000000,0.000000,-1.268454
3588,02 04 06 07 09 14,-0.02556893,0.35939253,-2.226814,-0.665318,0.888889,0.467167,0.000000,0.000000,-2.335221
3589,01 02 06 08 14 22,-0.02559577,0.35245355,-0.054313,0.157263,-1.333333,-1.219824,0.000000,0.000000,-0.228559
3590,08 09 10 18 22 24,-0.02566378,0.47080800,0.624594,-0.137658,1.166667,-0.960287,0.000000,0.000000,0.220680
3591,02 06 08 09 12 24,-0.02566800,0.41415752,-0.190094,0.062761,1.444444,-1.219824,0.000000,0.000000,0.200798
3592,09 12 13 14 18 38,-0.02568745,0.38218186,-0.190094,-0.359660,-0.222222,-0.830519,0.000000,0.000000,0.793941
3593,04 06 07 08 18 38,-0.02576752,0.49814674,1.710845,-0.509083,-1.333333,-0.441213,0.000000,0.000000,0.106866
3594,07 12 13 18 22 38,-0.02577227,0.44032154,0.217250,-1.360023,-0.777778,0.337398,0.000000,0.000000,1.326608
3595,06 12 14 18 22 24,-0.02579097,0.40037084,0.081469,-0.440420,-0.777778,-0.570982,0.000000,0.000000,0.240662
3596,01 06 09 10 12 13,-0.02580043,0.36099392,-0.869001,0.338461,0.055556,-0.960287,0.000000,0.000000,-2.016652
3597,07 08 12 13 14 38,-0.02587875,0.39499823,-0.054313,-0.294535,-0.500000,-0.700750,0.000000,0.000000,0.005337
3598,04 07 08 10 12 14,-0.02588954,0.45077131,-0.461657,-0.746705,-0.222222,0.596935,0.000000,0.000000,-2.460739
3599,02 06 07 12 24 38,-0.02592854,0.44490320,-0.190094,-0.963728,0.888889,-0.051907,0.000000,0.000000,0.829090
3600,07 08 10 12 22 24,-0.02601977,0.45089479,-0.190094,-0.793883,0.888889,-0.051907,0.000000,0.000000,0.024679
3601,01 02 06 07 08 13,-0.02604494,0.46385041,0.217250,-0.034068,0.055556,-0.311445,0.000000,0.000000,-2.603185
3602,09 12 13 14 18 22,-0.02604674,0.34959756,-1.140563,-0.562048,-0.222222,-0.311445,0.000000,0.000000,-0.144870
3603,04 06 07 09 18 22,-0.02605513,0.38002998,-1.004782,-0.979201,-0.222222,0.207630,0.000000,0.000000,-0.031621
3604,01 02 09 12 14 22,-0.02608028,0.30156146,-1.955252,-0.632280,0.055556,-0.311445,0.000000,0.000000,0.177202
3605,07 08 10 12 24 38,-0.02610309,0.48347909,0.760376,-0.591495,0.888889,-0.570982,0.000000,0.000000,0.897914
3606,06 07 12 14 24 38,-0.02611795,0.36023905,-0.597438,-0.440638,0.055556,-0.830519,0.000000,0.000000,1.107240
3607,04 06 08 12 14 18,-0.02612243,0.46022565,1.167720,-0.164728,-1.888889,-0.441213,0.000000,0.000000,-1.549232
3608,01 02 06 12 22 38,-0.02613257,0.36911509,0.081469,-0.440878,-1.611111,-0.700750,0.000000,0.000000,0.649190
3609,08 09 10 18 24 38,-0.02613594,0.50339230,1.575064,0.064730,1.166667,-1.479361,0.000000,0.000000,1.036307
3610,06 09 13 14 18 22,-0.02614764,0.31495719,-1.004782,-0.040235,-0.500000,-1.090056,0.000000,0.000000,0.152342
3611,01 08 10 12 22 38,-0.02615802,0.40769098,1.031938,-0.068645,-1.611111,-1.219824,0.000000,0.000000,0.740103
3612,06 12 13 14 18 22,-0.02616679,0.36776007,-0.190094,-0.493855,-1.611111,-0.441213,0.000000,0.000000,-0.023198
3613,07 08 14 18 22 24,-0.02623289,0.45627076,0.353032,-0.708447,0.333333,-0.311445,0.000000,0.000000,0.509269
3614,06 08 10 12 13 38,-0.02624298,0.42769797,1.167720,0.344447,-1.055556,-1.479361,0.000000,0.000000,-0.282072
3615,04 07 08 09 10 14,-0.02626808,0.39796842,-1.276345,-0.293085,0.888889,-0.051907,0.000000,0.000000,-2.344119
3616,08 10 12 18 24 38,-0.02628685,0.55619518,2.389752,-0.388890,0.055556,-0.830519,0.000000,0.000000,0.841249
3617,08 10 12 18 22 24,-0.02629472,0.52361089,1.439282,-0.591278,0.055556,-0.311445,0.000000,0.000000,-0.045497
3618,02 06 12 13 18 38,-0.02631160,0.48500853,1.167720,-0.814557,-0.777778,-0.181676,0.000000,0.000000,0.534717
3619,01 06 08 09 13 18,-0.02635964,0.42634818,1.031938,0.652412,-0.500000,-1.738899,0.000000,0.000000,-0.819412
3620,01 07 08 09 18 24,-0.02636999,0.48212930,0.624594,-0.283530,1.444444,-0.830519,0.000000,0.000000,0.338315
3621,08 09 10 12 13 38,-0.02640686,0.40953546,0.217250,0.276254,0.333333,-1.349593,0.000000,0.000000,-0.445810
3622,06 07 09 14 24 38,-0.02642569,0.30743616,-1.412126,0.012982,1.166667,-1.479361,0.000000,0.000000,1.234348
3623,02 04 06 09 10 12,-0.02644589,0.42673266,-1.140563,-0.548149,0.611111,0.467167,0.000000,0.000000,-3.010751
3624,01 02 10 18 22 38,-0.02645452,0.49362291,1.167720,-1.085208,-0.777778,0.077861,0.000000,0.000000,0.859841
3625,08 10 12 13 18 22,-0.02647036,0.49100012,1.167720,-0.644713,-0.777778,-0.181676,0.000000,0.000000,-0.279700
3626,01 07 08 10 13 18,-0.02647845,0.53094280,1.303501,-0.648144,0.055556,-0.051907,0.000000,0.000000,-0.721925
3627,08 09 10 13 18 22,-0.02648581,0.43819723,0.353032,-0.191093,0.333333,-0.830519,0.000000,0.000000,-0.109288
3628,01 06 08 09 12 13,-0.02656382,0.36510211,-0.054313,0.917370,-0.500000,-1.738899,0.000000,0.000000,-2.083460
3629,02 04 06 09 12 18,-0.02657941,0.45935735,-0.190094,-0.955549,0.055556,0.467167,0.000000,0.000000,-1.133442
3630,06 08 10 12 14 24,-0.02659251,0.41091762,0.353032,0.274673,0.055556,-1.349593,0.000000,0.000000,-0.465953
3631,01 07 09 13 14 18,-0.02664018,0.38954024,-1.004782,-0.565479,0.611111,-0.181676,0.000000,0.000000,-0.673816
3632,07 10 14 18 22 24,-0.02666856,0.45216257,-0.461657,-1.287355,0.888889,0.467167,0.000000,0.000000,0.398434
3633,01 02 07 09 13 18,-0.02668116,0.47420440,-0.597438,-1.088570,1.444444,0.596935,0.000000,0.000000,-0.986100
3634,01 02 06 09 22 38,-0.02668642,0.31631221,-0.733219,0.012742,-0.500000,-1.349593,0.000000,0.000000,0.739836
3635,02 06 07 09 24 38,-0.02669175,0.39210032,-1.004782,-0.510108,2.000000,-0.700750,0.000000,0.000000,0.888720
3636,01 06 07 10 18 24,-0.02669595,0.49618362,0.760376,-0.794246,0.611111,-0.181676,0.000000,0.000000,0.383193
3637,02 09 10 13 14 18,-0.02675768,0.44607628,-0.733219,-0.863518,1.444444,0.207630,0.000000,0.000000,-0.674395
3638,02 06 09 18 24 38,-0.02680166,0.46481641,0.624594,-0.307502,1.166667,-0.960287,0.000000,0.000000,0.842995
3639,07 09 13 18 22 38,-0.02680380,0.38751866,-0.597438,-0.906403,0.333333,-0.311445,0.000000,0.000000,1.346487
3640,08 09 10 13 18 38,-0.02680646,0.47078153,1.303501,0.011296,0.333333,-1.349593,0.000000,0.000000,0.728788
3641,08 10 12 13 18 38,-0.02685640,0.52358442,2.118189,-0.442325,-0.777778,-0.700750,0.000000,0.000000,0.548688
3642,02 06 07 08 13 38,-0.02688050,0.44502201,0.488813,-0.295813,0.055556,-0.700750,0.000000,0.000000,-0.137128
3643,02 04 07 10 12 18,-0.02688334,0.56395196,0.081469,-2.256104,0.611111,2.154158,0.000000,0.000000,-1.063382
3644,01 02 07 09 12 13,-0.02692621,0.41295833,-1.683689,-0.823611,1.444444,0.596935,0.000000,0.000000,-2.256204
3645,01 02 08 18 22 38,-0.02698564,0.49773111,1.982408,-0.506299,-1.333333,-0.700750,0.000000,0.000000,0.827443
3646,06 09 13 14 18 38,-0.02698732,0.34754149,-0.054313,0.162153,-0.500000,-1.609130,0.000000,0.000000,0.913520
3647,02 07 08 18 24 38,-0.02700110,0.57351922,1.710845,-1.029149,1.166667,-0.051907,0.000000,0.000000,0.974825
3648,01 06 12 14 22 38,-0.02702191,0.28445093,-0.325875,0.082212,-2.444444,-1.479361,0.000000,0.000000,0.823642
3649,02 04 06 08 10 12,-0.02702910,0.51226512,0.624594,-0.280419,-0.500000,0.337398,0.000000,0.000000,-3.886859
3650,01 02 07 10 22 38,-0.02706392,0.42090682,-0.461657,-1.287813,0.055556,0.337398,0.000000,0.000000,0.798997
3651,07 08 09 13 14 38,-0.02711678,0.34219534,-0.869001,0.159085,0.611111,-1.349593,0.000000,0.000000,-0.005381
3652,02 04 06 08 09 12,-0.02711932,0.43084085,-0.325875,0.030759,0.055556,-0.311445,0.000000,0.000000,-3.064232
3653,02 08 12 13 14 18,-0.02714678,0.50298736,0.896157,-0.738229,-0.222222,0.077861,0.000000,0.000000,-0.858455
3654,01 08 09 10 22 38,-0.02719276,0.35488809,0.217250,0.384975,-0.500000,-1.868667,0.000000,0.000000,0.759504
3655,02 10 12 13 14 18,-0.02720513,0.49887916,0.081469,-1.317138,0.333333,0.856472,0.000000,0.000000,-0.913389
3656,02 07 08 10 12 24,-0.02720554,0.51875213,0.081469,-1.237795,2.000000,0.467167,0.000000,0.000000,0.088095
3657,07 10 13 14 18 22,-0.02722258,0.41955180,-0.733219,-1.340790,0.055556,0.596935,0.000000,0.000000,0.108174
3658,06 08 10 13 18 22,-0.02732907,0.45635974,1.303501,-0.122900,-1.055556,-0.960287,0.000000,0.000000,-0.094760
3659,04 06 07 12 18 38,-0.02737086,0.46541717,0.760376,-1.230433,-1.333333,0.337398,0.000000,0.000000,0.486328
3660,02 06 07 12 14 24,-0.02741572,0.39551208,-1.276345,-1.086937,1.166667,0.207630,0.000000,0.000000,0.268485
3661,02 06 12 18 24 38,-0.02744498,0.51761930,1.439282,-0.761123,0.055556,-0.311445,0.000000,0.000000,0.574985
3662,06 08 10 18 22 24,-0.02744585,0.48897051,1.575064,-0.069465,-0.222222,-1.090056,0.000000,0.000000,0.096118
3663,06 09 14 18 24 38,-0.02745109,0.38015225,0.217250,0.215588,0.333333,-1.738899,0.000000,0.000000,1.052992
3664,02 07 10 18 24 38,-0.02745911,0.56941103,0.896157,-1.608058,1.722222,0.726704,0.000000,0.000000,0.860681
3665,02 07 09 18 22 24,-0.02747241,0.45540246,-1.004782,-1.499267,2.277778,0.596935,0.000000,0.000000,0.809122
3666,02 08 09 12 13 14,-0.02750387,0.38893840,-1.004782,-0.019651,0.888889,-0.570982,0.000000,0.000000,-1.972456
3667,02 04 07 08 12 18,-0.02750744,0.56806016,0.896157,-1.677195,0.055556,1.375547,0.000000,0.000000,-1.109556
3668,07 08 14 18 24 38,-0.02751746,0.48885506,1.303501,-0.506059,0.333333,-0.830519,0.000000,0.000000,1.204536
3669,06 12 14 18 24 38,-0.02752878,0.43295514,1.031938,-0.238032,-0.777778,-1.090056,0.000000,0.000000,0.868781
3670,07 08 10 12 13 22,-0.02752953,0.41828403,-0.461657,-0.847318,0.055556,0.077861,0.000000,0.000000,-0.407178
3671,02 04 07 08 10 12,-0.02753515,0.53543547,-0.054313,-1.269796,0.611111,1.375547,0.000000,0.000000,-3.010751
3672,02 04 07 09 10 18,-0.02759964,0.51114908,-0.733219,-1.802484,1.722222,1.505315,0.000000,0.000000,-0.996803
3673,02 08 09 13 14 18,-0.02761403,0.45018447,0.081469,-0.284609,0.888889,-0.570982,0.000000,0.000000,-0.754977
3674,02 08 09 10 18 24,-0.02765282,0.53866534,0.896157,-0.581569,2.277778,-0.441213,0.000000,0.000000,0.165090
3675,02 06 09 13 18 38,-0.02765627,0.43220564,0.353032,-0.360937,0.333333,-0.830519,0.000000,0.000000,0.508202
3676,06 09 10 12 14 24,-0.02766071,0.32538516,-1.412126,0.006942,1.166667,-1.219824,0.000000,0.000000,0.165494
3677,07 10 13 14 18 38,-0.02766260,0.45213610,0.217250,-1.138402,0.055556,0.077861,0.000000,0.000000,0.928563
3678,06 07 09 13 14 22,-0.02768685,0.24224109,-2.634158,-0.242841,0.333333,-0.830519,0.000000,0.000000,-0.046256
3679,07 12 18 22 24 38,-0.02777346,0.47293231,0.488813,-1.306588,0.055556,0.207630,0.000000,0.000000,1.238306
3680,02 07 12 18 22 24,-0.02779632,0.50820535,-0.190094,-1.952887,1.166667,1.245778,0.000000,0.000000,0.588433
3681,04 06 07 08 09 38,-0.02781548,0.38409779,-0.190094,0.209495,-0.222222,-1.090056,0.000000,0.000000,-1.257644
3682,02 07 09 12 13 38,-0.02783277,0.39412992,-1.412126,-1.085356,1.444444,0.207630,0.000000,0.000000,0.199335
3683,06 12 13 14 18 38,-0.02783865,0.40034437,0.760376,-0.291467,-1.611111,-0.960287,0.000000,0.000000,0.614692
3684,07 09 18 22 24 38,-0.02784612,0.42012942,-0.325875,-0.852968,1.166667,-0.441213,0.000000,0.000000,1.400243
3685,02 07 08 13 18 38,-0.02788995,0.54090845,1.439282,-1.082584,0.333333,0.077861,0.000000,0.000000,0.634958
3686,02 06 09 10 13 14,-0.02789734,0.35018983,-1.683689,-0.076747,1.166667,-0.570982,0.000000,0.000000,-1.764879
3687,02 08 10 12 18 24,-0.02796699,0.59146822,1.710845,-1.035189,1.166667,0.207630,0.000000,0.000000,-0.054157
3688,04 08 09 10 12 18,-0.02799021,0.49793324,0.760376,-0.583316,0.055556,-0.051907,0.000000,0.000000,-1.247774
3689,01 06 07 08 18 24,-0.02800722,0.50029181,1.575064,-0.215337,0.055556,-0.960287,0.000000,0.000000,0.235213
3690,06 07 13 18 22 38,-0.02800740,0.40568117,0.353032,-0.838210,-1.055556,-0.441213,0.000000,0.000000,1.307626
3691,02 06 07 09 14 24,-0.02801441,0.34270920,-2.091033,-0.633317,2.277778,-0.441213,0.000000,0.000000,0.352488
3692,06 07 12 13 14 22,-0.02806681,0.29504398,-1.819470,-0.696461,-0.777778,-0.181676,0.000000,0.000000,-0.275249
3693,07 08 13 14 18 22,-0.02809899,0.42366000,0.081469,-0.761882,-0.500000,-0.181676,0.000000,0.000000,0.024621
3694,04 06 09 12 14 18,-0.02814329,0.37469319,-0.597438,-0.432458,-0.777778,-0.311445,0.000000,0.000000,-1.058925
3695,06 07 08 10 13 22,-0.02814707,0.38364365,-0.325875,-0.325505,-0.222222,-0.700750,0.000000,0.000000,-0.186509
3696,07 10 14 18 24 38,-0.02815634,0.48474687,0.488813,-1.084967,0.888889,-0.051907,0.000000,0.000000,1.063595
3697,01 06 09 14 22 38,-0.02816847,0.23164805,-1.140563,0.535832,-1.333333,-2.128204,0.000000,0.000000,0.826478
3698,06 08 09 12 14 24,-0.02819901,0.32949336,-0.597438,0.585851,0.611111,-1.998436,0.000000,0.000000,0.132032
3699,01 02 06 07 13 18,-0.02823897,0.49236691,0.353032,-1.020377,0.055556,0.467167,0.000000,0.000000,-1.077435
3700,01 02 08 12 14 38,-0.02824011,0.41967822,0.760376,-0.162162,-1.055556,-0.960287,0.000000,0.000000,-0.046906
3701,02 07 10 13 18 38,-0.02824950,0.53680026,0.624594,-1.661493,0.888889,0.856472,0.000000,0.000000,0.535401
3702,01 06 07 13 14 18,-0.02825593,0.40770275,-0.054313,-0.497286,-0.777778,-0.311445,0.000000,0.000000,-0.773737
3703,01 02 08 10 12 22,-0.02828893,0.44296402,0.353032,-0.714945,-0.500000,-0.181676,0.000000,0.000000,-0.222086
3704,02 06 10 12 13 14,-0.02837425,0.40299272,-0.869001,-0.530367,0.055556,0.077861,0.000000,0.000000,-2.008237
3705,01 07 08 14 22 38,-0.02839530,0.34035086,-0.054313,-0.185814,-1.333333,-1.219824,0.000000,0.000000,0.954250
3706,01 06 07 12 13 14,-0.02844524,0.34645668,-1.140563,-0.232328,-0.777778,-0.311445,0.000000,0.000000,-2.035583
3707,06 08 10 13 18 38,-0.02847083,0.48894404,2.253971,0.079488,-1.055556,-1.479361,0.000000,0.000000,0.621665
3708,02 09 10 12 13 14,-0.02859738,0.38483021,-1.819470,-0.598560,1.444444,0.207630,0.000000,0.000000,-2.180751
3709,06 08 10 18 24 38,-0.02862832,0.52155481,2.525533,0.132923,-0.222222,-1.609130,0.000000,0.000000,0.806512
3710,07 08 09 10 13 22,-0.02862945,0.36548114,-1.276345,-0.393698,1.166667,-0.570982,0.000000,0.000000,-0.397432
3711,01 02 10 12 14 38,-0.02863532,0.41557002,-0.054313,-0.741071,-0.500000,-0.181676,0.000000,0.000000,-0.151747
3712,01 07 08 10 12 13,-0.02863933,0.46969673,0.217250,-0.383186,0.055556,-0.051907,0.000000,0.000000,-2.275866
3713,02 07 12 13 18 22,-0.02864735,0.47559458,-0.461657,-2.006322,0.333333,1.375547,0.000000,0.000000,0.254169
3714,01 02 07 08 22 38,-0.02866113,0.42501501,0.353032,-0.708905,-0.500000,-0.441213,0.000000,0.000000,0.608655
3715,06 07 08 13 14 38,-0.02866693,0.36035785,0.081469,0.227278,-0.777778,-1.479361,0.000000,0.000000,-0.095582
3716,04 07 10 12 14 18,-0.02866701,0.47928780,-0.325875,-1.733014,-0.222222,1.375547,0.000000,0.000000,-1.021427
3717,08 09 12 18 22 24,-0.02868860,0.44218662,0.488813,-0.280099,0.611111,-0.960287,0.000000,0.000000,0.435834
3718,01 07 10 14 22 38,-0.02877944,0.33624266,-0.869001,-0.764723,-0.777778,-0.441213,0.000000,0.000000,0.851048
3719,02 06 12 14 18 24,-0.02878457,0.46822818,0.353032,-0.884332,0.333333,-0.051907,0.000000,0.000000,0.036244
3720,01 04 06 07 08 09,-0.02879430,0.40292619,-0.461657,0.471240,-0.222222,-0.700750,0.000000,0.000000,-3.992506
3721,02 04 07 08 09 18,-0.02882261,0.51525727,0.081469,-1.223575,1.166667,0.726704,0.000000,0.000000,-1.131700
3722,01 02 06 12 14 22,-0.02883096,0.31972397,-1.004782,-0.564087,-1.333333,-0.441213,0.000000,0.000000,-0.090861
3723,07 08 09 10 22 24,-0.02883725,0.39809191,-1.004782,-0.340263,2.000000,-0.700750,0.000000,0.000000,-0.220039
3724,01 02 09 10 14 38,-0.02884184,0.36276714,-0.869001,-0.287450,0.611111,-0.830519,0.000000,0.000000,-0.009642
3725,07 08 13 14 18 38,-0.02890647,0.45624429,1.031938,-0.559493,-0.500000,-0.700750,0.000000,0.000000,0.790569
3726,04 06 07 09 18 38,-0.02893448,0.41261428,-0.054313,-0.776813,-0.222222,-0.311445,0.000000,0.000000,0.427374
3727,07 08 09 10 24 38,-0.02895792,0.43067621,-0.054313,-0.137875,2.000000,-1.219824,0.000000,0.000000,0.647664
3728,01 10 14 18 22 38,-0.02896593,0.40895875,0.760376,-0.562117,-1.611111,-0.700750,0.000000,0.000000,0.793979
3729,01 06 08 10 22 38,-0.02898101,0.37305061,1.167720,0.453168,-1.888889,-1.998436,0.000000,0.000000,0.634028
3730,01 02 10 14 18 22,-0.02902942,0.44423179,0.081469,-1.208417,-0.500000,0.337398,0.000000,0.000000,0.138085
3731,04 07 09 10 14 18,-0.02904284,0.42648492,-1.140563,-1.279393,0.888889,0.726704,0.000000,0.000000,-0.904407
3732,02 06 08 12 13 14,-0.02908019,0.40710091,-0.054313,0.048542,-0.500000,-0.700750,0.000000,0.000000,-2.066535
3733,02 06 09 14 18 24,-0.02912764,0.41542529,-0.461657,-0.430711,1.444444,-0.700750,0.000000,0.000000,0.158119
3734,06 09 10 12 13 38,-0.02912824,0.34216552,-0.597438,0.076716,0.055556,-1.349593,0.000000,0.000000,0.080172
3735,01 06 07 09 13 14,-0.02914735,0.29365380,-1.955252,0.221292,0.333333,-0.960287,0.000000,0.000000,-1.966901
3736,07 09 12 13 14 38,-0.02916011,0.30946577,-1.819470,-0.562265,0.611111,-0.570982,0.000000,0.000000,0.308895
3737,04 07 08 12 14 18,-0.02918993,0.48339600,0.488813,-1.154105,-0.777778,0.596935,0.000000,0.000000,-1.052611
3738,06 07 08 10 22 24,-0.02923829,0.41625442,-0.054313,-0.272070,0.611111,-0.830519,0.000000,0.000000,-0.139996
3739,04 06 07 08 10 14,-0.02925545,0.41613093,-0.325875,-0.224892,-0.500000,-0.181676,0.000000,0.000000,-2.647248
3740,02 06 10 13 14 18,-0.02928920,0.46423879,0.217250,-0.795325,0.055556,0.077861,0.000000,0.000000,-0.909989
3741,01 08 14 18 22 38,-0.02931618,0.41306695,1.575064,0.016791,-2.166667,-1.479361,0.000000,0.000000,0.788377
3742,04 07 08 09 12 14,-0.02934867,0.36934704,-1.412126,-0.435527,0.333333,-0.051907,0.000000,0.000000,-2.137226
3743,02 07 08 14 18 24,-0.02935447,0.52412810,0.624594,-1.152358,1.444444,0.207630,0.000000,0.000000,0.285890
3744,01 02 06 09 14 22,-0.02936262,0.26692109,-1.819470,-0.110467,-0.222222,-1.090056,0.000000,0.000000,0.003073
3745,07 08 09 12 22 24,-0.02941335,0.36947053,-1.140563,-0.482705,1.444444,-0.700750,0.000000,0.000000,0.357901
3746,01 08 10 12 14 22,-0.02945585,0.35829986,-0.054313,-0.191854,-1.333333,-0.960287,0.000000,0.000000,-0.088756
3747,06 09 10 18 22 24,-0.02945951,0.40343805,-0.190094,-0.337195,0.888889,-0.960287,0.000000,0.000000,0.587492
3748,09 10 12 18 24 38,-0.02946156,0.47066273,0.624594,-0.656620,1.166667,-0.700750,0.000000,0.000000,1.160608
3749,01 08 09 10 14 22,-0.02954201,0.30549698,-0.869001,0.261766,-0.222222,-1.609130,0.000000,0.000000,0.071180
3750,01 02 08 09 14 38,-0.02954256,0.36687533,-0.054313,0.291458,0.055556,-1.609130,0.000000,0.000000,-0.067166
3751,02 06 07 18 22 24,-0.02954407,0.47356497,-0.054313,-1.431074,0.888889,0.467167,0.000000,0.000000,0.641657
3752,01 06 09 12 13 18,-0.02956764,0.39361861,0.081469,-0.068939,-0.500000,-0.960287,0.000000,0.000000,-0.677685
3753,08 09 12 18 24 38,-0.02958532,0.47477092,1.439282,-0.077711,0.611111,-1.479361,0.000000,0.000000,1.188562
3754,06 08 09 12 13 38,-0.02963111,0.34627371,0.217250,0.655625,-0.500000,-2.128204,0.000000,0.000000,0.051958
3755,02 06 08 13 14 18,-0.02967432,0.46834698,1.031938,-0.216416,-0.500000,-0.700750,0.000000,0.000000,-0.920757
3756,01 02 07 10 14 22,-0.02967473,0.37151570,-1.547908,-1.411022,0.333333,0.596935,0.000000,0.000000,0.071922
3757,06 07 08 10 24 38,-0.02968141,0.44883872,0.896157,-0.069682,0.611111,-1.349593,0.000000,0.000000,0.679934
3758,02 07 10 14 18 24,-0.02969230,0.52001991,-0.190094,-1.731267,2.000000,0.986241,0.000000,0.000000,0.189551
3759,02 06 08 09 13 14,-0.02969921,0.35429803,-0.869001,0.502162,0.611111,-1.349593,0.000000,0.000000,-1.985543
3760,02 07 08 10 13 14,-0.02975451,0.45889264,-0.597438,-0.798393,1.166667,0.337398,0.000000,0.000000,-1.878647
3761,01 07 09 12 18 24,-0.02977457,0.44939973,-0.325875,-1.004880,1.444444,-0.051907,0.000000,0.000000,0.450918
3762,01 02 06 07 12 13,-0.02979064,0.43112084,-0.733219,-0.755419,0.055556,0.467167,0.000000,0.000000,-2.541120
3763,04 07 09 10 12 14,-0.02980680,0.36523885,-2.226814,-1.014435,0.888889,0.726704,0.000000,0.000000,-2.251388
3764,09 10 12 18 22 24,-0.02983548,0.43807843,-0.325875,-0.859008,1.166667,-0.181676,0.000000,0.000000,0.219631
3765,01 07 10 12 13 18,-0.02984502,0.49821322,0.353032,-1.369494,0.055556,0.726704,0.000000,0.000000,-0.603691
3766,06 07 18 22 24 38,-0.02987774,0.43829193,0.624594,-0.784775,-0.222222,-0.570982,0.000000,0.000000,1.238711
3767,06 07 10 12 22 24,-0.03007836,0.38352485,-1.004782,-0.993420,0.611111,-0.051907,0.000000,0.000000,0.352548
3768,01 09 10 12 22 38,-0.03009539,0.32215852,-0.733219,-0.336375,-0.500000,-1.090056,0.000000,0.000000,0.946473
3769,07 09 10 12 22 24,-0.03010746,0.36536234,-1.955252,-1.061613,2.000000,0.077861,0.000000,0.000000,0.208777
3770,02 07 08 09 10 24,-0.03010946,0.46594925,-0.733219,-0.784175,3.111111,-0.181676,0.000000,0.000000,-0.169427
3771,02 07 09 13 18 22,-0.03012018,0.42279169,-1.276345,-1.552702,1.444444,0.726704,0.000000,0.000000,0.208668
3772,01 06 07 08 10 13,-0.03012182,0.43505635,0.353032,0.138627,-0.222222,-0.830519,0.000000,0.000000,-2.183342
3773,04 07 08 09 14 18,-0.03013037,0.43059311,-0.325875,-0.700485,0.333333,-0.051907,0.000000,0.000000,-1.019237
3774,07 09 10 12 24 38,-0.03021259,0.39794663,-1.004782,-0.859225,2.000000,-0.441213,0.000000,0.000000,1.078783
3775,01 02 08 14 18 22,-0.03022615,0.44833999,0.896157,-0.629508,-1.055556,-0.441213,0.000000,0.000000,0.007075
3776,02 04 06 08 09 10,-0.03024547,0.45946223,-0.190094,0.173201,0.611111,-0.311445,0.000000,0.000000,-4.190672
3777,02 06 07 12 13 38,-0.03025753,0.41229244,-0.461657,-1.017163,0.055556,0.077861,0.000000,0.000000,-0.020442
3778,02 06 08 10 18 24,-0.03038351,0.55682785,1.846627,-0.513376,0.888889,-0.570982,0.000000,0.000000,-0.100012
3779,07 08 09 12 24 38,-0.03040127,0.40205483,-0.190094,-0.280317,1.444444,-1.219824,0.000000,0.000000,1.097118
3780,08 09 10 14 18 24,-0.03043465,0.45400118,0.488813,-0.058479,1.444444,-1.219824,0.000000,0.000000,0.059164
3781,01 08 09 12 22 38,-0.03046710,0.32626672,0.081469,0.242533,-1.055556,-1.868667,0.000000,0.000000,0.937693
3782,01 07 08 09 10 13,-0.03048137,0.41689384,-0.597438,0.070434,1.166667,-0.700750,0.000000,0.000000,-2.376068
3783,02 04 06 07 10 18,-0.03049392,0.52931159,0.217250,-1.734291,0.333333,1.375547,0.000000,0.000000,-1.286142
3784,01 02 06 07 09 13,-0.03053540,0.37831795,-1.547908,-0.301798,1.166667,-0.181676,0.000000,0.000000,-2.478757
3785,08 09 12 13 18 22,-0.03067859,0.40957585,0.217250,-0.333534,-0.222222,-0.830519,0.000000,0.000000,-0.067168
3786,01 02 06 10 14 38,-0.03069095,0.38092965,0.081469,-0.219257,-0.777778,-0.960287,0.000000,0.000000,-0.144136
3787,02 09 10 12 18 24,-0.03070786,0.50593577,-0.054313,-1.302919,2.277778,0.337398,0.000000,0.000000,0.329478
3788,01 02 12 18 22 38,-0.03074575,0.46500153,1.031938,-1.227649,-1.333333,0.077861,0.000000,0.000000,0.887374
3789,06 08 09 18 22 24,-0.03077553,0.40754625,0.624594,0.241714,0.333333,-1.738899,0.000000,0.000000,0.438809
3790,07 12 14 18 22 24,-0.03080069,0.42354119,-0.597438,-1.429797,0.333333,0.467167,0.000000,0.000000,0.449538
3791,06 10 12 18 22 24,-0.03084744,0.45624094,0.624594,-0.790815,-0.222222,-0.311445,0.000000,0.000000,0.209164
3792,07 09 14 18 22 24,-0.03085116,0.37073830,-1.412126,-0.976177,1.444444,-0.181676,0.000000,0.000000,0.614762
3793,02 04 07 08 09 12,-0.03087148,0.45401120,-1.004782,-0.958617,1.166667,0.726704,0.000000,0.000000,-2.669046
3794,02 06 07 09 13 38,-0.03091089,0.35948955,-1.276345,-0.563543,1.166667,-0.570982,0.000000,0.000000,0.055461
3795,02 09 12 13 14 18,-0.03091230,0.41745490,-0.869001,-1.005959,0.888889,0.207630,0.000000,0.000000,-0.626625
3796,06 10 12 13 18 22,-0.03094225,0.42363017,0.353032,-0.844250,-1.055556,-0.181676,0.000000,0.000000,-0.013062
3797,01 02 09 18 22 38,-0.03100400,0.41219865,0.217250,-0.774029,-0.222222,-0.570982,0.000000,0.000000,1.021814
3798,01 02 08 09 10 22,-0.03100419,0.39016113,-0.461657,-0.261325,0.611111,-0.830519,0.000000,0.000000,-0.451658
3799,08 09 12 13 18 38,-0.03104282,0.44216015,1.167720,-0.131146,-0.222222,-1.349593,0.000000,0.000000,0.764449
3800,07 08 10 12 14 24,-0.03105532,0.43408797,-0.325875,-0.714704,1.166667,-0.311445,0.000000,0.000000,-0.176051
3801,02 06 07 08 10 24,-0.03109107,0.48411176,0.217250,-0.715982,1.722222,-0.311445,0.000000,0.000000,-0.175398
3802,06 09 10 13 18 22,-0.03112709,0.37082729,-0.461657,-0.390630,0.055556,-0.830519,0.000000,0.000000,0.132254
3803,02 07 09 10 12 24,-0.03113369,0.43321967,-1.683689,-1.505525,3.111111,0.596935,0.000000,0.000000,0.295831
3804,01 02 07 12 22 38,-0.03117450,0.39228544,-0.597438,-1.430255,-0.500000,0.337398,0.000000,0.000000,0.853293
3805,02 07 09 18 24 38,-0.03119158,0.48798676,-0.054313,-1.296879,2.277778,0.077861,0.000000,0.000000,1.143696
3806,02 08 10 14 22 38,-0.03120154,0.39688690,0.217250,-0.483853,-0.500000,-0.830519,0.000000,0.000000,0.555326
3807,06 08 12 18 22 24,-0.03122767,0.46034913,1.439282,-0.211906,-0.777778,-1.090056,0.000000,0.000000,0.199122
3808,02 06 07 13 18 22,-0.03129000,0.44095421,-0.325875,-1.484509,0.055556,0.596935,0.000000,0.000000,0.174813
3809,01 07 08 12 13 18,-0.03130523,0.50232142,1.167720,-0.790585,-0.500000,-0.051907,0.000000,0.000000,-0.773737
3810,01 06 07 12 18 24,-0.03131381,0.46756224,0.624594,-0.936688,0.055556,-0.181676,0.000000,0.000000,0.362333
3811,01 02 07 08 14 22,-0.03133733,0.37562390,-0.733219,-0.832114,-0.222222,-0.181676,0.000000,0.000000,-0.128108
3812,06 08 12 13 18 22,-0.03135244,0.42773837,1.167720,-0.265341,-1.611111,-0.960287,0.000000,0.000000,-0.027545
3813,01 02 06 08 10 22,-0.03141303,0.40832365,0.488813,-0.193132,-0.777778,-0.960287,0.000000,0.000000,-0.372771
3814,02 04 07 09 10 12,-0.03141551,0.44990301,-1.819470,-1.537526,1.722222,1.505315,0.000000,0.000000,-2.795935
3815,02 08 09 12 18 24,-0.03142627,0.51004396,0.760376,-0.724011,1.722222,-0.441213,0.000000,0.000000,0.269334
3816,01 06 08 10 14 22,-0.03142835,0.32365949,0.081469,0.329959,-1.611111,-1.738899,0.000000,0.000000,-0.068828
3817,06 07 10 12 24 38,-0.03143232,0.41610914,-0.054313,-0.791032,0.611111,-0.570982,0.000000,0.000000,1.037533
3818,08 10 12 14 18 24,-0.03147934,0.50680407,1.303501,-0.512099,0.333333,-0.570982,0.000000,0.000000,-0.268311
3819,06 07 08 12 22 24,-0.03148408,0.38763304,-0.190094,-0.414512,0.055556,-0.830519,0.000000,0.000000,0.190575
3820,02 07 12 13 18 38,-0.03149674,0.50817888,0.488813,-1.803934,0.333333,0.856472,0.000000,0.000000,0.717604
3821,02 04 07 09 12 18,-0.03155992,0.48252770,-0.869001,-1.944926,1.166667,1.505315,0.000000,0.000000,-0.920240
3822,01 02 06 08 14 38,-0.03156121,0.38503784,0.896157,0.359651,-1.333333,-1.738899,0.000000,0.000000,-0.226778
3823,06 07 10 12 13 22,-0.03156269,0.35091408,-1.276345,-1.046855,-0.222222,0.077861,0.000000,0.000000,-0.075541
3824,02 07 08 09 12 24,-0.03158016,0.43732787,-0.869001,-0.926616,2.555556,-0.181676,0.000000,0.000000,0.275975
3825,06 09 10 18 24 38,-0.03159017,0.43602235,0.760376,-0.134807,0.888889,-1.479361,0.000000,0.000000,1.157409
3826,04 06 07 10 14 18,-0.03168044,0.44464743,-0.190094,-1.211201,-0.500000,0.596935,0.000000,0.000000,-1.155717
3827,06 08 09 13 18 22,-0.03177065,0.37493548,0.353032,0.188279,-0.500000,-1.609130,0.000000,0.000000,0.083199
3828,02 07 12 18 24 38,-0.03177213,0.54078965,0.760376,-1.750499,1.166667,0.726704,0.000000,0.000000,0.884984
3829,07 09 14 18 24 38,-0.03180180,0.40332260,-0.461657,-0.773789,1.444444,-0.700750,0.000000,0.000000,1.359501
3830,09 10 12 13 18 38,-0.03181548,0.43805196,0.353032,-0.710055,0.333333,-0.570982,0.000000,0.000000,0.603688
3831,07 12 14 18 24 38,-0.03181673,0.45612549,0.353032,-1.227409,0.333333,-0.051907,0.000000,0.000000,1.184589
3832,06 07 09 13 14 38,-0.03182837,0.27482539,-1.683689,-0.040452,0.333333,-1.349593,0.000000,0.000000,0.225745
3833,09 10 12 13 18 22,-0.03185090,0.40546766,-0.597438,-0.912443,0.333333,-0.051907,0.000000,0.000000,-0.287140
3834,07 08 10 18 22 24,-0.03192773,0.51214086,0.896157,-1.058841,0.888889,-0.051907,0.000000,0.000000,0.383195
3835,06 07 14 18 22 24,-0.03193691,0.38890082,-0.461657,-0.907984,0.055556,-0.311445,0.000000,0.000000,0.593363
3836,02 06 09 12 13 14,-0.03196448,0.32156846,-1.819470,-0.219188,0.611111,-0.570982,0.000000,0.000000,-1.704148
3837,07 08 09 10 14 24,-0.03203518,0.38128509,-1.140563,-0.261084,2.277778,-0.960287,0.000000,0.000000,-0.148518
3838,07 12 13 14 18 22,-0.03208990,0.39093042,-0.869001,-1.483232,-0.500000,0.596935,0.000000,0.000000,0.050357
3839,06 08 09 18 24 38,-0.03212591,0.44013055,1.575064,0.444102,0.333333,-2.257973,0.000000,0.000000,1.124326
3840,07 08 10 12 13 38,-0.03213500,0.45086832,0.488813,-0.644930,0.055556,-0.441213,0.000000,0.000000,-0.203912
3841,01 07 09 10 13 18,-0.03214435,0.44541034,-0.461657,-0.915874,1.166667,0.077861,0.000000,0.000000,-0.771642
3842,01 06 07 09 18 24,-0.03215836,0.41475935,-0.190094,-0.483067,1.166667,-0.830519,0.000000,0.000000,0.409913
3843,06 10 12 13 18 38,-0.03217119,0.45621447,1.303501,-0.641862,-1.055556,-0.700750,0.000000,0.000000,0.690446
3844,01 02 09 12 14 38,-0.03219831,0.33414576,-1.004782,-0.429892,0.055556,-0.830519,0.000000,0.000000,0.156378
3845,01 07 12 14 22 38,-0.03221250,0.30762128,-1.004782,-0.907164,-1.333333,-0.441213,0.000000,0.000000,1.005722
3846,06 08 10 14 18 24,-0.03224942,0.47216369,1.439282,0.009714,0.055556,-1.349593,0.000000,0.000000,-0.070241
3847,04 06 08 09 10 18,-0.03226938,0.46329286,0.896157,-0.061503,-0.222222,-0.830519,0.000000,0.000000,-1.569586
3848,06 07 12 13 14 38,-0.03227372,0.32762828,-0.869001,-0.494072,-0.777778,-0.700750,0.000000,0.000000,-0.012936
3849,06 09 10 13 18 38,-0.03229065,0.40341158,0.488813,-0.188242,0.055556,-1.349593,0.000000,0.000000,0.845450
3850,01 06 10 12 22 38,-0.03237988,0.34032103,0.217250,-0.268182,-1.888889,-1.219824,0.000000,0.000000,0.747477
3851,06 07 08 10 14 24,-0.03246891,0.39944760,-0.190094,-0.192891,0.888889,-1.090056,0.000000,0.000000,-0.073319
3852,04 06 07 10 12 14,-0.03246892,0.38340136,-1.276345,-0.946242,-0.500000,0.596935,0.000000,0.000000,-2.506332
3853,07 09 10 12 13 22,-0.03247521,0.33275157,-2.226814,-1.115048,1.166667,0.207630,0.000000,0.000000,-0.350192
3854,06 10 12 18 24 38,-0.03249806,0.48882524,1.575064,-0.588427,-0.222222,-0.830519,0.000000,0.000000,0.850200
3855,06 08 12 13 18 38,-0.03253780,0.46032266,2.118189,-0.062953,-1.611111,-1.479361,0.000000,0.000000,0.682422
3856,01 12 14 18 22 38,-0.03260452,0.38033737,0.624594,-0.704559,-2.166667,-0.700750,0.000000,0.000000,0.918202
3857,01 06 09 10 22 38,-0.03265763,0.28751815,-0.597438,0.185438,-0.777778,-1.868667,0.000000,0.000000,0.879029
3858,01 02 08 09 12 22,-0.03267445,0.36153975,-0.597438,-0.403766,0.055556,-0.830519,0.000000,0.000000,-0.035820
3859,01 02 07 09 22 38,-0.03269696,0.33948256,-1.412126,-0.976635,0.611111,-0.311445,0.000000,0.000000,0.800437
3860,07 09 13 14 18 22,-0.03270417,0.33812754,-1.683689,-1.029612,0.611111,-0.051907,0.000000,0.000000,0.132052
3861,02 06 07 10 12 24,-0.03271645,0.45138218,-0.733219,-1.437332,1.722222,0.467167,0.000000,0.000000,0.200798
3862,07 08 10 13 18 22,-0.03272433,0.47953009,0.624594,-1.112276,0.055556,0.077861,0.000000,0.000000,0.056996
3863,04 06 08 10 12 18,-0.03273482,0.51609575,1.710845,-0.515123,-1.333333,-0.181676,0.000000,0.000000,-1.811244
3864,07 08 09 12 13 22,-0.03273746,0.33685976,-1.412126,-0.536140,0.611111,-0.570982,0.000000,0.000000,-0.342756
3865,07 08 10 18 24 38,-0.03274415,0.54472516,1.846627,-0.856453,0.888889,-0.570982,0.000000,0.000000,1.147820
3866,06 07 08 12 24 38,-0.03279445,0.42021734,0.760376,-0.212124,0.055556,-1.349593,0.000000,0.000000,0.882019
3867,06 08 12 18 24 38,-0.03283469,0.49293343,2.389752,-0.009518,-0.777778,-1.609130,0.000000,0.000000,0.846616
3868,02 08 10 12 13 18,-0.03284357,0.55885746,1.439282,-1.088624,0.333333,0.337398,0.000000,0.000000,-0.984817
3869,01 08 09 12 14 22,-0.03287123,0.27687560,-1.004782,0.119324,-0.777778,-1.609130,0.000000,0.000000,0.241237
3870,06 08 09 13 18 38,-0.03289061,0.40751978,1.303501,0.390667,-0.500000,-2.128204,0.000000,0.000000,0.802853
3871,02 07 09 13 18 38,-0.03290417,0.45537599,-0.325875,-1.350314,1.444444,0.207630,0.000000,0.000000,0.681791
3872,06 07 09 10 13 22,-0.03295227,0.29811119,-2.091033,-0.593235,0.888889,-0.570982,0.000000,0.000000,-0.108711
3873,01 02 09 10 12 22,-0.03297135,0.35743156,-1.412126,-0.982675,0.611111,-0.051907,0.000000,0.000000,-0.126097
3874,07 12 13 14 18 38,-0.03298457,0.42351472,0.081469,-1.280844,-0.500000,0.077861,0.000000,0.000000,0.803388
3875,01 02 12 14 18 22,-0.03299667,0.41561041,-0.054313,-1.350858,-1.055556,0.337398,0.000000,0.000000,0.213616
3876,01 06 08 12 22 38,-0.03299864,0.34442923,1.031938,0.310726,-2.444444,-1.998436,0.000000,0.000000,0.702095
3877,06 07 08 10 13 38,-0.03306501,0.41622795,0.624594,-0.123117,-0.222222,-1.219824,0.000000,0.000000,-0.029536
3878,01 02 10 14 18 38,-0.03307063,0.47681609,1.031938,-1.006029,-0.500000,-0.181676,0.000000,0.000000,0.424948
3879,02 07 12 14 18 24,-0.03307903,0.49139853,-0.325875,-1.873708,1.444444,0.986241,0.000000,0.000000,0.351087
3880,02 07 10 12 13 14,-0.03310473,0.42616307,-1.547908,-1.519743,1.166667,1.116010,0.000000,0.000000,-1.757991
3881,02 08 09 10 13 18,-0.03310730,0.50605457,0.624594,-0.635004,1.444444,-0.311445,0.000000,0.000000,-0.851188
3882,07 09 13 14 18 38,-0.03312240,0.37071184,-0.733219,-0.827224,0.611111,-0.570982,0.000000,0.000000,0.955670
3883,04 06 07 09 10 14,-0.03314398,0.33059848,-2.091033,-0.492622,0.611111,-0.051907,0.000000,0.000000,-2.433642
3884,02 06 09 10 18 24,-0.03316401,0.47129539,0.081469,-0.781106,2.000000,-0.441213,0.000000,0.000000,0.277752
3885,07 08 09 10 13 38,-0.03316952,0.39806544,-0.325875,-0.191310,1.166667,-1.090056,0.000000,0.000000,-0.184478
3886,06 07 09 10 22 24,-0.03318552,0.33072196,-1.819470,-0.539800,1.722222,-0.700750,0.000000,0.000000,0.064914
3887,01 06 07 10 13 18,-0.03328781,0.46357285,0.488813,-0.847681,-0.222222,-0.051907,0.000000,0.000000,-0.801592
3888,04 07 09 12 14 18,-0.03329300,0.39786354,-1.276345,-1.421835,0.333333,0.726704,0.000000,0.000000,-0.870790
3889,01 09 10 12 14 22,-0.03336053,0.27276740,-1.819470,-0.459584,-0.222222,-0.830519,0.000000,0.000000,0.122457
3890,02 04 06 07 08 18,-0.03341090,0.53341978,1.031938,-1.155382,-0.222222,0.596935,0.000000,0.000000,-1.672011
3891,02 06 07 18 24 38,-0.03341126,0.50614927,0.896157,-1.228686,0.888889,-0.051907,0.000000,0.000000,0.954303
3892,01 07 09 14 22 38,-0.03342181,0.25481840,-1.819470,-0.453544,-0.222222,-1.090056,0.000000,0.000000,0.999260
3893,01 09 14 18 22 38,-0.03342840,0.32753449,-0.190094,-0.250939,-1.055556,-1.349593,0.000000,0.000000,0.968843
3894,07 08 10 13 18 38,-0.03344464,0.51211439,1.575064,-0.909888,0.055556,-0.441213,0.000000,0.000000,0.835861
3895,01 06 08 09 22 38,-0.03344593,0.29162634,0.217250,0.764346,-1.333333,-2.647278,0.000000,0.000000,0.808529
3896,02 04 07 08 09 10,-0.03347317,0.48263258,-0.869001,-0.816176,1.722222,0.726704,0.000000,0.000000,-3.717785
3897,02 07 09 14 18 24,-0.03348486,0.43859564,-1.140563,-1.420088,2.555556,0.337398,0.000000,0.000000,0.463664
3898,04 06 07 08 14 18,-0.03349448,0.44875562,0.624594,-0.632292,-1.055556,-0.181676,0.000000,0.000000,-1.378183
3899,01 02 06 18 22 38,-0.03350880,0.43036116,1.167720,-0.705836,-1.611111,-0.700750,0.000000,0.000000,0.790178
3900,04 06 07 08 12 14,-0.03355302,0.38750955,-0.461657,-0.367334,-1.055556,-0.181676,0.000000,0.000000,-2.620656
3901,02 06 12 13 14 18,-0.03355432,0.43561741,0.081469,-0.937766,-0.500000,0.077861,0.000000,0.000000,-0.878589
3902,01 06 07 10 12 13,-0.03361227,0.40232678,-0.597438,-0.582723,-0.222222,-0.051907,0.000000,0.000000,-2.083460
3903,04 06 09 10 12 18,-0.03364893,0.43056329,-0.054313,-0.782853,-0.222222,-0.051907,0.000000,0.000000,-1.156968
3904,06 07 09 10 24 38,-0.03365043,0.36330626,-0.869001,-0.337412,1.722222,-1.219824,0.000000,0.000000,0.881615
3905,01 07 08 09 13 18,-0.03365383,0.44951853,0.353032,-0.336965,0.611111,-0.700750,0.000000,0.000000,-0.948987
3906,01 08 10 18 22 38,-0.03366008,0.46893705,2.118189,-0.333603,-1.611111,-1.219824,0.000000,0.000000,0.862450
3907,01 02 08 14 18 38,-0.03367834,0.48092429,1.846627,-0.427120,-1.055556,-0.960287,0.000000,0.000000,0.381203
3908,06 07 13 14 18 22,-0.03372223,0.35629005,-0.733219,-0.961419,-0.777778,-0.181676,0.000000,0.000000,0.120682
3909,02 06 08 09 18 24,-0.03380892,0.47540359,0.896157,-0.202197,1.444444,-1.219824,0.000000,0.000000,0.228495
3910,01 02 07 12 14 22,-0.03384020,0.34289432,-1.683689,-1.553464,-0.222222,0.596935,0.000000,0.000000,0.118085
3911,06 07 14 18 24 38,-0.03386611,0.42148511,0.488813,-0.705596,0.055556,-0.830519,0.000000,0.000000,1.193125
3912,01 02 09 14 18 22,-0.03388404,0.36280753,-0.869001,-0.897238,0.055556,-0.311445,0.000000,0.000000,0.254851
3913,08 09 12 14 18 24,-0.03388413,0.42537980,0.353032,-0.200920,0.888889,-1.219824,0.000000,0.000000,0.211405
3914,02 06 09 13 14 18,-0.03391107,0.38281452,-0.733219,-0.484146,0.611111,-0.570982,0.000000,0.000000,-0.758741
3915,06 07 08 12 13 22,-0.03392477,0.35502227,-0.461657,-0.467947,-0.777778,-0.700750,0.000000,0.000000,-0.379201
3916,01 02 06 10 12 22,-0.03396764,0.37559407,-0.461657,-0.914482,-0.777778,-0.181676,0.000000,0.000000,-0.134242
3917,01 07 08 10 22 38,-0.03399947,0.39622096,0.488813,-0.536209,-0.777778,-0.960287,0.000000,0.000000,0.841608
3918,02 07 10 13 14 18,-0.03402785,0.48740914,-0.461657,-1.784701,1.166667,1.116010,0.000000,0.000000,-0.660955
3919,02 06 10 12 18 24,-0.03423517,0.52409828,0.896157,-1.234726,0.888889,0.207630,0.000000,0.000000,-0.053646
3920,02 06 07 08 12 24,-0.03424515,0.45549038,0.081469,-0.858423,1.166667,-0.311445,0.000000,0.000000,0.020606
3921,02 09 10 14 22 38,-0.03427004,0.31135444,-1.547908,-0.751583,0.611111,-0.700750,0.000000,0.000000,0.890422
3922,01 07 09 10 12 13,-0.03429706,0.38416427,-1.547908,-0.650916,1.166667,0.077861,0.000000,0.000000,-2.324372
3923,06 09 12 18 22 24,-0.03433166,0.37481667,-0.325875,-0.479636,0.333333,-0.960287,0.000000,0.000000,0.528959
3924,02 04 06 07 10 12,-0.03433431,0.46806552,-0.869001,-1.469333,0.333333,1.375547,0.000000,0.000000,-3.088906
3925,02 06 07 13 18 38,-0.03436432,0.47353850,0.624594,-1.282121,0.055556,0.077861,0.000000,0.000000,0.604923
3926,04 06 08 09 12 18,-0.03439051,0.43467148,0.760376,-0.203944,-0.777778,-0.830519,0.000000,0.000000,-1.220547
3927,07 08 09 12 14 24,-0.03445981,0.35266371,-1.276345,-0.403526,1.722222,-0.960287,0.000000,0.000000,0.155557
3928,02 07 08 10 18 24,-0.03450585,0.57999820,1.167720,-1.502753,2.000000,0.467167,0.000000,0.000000,0.240331
3929,02 07 09 10 13 14,-0.03454336,0.37336019,-2.362596,-1.066123,2.277778,0.467167,0.000000,0.000000,-1.798427
3930,06 07 09 12 22 24,-0.03468255,0.30210058,-1.955252,-0.682242,1.166667,-0.700750,0.000000,0.000000,0.506414
3931,02 08 09 14 22 38,-0.03474015,0.31546263,-0.733219,-0.172674,0.055556,-1.479361,0.000000,0.000000,0.867063
3932,01 02 06 08 12 22,-0.03476667,0.37970227,0.353032,-0.335573,-1.333333,-0.960287,0.000000,0.000000,-0.206331
3933,01 07 08 09 12 13,-0.03477622,0.38827246,-0.733219,-0.072007,0.611111,-0.700750,0.000000,0.000000,-2.349072
3934,01 06 10 12 14 22,-0.03481671,0.29092991,-0.869001,-0.391391,-1.611111,-0.960287,0.000000,0.000000,0.046176
3935,01 06 07 14 22 38,-0.03485192,0.27298091,-0.869001,-0.385351,-1.611111,-1.219824,0.000000,0.000000,0.926843
3936,04 07 08 10 12 18,-0.03487049,0.53926610,1.031938,-1.504500,-0.222222,0.856472,0.000000,0.000000,-1.176568
3937,01 02 06 12 14 38,-0.03488360,0.35230827,-0.054313,-0.361699,-1.333333,-0.960287,0.000000,0.000000,-0.101998
3938,02 06 08 12 18 24,-0.03490025,0.52820647,1.710845,-0.655818,0.333333,-0.570982,0.000000,0.000000,-0.105889
3939,01 06 07 08 13 18,-0.03495314,0.46768104,1.303501,-0.268772,-0.777778,-0.830519,0.000000,0.000000,-1.002026
3940,02 06 07 09 10 24,-0.03499050,0.39857930,-1.547908,-0.983712,2.833333,-0.181676,0.000000,0.000000,0.036592
3941,09 10 12 14 18 24,-0.03500921,0.42127161,-0.461657,-0.779829,1.444444,-0.441213,0.000000,0.000000,-0.001569
3942,01 02 06 09 10 22,-0.03501322,0.32279119,-1.276345,-0.460862,0.333333,-0.830519,0.000000,0.000000,-0.116446
3943,04 06 07 08 09 14,-0.03507198,0.33470667,-1.276345,0.086286,0.055556,-0.830519,0.000000,0.000000,-2.672993
3944,01 06 09 10 14 22,-0.03507227,0.23812703,-1.683689,0.062229,-0.500000,-1.609130,0.000000,0.000000,0.181016
3945,07 09 10 12 14 24,-0.03513212,0.34855552,-2.091033,-0.982434,2.277778,-0.181676,0.000000,0.000000,0.009663
3946,06 07 10 12 14 24,-0.03513571,0.36671803,-1.140563,-0.914241,0.888889,-0.311445,0.000000,0.000000,0.148589
3947,02 04 06 07 08 12,-0.03515226,0.47217371,-0.054313,-0.890424,-0.222222,0.596935,0.000000,0.000000,-3.163799
3948,06 09 10 14 18 24,-0.03517857,0.38663123,-0.325875,-0.258016,1.166667,-1.219824,0.000000,0.000000,0.285500
3949,02 10 12 14 22 38,-0.03520255,0.36415732,-0.733219,-1.205203,-0.500000,-0.051907,0.000000,0.000000,0.579566
3950,06 07 13 14 18 38,-0.03528510,0.38887435,0.217250,-0.759031,-0.777778,-0.700750,0.000000,0.000000,0.774718
3951,06 09 12 13 18 22,-0.03531442,0.34220591,-0.597438,-0.533071,-0.500000,-0.830519,0.000000,0.000000,0.175181
3952,02 04 06 07 12 18,-0.03533147,0.50069021,0.081469,-1.876733,-0.222222,1.375547,0.000000,0.000000,-1.339549
3953,01 02 07 09 14 22,-0.03534047,0.29009144,-2.498377,-1.099844,0.888889,-0.051907,0.000000,0.000000,0.068518
3954,01 02 06 09 14 38,-0.03534987,0.29950539,-0.869001,0.091921,-0.222222,-1.609130,0.000000,0.000000,0.001625
3955,06 07 08 09 13 22,-0.03536362,0.30221939,-1.276345,-0.014327,0.333333,-1.349593,0.000000,0.000000,-0.419670
3956,01 02 06 07 22 38,-0.03536493,0.35764507,-0.461657,-0.908442,-0.777778,-0.441213,0.000000,0.000000,0.544628
3957,02 06 08 10 13 18,-0.03536570,0.52421708,1.575064,-0.566811,0.055556,-0.441213,0.000000,0.000000,-1.046319
3958,01 02 08 10 18 22,-0.03542113,0.50421009,1.439282,-0.979903,-0.500000,-0.181676,0.000000,0.000000,-0.044943
3959,02 08 12 14 22 38,-0.03544615,0.36826552,0.081469,-0.626294,-1.055556,-0.830519,0.000000,0.000000,0.589765
3960,07 10 12 18 22 24,-0.03549599,0.47941129,-0.054313,-1.780192,0.888889,0.726704,0.000000,0.000000,0.471548
3961,02 07 08 12 13 14,-0.03549951,0.43027126,-0.733219,-0.940835,0.611111,0.337398,0.000000,0.000000,-2.066495
3962,01 06 08 12 14 22,-0.03550086,0.29503811,-0.054313,0.187517,-2.166667,-1.738899,0.000000,0.000000,-0.008893
3963,02 06 07 14 18 24,-0.03555703,0.45675815,-0.190094,-1.351895,1.166667,0.207630,0.000000,0.000000,0.296124
3964,02 07 08 13 14 18,-0.03558647,0.49151733,0.353032,-1.205793,0.611111,0.337398,0.000000,0.000000,-0.845580
3965,06 07 08 09 22 24,-0.03559853,0.33483016,-1.004782,0.039108,1.166667,-1.479361,0.000000,0.000000,-0.246293
3966,01 06 14 18 22 38,-0.03563108,0.34569700,0.760376,-0.182746,-2.444444,-1.479361,0.000000,0.000000,0.781968
3967,02 06 07 10 13 14,-0.03570100,0.39152270,-1.412126,-0.997930,0.888889,0.337398,0.000000,0.000000,-1.830477
3968,01 02 07 10 14 38,-0.03570557,0.40410000,-0.597438,-1.208634,0.333333,0.077861,0.000000,0.000000,0.064015
3969,07 08 12 18 22 24,-0.03571227,0.48351948,0.760376,-1.201283,0.333333,-0.051907,0.000000,0.000000,0.485795
3970,01 08 10 12 14 38,-0.03572645,0.39088416,0.896157,0.010534,-1.333333,-1.479361,0.000000,0.000000,-0.132185
3971,01 08 09 10 14 38,-0.03574722,0.33808127,0.081469,0.464154,-0.222222,-2.128204,0.000000,0.000000,0.037439
3972,01 06 07 09 10 13,-0.03575083,0.34952389,-1.412126,-0.129103,0.888889,-0.700750,0.000000,0.000000,-2.227593
3973,06 08 09 14 18 24,-0.03580710,0.39073943,0.488813,0.320893,0.611111,-1.998436,0.000000,0.000000,0.238670
3974,01 06 08 09 14 22,-0.03592596,0.24223522,-0.869001,0.641137,-1.055556,-2.387741,0.000000,0.000000,0.100829
3975,06 07 09 12 24 38,-0.03601473,0.33468488,-1.004782,-0.479854,1.166667,-1.219824,0.000000,0.000000,1.194629
3976,07 09 10 18 22 24,-0.03602360,0.42660840,-0.869001,-1.326572,2.000000,0.077861,0.000000,0.000000,0.566082
3977,06 10 12 14 18 24,-0.03605387,0.43943412,0.488813,-0.711636,0.055556,-0.570982,0.000000,0.000000,-0.016880
3978,01 02 08 10 12 38,-0.03606877,0.47554832,1.303501,-0.512557,-0.500000,-0.700750,0.000000,0.000000,-0.489113
3979,01 06 07 08 12 13,-0.03610005,0.40643497,0.217250,-0.003814,-0.777778,-0.830519,0.000000,0.000000,-2.405744
3980,06 07 08 09 24 38,-0.03613053,0.36741446,-0.054313,0.241496,1.166667,-1.998436,0.000000,0.000000,0.560470
3981,06 08 09 10 12 24,-0.03616698,0.38536346,-0.054313,0.235456,1.166667,-1.738899,0.000000,0.000000,-0.330813
3982,01 07 09 12 13 18,-0.03622239,0.41678896,-0.597438,-1.058315,0.611111,0.077861,0.000000,0.000000,-0.712525
3983,01 08 10 14 18 22,-0.03628386,0.41954593,1.031938,-0.456812,-1.333333,-0.960287,0.000000,0.000000,0.133453
3984,02 08 09 10 12 13,-0.03630857,0.44480850,-0.461657,-0.370046,1.444444,-0.311445,0.000000,0.000000,-2.559265
3985,02 06 08 09 10 13,-0.03631950,0.41016813,-0.325875,0.151767,1.166667,-1.090056,0.000000,0.000000,-2.248725
3986,01 02 06 14 18 22,-0.03632407,0.38097004,0.081469,-0.829045,-1.333333,-0.441213,0.000000,0.000000,0.032812
3987,04 06 07 12 14 18,-0.03636942,0.41602605,-0.325875,-1.353642,-1.055556,0.596935,0.000000,0.000000,-1.187113
3988,06 07 09 10 14 24,-0.03640524,0.31391514,-1.955252,-0.460621,2.000000,-0.960287,0.000000,0.000000,0.133206
3989,01 07 08 10 14 22,-0.03641411,0.34682984,-0.597438,-0.659418,-0.500000,-0.700750,0.000000,0.000000,0.143596
3990,06 08 12 14 18 24,-0.03645589,0.44354231,1.303501,-0.132727,-0.500000,-1.349593,0.000000,0.000000,-0.030151
3991,07 10 12 13 18 22,-0.03650418,0.44680052,-0.325875,-1.833626,0.055556,0.856472,0.000000,0.000000,0.114001
3992,06 09 12 13 18 38,-0.03652157,0.37479021,0.353032,-0.330683,-0.500000,-1.349593,0.000000,0.000000,0.881918
3993,06 07 08 12 14 24,-0.03656323,0.37082622,-0.325875,-0.335333,0.333333,-1.090056,0.000000,0.000000,-0.016613
3994,06 07 10 12 13 38,-0.03656781,0.38349838,-0.325875,-0.844467,-0.222222,-0.441213,0.000000,0.000000,0.068515
3995,07 08 10 14 18 24,-0.03672040,0.49533404,0.760376,-0.979662,1.166667,-0.311445,0.000000,0.000000,0.218450
3996,01 02 06 08 09 22,-0.03674588,0.32689938,-0.461657,0.118047,-0.222222,-1.609130,0.000000,0.000000,-0.326856
3997,07 10 12 18 24 38,-0.03678056,0.51199559,0.896157,-1.577804,0.888889,0.207630,0.000000,0.000000,1.166815
3998,02 04 06 07 09 18,-0.03681603,0.44788732,-0.733219,-1.423112,0.888889,0.726704,0.000000,0.000000,-1.386789
3999,07 09 10 18 24 38,-0.03686182,0.45919270,0.081469,-1.124183,2.000000,-0.441213,0.000000,0.000000,1.327478
4000,06 09 12 18 24 38,-0.03688687,0.40740097,0.624594,-0.277248,0.333333,-1.479361,0.000000,0.000000,1.035977
4001,06 07 10 18 22 24,-0.03689636,0.44477092,0.081469,-1.258379,0.611111,-0.051907,0.000000,0.000000,0.576238
4002,07 08 12 18 24 38,-0.03695325,0.51610378,1.710845,-0.998895,0.333333,-0.570982,0.000000,0.000000,1.187520
4003,04 06 07 09 14 18,-0.03698447,0.36322316,-1.140563,-0.900022,0.055556,-0.051907,0.000000,0.000000,-1.105532
4004,02 07 08 09 13 14,-0.03698740,0.37746838,-1.547908,-0.487215,1.722222,-0.311445,0.000000,0.000000,-2.114230
4005,06 07 09 12 13 22,-0.03705483,0.26948981,-2.226814,-0.735677,0.333333,-0.570982,0.000000,0.000000,-0.053227
4006,07 08 09 18 22 24,-0.03705540,0.43071660,-0.054313,-0.747663,1.444444,-0.700750,0.000000,0.000000,0.459508
4007,07 09 10 12 13 38,-0.03710247,0.36533587,-1.276345,-0.912660,1.166667,-0.311445,0.000000,0.000000,-0.150155
4008,04 07 08 09 10 18,-0.03712670,0.48646321,0.217250,-1.050880,0.888889,0.207630,0.000000,0.000000,-1.338132
4009,04 06 07 09 12 14,-0.03714551,0.30197710,-2.226814,-0.635064,0.055556,-0.051907,0.000000,0.000000,-2.363190
4010,01 02 07 08 10 22,-0.03714915,0.43149400,-0.190094,-1.182508,0.333333,0.077861,0.000000,0.000000,-0.271513
4011,02 06 08 10 12 13,-0.03714977,0.46297101,0.488813,-0.301853,0.055556,-0.441213,0.000000,0.000000,-2.544434
4012,02 08 09 12 13 18,-0.03719079,0.47743319,0.488813,-0.777445,0.888889,-0.311445,0.000000,0.000000,-0.792879
4013,07 10 12 13 18 38,-0.03731167,0.47938482,0.624594,-1.631238,0.055556,0.337398,0.000000,0.000000,0.879949
4014,07 08 09 12 13 38,-0.03732112,0.36944406,-0.461657,-0.333752,0.611111,-1.090056,0.000000,0.000000,-0.136260
4015,01 02 07 08 14 38,-0.03732457,0.40820819,0.217250,-0.629725,-0.222222,-0.700750,0.000000,0.000000,-0.129556
4016,02 09 10 12 13 18,-0.03736881,0.47332500,-0.325875,-1.356354,1.444444,0.467167,0.000000,0.000000,-0.865541
4017,02 06 07 09 12 24,-0.03738214,0.36995792,-1.683689,-1.126153,2.277778,-0.181676,0.000000,0.000000,0.345555
4018,01 02 12 14 18 38,-0.03740555,0.44819471,0.896157,-1.148470,-1.055556,-0.181676,0.000000,0.000000,0.446008
4019,02 06 07 08 09 24,-0.03745008,0.40268749,-0.733219,-0.404803,2.277778,-0.960287,0.000000,0.000000,-0.281513
4020,01 07 10 12 22 38,-0.03756502,0.36349138,-0.461657,-1.257559,-0.777778,-0.181676,0.000000,0.000000,0.930364
4021,01 06 08 10 14 38,-0.03756817,0.35624379,1.031938,0.532347,-1.611111,-2.257973,0.000000,0.000000,-0.092881
4022,01 09 10 18 22 38,-0.03760563,0.38340459,0.353032,-0.601333,-0.500000,-1.090056,0.000000,0.000000,1.067608
4023,01 10 12 18 22 38,-0.03761195,0.43620747,1.167720,-1.054954,-1.611111,-0.441213,0.000000,0.000000,0.893970
4024,01 02 09 14 18 38,-0.03765841,0.39539183,0.081469,-0.694850,0.055556,-0.830519,0.000000,0.000000,0.581248
4025,07 08 12 13 18 22,-0.03767682,0.45090872,0.488813,-1.254718,-0.500000,0.077861,0.000000,0.000000,-0.013440
4026,07 09 10 13 18 22,-0.03767818,0.39399764,-1.140563,-1.380006,1.166667,0.207630,0.000000,0.000000,0.112771
4027,01 06 09 12 22 38,-0.03777930,0.25889677,-0.733219,0.042996,-1.333333,-1.868667,0.000000,0.000000,0.783530
4028,04 06 08 09 10 12,-0.03782494,0.40204679,-0.190094,0.203455,-0.222222,-0.830519,0.000000,0.000000,-3.626459
4029,06 07 09 10 13 38,-0.03789201,0.33069549,-1.140563,-0.390847,0.888889,-1.090056,0.000000,0.000000,0.045033
4030,02 04 06 07 08 10,-0.03798509,0.50079509,0.081469,-0.747983,0.333333,0.596935,0.000000,0.000000,-4.246782
4031,01 07 08 12 22 38,-0.03801983,0.36759958,0.353032,-0.678650,-1.333333,-0.960287,0.000000,0.000000,0.909272
4032,07 08 09 18 24 38,-0.03803973,0.46330090,0.896157,-0.545275,1.444444,-1.219824,0.000000,0.000000,1.199256
4033,01 08 09 18 22 38,-0.03804017,0.38751278,1.167720,-0.022425,-1.055556,-1.868667,0.000000,0.000000,1.049519
4034,01 06 07 08 09 13,-0.03810079,0.35363209,-0.597438,0.449806,0.333333,-1.479361,0.000000,0.000000,-2.529457
4035,01 02 06 07 14 22,-0.03810652,0.30825395,-1.547908,-1.031651,-0.500000,-0.181676,0.000000,0.000000,-0.201823
4036,02 06 08 14 22 38,-0.03811870,0.33362514,0.217250,-0.104481,-1.333333,-1.609130,0.000000,0.000000,0.505979
4037,01 06 07 12 13 18,-0.03821573,0.43495147,0.353032,-0.990122,-0.777778,-0.051907,0.000000,0.000000,-0.868387
4038,02 06 10 14 22 38,-0.03834162,0.32951695,-0.597438,-0.683390,-0.777778,-0.830519,0.000000,0.000000,0.426663
4039,07 09 10 13 18 38,-0.03842028,0.42658193,-0.190094,-1.177618,1.166667,-0.311445,0.000000,0.000000,0.888407
4040,07 08 12 13 18 38,-0.03844072,0.48349301,1.439282,-1.052330,-0.500000,-0.441213,0.000000,0.000000,0.758967
4041,02 07 09 10 18 24,-0.03844218,0.49446574,-0.597438,-1.770483,3.111111,0.596935,0.000000,0.000000,0.446856
4042,02 07 10 12 18 24,-0.03852419,0.54726863,0.217250,-2.224103,2.000000,1.245778,0.000000,0.000000,0.262005
4043,01 02 06 09 12 22,-0.03853080,0.29416981,-1.412126,-0.603303,-0.222222,-0.830519,0.000000,0.000000,0.025705
4044,06 08 10 13 14 18,-0.03856580,0.43955292,1.167720,-0.043720,-0.777778,-1.219824,0.000000,0.000000,-1.214212
4045,02 06 10 12 13 18,-0.03857105,0.49148751,0.624594,-1.288161,0.055556,0.337398,0.000000,0.000000,-0.904200
4046,06 07 10 13 18 22,-0.03859392,0.41216015,-0.190094,-1.311813,-0.222222,0.077861,0.000000,0.000000,0.116560
4047,01 02 07 18 22 38,-0.03860000,0.45353151,0.488813,-1.695213,-0.500000,0.337398,0.000000,0.000000,0.986982
4048,02 07 09 12 13 14,-0.03861323,0.34473881,-2.498377,-1.208565,1.722222,0.467167,0.000000,0.000000,-1.738099
4049,02 09 12 14 22 38,-0.03867860,0.28273306,-1.683689,-0.894025,0.055556,-0.700750,0.000000,0.000000,0.900571
4050,01 08 12 18 22 38,-0.03877376,0.44031567,1.982408,-0.476045,-2.166667,-1.219824,0.000000,0.000000,0.768132
4051,02 06 09 12 18 24,-0.03878478,0.44267401,-0.054313,-0.923548,1.444444,-0.441213,0.000000,0.000000,0.108308
4052,04 07 09 10 12 18,-0.03879319,0.45373364,-0.733219,-1.772230,0.888889,0.986241,0.000000,0.000000,-0.968025
4053,06 07 08 09 14 24,-0.03880841,0.31802334,-1.140563,0.118288,1.444444,-1.738899,0.000000,0.000000,-0.176542
4054,01 02 10 12 18 22,-0.03880950,0.47148051,0.488813,-1.701253,-0.500000,0.596935,0.000000,0.000000,0.070062
4055,02 06 07 08 13 14,-0.03881622,0.39563089,-0.597438,-0.419022,0.333333,-0.441213,0.000000,0.000000,-2.245716
4056,01 07 09 10 22 38,-0.03883192,0.31068850,-1.276345,-0.803939,0.333333,-0.830519,0.000000,0.000000,0.915370
4057,02 04 06 07 09 12,-0.03888125,0.38664125,-1.819470,-1.158154,0.888889,0.726704,0.000000,0.000000,-2.926556
4058,06 07 08 12 13 38,-0.03888630,0.38760657,0.488813,-0.265559,-0.777778,-1.219824,0.000000,0.000000,-0.228687
4059,06 07 08 18 22 24,-0.03892614,0.44887911,0.896157,-0.679470,0.055556,-0.830519,0.000000,0.000000,0.321810
4060,01 02 07 10 12 22,-0.03895773,0.39876442,-1.140563,-1.903858,0.333333,0.856472,0.000000,0.000000,0.077541
4061,07 08 09 13 18 22,-0.03896390,0.39810583,-0.325875,-0.801098,0.611111,-0.570982,0.000000,0.000000,-0.031423
4062,06 07 10 18 24 38,-0.03898342,0.47735521,1.031938,-1.055990,0.611111,-0.570982,0.000000,0.000000,1.152614
4063,02 06 09 10 13 18,-0.03900418,0.43868462,-0.190094,-0.834541,1.166667,-0.311445,0.000000,0.000000,-0.795668
4064,02 07 08 12 18 24,-0.03902531,0.55137682,1.031938,-1.645194,1.444444,0.467167,0.000000,0.000000,0.234050
4065,02 07 12 13 14 18,-0.03906247,0.45878776,-0.597438,-1.927143,0.611111,1.116010,0.000000,0.000000,-0.743558
4066,01 08 09 12 14 38,-0.03912004,0.30945990,-0.054313,0.321712,-0.777778,-2.128204,0.000000,0.000000,0.201037
4067,04 07 08 09 12 18,-0.03925055,0.45784183,0.081469,-1.193321,0.333333,0.207630,0.000000,0.000000,-0.989496
4068,02 06 08 12 13 18,-0.03926610,0.49559570,1.439282,-0.709252,-0.500000,-0.441213,0.000000,0.000000,-0.960884
4069,01 06 09 12 14 22,-0.03932243,0.20950565,-1.819470,-0.080213,-1.055556,-1.609130,0.000000,0.000000,0.214633
4070,01 02 08 10 18 38,-0.03933155,0.53679439,2.389752,-0.777515,-0.500000,-0.700750,0.000000,0.000000,0.261296
4071,06 09 12 14 18 24,-0.03954899,0.35800985,-0.461657,-0.400457,0.611111,-1.219824,0.000000,0.000000,0.301301
4072,02 07 09 13 14 18,-0.03964160,0.40598487,-1.412126,-1.473523,1.722222,0.467167,0.000000,0.000000,-0.656656
4073,01 09 10 12 14 38,-0.03965293,0.30535170,-0.869001,-0.257196,-0.222222,-1.349593,0.000000,0.000000,0.075799
4074,07 08 09 13 18 38,-0.03966240,0.43069013,0.624594,-0.598710,0.611111,-1.090056,0.000000,0.000000,0.750672
4075,06 07 10 13 18 38,-0.03971388,0.44474445,0.760376,-1.109425,-0.222222,-0.441213,0.000000,0.000000,0.836215
4076,08 10 12 13 14 18,-0.03971611,0.47419330,1.031938,-0.565533,-0.500000,-0.441213,0.000000,0.000000,-1.696794
4077,02 07 08 09 18 24,-0.03972925,0.49857394,0.217250,-1.191574,2.555556,-0.181676,0.000000,0.000000,0.302461
4078,01 08 09 10 12 22,-0.03972961,0.33274570,-0.461657,-0.231070,-0.222222,-1.349593,0.000000,0.000000,-0.057219
4079,01 10 12 14 18 22,-0.03973568,0.38681636,0.081469,-1.178163,-1.333333,-0.181676,0.000000,0.000000,0.239056
4080,06 07 09 12 14 24,-0.03975081,0.28529376,-2.091033,-0.603063,1.444444,-0.960287,0.000000,0.000000,0.300841
4081,08 09 10 13 14 18,-0.03976426,0.42139041,0.217250,-0.111913,0.611111,-1.090056,0.000000,0.000000,-1.531225
4082,01 06 07 09 13 18,-0.03982788,0.38214858,-0.461657,-0.536502,0.333333,-0.700750,0.000000,0.000000,-0.934530
4083,02 06 09 10 12 13,-0.03985369,0.37743855,-1.276345,-0.569583,1.166667,-0.311445,0.000000,0.000000,-2.155324
4084,02 06 08 09 13 18,-0.03986877,0.44279282,0.624594,-0.255632,0.611111,-1.090056,0.000000,0.000000,-0.877470
4085,01 02 07 12 14 38,-0.03991463,0.37547862,-0.733219,-1.351076,-0.222222,0.077861,0.000000,0.000000,0.103720
4086,01 02 08 12 18 22,-0.03991879,0.47558871,1.303501,-1.122344,-1.055556,-0.181676,0.000000,0.000000,-0.047994
4087,01 09 10 14 18 22,-0.03995167,0.33401347,-0.733219,-0.724542,-0.222222,-0.830519,0.000000,0.000000,0.379759
4088,01 07 10 12 14 22,-0.03996915,0.31410026,-1.547908,-1.380768,-0.500000,0.077861,0.000000,0.000000,0.233908
4089,07 09 12 18 22 24,-0.03997209,0.39798702,-1.004782,-1.469013,1.444444,0.077861,0.000000,0.000000,0.644393
4090,01 06 07 09 12 13,-0.04004023,0.32090252,-1.547908,-0.271544,0.333333,-0.700750,0.000000,0.000000,-2.199790
4091,04 06 07 08 10 18,-0.04009772,0.50462572,1.167720,-0.982687,-0.500000,0.077861,0.000000,0.000000,-1.638839
4092,01 02 09 10 18 22,-0.04011172,0.41867763,-0.325875,-1.247633,0.611111,-0.051907,0.000000,0.000000,0.049835
4093,06 07 08 13 18 22,-0.04011984,0.41626834,0.624594,-0.732905,-0.777778,-0.700750,0.000000,0.000000,-0.063220
4094,01 08 10 14 18 38,-0.04021080,0.45213023,1.982408,-0.254424,-1.333333,-1.479361,0.000000,0.000000,0.437245
4095,06 07 08 09 13 38,-0.04025976,0.33480369,-0.325875,0.188062,0.333333,-1.868667,0.000000,0.000000,-0.259468
4096,01 07 08 09 22 38,-0.04026238,0.31479669,-0.461657,-0.225030,-0.222222,-1.609130,0.000000,0.000000,0.749732
4097,01 02 06 14 18 38,-0.04027808,0.41355434,1.031938,-0.626657,-1.333333,-0.960287,0.000000,0.000000,0.332592
4098,02 07 08 10 13 18,-0.04034602,0.54738743,0.896157,-1.556188,1.166667,0.596935,0.000000,0.000000,-0.833088
4099,06 07 08 18 24 38,-0.04036730,0.48146341,1.846627,-0.477082,0.055556,-1.349593,0.000000,0.000000,0.993878
4100,01 06 07 10 22 38,-0.04037411,0.32885101,-0.325875,-0.735746,-1.055556,-0.960287,0.000000,0.000000,0.826348
4101,01 02 08 09 12 38,-0.04043249,0.39412405,0.353032,-0.201378,0.055556,-1.349593,0.000000,0.000000,-0.299618
4102,01 08 12 14 18 22,-0.04047125,0.39092455,0.896157,-0.599254,-1.888889,-0.960287,0.000000,0.000000,0.176368
4103,01 07 08 12 14 22,-0.04048935,0.31820846,-0.733219,-0.801859,-1.055556,-0.700750,0.000000,0.000000,0.203128
4104,01 02 08 09 10 38,-0.04048944,0.42274543,0.488813,-0.058936,0.611111,-1.349593,0.000000,0.000000,-0.971347
4105,01 02 07 08 12 22,-0.04050551,0.40287262,-0.325875,-1.324950,-0.222222,0.077861,0.000000,0.000000,-0.105477
4106,01 06 08 18 22 38,-0.04050610,0.40567530,2.118189,0.045768,-2.444444,-1.998436,0.000000,0.000000,0.823642
4107,02 06 08 09 12 13,-0.04061435,0.38154675,-0.461657,0.009326,0.611111,-1.090056,0.000000,0.000000,-2.221729
4108,01 02 08 09 18 22,-0.04065543,0.42278582,0.488813,-0.668724,0.055556,-0.830519,0.000000,0.000000,0.015573
4109,07 10 12 14 18 24,-0.04069152,0.46260447,-0.190094,-1.701012,1.166667,0.467167,0.000000,0.000000,0.247119
4110,01 08 09 14 18 22,-0.04072404,0.33812167,0.081469,-0.145634,-0.777778,-1.609130,0.000000,0.000000,0.311619
4111,01 02 09 10 12 38,-0.04077299,0.39001586,-0.461657,-0.780287,0.611111,-0.570982,0.000000,0.000000,-0.396353
4112,01 06 10 18 22 38,-0.04079198,0.40156710,1.303501,-0.533141,-1.888889,-1.219824,0.000000,0.000000,0.734998
4113,07 09 10 14 18 24,-0.04080538,0.40980158,-1.004782,-1.247392,2.277778,-0.181676,0.000000,0.000000,0.402952
4114,01 07 14 18 22 38,-0.04082983,0.36886735,0.081469,-1.172122,-1.333333,-0.441213,0.000000,0.000000,0.962837
4115,01 02 06 08 10 38,-0.04083289,0.44090794,1.439282,0.009256,-0.777778,-1.479361,0.000000,0.000000,-0.882772
4116,02 08 10 12 22 38,-0.04090805,0.42413562,0.624594,-0.976689,-0.500000,-0.570982,0.000000,0.000000,0.498202
4117,02 06 07 10 18 24,-0.04092681,0.51262825,0.353032,-1.702290,1.722222,0.467167,0.000000,0.000000,0.218209
4118,07 08 12 14 18 24,-0.04092960,0.46671266,0.624594,-1.122104,0.611111,-0.311445,0.000000,0.000000,0.258136
4119,01 06 10 12 14 38,-0.04104372,0.32351421,0.081469,-0.189003,-1.611111,-1.479361,0.000000,0.000000,0.009206
4120,02 08 09 10 22 38,-0.04106574,0.37133273,-0.190094,-0.523069,0.611111,-1.219824,0.000000,0.000000,0.647541
4121,08 09 10 12 18 24,-0.04109752,0.48124990,0.896157,-0.551315,1.444444,-0.960287,0.000000,0.000000,-0.139647
4122,06 07 08 13 18 38,-0.04119621,0.44885264,1.575064,-0.530517,-0.777778,-1.219824,0.000000,0.000000,0.662892
4123,01 07 09 10 14 22,-0.04121386,0.26129738,-2.362596,-0.927148,0.611111,-0.570982,0.000000,0.000000,0.222202
4124,04 07 08 09 10 12,-0.04122597,0.42521714,-0.869001,-0.785921,0.888889,0.207630,0.000000,0.000000,-3.179250
4125,01 06 09 10 14 38,-0.04123389,0.27071133,-0.733219,0.264617,-0.500000,-2.128204,0.000000,0.000000,0.153734
4126,07 09 12 18 24 38,-0.04123486,0.43057132,-0.054313,-1.266625,1.444444,-0.441213,0.000000,0.000000,1.342889
4127,08 09 10 14 22 38,-0.04126932,0.28666857,-0.597438,0.000021,-0.222222,-1.998436,0.000000,0.000000,0.923591
4128,01 02 07 09 14 38,-0.04134951,0.32267574,-1.547908,-0.897456,0.888889,-0.570982,0.000000,0.000000,0.063840
4129,04 06 07 10 12 18,-0.04143896,0.47189615,0.217250,-1.704037,-0.500000,0.856472,0.000000,0.000000,-1.220547
4130,06 08 09 10 13 14,-0.04155436,0.32550397,-0.733219,0.674858,0.333333,-1.868667,0.000000,0.000000,-2.718074
4131,01 02 07 14 18 22,-0.04160022,0.40414039,-0.597438,-1.818422,-0.222222,0.596935,0.000000,0.000000,0.202215
4132,01 06 08 10 12 22,-0.04162412,0.35090821,0.488813,-0.162877,-1.611111,-1.479361,0.000000,0.000000,-0.198438
4133,01 06 08 12 14 38,-0.04168428,0.32762241,0.896157,0.389905,-2.166667,-2.257973,0.000000,0.000000,-0.039405
4134,01 02 06 10 12 38,-0.04170389,0.40817837,0.488813,-0.712094,-0.777778,-0.700750,0.000000,0.000000,-0.394811
4135,06 07 12 18 22 24,-0.04172212,0.41614954,-0.054313,-1.400820,0.055556,-0.051907,0.000000,0.000000,0.524579
4136,02 06 07 13 14 18,-0.04177051,0.42414739,-0.461657,-1.405330,0.333333,0.337398,0.000000,0.000000,-0.832602
4137,02 06 12 14 22 38,-0.04177467,0.30089557,-0.733219,-0.825832,-1.333333,-0.830519,0.000000,0.000000,0.581337
4138,07 09 12 13 18 22,-0.04186823,0.36537626,-1.276345,-1.522448,0.611111,0.207630,0.000000,0.000000,0.155294
4139,01 02 07 09 10 22,-0.04191200,0.34596154,-1.955252,-1.450238,1.444444,0.207630,0.000000,0.000000,-0.187441
4140,01 06 07 08 22 38,-0.04196042,0.33295920,0.488813,-0.156837,-1.611111,-1.738899,0.000000,0.000000,0.637621
4141,01 02 06 10 18 22,-0.04200988,0.43684014,0.624594,-1.179440,-0.777778,-0.181676,0.000000,0.000000,-0.091924
4142,02 04 06 07 09 10,-0.04201012,0.41526263,-1.683689,-1.015713,1.444444,0.726704,0.000000,0.000000,-4.053400
4143,06 07 09 12 13 38,-0.04203816,0.30207411,-1.276345,-0.533289,0.333333,-1.090056,0.000000,0.000000,0.094058
4144,01 06 08 09 14 38,-0.04204399,0.27481952,0.081469,0.843526,-1.055556,-2.906816,0.000000,0.000000,0.080005
4145,02 06 09 14 22 38,-0.04204417,0.24809269,-1.547908,-0.372211,-0.222222,-1.479361,0.000000,0.000000,0.714111
4146,02 06 07 12 13 14,-0.04206246,0.36290132,-1.547908,-1.140372,0.333333,0.337398,0.000000,0.000000,-2.109655
4147,07 08 09 14 18 24,-0.04207607,0.41390978,-0.190094,-0.668484,1.722222,-0.960287,0.000000,0.000000,0.260984
4148,02 06 07 08 18 24,-0.04223536,0.51673645,1.167720,-1.123381,1.166667,-0.311445,0.000000,0.000000,0.070632
4149,02 07 08 14 22 38,-0.04227101,0.35679549,-0.461657,-1.093858,-0.222222,-0.570982,0.000000,0.000000,0.841882
4150,02 06 07 09 13 14,-0.04229858,0.31009843,-2.362596,-0.686752,1.444444,-0.311445,0.000000,0.000000,-1.971935
4151,06 07 09 18 22 24,-0.04230826,0.36334665,-0.869001,-0.947200,1.166667,-0.700750,0.000000,0.000000,0.610443
4152,06 09 10 13 14 18,-0.04235293,0.35402047,-0.597438,-0.311451,0.333333,-1.090056,0.000000,0.000000,-0.985583
4153,08 10 12 14 22 38,-0.04238758,0.33947146,0.217250,-0.453599,-1.333333,-1.349593,0.000000,0.000000,0.585216
4154,01 02 06 08 12 38,-0.04245932,0.41228656,1.303501,-0.133185,-1.333333,-1.479361,0.000000,0.000000,-0.460441
4155,01 06 08 09 10 22,-0.04247025,0.29810532,-0.325875,0.290743,-0.500000,-2.128204,0.000000,0.000000,-0.151094
4156,01 07 08 10 14 38,-0.04257573,0.37941414,0.353032,-0.457030,-0.500000,-1.219824,0.000000,0.000000,0.116314
4157,01 02 06 08 18 22,-0.04258876,0.44094833,1.439282,-0.600531,-1.333333,-0.960287,0.000000,0.000000,-0.131398
4158,06 08 09 10 18 24,-0.04258995,0.44660953,1.031938,-0.029502,1.166667,-1.738899,0.000000,0.000000,-0.048595
4159,06 07 10 14 18 24,-0.04263722,0.42796410,-0.054313,-1.179199,0.888889,-0.311445,0.000000,0.000000,0.271017
4160,02 07 08 10 12 13,-0.04263725,0.48614136,-0.190094,-1.291229,1.166667,0.596935,0.000000,0.000000,-2.406339
4161,07 09 12 13 18 38,-0.04265392,0.39796056,-0.325875,-1.320060,0.611111,-0.311445,0.000000,0.000000,0.924471
4162,02 07 10 14 22 38,-0.04265788,0.35268730,-1.276345,-1.672767,0.333333,0.207630,0.000000,0.000000,0.738277
4163,01 07 08 09 14 22,-0.04270972,0.26540557,-1.547908,-0.348239,0.055556,-1.349593,0.000000,0.000000,0.046875
4164,06 08 10 12 13 14,-0.04273875,0.37830686,0.081469,0.221238,-0.777778,-1.219824,0.000000,0.000000,-3.066246
4165,01 02 10 12 18 38,-0.04280711,0.50406481,1.439282,-1.498865,-0.500000,0.077861,0.000000,0.000000,0.363384
4166,01 06 07 10 14 22,-0.04285414,0.27945989,-1.412126,-0.858955,-0.777778,-0.700750,0.000000,0.000000,0.118648
4167,01 02 06 07 10 22,-0.04288257,0.36412405,-1.004782,-1.382045,0.055556,0.077861,0.000000,0.000000,-0.191775
4168,01 09 12 18 22 38,-0.04288326,0.35478321,0.217250,-0.743775,-1.055556,-1.090056,0.000000,0.000000,0.949002
4169,06 08 10 12 18 24,-0.04292046,0.49941241,1.846627,-0.483122,0.055556,-1.090056,0.000000,0.000000,-0.270264
4170,04 06 07 08 12 18,-0.04297856,0.47600434,1.031938,-1.125128,-1.055556,0.077861,0.000000,0.000000,-1.402354
4171,01 07 09 12 22 38,-0.04302992,0.28206712,-1.412126,-0.946381,-0.222222,-0.830519,0.000000,0.000000,0.956715
4172,06 10 12 13 14 18,-0.04306178,0.40682335,0.217250,-0.765071,-0.777778,-0.441213,0.000000,0.000000,-1.263303
4173,02 06 09 12 13 18,-0.04308222,0.41006324,-0.325875,-0.976983,0.611111,-0.311445,0.000000,0.000000,-0.736551
4174,02 07 09 12 18 24,-0.04313928,0.46584436,-0.733219,-1.912924,2.555556,0.596935,0.000000,0.000000,0.414257
4175,06 07 12 18 24 38,-0.04330735,0.44873383,0.896157,-1.198432,0.055556,-0.570982,0.000000,0.000000,1.175303
4176,01 02 08 12 18 38,-0.04332739,0.50817301,2.253971,-0.919956,-1.055556,-0.700750,0.000000,0.000000,0.332592
4177,07 08 09 10 12 24,-0.04334872,0.40853381,-0.733219,-0.753920,2.277778,-0.700750,0.000000,0.000000,-0.443728
4178,06 08 12 13 14 18,-0.04349377,0.41093154,1.031938,-0.186162,-1.333333,-1.219824,0.000000,0.000000,-1.281015
4179,01 02 09 12 18 22,-0.04356026,0.39005625,-0.461657,-1.390074,0.055556,-0.051907,0.000000,0.000000,0.202215
4180,02 07 08 09 10 13,-0.04360224,0.43333848,-1.004782,-0.837609,2.277778,-0.051907,0.000000,0.000000,-2.376604
4181,01 06 08 14 18 22,-0.04361583,0.35628418,1.031938,-0.077441,-2.166667,-1.738899,0.000000,0.000000,0.022650
4182,06 07 09 18 24 38,-0.04363684,0.39593095,0.081469,-0.744812,1.166667,-1.219824,0.000000,0.000000,1.299189
4183,06 07 12 13 18 22,-0.04366123,0.38353877,-0.325875,-1.454255,-0.777778,0.077861,0.000000,0.000000,0.029113
4184,02 07 10 12 13 18,-0.04371804,0.51465786,-0.054313,-2.277538,1.166667,1.375547,0.000000,0.000000,-0.715661
4185,02 06 08 10 22 38,-0.04372287,0.38949524,0.760376,-0.454876,-0.777778,-1.349593,0.000000,0.000000,0.393338
4186,02 10 14 18 22 38,-0.04373231,0.42540339,0.353032,-1.470161,-0.500000,-0.051907,0.000000,0.000000,0.549656
4187,06 08 10 14 22 38,-0.04378622,0.30483109,0.353032,0.068214,-1.611111,-2.128204,0.000000,0.000000,0.690163
4188,06 07 08 10 12 24,-0.04379063,0.42669632,0.217250,-0.685727,0.888889,-0.830519,0.000000,0.000000,-0.369740
4189,02 08 09 10 14 22,-0.04382555,0.32194161,-1.276345,-0.646278,0.888889,-0.960287,0.000000,0.000000,-0.101609
4190,08 09 12 13 14 18,-0.04393523,0.39276903,0.081469,-0.254355,0.055556,-1.090056,0.000000,0.000000,-1.485877
4191,06 08 09 13 14 18,-0.04394467,0.35812866,0.217250,0.267458,-0.222222,-1.868667,0.000000,0.000000,-1.175115
4192,02 09 10 12 22 38,-0.04397383,0.33860316,-1.140563,-1.244419,0.611111,-0.441213,0.000000,0.000000,0.833701
4193,04 06 07 09 10 18,-0.04399170,0.41909326,-0.597438,-1.250417,0.611111,0.207630,0.000000,0.000000,-1.426041
4194,01 02 09 10 18 38,-0.04404394,0.45126193,0.624594,-1.045245,0.611111,-0.570982,0.000000,0.000000,0.352845
4195,01 02 06 07 14 38,-0.04405017,0.34083825,-0.597438,-0.829263,-0.500000,-0.700750,0.000000,0.000000,-0.196813
4196,02 08 14 18 22 38,-0.04407984,0.42951159,1.167720,-0.891252,-1.055556,-0.830519,0.000000,0.000000,0.544457
4197,01 06 10 14 18 22,-0.04413725,0.35217598,0.217250,-0.656349,-1.611111,-0.960287,0.000000,0.000000,-0.100890
4198,06 07 08 14 18 24,-0.04414127,0.43207229,0.760376,-0.600291,0.333333,-1.090056,0.000000,0.000000,0.094477
4199,01 09 10 14 18 38,-0.04414545,0.36659777,0.217250,-0.522154,-0.222222,-1.349593,0.000000,0.000000,0.644018
4200,02 06 07 08 10 13,-0.04416690,0.45150099,-0.054313,-0.769416,0.888889,-0.181676,0.000000,0.000000,-2.320803
4201,01 10 12 14 18 38,-0.04418456,0.41940065,1.031938,-0.975774,-1.333333,-0.700750,0.000000,0.000000,0.465521
4202,06 07 09 13 18 22,-0.04419132,0.33073588,-1.140563,-1.000635,0.333333,-0.570982,0.000000,0.000000,0.123281
4203,01 02 07 08 09 22,-0.04427998,0.35006973,-1.140563,-0.871330,0.888889,-0.570982,0.000000,0.000000,-0.491975
4204,01 09 12 14 18 22,-0.04430301,0.30539209,-0.869001,-0.866984,-0.777778,-0.830519,0.000000,0.000000,0.398386
4205,01 06 09 10 12 22,-0.04433893,0.26537575,-1.276345,-0.430608,-0.500000,-1.349593,0.000000,0.000000,0.189058
4206,02 08 09 12 22 38,-0.04434280,0.34271135,-0.325875,-0.665511,0.055556,-1.219824,0.000000,0.000000,0.825325
4207,01 08 12 14 18 38,-0.04444179,0.42350885,1.846627,-0.396866,-1.888889,-1.479361,0.000000,0.000000,0.473702
4208,01 02 06 09 10 38,-0.04445488,0.35537549,-0.325875,-0.258474,0.333333,-1.349593,0.000000,0.000000,-0.629676
4209,01 06 07 12 22 38,-0.04449559,0.30022963,-0.461657,-0.878188,-1.611111,-0.960287,0.000000,0.000000,0.879029
4210,01 06 07 08 14 22,-0.04450584,0.28356808,-0.597438,-0.280046,-1.333333,-1.479361,0.000000,0.000000,-0.079767
4211,01 02 07 09 12 22,-0.04450592,0.31734016,-2.091033,-1.592680,0.888889,0.207630,0.000000,0.000000,0.091553
4212,02 08 10 12 14 22,-0.04461644,0.37474450,-0.461657,-1.099898,-0.222222,-0.311445,0.000000,0.000000,-0.391483
4213,01 08 09 14 18 38,-0.04462918,0.37070596,1.031938,0.056754,-0.777778,-2.128204,0.000000,0.000000,0.618641
4214,01 02 08 09 18 38,-0.04473376,0.45537012,1.439282,-0.466336,0.055556,-1.349593,0.000000,0.000000,0.296935
4215,08 09 12 14 22 38,-0.04476784,0.25804719,-0.733219,-0.142420,-0.777778,-1.998436,0.000000,0.000000,1.068566
4216,06 07 12 13 18 38,-0.04482479,0.41612307,0.624594,-1.251867,-0.777778,-0.441213,0.000000,0.000000,0.742309
4217,06 09 10 12 18 24,-0.04492050,0.41387995,0.081469,-0.750852,1.166667,-0.960287,0.000000,0.000000,0.223128
4218,07 08 10 13 14 18,-0.04498737,0.46272327,0.488813,-1.033097,0.333333,-0.181676,0.000000,0.000000,-1.214507
4219,06 09 10 12 13 14,-0.04506958,0.29277440,-1.683689,-0.046492,0.333333,-1.090056,0.000000,0.000000,-2.621863
4220,01 06 08 09 12 22,-0.04507779,0.26948394,-0.461657,0.148301,-1.055556,-2.128204,0.000000,0.000000,0.125882
4221,01 06 12 18 22 38,-0.04509411,0.37294572,1.167720,-0.675582,-2.444444,-1.219824,0.000000,0.000000,0.760916
4222,02 07 09 10 13 18,-0.04514032,0.46185497,-0.869001,-1.823918,2.277778,0.726704,0.000000,0.000000,-0.753675
4223,02 07 08 12 13 18,-0.04517553,0.51876605,0.760376,-1.698629,0.611111,0.596935,0.000000,0.000000,-0.885303
4224,07 09 12 14 18 24,-0.04517852,0.38118020,-1.140563,-1.389834,1.722222,-0.181676,0.000000,0.000000,0.418349
4225,06 07 09 13 18 38,-0.04528948,0.36332018,-0.190094,-0.798247,0.333333,-1.090056,0.000000,0.000000,0.846164
4226,01 02 07 14 18 38,-0.04533099,0.43672469,0.353032,-1.616034,-0.222222,0.077861,0.000000,0.000000,0.535070
4227,01 06 09 18 22 38,-0.04533602,0.32014284,0.353032,-0.221962,-1.333333,-1.868667,0.000000,0.000000,0.897778
4228,06 08 09 12 18 24,-0.04544790,0.41798815,0.896157,-0.171943,0.611111,-1.738899,0.000000,0.000000,0.191281
4229,01 07 09 12 14 22,-0.04546675,0.23267600,-2.498377,-1.069589,0.055556,-0.570982,0.000000,0.000000,0.255415
4230,02 06 07 09 18 24,-0.04551489,0.43120399,-0.597438,-1.391111,2.277778,-0.181676,0.000000,0.000000,0.374463
4231,01 02 08 10 14 18,-0.04552710,0.48740327,1.303501,-0.900724,-0.222222,-0.441213,0.000000,0.000000,-0.996868
4232,01 06 09 12 14 38,-0.04552765,0.24208995,-0.869001,0.122175,-1.055556,-2.128204,0.000000,0.000000,0.180892
4233,01 07 08 18 22 38,-0.04553546,0.42884565,1.439282,-0.943609,-1.333333,-0.960287,0.000000,0.000000,1.029608
4234,02 06 07 12 18 24,-0.04554740,0.48400687,0.217250,-1.844731,1.166667,0.467167,0.000000,0.000000,0.196945
4235,09 10 12 14 22 38,-0.04555412,0.25393900,-1.547908,-0.721329,-0.222222,-1.219824,0.000000,0.000000,0.905787
4236,01 02 08 10 12 14,-0.04556578,0.42615720,0.217250,-0.635765,-0.222222,-0.441213,0.000000,0.000000,-2.236399
4237,06 08 09 12 13 14,-0.04563785,0.29688259,-0.869001,0.532416,-0.222222,-1.868667,0.000000,0.000000,-2.659764
4238,04 06 07 08 10 12,-0.04566962,0.44337965,0.081469,-0.717729,-0.500000,0.077861,0.000000,0.000000,-3.698133
4239,01 02 06 10 18 38,-0.04587671,0.46942444,1.575064,-0.977052,-0.777778,-0.700750,0.000000,0.000000,0.220773
4240,02 04 06 07 08 09,-0.04594669,0.41937083,-0.869001,-0.436804,0.888889,-0.051907,0.000000,0.000000,-4.590324
4241,01 07 10 18 22 38,-0.04598529,0.42473745,0.624594,-1.522517,-0.777778,-0.181676,0.000000,0.000000,0.916674
4242,08 09 10 12 13 14,-0.04598708,0.36014434,-0.869001,0.153045,0.611111,-1.090056,0.000000,0.000000,-3.686955
4243,01 06 07 09 22 38,-0.04600170,0.24742674,-1.276345,-0.424567,-0.500000,-1.609130,0.000000,0.000000,0.828595
4244,01 08 10 12 18 22,-0.04604758,0.44679465,1.439282,-0.949649,-1.333333,-0.700750,0.000000,0.000000,0.067852
4245,02 07 12 14 22 38,-0.04609365,0.32406592,-1.412126,-1.815208,-0.222222,0.207630,0.000000,0.000000,0.892547
4246,04 06 07 09 12 18,-0.04611010,0.39047188,-0.733219,-1.392858,0.055556,0.207630,0.000000,0.000000,-1.076598
4247,09 10 12 13 14 18,-0.04612295,0.38866084,-0.733219,-0.833264,0.611111,-0.311445,0.000000,0.000000,-1.856283
4248,04 06 07 08 09 18,-0.04613015,0.42320146,0.217250,-0.671508,0.055556,-0.570982,0.000000,0.000000,-1.696570
4249,01 07 10 12 14 38,-0.04621796,0.34668456,-0.597438,-1.178380,-0.500000,-0.441213,0.000000,0.000000,0.193708
4250,01 02 06 07 08 22,-0.04623952,0.36823224,-0.190094,-0.803137,-0.500000,-0.700750,0.000000,0.000000,-0.642829
4251,01 02 06 09 12 38,-0.04624525,0.32675411,-0.461657,-0.400915,-0.222222,-1.349593,0.000000,0.000000,-0.231635
4252,02 07 09 14 22 38,-0.04642592,0.27126304,-2.226814,-1.361588,0.888889,-0.441213,0.000000,0.000000,1.016022
4253,01 02 08 09 10 14,-0.04644341,0.37335431,-0.597438,-0.182145,0.888889,-1.090056,0.000000,0.000000,-2.193720
4254,01 02 06 09 18 22,-0.04649543,0.35541588,-0.325875,-0.868261,-0.222222,-0.830519,0.000000,0.000000,0.079519
4255,06 09 12 13 14 18,-0.04651845,0.32539909,-0.733219,-0.453892,-0.222222,-1.090056,0.000000,0.000000,-0.939428
4256,02 06 09 10 22 38,-0.04652789,0.30396278,-1.004782,-0.722606,0.333333,-1.219824,0.000000,0.000000,0.767468
4257,02 06 08 10 14 22,-0.04658076,0.34010412,-0.325875,-0.578085,-0.500000,-1.090056,0.000000,0.000000,-0.370344
4258,01 02 07 08 10 38,-0.04659080,0.46407829,0.760376,-0.980120,0.333333,-0.441213,0.000000,0.000000,-0.784743
4259,01 02 06 12 18 22,-0.04659498,0.40821876,0.488813,-1.321881,-1.333333,-0.181676,0.000000,0.000000,-0.107930
4260,01 07 08 10 12 22,-0.04660716,0.37407856,-0.190094,-1.152254,-0.500000,-0.441213,0.000000,0.000000,0.014390
4261,02 07 08 09 13 18,-0.04664708,0.46596317,-0.054313,-1.245009,1.722222,-0.051907,0.000000,0.000000,-0.930616
4262,01 07 08 12 14 38,-0.04669456,0.35079276,0.217250,-0.599471,-1.055556,-1.219824,0.000000,0.000000,0.169387
4263,01 02 07 10 12 38,-0.04671578,0.43134872,-0.190094,-1.701470,0.333333,0.337398,0.000000,0.000000,-0.186256
4264,01 02 06 08 18 38,-0.04673607,0.47353263,2.389752,-0.398143,-1.333333,-1.479361,0.000000,0.000000,0.139745
4265,06 09 10 14 22 38,-0.04673989,0.21929863,-1.412126,-0.199516,-0.500000,-1.998436,0.000000,0.000000,1.042271
4266,02 06 07 10 13 18,-0.04679695,0.48001749,0.081469,-1.755725,0.888889,0.596935,0.000000,0.000000,-0.859651
4267,01 08 09 10 18 22,-0.04691902,0.39399177,0.624594,-0.496028,-0.222222,-1.349593,0.000000,0.000000,0.111448
4268,06 07 12 14 18 24,-0.04696124,0.39934272,-0.190094,-1.321641,0.333333,-0.311445,0.000000,0.000000,0.293691
4269,01 02 07 10 18 22,-0.04700814,0.46001049,-0.054313,-2.168817,0.333333,0.856472,0.000000,0.000000,0.118648
4270,01 02 06 08 09 38,-0.04702935,0.35948368,0.488813,0.320435,-0.222222,-2.128204,0.000000,0.000000,-0.964802
4271,01 06 07 12 14 22,-0.04703051,0.25083851,-1.547908,-1.001396,-1.333333,-0.700750,0.000000,0.000000,0.163197
4272,02 06 10 12 22 38,-0.04712719,0.35676567,-0.190094,-1.176226,-0.777778,-0.570982,0.000000,0.000000,0.505979
4273,01 06 08 14 18 38,-0.04715520,0.38886848,1.982408,0.124947,-2.166667,-2.257973,0.000000,0.000000,0.383861
4274,01 06 12 14 18 22,-0.04715737,0.32355460,0.081469,-0.798791,-2.166667,-0.960287,0.000000,0.000000,0.114961
4275,02 08 09 12 14 22,-0.04715750,0.29332023,-1.412126,-0.788720,0.333333,-0.960287,0.000000,0.000000,0.068044
4276,01 02 06 07 12 22,-0.04728015,0.33550267,-1.140563,-1.524487,-0.500000,0.077861,0.000000,0.000000,-0.179999
4277,01 02 09 12 18 38,-0.04729103,0.42264055,0.488813,-1.187686,0.055556,-0.570982,0.000000,0.000000,0.535070
4278,02 06 08 09 22 38,-0.04731347,0.30807098,-0.190094,-0.143698,-0.222222,-1.998436,0.000000,0.000000,0.697372
4279,06 08 09 14 22 38,-0.04731938,0.22340682,-0.597438,0.379393,-1.055556,-2.777047,0.000000,0.000000,1.002707
4280,02 09 14 18 22 38,-0.04732046,0.34397913,-0.597438,-1.158983,0.055556,-0.700750,0.000000,0.000000,0.854053
4281,06 07 09 14 18 24,-0.04735072,0.34653983,-1.004782,-0.868021,1.444444,-0.960287,0.000000,0.000000,0.408690
4282,01 06 10 14 18 38,-0.04736450,0.38476028,1.167720,-0.453961,-1.611111,-1.479361,0.000000,0.000000,0.306563
4283,02 12 14 18 22 38,-0.04737362,0.39678201,0.217250,-1.612603,-1.055556,-0.051907,0.000000,0.000000,0.673475
4284,07 08 10 12 18 24,-0.04738872,0.52258276,1.167720,-1.472498,1.166667,-0.051907,0.000000,0.000000,0.018831
4285,01 07 09 10 14 38,-0.04739728,0.29388168,-1.412126,-0.724760,0.611111,-1.090056,0.000000,0.000000,0.191690
4286,02 07 09 10 12 13,-0.04742338,0.40060891,-1.955252,-1.558960,2.277778,0.726704,0.000000,0.000000,-2.325715
4287,02 09 10 12 14 22,-0.04764952,0.28921204,-2.226814,-1.367628,0.888889,-0.181676,0.000000,0.000000,-0.051140
4288,01 02 06 08 10 14,-0.04765172,0.39151683,0.353032,-0.113952,-0.500000,-1.219824,0.000000,0.000000,-2.233277
4289,01 08 09 10 12 38,-0.04766203,0.36532999,0.488813,-0.028682,-0.222222,-1.868667,0.000000,0.000000,-0.346850
4290,02 06 07 10 12 13,-0.04766280,0.41877142,-1.004782,-1.490767,0.888889,0.596935,0.000000,0.000000,-2.221729
4291,06 10 12 14 22 38,-0.04768875,0.27210151,-0.597438,-0.653136,-1.611111,-1.349593,0.000000,0.000000,0.728993
4292,06 07 09 10 12 24,-0.04772423,0.34116386,-1.547908,-0.953457,2.000000,-0.700750,0.000000,0.000000,-0.162811
4293,02 06 08 12 22 38,-0.04774322,0.36087386,0.624594,-0.597318,-1.333333,-1.349593,0.000000,0.000000,0.461001
4294,02 07 08 10 22 38,-0.04786973,0.41266559,0.081469,-1.444253,0.333333,-0.311445,0.000000,0.000000,0.730048
4295,07 08 10 14 22 38,-0.04789388,0.32800144,-0.325875,-0.921162,-0.500000,-1.090056,0.000000,0.000000,1.032682
4296,02 07 08 09 12 13,-0.04789981,0.40471710,-1.140563,-0.980051,1.722222,-0.051907,0.000000,0.000000,-2.350012
4297,06 08 12 14 22 38,-0.04804173,0.27620971,0.217250,-0.074227,-2.166667,-2.128204,0.000000,0.000000,0.722987
4298,06 07 08 09 12 24,-0.04815979,0.34527206,-0.733219,-0.374549,1.444444,-1.479361,0.000000,0.000000,-0.181053
4299,01 02 07 08 12 38,-0.04821996,0.43545691,0.624594,-1.122562,-0.222222,-0.441213,0.000000,0.000000,-0.362816
4300,01 02 07 08 18 22,-0.04833577,0.46411869,0.760376,-1.589908,-0.222222,0.077861,0.000000,0.000000,-0.031754
4301,02 08 10 18 22 38,-0.04841828,0.48538169,1.710845,-1.241647,-0.500000,-0.570982,0.000000,0.000000,0.619337
4302,02 06 07 08 13 18,-0.04845955,0.48412568,0.896157,-1.176816,0.333333,-0.181676,0.000000,0.000000,-1.059680
4303,04 06 07 08 09 12,-0.04847877,0.36195539,-0.869001,-0.406550,0.055556,-0.570982,0.000000,0.000000,-3.278324
4304,01 06 07 09 14 22,-0.04851443,0.19803563,-2.362596,-0.547776,-0.222222,-1.349593,0.000000,0.000000,0.116051
4305,06 07 08 09 10 24,-0.04853097,0.37389344,-0.597438,-0.232107,2.000000,-1.479361,0.000000,0.000000,-0.899335
4306,01 09 12 14 18 38,-0.04854038,0.33797639,0.081469,-0.664596,-0.777778,-1.349593,0.000000,0.000000,0.656186
4307,01 07 08 14 18 22,-0.04861249,0.37945453,0.353032,-1.066817,-1.055556,-0.700750,0.000000,0.000000,0.233459
4308,07 10 12 13 14 18,-0.04872363,0.42999370,-0.461657,-1.754447,0.333333,0.596935,0.000000,0.000000,-1.151042
4309,02 06 07 14 22 38,-0.04872490,0.28942555,-1.276345,-1.293395,-0.500000,-0.570982,0.000000,0.000000,0.814879
4310,01 06 09 14 18 22,-0.04874138,0.27075172,-0.733219,-0.345171,-1.055556,-1.609130,0.000000,0.000000,0.052987
4311,01 06 08 10 18 22,-0.04878901,0.41215428,1.575064,-0.427836,-1.611111,-1.479361,0.000000,0.000000,-0.026139
4312,01 07 08 09 14 38,-0.04884954,0.29798987,-0.597438,-0.145851,0.055556,-1.868667,0.000000,0.000000,0.022822
4313,02 06 07 09 10 13,-0.04892431,0.36596853,-1.819470,-1.037147,2.000000,-0.051907,0.000000,0.000000,-2.235924
4314,01 07 10 14 18 22,-0.04894215,0.37534633,-0.461657,-1.645726,-0.500000,0.077861,0.000000,0.000000,0.138331
4315,01 06 07 10 14 38,-0.04897216,0.31204419,-0.461657,-0.656567,-0.777778,-1.219824,0.000000,0.000000,0.097824
4316,06 08 09 10 13 18,-0.04900509,0.41399876,0.760376,-0.082937,0.333333,-1.609130,0.000000,0.000000,-1.207198
4317,01 02 08 09 12 14,-0.04903580,0.34473293,-0.733219,-0.324587,0.333333,-1.090056,0.000000,0.000000,-1.914501
4318,08 10 14 18 22 38,-0.04911360,0.40071753,1.303501,-0.718557,-1.333333,-1.349593,0.000000,0.000000,0.822535
4319,06 07 08 10 13 14,-0.04920252,0.36683683,-0.461657,-0.246326,0.055556,-0.960287,0.000000,0.000000,-2.760634
4320,02 07 09 12 13 18,-0.04922109,0.43323359,-1.004782,-1.966359,1.722222,0.726704,0.000000,0.000000,-0.694962
4321,02 06 09 10 14 22,-0.04935309,0.25457167,-2.091033,-0.845815,0.611111,-0.960287,0.000000,0.000000,0.008630
4322,01 02 06 07 09 22,-0.04937124,0.28269978,-1.955252,-1.070867,0.611111,-0.570982,0.000000,0.000000,-0.317099
4323,01 02 10 12 14 18,-0.04937311,0.45467369,0.353032,-1.622074,-0.222222,0.337398,0.000000,0.000000,-0.949665
4324,01 06 08 10 12 38,-0.04949114,0.38349251,1.439282,0.039511,-1.611111,-1.998436,0.000000,0.000000,-0.478382
4325,04 06 07 09 10 12,-0.04955543,0.35784720,-1.683689,-0.985459,0.611111,0.207630,0.000000,0.000000,-3.484124
4326,01 02 08 12 14 18,-0.04957782,0.45878189,1.167720,-1.043165,-0.777778,-0.441213,0.000000,0.000000,-0.933704
4327,02 08 09 10 14 38,-0.04960931,0.35452591,-0.325875,-0.443890,0.888889,-1.479361,0.000000,0.000000,-0.072910
4328,06 08 10 12 13 18,-0.04968409,0.46680164,1.575064,-0.536557,-0.777778,-0.960287,0.000000,0.000000,-1.480496
4329,01 09 10 12 18 22,-0.04971267,0.36126219,-0.325875,-1.217379,-0.222222,-0.570982,0.000000,0.000000,0.314562
4330,07 08 09 10 18 24,-0.04977986,0.46977988,0.353032,-1.018878,2.277778,-0.700750,0.000000,0.000000,-0.162721
4331,06 07 10 13 14 18,-0.04984155,0.39535333,-0.325875,-1.232634,0.055556,-0.181676,0.000000,0.000000,-1.004506
4332,01 02 09 10 14 18,-0.04990641,0.40187081,-0.461657,-1.168454,0.888889,-0.311445,0.000000,0.000000,-0.855973
4333,07 09 10 13 14 18,-0.04993032,0.37719082,-1.276345,-1.300827,1.444444,-0.051907,0.000000,0.000000,-1.157116
4334,01 08 10 12 18 38,-0.04993093,0.47937895,2.389752,-0.747260,-1.333333,-1.219824,0.000000,0.000000,0.378102
4335,01 02 09 10 12 14,-0.04993692,0.34062474,-1.547908,-0.903496,0.888889,-0.311445,0.000000,0.000000,-2.094293
4336,01 02 06 12 18 38,-0.04995997,0.44080306,1.439282,-1.119493,-1.333333,-0.700750,0.000000,0.000000,0.279116
4337,02 06 10 12 14 22,-0.04997458,0.30737455,-1.276345,-1.299435,-0.500000,-0.311445,0.000000,0.000000,-0.256147
4338,02 06 07 08 12 13,-0.05014786,0.42287961,-0.190094,-0.911858,0.333333,-0.181676,0.000000,0.000000,-2.543608
4339,01 07 08 09 10 22,-0.05017495,0.32127567,-1.004782,-0.698634,0.611111,-1.090056,0.000000,0.000000,-0.341487
4340,07 08 10 12 13 14,-0.05018934,0.40147721,-0.597438,-0.768139,0.333333,-0.181676,0.000000,0.000000,-3.218994
4341,06 07 08 10 18 24,-0.05019724,0.48794239,1.303501,-0.950685,0.888889,-0.830519,0.000000,0.000000,-0.085100
4342,02 06 08 09 14 22,-0.05020406,0.25867986,-1.276345,-0.266906,0.055556,-1.738899,0.000000,0.000000,-0.071154
4343,01 07 12 18 22 38,-0.05029014,0.39611607,0.488813,-1.664959,-1.333333,-0.181676,0.000000,0.000000,0.942189
4344,01 06 07 08 10 22,-0.05029586,0.33943818,-0.054313,-0.630441,-0.777778,-1.219824,0.000000,0.000000,-0.219943
4345,01 08 09 12 18 22,-0.05038391,0.36537039,0.488813,-0.638470,-0.777778,-1.349593,0.000000,0.000000,0.261405
4346,02 06 14 18 22 38,-0.05039201,0.36214164,0.353032,-1.090790,-1.333333,-0.830519,0.000000,0.000000,0.538452
4347,02 08 10 12 14 38,-0.05046558,0.40732880,0.488813,-0.897510,-0.222222,-0.830519,0.000000,0.000000,-0.372472
4348,01 02 06 09 18 38,-0.05053017,0.38800017,0.624594,-0.665873,-0.222222,-1.349593,0.000000,0.000000,0.367340
4349,01 06 07 08 14 38,-0.05058027,0.31615238,0.353032,-0.077658,-1.333333,-1.998436,0.000000,0.000000,-0.094133
4350,01 07 09 18 22 38,-0.05059481,0.34331319,-0.325875,-1.211339,-0.222222,-0.830519,0.000000,0.000000,1.069752
4351,02 06 08 12 14 22,-0.05065600,0.31148274,-0.461657,-0.720527,-1.055556,-1.090056,0.000000,0.000000,-0.310813
4352,02 07 08 10 14 22,-0.05069493,0.36327447,-1.004782,-1.567462,0.611111,-0.051907,0.000000,0.000000,-0.028790
4353,01 06 12 14 18 38,-0.05078393,0.35613890,1.031938,-0.596403,-2.166667,-1.479361,0.000000,0.000000,0.463256
4354,07 08 09 10 13 14,-0.05080022,0.34867432,-1.412126,-0.314519,1.444444,-0.830519,0.000000,0.000000,-3.136795
4355,07 08 12 13 14 18,-0.05084445,0.43410190,0.353032,-1.175539,-0.222222,-0.181676,0.000000,0.000000,-1.418960
4356,08 09 10 12 13 18,-0.05087437,0.44863913,0.624594,-0.604750,0.611111,-0.830519,0.000000,0.000000,-1.796297
4357,01 02 07 10 18 38,-0.05089677,0.49259479,0.896157,-1.966428,0.333333,0.337398,0.000000,0.000000,0.428116
4358,01 02 08 09 14 18,-0.05096200,0.40597900,0.353032,-0.589545,0.333333,-1.090056,0.000000,0.000000,-0.966073
4359,01 08 09 10 18 38,-0.05098202,0.42657606,1.575064,-0.293640,-0.222222,-1.868667,0.000000,0.000000,0.395082
4360,01 02 06 10 12 14,-0.05110667,0.35878725,-0.597438,-0.835303,-0.500000,-0.441213,0.000000,0.000000,-2.128137
4361,06 09 12 14 22 38,-0.05115935,0.19067725,-1.547908,-0.341957,-1.055556,-1.998436,0.000000,0.000000,1.050806
4362,01 02 06 09 10 14,-0.05124101,0.30598437,-1.412126,-0.381683,0.611111,-1.090056,0.000000,0.000000,-1.975338
4363,02 06 07 08 09 13,-0.05127155,0.37007673,-1.004782,-0.458238,1.444444,-0.830519,0.000000,0.000000,-2.537385
4364,01 02 07 09 10 38,-0.05137546,0.37854584,-1.004782,-1.247850,1.444444,-0.311445,0.000000,0.000000,-0.703901
4365,01 07 09 10 12 22,-0.05140418,0.28854610,-1.955252,-1.419984,0.611111,-0.311445,0.000000,0.000000,0.093399
4366,02 07 10 12 22 38,-0.05144072,0.37993602,-0.869001,-2.165603,0.333333,0.467167,0.000000,0.000000,0.817996
4367,07 09 10 12 18 24,-0.05147097,0.43705030,-0.597438,-1.740229,2.277778,0.077861,0.000000,0.000000,0.203737
4368,02 09 10 18 22 38,-0.05149223,0.39984923,-0.054313,-1.509377,0.611111,-0.441213,0.000000,0.000000,0.953626
4369,01 02 07 12 18 22,-0.05160967,0.43138911,-0.190094,-2.311258,-0.222222,0.856472,0.000000,0.000000,0.100210
4370,02 06 09 12 22 38,-0.05165228,0.27534140,-1.140563,-0.865048,-0.222222,-1.219824,0.000000,0.000000,0.671566
4371,01 07 09 12 14 38,-0.05169376,0.26526030,-1.547908,-0.867201,0.055556,-1.090056,0.000000,0.000000,0.218445
4372,07 08 09 12 18 24,-0.05171415,0.44115850,0.217250,-1.161320,1.722222,-0.700750,0.000000,0.000000,0.213999
4373,02 06 07 12 13 18,-0.05172759,0.45139611,-0.054313,-1.898166,0.333333,0.596935,0.000000,0.000000,-0.926849
4374,02 08 10 14 18 22,-0.05175300,0.43599057,0.624594,-1.364856,-0.222222,-0.311445,0.000000,0.000000,-0.214988
4375,02 07 09 10 22 38,-0.05183058,0.32713313,-1.683689,-1.711983,1.444444,-0.181676,0.000000,0.000000,0.932940
4376,01 07 08 09 12 22,-0.05185882,0.29265429,-1.140563,-0.841076,0.055556,-1.090056,0.000000,0.000000,0.072333
4377,08 09 10 12 22 38,-0.05188315,0.31391729,-0.190094,-0.492815,-0.222222,-1.738899,0.000000,0.000000,0.732045
4378,02 07 08 12 22 38,-0.05189281,0.38404421,-0.054313,-1.586694,-0.222222,-0.311445,0.000000,0.000000,0.797308
4379,02 08 09 18 22 38,-0.05192405,0.40395742,0.760376,-0.930469,0.055556,-1.219824,0.000000,0.000000,0.935940
4380,01 02 06 08 12 14,-0.05192750,0.36289545,0.217250,-0.256394,-1.055556,-1.219824,0.000000,0.000000,-2.203456
4381,01 06 09 14 18 38,-0.05194683,0.30333602,0.217250,-0.142783,-1.055556,-2.128204,0.000000,0.000000,0.463670
4382,01 06 07 18 22 38,-0.05195378,0.36147570,0.624594,-1.143146,-1.611111,-0.960287,0.000000,0.000000,1.007874
4383,07 10 12 14 22 38,-0.05196308,0.29527186,-1.276345,-1.642512,-0.500000,-0.311445,0.000000,0.000000,1.046819
4384,07 09 10 14 22 38,-0.05200337,0.24246898,-2.091033,-1.188892,0.611111,-0.960287,0.000000,0.000000,1.213551
4385,01 06 08 09 10 38,-0.05204269,0.33068962,0.624594,0.493131,-0.500000,-2.647278,0.000000,0.000000,-0.683699
4386,01 06 07 10 12 22,-0.05212625,0.30670861,-1.004782,-1.351791,-0.777778,-0.441213,0.000000,0.000000,0.125882
4387,07 08 12 14 22 38,-0.05215211,0.29938006,-0.461657,-1.063604,-1.055556,-1.090056,0.000000,0.000000,1.065102
4388,07 08 09 13 14 18,-0.05216422,0.38129901,-0.461657,-0.721919,0.888889,-0.830519,0.000000,0.000000,-1.441787
4389,01 07 08 14 18 38,-0.05217366,0.41203883,1.303501,-0.864429,-1.055556,-1.219824,0.000000,0.000000,0.591441
4390,01 06 09 10 12 38,-0.05222776,0.29796005,-0.325875,-0.228219,-0.500000,-1.868667,0.000000,0.000000,-0.094116
4391,01 02 07 09 12 38,-0.05224217,0.34992446,-1.140563,-1.390292,0.888889,-0.311445,0.000000,0.000000,-0.169016
4392,01 02 06 07 10 38,-0.05228063,0.39670835,-0.054313,-1.179657,0.055556,-0.441213,0.000000,0.000000,-0.698547
4393,09 10 14 18 22 38,-0.05228832,0.31518507,-0.461657,-0.986287,-0.222222,-1.219824,0.000000,0.000000,1.141895
4394,02 06 08 10 14 38,-0.05229913,0.37268842,0.624594,-0.375697,-0.500000,-1.609130,0.000000,0.000000,-0.331957
4395,01 07 12 14 18 22,-0.05232071,0.34672495,-0.597438,-1.788168,-1.055556,0.077861,0.000000,0.000000,0.301078
4396,02 10 12 18 22 38,-0.05237560,0.45265211,0.760376,-1.962997,-0.500000,0.207630,0.000000,0.000000,0.650050
4397,06 07 10 12 18 24,-0.05238460,0.45521282,0.353032,-1.672036,0.888889,-0.051907,0.000000,0.000000,0.207838
4398,01 06 09 10 18 22,-0.05243838,0.32662182,-0.190094,-0.695566,-0.500000,-1.349593,0.000000,0.000000,0.222898
4399,02 06 07 09 13 18,-0.05246269,0.39859322,-0.869001,-1.444546,1.444444,-0.051907,0.000000,0.000000,-0.863055
4400,01 02 07 09 18 22,-0.05247873,0.37858623,-1.004782,-1.857638,0.888889,0.207630,0.000000,0.000000,0.144157
4401,01 02 07 08 18 38,-0.05250488,0.49670298,1.710845,-1.387520,-0.222222,-0.441213,0.000000,0.000000,0.236159
4402,08 09 14 18 22 38,-0.05253235,0.31929326,0.353032,-0.407378,-0.777778,-1.998436,0.000000,0.000000,1.152029
4403,06 09 10 12 13 18,-0.05254210,0.38126919,-0.190094,-0.804287,0.333333,-0.830519,0.000000,0.000000,-1.114216
4404,01 07 10 14 18 38,-0.05254691,0.40793063,0.488813,-1.443338,-0.500000,-0.441213,0.000000,0.000000,0.489855
4405,01 02 06 08 09 14,-0.05255277,0.31009256,-0.597438,0.197226,0.055556,-1.868667,0.000000,0.000000,-2.123390
4406,06 07 10 12 13 14,-0.05257455,0.33410726,-1.412126,-0.967676,0.055556,-0.181676,0.000000,0.000000,-2.643208
4407,01 06 10 12 18 22,-0.05262432,0.37942470,0.624594,-1.149186,-1.611111,-0.700750,0.000000,0.000000,0.022650
4408,01 06 08 10 18 38,-0.05278662,0.44473857,2.525533,-0.225447,-1.611111,-1.998436,0.000000,0.000000,0.267183
4409,06 07 08 13 14 18,-0.05283099,0.39946152,0.488813,-0.653726,-0.500000,-0.960287,0.000000,0.000000,-1.401112
4410,01 02 06 10 14 18,-0.05290442,0.42003332,0.488813,-1.100261,-0.500000,-0.441213,0.000000,0.000000,-1.160679
4411,01 06 08 09 12 38,-0.05292302,0.30206824,0.488813,0.350689,-1.055556,-2.647278,0.000000,0.000000,-0.150833
4412,01 02 07 08 10 14,-0.05296588,0.41468718,-0.325875,-1.103329,0.611111,-0.181676,0.000000,0.000000,-2.069505
4413,02 08 09 12 14 38,-0.05298485,0.32590453,-0.461657,-0.586331,0.333333,-1.479361,0.000000,0.000000,0.090284
4414,01 02 06 08 14 18,-0.05306240,0.42414151,1.303501,-0.521352,-1.055556,-1.219824,0.000000,0.000000,-1.137795
4415,01 06 08 09 18 22,-0.05309147,0.33073001,0.624594,-0.116657,-1.055556,-2.128204,0.000000,0.000000,0.172431
4416,06 08 09 12 13 18,-0.05309947,0.38537738,0.624594,-0.225378,-0.222222,-1.609130,0.000000,0.000000,-1.150503
4417,01 06 07 12 14 38,-0.05319213,0.28342281,-0.597438,-0.799008,-1.333333,-1.219824,0.000000,0.000000,0.135914
4418,01 02 09 12 14 18,-0.05320838,0.37324943,-0.597438,-1.310895,0.333333,-0.311445,0.000000,0.000000,-0.681880
4419,02 06 07 09 12 13,-0.05321644,0.33734715,-1.955252,-1.179588,1.444444,-0.051907,0.000000,0.000000,-2.208524
4420,07 08 09 14 22 38,-0.05322503,0.24657717,-1.276345,-0.609984,0.055556,-1.738899,0.000000,0.000000,1.078849
4421,02 07 08 09 22 38,-0.05325832,0.33124133,-0.869001,-1.133074,0.888889,-0.960287,0.000000,0.000000,0.767705
4422,01 06 08 12 18 22,-0.05329757,0.38353290,1.439282,-0.570277,-2.166667,-1.479361,0.000000,0.000000,-0.030805
4423,02 09 10 12 14 38,-0.05352046,0.32179634,-1.276345,-1.165240,0.888889,-0.700750,0.000000,0.000000,-0.035358
4424,02 08 12 18 22 38,-0.05353470,0.45676031,1.575064,-1.384089,-1.055556,-0.570982,0.000000,0.000000,0.524616
4425,04 06 07 08 09 10,-0.05355489,0.39057677,-0.733219,-0.264108,0.611111,-0.570982,0.000000,0.000000,-4.693657
4426,08 12 14 18 22 38,-0.05357737,0.37209615,1.167720,-0.860998,-1.888889,-1.349593,0.000000,0.000000,0.824505
4427,02 06 09 12 14 22,-0.05360598,0.22595029,-2.226814,-0.988257,0.055556,-0.960287,0.000000,0.000000,0.041844
4428,01 07 09 14 18 22,-0.05361176,0.29392207,-1.412126,-1.334548,0.055556,-0.570982,0.000000,0.000000,0.282506
4429,10 12 14 18 22 38,-0.05361619,0.36798795,0.353032,-1.439907,-1.333333,-0.570982,0.000000,0.000000,0.772464
4430,01 06 07 08 12 22,-0.05366312,0.31081680,-0.190094,-0.772883,-1.333333,-1.219824,0.000000,0.000000,-0.055521
4431,01 07 08 10 18 22,-0.05378022,0.43532463,0.896157,-1.417212,-0.500000,-0.441213,0.000000,0.000000,0.185478
4432,06 07 08 12 18 24,-0.05380122,0.45932101,1.167720,-1.093127,0.333333,-0.830519,0.000000,0.000000,0.044251
4433,01 09 10 12 18 38,-0.05386286,0.39384649,0.624594,-1.014991,-0.222222,-1.090056,0.000000,0.000000,0.585279
4434,06 07 09 10 13 14,-0.05399683,0.28130437,-2.226814,-0.514056,1.166667,-0.830519,0.000000,0.000000,-2.681221
4435,02 08 09 10 12 22,-0.05401043,0.34919033,-0.869001,-1.139114,0.888889,-0.700750,0.000000,0.000000,-0.229604
4436,07 09 12 13 14 18,-0.05409857,0.34856944,-1.412126,-1.443269,0.888889,-0.051907,0.000000,0.000000,-1.111364
4437,06 07 09 10 18 24,-0.05413902,0.40240993,-0.461657,-1.218416,2.000000,-0.700750,0.000000,0.000000,0.120617
4438,06 07 10 14 22 38,-0.05414950,0.26063149,-1.140563,-1.120699,-0.777778,-1.090056,0.000000,0.000000,1.035054
4439,02 06 07 10 22 38,-0.05424164,0.34529565,-0.733219,-1.643790,0.055556,-0.311445,0.000000,0.000000,0.715191
4440,01 08 09 12 18 38,-0.05424546,0.39795468,1.439282,-0.436082,-0.777778,-1.868667,0.000000,0.000000,0.574885
4441,02 07 10 12 14 22,-0.05425542,0.33054490,-1.955252,-2.288812,0.611111,0.726704,0.000000,0.000000,0.060715
4442,06 08 10 12 22 38,-0.05440822,0.33207981,0.760376,-0.424622,-1.611111,-1.868667,0.000000,0.000000,0.497406
4443,02 09 10 14 18 22,-0.05449388,0.35045811,-1.140563,-1.632586,0.888889,-0.181676,0.000000,0.000000,0.168647
4444,01 07 08 10 12 38,-0.05449598,0.40666286,0.760376,-0.949866,-0.500000,-0.960287,0.000000,0.000000,-0.268783
4445,06 08 09 10 22 38,-0.05454957,0.27927692,-0.054313,0.028998,-0.500000,-2.517510,0.000000,0.000000,0.649167
4446,01 02 07 08 09 38,-0.05458524,0.38265403,-0.190094,-0.668942,0.888889,-1.090056,0.000000,0.000000,-1.133151
4447,01 06 07 09 14 38,-0.05461066,0.23061992,-1.412126,-0.345388,-0.222222,-1.868667,0.000000,0.000000,0.098457
4448,02 07 09 10 14 22,-0.05462308,0.27774202,-2.769940,-1.835192,1.722222,0.077861,0.000000,0.000000,0.178946
4449,02 07 14 18 22 38,-0.05471916,0.38531199,-0.325875,-2.080166,-0.222222,0.207630,0.000000,0.000000,0.848451
4450,01 02 06 09 12 14,-0.05475434,0.27736299,-1.547908,-0.524124,0.055556,-1.090056,0.000000,0.000000,-1.832558
4451,02 07 08 12 14 22,-0.05477289,0.33465310,-1.140563,-1.709903,0.055556,-0.051907,0.000000,0.000000,0.030338
4452,01 06 07 14 18 22,-0.05482322,0.31208458,-0.461657,-1.266355,-1.333333,-0.700750,0.000000,0.000000,0.242482
4453,07 08 09 12 13 14,-0.05488643,0.32005294,-1.547908,-0.456960,0.888889,-0.830519,0.000000,0.000000,-3.078889
4454,01 02 06 07 12 38,-0.05495100,0.36808697,-0.190094,-1.322099,-0.500000,-0.441213,0.000000,0.000000,-0.430879
4455,02 08 10 14 18 38,-0.05495811,0.46857487,1.575064,-1.162468,-0.222222,-0.830519,0.000000,0.000000,0.195747
4456,01 02 07 12 18 38,-0.05499646,0.46397341,0.760376,-2.108870,-0.222222,0.337398,0.000000,0.000000,0.484026
4457,01 02 06 07 18 22,-0.05501503,0.39674874,-0.054313,-1.789445,-0.500000,0.077861,0.000000,0.000000,-0.092146
4458,01 06 07 09 10 22,-0.05506417,0.25390573,-1.819470,-0.898171,0.333333,-1.090056,0.000000,0.000000,-0.136678
4459,02 06 09 10 14 38,-0.05509325,0.28715596,-1.140563,-0.643427,0.611111,-1.479361,0.000000,0.000000,0.043788
4460,02 10 12 14 18 22,-0.05509961,0.40326099,-0.325875,-2.086206,-0.222222,0.467167,0.000000,0.000000,-0.093795
4461,07 09 10 12 13 14,-0.05512412,0.31594475,-2.362596,-1.035869,1.444444,-0.051907,0.000000,0.000000,-3.160393
4462,02 06 08 18 22 38,-0.05525885,0.42211993,1.710845,-0.862276,-1.333333,-1.349593,0.000000,0.000000,0.581337
4463,02 08 09 14 18 22,-0.05531886,0.35456630,-0.325875,-1.053678,0.333333,-0.960287,0.000000,0.000000,0.092713
4464,06 07 08 12 13 14,-0.05541842,0.33821545,-0.597438,-0.388767,-0.500000,-0.960287,0.000000,0.000000,-3.018246
4465,02 06 10 18 22 38,-0.05554746,0.41801174,0.896157,-1.441184,-0.777778,-0.570982,0.000000,0.000000,0.492289
4466,06 07 08 14 22 38,-0.05560451,0.26473968,-0.325875,-0.541791,-1.333333,-1.868667,0.000000,0.000000,0.865779
4467,01 02 07 10 12 14,-0.05567481,0.38195760,-1.276345,-1.824679,0.611111,0.596935,0.000000,0.000000,-1.853840
4468,02 06 10 12 14 38,-0.05578013,0.33995885,-0.325875,-1.097047,-0.500000,-0.830519,0.000000,0.000000,-0.230677
4469,06 08 14 18 22 38,-0.05578172,0.33745577,1.303501,-0.339185,-2.166667,-2.128204,0.000000,0.000000,0.810083
4470,02 06 07 08 22 38,-0.05582523,0.34940384,0.081469,-1.064881,-0.500000,-1.090056,0.000000,0.000000,0.526868
4471,02 06 08 09 14 38,-0.05590062,0.29126416,-0.325875,-0.064518,0.055556,-2.257973,0.000000,0.000000,-0.029537
4472,02 08 12 14 18 22,-0.05594312,0.40736919,0.488813,-1.507298,-0.777778,-0.311445,0.000000,0.000000,-0.172476
4473,01 07 12 14 18 38,-0.05596906,0.37930925,0.353032,-1.585780,-1.055556,-0.441213,0.000000,0.000000,0.646143
4474,06 08 09 10 12 13,-0.05597968,0.35275269,-0.325875,0.182021,0.333333,-1.609130,0.000000,0.000000,-3.474305
4475,02 07 09 12 22 38,-0.05603130,0.29851176,-1.819470,-1.854424,0.888889,-0.181676,0.000000,0.000000,0.973881
4476,01 02 08 10 12 18,-0.05606874,0.51465199,1.710845,-1.393560,-0.222222,-0.181676,0.000000,0.000000,-1.177720
4477,07 08 10 12 13 18,-0.05610293,0.48997199,0.896157,-1.525933,0.333333,0.077861,0.000000,0.000000,-1.480386
4478,02 07 08 09 14 22,-0.05611621,0.28185021,-1.955252,-1.256283,1.166667,-0.700750,0.000000,0.000000,0.004023
4479,01 06 10 12 18 38,-0.05616369,0.41200900,1.575064,-0.946798,-1.611111,-1.219824,0.000000,0.000000,0.383861
4480,06 10 14 18 22 38,-0.05625120,0.33334758,0.488813,-0.918094,-1.611111,-1.349593,0.000000,0.000000,0.694239
4481,01 02 06 12 14 18,-0.05627579,0.39141194,0.353032,-1.242702,-1.055556,-0.441213,0.000000,0.000000,-0.996868
4482,06 07 12 13 14 18,-0.05632879,0.36673195,-0.461657,-1.375076,-0.500000,-0.181676,0.000000,0.000000,-1.302319
4483,06 07 08 09 18 24,-0.05634158,0.40651813,0.353032,-0.639507,1.444444,-1.479361,0.000000,0.000000,-0.159411
4484,06 07 09 13 14 18,-0.05637624,0.31392906,-1.276345,-0.921456,0.611111,-0.830519,0.000000,0.000000,-1.136648
4485,02 06 08 12 14 38,-0.05641796,0.34406704,0.488813,-0.518138,-1.055556,-1.609130,0.000000,0.000000,-0.278884
4486,07 09 12 14 22 38,-0.05642556,0.21384760,-2.226814,-1.331334,0.055556,-0.960287,0.000000,0.000000,1.221682
4487,06 09 10 12 22 38,-0.05643278,0.24654735,-1.004782,-0.692352,-0.500000,-1.738899,0.000000,0.000000,0.987165
4488,02 07 08 10 14 38,-0.05643509,0.39585877,-0.054313,-1.365074,0.611111,-0.570982,0.000000,0.000000,0.006368
4489,01 06 09 10 18 38,-0.05645779,0.35920612,0.760376,-0.493178,-0.500000,-1.868667,0.000000,0.000000,0.512991
4490,01 02 07 09 18 38,-0.05653526,0.41117053,-0.054313,-1.655250,0.888889,-0.311445,0.000000,0.000000,0.428749
4491,01 08 10 12 14 18,-0.05654581,0.42998783,1.303501,-0.870469,-1.055556,-0.960287,0.000000,0.000000,-0.942188
4492,01 08 09 10 12 14,-0.05662978,0.31593888,-0.597438,-0.151891,0.055556,-1.609130,0.000000,0.000000,-2.015727
4493,06 07 08 10 13 18,-0.05664235,0.45533162,1.031938,-1.004120,0.055556,-0.700750,0.000000,0.000000,-1.248143
4494,01 08 09 10 14 18,-0.05664832,0.37718495,0.488813,-0.416849,0.055556,-1.609130,0.000000,0.000000,-0.784673
4495,02 06 08 09 10 22,-0.05674290,0.31454996,-0.733219,-0.617301,0.611111,-1.479361,0.000000,0.000000,-0.322269
4496,02 09 12 18 22 38,-0.05677259,0.37122785,-0.190094,-1.651819,0.055556,-0.441213,0.000000,0.000000,0.834616
4497,02 06 08 10 12 22,-0.05677381,0.36735284,0.081469,-1.070921,-0.500000,-0.830519,0.000000,0.000000,-0.499550
4498,01 06 08 12 18 38,-0.05679335,0.41611720,2.389752,-0.367889,-2.166667,-1.998436,0.000000,0.000000,0.336865
4499,06 07 08 09 13 14,-0.05688996,0.28541257,-1.412126,0.064853,0.611111,-1.609130,0.000000,0.000000,-3.063559
4500,06 08 09 12 22 38,-0.05691114,0.25065554,-0.190094,-0.113443,-1.055556,-2.517510,0.000000,0.000000,0.962584
4501,09 12 14 18 22 38,-0.05691604,0.28656369,-0.597438,-1.128728,-0.777778,-1.219824,0.000000,0.000000,1.119575
4502,06 07 09 12 18 24,-0.05699425,0.37378855,-0.597438,-1.360857,1.444444,-0.700750,0.000000,0.000000,0.360897
4503,02 06 07 10 14 22,-0.05713223,0.29590453,-1.819470,-1.766999,0.333333,-0.051907,0.000000,0.000000,-0.053334
4504,01 02 06 09 14 18,-0.05717952,0.33860906,-0.461657,-0.789082,0.055556,-1.090056,0.000000,0.000000,-0.958057
4505,01 07 09 14 18 38,-0.05719472,0.32650637,-0.461657,-1.132159,0.055556,-1.090056,0.000000,0.000000,0.637259
4506,07 08 09 10 13 18,-0.05721919,0.43716911,0.081469,-1.072313,1.444444,-0.570982,0.000000,0.000000,-1.473062
4507,01 02 07 08 12 14,-0.05724438,0.38606580,-0.461657,-1.245771,0.055556,-0.181676,0.000000,0.000000,-2.040087
4508,01 06 08 09 18 38,-0.05725699,0.36331431,1.575064,0.085731,-1.055556,-2.647278,0.000000,0.000000,0.440877
4509,01 02 06 07 08 38,-0.05736479,0.40081654,0.760376,-0.600749,-0.500000,-1.219824,0.000000,0.000000,-1.405491
4510,01 06 07 08 09 22,-0.05742125,0.25801392,-1.004782,-0.319262,-0.222222,-1.868667,0.000000,0.000000,-0.439598
4511,01 02 07 10 14 18,-0.05748073,0.44320367,-0.190094,-2.089637,0.611111,0.596935,0.000000,0.000000,-0.887593
4512,01 06 07 09 12 22,-0.05766898,0.22528435,-1.955252,-1.040613,-0.222222,-1.090056,0.000000,0.000000,0.140701
4513,01 02 07 09 10 14,-0.05771783,0.32915472,-2.091033,-1.371059,1.722222,-0.051907,0.000000,0.000000,-1.983819
4514,01 07 10 12 18 22,-0.05778221,0.40259505,-0.054313,-2.138562,-0.500000,0.337398,0.000000,0.000000,0.209574
4515,01 07 08 10 18 38,-0.05779963,0.46790893,1.846627,-1.214824,-0.500000,-0.960287,0.000000,0.000000,0.475571
4516,02 09 10 14 18 38,-0.05802116,0.38304241,-0.190094,-1.430198,0.888889,-0.700750,0.000000,0.000000,0.531650
4517,01 06 09 12 18 22,-0.05805098,0.29800044,-0.325875,-0.838007,-1.055556,-1.349593,0.000000,0.000000,0.054666
4518,06 07 09 12 13 14,-0.05807759,0.25268299,-2.362596,-0.656498,0.611111,-0.830519,0.000000,0.000000,-2.622508
4519,01 06 08 09 10 14,-0.05822159,0.28129850,-0.461657,0.369922,-0.222222,-2.387741,0.000000,0.000000,-1.939398
4520,01 07 08 12 18 22,-0.05829151,0.40670325,0.760376,-1.559654,-1.055556,-0.441213,0.000000,0.000000,0.180408
4521,01 02 08 09 10 18,-0.05835765,0.46184910,0.896157,-0.939940,0.888889,-0.830519,0.000000,0.000000,-1.344127
4522,02 06 07 12 22 38,-0.05836585,0.31667427,-0.869001,-1.786231,-0.500000,-0.311445,0.000000,0.000000,0.767468
4523,02 08 09 14 18 38,-0.05850216,0.38715060,0.624594,-0.851289,0.333333,-1.479361,0.000000,0.000000,0.506677
4524,07 08 10 12 22 38,-0.05851315,0.35525016,0.081469,-1.413999,-0.500000,-0.830519,0.000000,0.000000,0.840329
4525,06 07 12 14 22 38,-0.05852256,0.23201011,-1.276345,-1.263141,-1.333333,-1.090056,0.000000,0.000000,1.050462
4526,08 09 10 18 22 38,-0.05852421,0.37516336,0.896157,-0.757773,-0.222222,-1.738899,0.000000,0.000000,0.981951
4527,01 07 09 10 18 22,-0.05858542,0.34979217,-0.869001,-1.684942,0.611111,-0.311445,0.000000,0.000000,0.263277
4528,02 06 09 10 12 22,-0.05861702,0.28182039,-1.683689,-1.338651,0.611111,-0.700750,0.000000,0.000000,0.017075
4529,01 06 07 14 18 38,-0.05864118,0.34466888,0.488813,-1.063966,-1.333333,-1.219824,0.000000,0.000000,0.562420
4530,08 10 12 18 22 38,-0.05866694,0.42796625,1.710845,-1.211393,-1.333333,-1.090056,0.000000,0.000000,0.788104
4531,02 06 08 14 18 22,-0.05877914,0.37272881,0.624594,-0.985485,-1.055556,-1.090056,0.000000,0.000000,-0.280481
4532,02 06 07 08 14 22,-0.05878121,0.30001272,-1.004782,-1.188090,-0.222222,-0.830519,0.000000,0.000000,-0.251346
4533,01 02 06 08 10 18,-0.05878284,0.48001161,1.846627,-0.871747,-0.500000,-0.960287,0.000000,0.000000,-1.267662
4534,01 02 07 08 14 18,-0.05879851,0.44731187,0.624594,-1.510729,0.055556,-0.181676,0.000000,0.000000,-1.036537
4535,06 07 09 14 22 38,-0.05883848,0.17920722,-2.091033,-0.809521,-0.222222,-1.738899,0.000000,0.000000,1.176360
4536,02 09 12 14 18 22,-0.05884794,0.32183673,-1.276345,-1.775028,0.333333,-0.181676,0.000000,0.000000,0.186870
4537,02 07 09 12 14 22,-0.05887869,0.24912064,-2.905721,-1.977633,1.166667,0.077861,0.000000,0.000000,0.211756
4538,02 10 12 14 18 38,-0.05893732,0.43584529,0.624594,-1.883818,-0.222222,-0.051907,0.000000,0.000000,0.223216
4539,08 09 10 12 14 22,-0.05894858,0.26452618,-1.276345,-0.616024,0.055556,-1.479361,0.000000,0.000000,-0.654996
4540,06 08 09 10 14 22,-0.05895161,0.22988580,-1.140563,-0.094211,-0.222222,-2.257973,0.000000,0.000000,-0.343285
4541,02 06 07 09 22 38,-0.05899491,0.26387138,-1.683689,-1.332611,0.611111,-0.960287,0.000000,0.000000,0.846972
4542,01 02 06 07 10 14,-0.05913215,0.34731723,-1.140563,-1.302866,0.333333,-0.181676,0.000000,0.000000,-2.053896
4543,02 08 12 14 18 38,-0.05919182,0.43995349,1.439282,-1.304910,-0.777778,-0.830519,0.000000,0.000000,0.231800
4544,01 06 08 10 14 18,-0.05920710,0.39534746,1.439282,-0.348656,-1.333333,-1.738899,0.000000,0.000000,-1.024307
4545,01 06 08 10 12 14,-0.05921309,0.33410139,0.353032,-0.083698,-1.333333,-1.738899,0.000000,0.000000,-2.258993
4546,02 06 09 18 22 38,-0.05921717,0.33658747,-0.054313,-1.130006,-0.222222,-1.219824,0.000000,0.000000,0.784603
4547,01 02 06 07 18 38,-0.05921958,0.42933304,0.896157,-1.587057,-0.500000,-0.441213,0.000000,0.000000,0.170518
4548,01 07 09 10 12 38,-0.05931481,0.32113040,-1.004782,-1.217596,0.611111,-0.830519,0.000000,0.000000,-0.193003
4549,02 06 08 09 12 22,-0.05935316,0.28592858,-0.869001,-0.759743,0.055556,-1.479361,0.000000,0.000000,-0.045696
4550,02 06 09 12 14 38,-0.05938973,0.25853458,-1.276345,-0.785869,0.055556,-1.479361,0.000000,0.000000,0.070543
4551,02 07 08 18 22 38,-0.05941661,0.44529028,1.031938,-1.851652,-0.222222,-0.311445,0.000000,0.000000,0.916433
4552,01 02 06 07 09 38,-0.05963291,0.31528408,-1.004782,-0.868479,0.611111,-1.090056,0.000000,0.000000,-0.951816
4553,02 06 10 14 18 22,-0.05971435,0.36862062,-0.190094,-1.564393,-0.500000,-0.311445,0.000000,0.000000,-0.465324
4554,01 07 08 09 12 38,-0.05972585,0.32523859,-0.190094,-0.638687,0.055556,-1.609130,0.000000,0.000000,-0.207612
4555,01 07 08 09 10 38,-0.05976918,0.35385997,-0.054313,-0.496246,0.611111,-1.609130,0.000000,0.000000,-0.877322
4556,01 06 07 08 10 38,-0.05982470,0.37202248,0.896157,-0.428053,-0.777778,-1.738899,0.000000,0.000000,-0.746090
4557,06 09 14 18 22 38,-0.05983390,0.25192332,-0.461657,-0.606915,-1.055556,-1.998436,0.000000,0.000000,0.999444
4558,02 06 12 18 22 38,-0.05985232,0.38939036,0.760376,-1.583626,-1.333333,-0.570982,0.000000,0.000000,0.517803
4559,02 07 10 18 22 38,-0.05986917,0.44118209,0.217250,-2.430561,0.333333,0.467167,0.000000,0.000000,0.803096
4560,01 07 08 09 18 22,-0.05988067,0.35390036,-0.054313,-1.106034,0.055556,-1.090056,0.000000,0.000000,0.117671
4561,07 08 14 18 22 38,-0.05990028,0.36062612,0.624594,-1.328562,-1.055556,-1.090056,0.000000,0.000000,1.150987
4562,06 12 14 18 22 38,-0.05990342,0.30472620,0.353032,-1.060535,-2.166667,-1.349593,0.000000,0.000000,0.816443
4563,01 08 09 12 14 18,-0.05996664,0.34856357,0.353032,-0.559291,-0.500000,-1.609130,0.000000,0.000000,-0.613002
4564,01 06 07 10 12 38,-0.05997148,0.33929291,-0.054313,-1.149403,-0.777778,-0.960287,0.000000,0.000000,-0.150833
4565,06 07 10 12 13 18,-0.06003617,0.42260205,0.081469,-1.725471,0.055556,0.077861,0.000000,0.000000,-1.133946
4566,01 02 07 08 09 14,-0.06007597,0.33326291,-1.276345,-0.792151,1.166667,-0.830519,0.000000,0.000000,-2.286894
4567,02 07 10 12 14 38,-0.06008277,0.36312920,-1.004782,-2.086424,0.611111,0.207630,0.000000,0.000000,0.082955
4568,01 09 10 12 14 18,-0.06019999,0.34445537,-0.461657,-1.138199,0.055556,-0.830519,0.000000,0.000000,-0.693863
4569,01 06 07 10 18 22,-0.06020935,0.36795468,0.081469,-1.616749,-0.777778,-0.441213,0.000000,0.000000,0.162145
4570,02 07 09 10 14 38,-0.06038504,0.31032631,-1.819470,-1.632804,1.722222,-0.441213,0.000000,0.000000,0.210875
4571,01 02 09 10 12 18,-0.06044533,0.42911953,-0.054313,-1.661290,0.888889,-0.051907,0.000000,0.000000,-1.036421
4572,01 02 08 09 12 18,-0.06045970,0.43322772,0.760376,-1.082381,0.333333,-0.830519,0.000000,0.000000,-0.992262
4573,07 10 14 18 22 38,-0.06053371,0.35651793,-0.190094,-1.907471,-0.500000,-0.311445,0.000000,0.000000,1.010854
4574,02 07 08 12 14 38,-0.06055665,0.36723739,-0.190094,-1.507515,0.055556,-0.570982,0.000000,0.000000,0.059037
4575,06 08 10 12 14 22,-0.06068523,0.28268869,-0.325875,-0.547831,-1.333333,-1.609130,0.000000,0.000000,-0.772828
4576,01 02 08 09 10 12,-0.06079047,0.40060303,-0.190094,-0.674982,0.888889,-0.830519,0.000000,0.000000,-2.938357
4577,02 07 08 10 12 22,-0.06088525,0.39052319,-0.597438,-2.060298,0.611111,0.207630,0.000000,0.000000,-0.157592
4578,01 06 09 10 12 14,-0.06099062,0.24856893,-1.412126,-0.351428,-0.222222,-1.609130,0.000000,0.000000,-1.732636
4579,06 08 10 18 22 38,-0.06102476,0.39332587,1.846627,-0.689580,-1.611111,-1.868667,0.000000,0.000000,0.750945
4580,07 09 10 12 13 18,-0.06104316,0.40443954,-0.869001,-1.793663,1.444444,0.207630,0.000000,0.000000,-1.422592
4581,02 08 09 10 18 22,-0.06120801,0.41043640,0.217250,-1.404072,0.888889,-0.700750,0.000000,0.000000,-0.062149
4582,01 02 07 09 12 14,-0.06123390,0.30053334,-2.226814,-1.513501,1.166667,-0.051907,0.000000,0.000000,-1.841443
4583,02 06 07 12 14 22,-0.06131133,0.26728315,-1.955252,-1.909440,-0.222222,-0.051907,0.000000,0.000000,-0.009189
4584,07 08 09 12 13 18,-0.06131631,0.40854773,-0.054313,-1.214755,0.888889,-0.570982,0.000000,0.000000,-1.416771
4585,01 07 10 12 18 38,-0.06134338,0.43517935,0.896157,-1.936174,-0.500000,-0.181676,0.000000,0.000000,0.567556
4586,07 08 09 10 22 38,-0.06137615,0.30244727,-0.733219,-0.960378,0.611111,-1.479361,0.000000,0.000000,0.588868
4587,06 07 09 10 13 18,-0.06144210,0.36979916,-0.733219,-1.271850,1.166667,-0.570982,0.000000,0.000000,-1.169538
4588,01 06 07 08 12 38,-0.06146476,0.34340110,0.760376,-0.570494,-1.333333,-1.738899,0.000000,0.000000,-0.325777
4589,02 08 10 12 18 22,-0.06151401,0.46323929,1.031938,-1.857692,-0.222222,-0.051907,0.000000,0.000000,-0.280185
4590,02 08 09 10 12 38,-0.06152139,0.38177463,0.081469,-0.936726,0.888889,-1.219824,0.000000,0.000000,-0.456796
4591,01 06 07 08 18 22,-0.06152608,0.37206287,0.896157,-1.037841,-1.333333,-1.219824,0.000000,0.000000,0.013357
4592,01 06 09 12 18 38,-0.06156855,0.33058474,0.624594,-0.635619,-1.055556,-1.868667,0.000000,0.000000,0.419107
4593,01 02 06 07 08 14,-0.06162550,0.35142542,-0.325875,-0.723958,-0.222222,-0.960287,0.000000,0.000000,-2.377004
4594,01 02 07 12 14 18,-0.06163530,0.41458229,-0.325875,-2.232079,0.055556,0.596935,0.000000,0.000000,-0.839815
4595,06 09 10 12 14 22,-0.06175071,0.19715623,-2.091033,-0.815561,-0.222222,-1.479361,0.000000,0.000000,-0.140978
4596,01 06 08 09 12 14,-0.06175127,0.25267712,-0.597438,0.227480,-0.777778,-2.387741,0.000000,0.000000,-1.799041
4597,01 02 06 10 12 18,-0.06175835,0.44728204,0.896157,-1.593097,-0.500000,-0.181676,0.000000,0.000000,-1.091491
4598,01 07 08 12 18 38,-0.06180909,0.43928755,1.710845,-1.357266,-1.055556,-0.960287,0.000000,0.000000,0.544849
4599,02 07 08 09 14 38,-0.06183458,0.31443451,-1.004782,-1.053895,1.166667,-1.219824,0.000000,0.000000,0.042410
4600,09 10 12 18 22 38,-0.06183893,0.34243379,-0.054313,-1.479123,-0.222222,-0.960287,0.000000,0.000000,1.107867
4601,02 06 08 14 18 38,-0.06189706,0.40531311,1.575064,-0.783096,-1.055556,-1.609130,0.000000,0.000000,0.143170
4602,02 06 07 09 14 22,-0.06191820,0.21448026,-2.769940,-1.455820,0.888889,-0.700750,0.000000,0.000000,0.073603
4603,08 09 12 18 22 38,-0.06196814,0.34654198,0.760376,-0.900214,-0.777778,-1.738899,0.000000,0.000000,1.135014
4604,01 02 06 08 10 12,-0.06200696,0.41876555,0.760376,-0.606789,-0.500000,-0.960287,0.000000,0.000000,-2.979125
4605,06 07 08 10 22 38,-0.06210782,0.32060978,0.217250,-0.892185,-0.777778,-1.609130,0.000000,0.000000,0.619927
4606,02 06 10 14 18 38,-0.06210908,0.40120492,0.760376,-1.362005,-0.500000,-0.830519,0.000000,0.000000,0.065469
4607,08 09 10 12 14 38,-0.06229078,0.29711047,-0.325875,-0.413636,0.055556,-1.998436,0.000000,0.000000,-0.264573
4608,06 08 09 12 14 22,-0.06229445,0.20126442,-1.276345,-0.236652,-0.777778,-2.257973,0.000000,0.000000,-0.175247
4609,02 06 12 14 18 22,-0.06232613,0.33999924,-0.325875,-1.706835,-1.055556,-0.311445,0.000000,0.000000,-0.188977
4610,01 02 06 09 10 18,-0.06237757,0.39447916,0.081469,-1.139477,0.611111,-0.830519,0.000000,0.000000,-1.010530
4611,06 07 08 12 13 18,-0.06240915,0.42671024,0.896157,-1.146562,-0.500000,-0.700750,0.000000,0.000000,-1.439221
4612,02 09 12 14 18 38,-0.06241882,0.35442103,-0.325875,-1.572640,0.333333,-0.700750,0.000000,0.000000,0.543414
4613,01 02 06 08 12 18,-0.06256827,0.45139023,1.710845,-1.014188,-1.055556,-0.960287,0.000000,0.000000,-1.165195
4614,01 06 10 12 14 18,-0.06257367,0.36261788,0.488813,-1.070007,-1.333333,-0.960287,0.000000,0.000000,-0.906073
4615,07 09 10 12 22 38,-0.06261992,0.26971770,-1.683689,-1.681729,0.611111,-0.700750,0.000000,0.000000,1.021601
4616,01 07 09 10 18 38,-0.06262663,0.38237647,0.081469,-1.482554,0.611111,-0.830519,0.000000,0.000000,0.550140
4617,07 08 09 12 22 38,-0.06281406,0.27382589,-0.869001,-1.102820,0.055556,-1.479361,0.000000,0.000000,1.039129
4618,02 06 07 10 14 38,-0.06282880,0.32848883,-0.869001,-1.564611,0.333333,-0.570982,0.000000,0.000000,-0.011718
4619,01 06 09 10 14 18,-0.06284558,0.30981500,-0.325875,-0.616386,-0.222222,-1.609130,0.000000,0.000000,-0.773655
4620,02 07 08 14 18 22,-0.06290421,0.39589916,-0.054313,-1.974861,0.055556,-0.051907,0.000000,0.000000,0.059459
4621,02 06 09 14 18 22,-0.06303309,0.28719636,-1.140563,-1.253215,0.055556,-0.960287,0.000000,0.000000,-0.121013
4622,06 08 09 10 14 38,-0.06304954,0.26247010,-0.190094,0.108177,-0.222222,-2.777047,0.000000,0.000000,-0.064825
4623,01 02 07 09 14 18,-0.06315192,0.36177941,-1.140563,-1.778459,1.166667,-0.051907,0.000000,0.000000,-0.891804
4624,01 06 08 12 14 18,-0.06326872,0.36672608,1.303501,-0.491098,-1.888889,-1.738899,0.000000,0.000000,-0.962757
4625,01 07 09 12 18 22,-0.06327436,0.32117079,-1.004782,-1.827384,0.055556,-0.311445,0.000000,0.000000,0.231888
4626,02 07 08 09 10 22,-0.06357599,0.33772031,-1.412126,-1.606678,1.722222,-0.441213,0.000000,0.000000,-0.383532
4627,02 07 10 14 18 22,-0.06359231,0.39179097,-0.869001,-2.553770,0.611111,0.726704,0.000000,0.000000,-0.088774
4628,02 07 09 18 22 38,-0.06360437,0.35975782,-0.733219,-2.119382,0.888889,-0.181676,0.000000,0.000000,1.085707
4629,06 07 08 10 12 13,-0.06363330,0.39408555,-0.054313,-0.739162,0.055556,-0.700750,0.000000,0.000000,-3.517672
4630,01 06 08 09 14 18,-0.06371017,0.31392319,0.488813,-0.037478,-0.777778,-2.387741,0.000000,0.000000,-0.855457
4631,01 07 08 10 12 14,-0.06382951,0.35727174,-0.325875,-1.073075,-0.222222,-0.700750,0.000000,0.000000,-1.991850
4632,01 07 08 10 14 18,-0.06383170,0.41851781,0.760376,-1.338033,-0.222222,-0.700750,0.000000,0.000000,-0.758374
4633,06 07 10 12 22 38,-0.06384783,0.28788021,-0.733219,-1.613536,-0.777778,-0.830519,0.000000,0.000000,0.979141
4634,06 07 08 09 13 18,-0.06386435,0.37390736,0.081469,-0.692942,0.611111,-1.349593,0.000000,0.000000,-1.482111
4635,01 02 06 08 09 18,-0.06389978,0.39858735,0.896157,-0.560568,0.055556,-1.609130,0.000000,0.000000,-1.189761
4636,02 06 08 10 18 22,-0.06394687,0.42859891,1.167720,-1.335879,-0.500000,-0.830519,0.000000,0.000000,-0.328462
4637,06 09 10 18 22 38,-0.06398388,0.30779342,0.081469,-0.957310,-0.500000,-1.738899,0.000000,0.000000,1.102246
4638,01 02 06 07 12 14,-0.06404081,0.31869585,-1.276345,-1.445308,-0.222222,-0.181676,0.000000,0.000000,-2.117838
4639,06 07 08 09 10 13,-0.06406021,0.34128267,-0.869001,-0.285542,1.166667,-1.349593,0.000000,0.000000,-3.408219
4640,01 07 08 09 18 38,-0.06406799,0.38648466,0.896157,-0.903645,0.055556,-1.609130,0.000000,0.000000,0.382887
4641,02 07 12 18 22 38,-0.06417675,0.41256071,0.081469,-2.573003,-0.222222,0.467167,0.000000,0.000000,0.828206
4642,07 09 14 18 22 38,-0.06418189,0.27509367,-1.140563,-1.596292,0.055556,-0.960287,0.000000,0.000000,1.306356
4643,01 06 07 10 18 38,-0.06418516,0.40053898,1.031938,-1.414361,-0.777778,-0.960287,0.000000,0.000000,0.458696
4644,07 12 14 18 22 38,-0.06418864,0.32789655,-0.325875,-2.049912,-1.055556,-0.311445,0.000000,0.000000,1.132655
4645,02 06 08 10 12 38,-0.06421938,0.39993714,1.031938,-0.868533,-0.500000,-1.349593,0.000000,0.000000,-0.717054
4646,02 09 10 12 18 22,-0.06425215,0.37770683,-0.733219,-2.125423,0.888889,0.077861,0.000000,0.000000,0.103854
4647,02 06 07 08 14 38,-0.06443418,0.33259702,-0.054313,-0.985702,-0.222222,-1.349593,0.000000,0.000000,-0.203271
4648,01 02 07 08 10 18,-0.06451350,0.50318196,1.167720,-1.861123,0.611111,0.077861,0.000000,0.000000,-1.165596
4649,06 08 09 18 22 38,-0.06452508,0.31190161,0.896157,-0.378401,-1.055556,-2.517510,0.000000,0.000000,1.068355
4650,02 06 07 08 10 22,-0.06456578,0.35588282,-0.461657,-1.538485,0.333333,-0.570982,0.000000,0.000000,-0.390714
4651,01 06 07 09 10 38,-0.06461481,0.28649002,-0.869001,-0.695783,0.333333,-1.609130,0.000000,0.000000,-0.666055
4652,01 02 06 09 10 12,-0.06466713,0.33323309,-1.004782,-0.874519,0.611111,-0.830519,0.000000,0.000000,-2.583534
4653,02 08 10 12 18 38,-0.06467551,0.49582359,1.982408,-1.655304,-0.222222,-0.570982,0.000000,0.000000,0.137008
4654,02 07 09 12 14 38,-0.06468424,0.28170494,-1.955252,-1.775245,1.166667,-0.441213,0.000000,0.000000,0.237225
4655,02 07 09 10 12 22,-0.06481068,0.30499074,-2.362596,-2.328028,1.722222,0.337398,0.000000,0.000000,0.050548
4656,01 06 07 12 18 22,-0.06482177,0.33933330,-0.054313,-1.759191,-1.333333,-0.441213,0.000000,0.000000,0.142092
4657,06 08 10 12 14 38,-0.06484855,0.31527299,0.624594,-0.345443,-1.333333,-2.128204,0.000000,0.000000,-0.504056
4658,02 08 09 10 18 38,-0.06484955,0.44302070,1.167720,-1.201684,0.888889,-1.219824,0.000000,0.000000,0.283925
4659,06 10 12 18 22 38,-0.06488360,0.36059630,0.896157,-1.410930,-1.611111,-1.090056,0.000000,0.000000,0.796248
4660,02 08 09 12 18 22,-0.06497600,0.38181502,0.081469,-1.546514,0.333333,-0.700750,0.000000,0.000000,0.042902
4661,08 09 10 14 18 38,-0.06498774,0.35835654,0.760376,-0.678594,0.055556,-1.998436,0.000000,0.000000,0.569663
4662,08 09 10 14 18 22,-0.06505636,0.32577224,-0.190094,-0.880982,0.055556,-1.479361,0.000000,0.000000,-0.326083
4663,07 08 10 18 22 38,-0.06513787,0.41649622,1.167720,-1.678957,-0.500000,-0.830519,0.000000,0.000000,1.092657
4664,01 02 06 07 09 14,-0.06518902,0.26589296,-2.091033,-0.991688,0.888889,-0.830519,0.000000,0.000000,-2.115248
4665,07 08 10 12 14 22,-0.06520072,0.30585904,-1.004782,-1.537207,-0.222222,-0.570982,0.000000,0.000000,-0.490731
4666,06 07 08 12 22 38,-0.06521541,0.29198840,0.081469,-1.034627,-1.333333,-1.609130,0.000000,0.000000,0.822820
4667,06 08 12 18 22 38,-0.06522568,0.36470449,1.710845,-0.832022,-2.166667,-1.868667,0.000000,0.000000,0.791857
4668,07 08 09 10 12 13,-0.06525052,0.37592304,-1.004782,-0.807355,1.444444,-0.570982,0.000000,0.000000,-3.896727
4669,02 07 08 09 12 22,-0.06526259,0.30909893,-1.547908,-1.749119,1.166667,-0.441213,0.000000,0.000000,0.029884
4670,01 02 06 07 14 18,-0.06527821,0.37994192,-0.190094,-1.710266,-0.222222,-0.181676,0.000000,0.000000,-1.067364
4671,01 02 06 08 09 12,-0.06534873,0.33734128,-0.190094,-0.295610,0.055556,-1.609130,0.000000,0.000000,-2.638226
4672,01 06 07 09 12 38,-0.06549242,0.25786864,-1.004782,-0.838225,-0.222222,-1.609130,0.000000,0.000000,-0.132784
4673,02 06 12 14 18 38,-0.06553124,0.37258354,0.624594,-1.504447,-1.055556,-0.830519,0.000000,0.000000,0.221758
4674,06 07 09 12 13 18,-0.06553377,0.34117778,-0.869001,-1.414292,0.611111,-0.570982,0.000000,0.000000,-1.112439
4675,01 07 08 09 10 14,-0.06555967,0.30446885,-1.140563,-0.619455,0.888889,-1.349593,0.000000,0.000000,-2.075476
4676,01 06 07 09 18 22,-0.06567449,0.28653041,-0.869001,-1.305571,-0.222222,-1.090056,0.000000,0.000000,0.188461
4677,01 06 07 08 18 38,-0.06578237,0.40464717,1.846627,-0.835453,-1.333333,-1.738899,0.000000,0.000000,0.268354
4678,02 06 09 14 18 38,-0.06581709,0.31978065,-0.190094,-1.050827,0.055556,-1.479361,0.000000,0.000000,0.352110
4679,02 06 07 18 22 38,-0.06583222,0.37792034,0.217250,-2.051190,-0.500000,-0.311445,0.000000,0.000000,0.895103
4680,02 06 08 09 10 38,-0.06589388,0.34713426,0.217250,-0.414913,0.611111,-1.998436,0.000000,0.000000,-0.792434
4681,06 09 10 12 14 38,-0.06593582,0.22974053,-1.140563,-0.613173,-0.222222,-1.998436,0.000000,0.000000,0.124565
4682,02 07 08 14 18 38,-0.06604392,0.42848346,0.896157,-1.772473,0.055556,-0.570982,0.000000,0.000000,0.479881
4683,01 06 07 08 10 14,-0.06606900,0.32263136,-0.190094,-0.551262,-0.500000,-1.479361,0.000000,0.000000,-2.011477
4684,06 07 09 10 22 38,-0.06607412,0.23507732,-1.547908,-1.159916,0.333333,-1.479361,0.000000,0.000000,0.822012
4685,02 06 09 10 12 38,-0.06608439,0.31440468,-0.733219,-1.136263,0.611111,-1.219824,0.000000,0.000000,-0.203658
4686,08 10 12 14 18 38,-0.06608965,0.41115943,1.575064,-1.132214,-1.055556,-1.349593,0.000000,0.000000,0.233711
4687,08 10 12 14 18 22,-0.06609288,0.37857513,0.624594,-1.334602,-1.055556,-0.830519,0.000000,0.000000,-0.652348
4688,07 08 09 10 14 22,-0.06618875,0.25305615,-1.819470,-1.083587,0.888889,-1.219824,0.000000,0.000000,-0.464409
4689,06 07 14 18 22 38,-0.06625438,0.29325618,-0.190094,-1.528099,-1.333333,-1.090056,0.000000,0.000000,1.138770
4690,01 02 06 09 12 18,-0.06632695,0.36585778,-0.054313,-1.281918,0.055556,-0.830519,0.000000,0.000000,-0.932352
4691,02 06 07 10 12 22,-0.06640161,0.32315325,-1.412126,-2.259835,0.333333,0.207630,0.000000,0.000000,-0.045696
4692,02 07 10 14 18 38,-0.06641989,0.42437527,0.081469,-2.351382,0.611111,0.207630,0.000000,0.000000,0.377891
4693,06 08 09 12 14 38,-0.06643598,0.23384872,-0.325875,-0.034264,-0.777778,-2.777047,0.000000,0.000000,0.096754
4694,06 07 08 10 14 22,-0.06657525,0.27121866,-0.869001,-1.015394,-0.500000,-1.349593,0.000000,0.000000,-0.382212
4695,02 06 09 10 18 22,-0.06672465,0.34306645,-0.597438,-1.603609,0.611111,-0.700750,0.000000,0.000000,0.049705
4696,01 02 07 10 12 18,-0.06674299,0.47045239,0.217250,-2.582474,0.611111,0.856472,0.000000,0.000000,-0.878900
4697,06 08 10 14 18 22,-0.06676849,0.34393476,0.760376,-0.812789,-1.333333,-1.609130,0.000000,0.000000,-0.440282
4698,02 06 08 09 12 38,-0.06677694,0.31851288,0.081469,-0.557355,0.055556,-1.998436,0.000000,0.000000,-0.259971
4699,01 07 09 12 18 38,-0.06681373,0.35375509,-0.054313,-1.624996,0.055556,-0.830519,0.000000,0.000000,0.593099
4700,02 07 12 14 18 22,-0.06697359,0.36316959,-1.004782,-2.696211,0.055556,0.726704,0.000000,0.000000,0.073569
4701,02 06 07 12 14 38,-0.06705149,0.29986745,-1.004782,-1.707052,-0.222222,-0.570982,0.000000,0.000000,0.025969
4702,01 06 09 12 14 18,-0.06708484,0.28119362,-0.461657,-0.758828,-0.777778,-1.609130,0.000000,0.000000,-0.738423
4703,01 08 09 10 12 18,-0.06717089,0.40443367,0.896157,-0.909686,0.055556,-1.349593,0.000000,0.000000,-0.962699
4704,01 02 07 08 10 12,-0.06731839,0.44193590,0.081469,-1.596165,0.611111,0.077861,0.000000,0.000000,-2.814949
4705,01 07 10 12 14 18,-0.06736494,0.38578823,-0.190094,-2.059383,-0.222222,0.077861,0.000000,0.000000,-0.664833
4706,02 06 08 09 18 22,-0.06737501,0.34717465,0.217250,-1.024701,0.055556,-1.479361,0.000000,0.000000,-0.000358
4707,02 07 09 14 18 22,-0.06738759,0.31036671,-1.819470,-2.242591,1.166667,0.077861,0.000000,0.000000,0.184935
4708,06 08 10 14 18 38,-0.06752099,0.37651905,1.710845,-0.610401,-1.333333,-2.128204,0.000000,0.000000,0.333813
4709,02 06 08 10 18 38,-0.06752303,0.46118321,2.118189,-1.133491,-0.500000,-1.349593,0.000000,0.000000,0.027300
4710,02 06 07 09 14 38,-0.06759297,0.24706456,-1.819470,-1.253432,0.888889,-1.219824,0.000000,0.000000,0.118448
4711,02 09 10 12 18 38,-0.06773584,0.41029113,0.217250,-1.923034,0.888889,-0.441213,0.000000,0.000000,0.473315
4712,02 06 10 12 18 22,-0.06778764,0.39586934,0.217250,-2.057230,-0.500000,-0.051907,0.000000,0.000000,-0.280481
4713,01 06 07 08 09 38,-0.06781369,0.29059822,-0.054313,-0.116874,-0.222222,-2.387741,0.000000,0.000000,-1.093690
4714,01 07 08 12 14 18,-0.06789604,0.38989643,0.624594,-1.480474,-0.777778,-0.700750,0.000000,0.000000,-0.697228
4715,01 02 06 08 09 10,-0.06790592,0.36596266,-0.054313,-0.153169,0.611111,-1.609130,0.000000,0.000000,-3.680372
4716,02 06 07 08 12 22,-0.06793576,0.32726144,-0.597438,-1.680926,-0.222222,-0.570982,0.000000,0.000000,-0.226696
4717,02 07 08 10 18 22,-0.06806649,0.45176926,0.488813,-2.325256,0.611111,0.207630,0.000000,0.000000,0.012285
4718,02 08 09 12 18 38,-0.06811572,0.41439932,1.031938,-1.344126,0.333333,-1.219824,0.000000,0.000000,0.463324
4719,01 07 08 09 12 14,-0.06816569,0.27584747,-1.276345,-0.761896,0.333333,-1.349593,0.000000,0.000000,-1.798275
4720,01 06 07 12 18 38,-0.06829575,0.37191760,0.896157,-1.556803,-1.333333,-0.960287,0.000000,0.000000,0.512991
4721,01 02 07 08 12 18,-0.06830166,0.47456059,1.031938,-2.003565,0.055556,0.077861,0.000000,0.000000,-1.063533
4722,02 07 08 10 12 38,-0.06835262,0.42310749,0.353032,-1.857910,0.611111,-0.311445,0.000000,0.000000,-0.378325
4723,06 07 08 09 12 13,-0.06836868,0.31266129,-1.004782,-0.427984,0.611111,-1.349593,0.000000,0.000000,-3.383241
4724,06 07 08 09 22 38,-0.06841735,0.23918552,-0.733219,-0.581007,-0.222222,-2.257973,0.000000,0.000000,0.521145
4725,06 07 09 10 12 13,-0.06842488,0.30855309,-1.819470,-1.006892,1.166667,-0.570982,0.000000,0.000000,-3.437856
4726,06 07 09 12 22 38,-0.06843296,0.20645594,-1.683689,-1.302357,-0.222222,-1.479361,0.000000,0.000000,1.135833
4727,02 06 08 12 18 22,-0.06845816,0.39997753,1.031938,-1.478321,-1.055556,-0.830519,0.000000,0.000000,-0.333532
4728,02 06 07 09 10 22,-0.06846249,0.27035036,-2.226814,-1.806215,1.444444,-0.441213,0.000000,0.000000,-0.178319
4729,08 09 12 14 18 38,-0.06847536,0.32973516,0.624594,-0.821035,-0.500000,-1.998436,0.000000,0.000000,0.716253
4730,08 09 12 14 18 22,-0.06850039,0.29715086,-0.325875,-1.023423,-0.500000,-1.479361,0.000000,0.000000,-0.173035
4731,07 08 09 12 14 22,-0.06860793,0.22443477,-1.955252,-1.226029,0.333333,-1.219824,0.000000,0.000000,-0.159527
4732,01 07 09 10 12 14,-0.06861564,0.27173928,-2.091033,-1.340805,0.888889,-0.570982,0.000000,0.000000,-1.911226
4733,01 07 09 10 14 18,-0.06862600,0.33298535,-1.004782,-1.605763,0.888889,-0.570982,0.000000,0.000000,-0.678961
4734,01 06 07 10 12 14,-0.06879973,0.28990179,-1.140563,-1.272612,-0.500000,-0.700750,0.000000,0.000000,-1.799041
4735,07 08 10 12 14 38,-0.06894258,0.33844334,-0.054313,-1.334819,-0.222222,-1.090056,0.000000,0.000000,-0.159519
4736,02 06 07 14 18 22,-0.06911221,0.32852922,-0.869001,-2.174398,-0.222222,-0.051907,0.000000,0.000000,0.068885
4737,07 10 12 18 22 38,-0.06916338,0.38376665,0.217250,-2.400307,-0.500000,-0.051907,0.000000,0.000000,1.113267
4738,06 07 10 12 14 22,-0.06923115,0.23848909,-1.819470,-1.736745,-0.500000,-0.570982,0.000000,0.000000,-0.158690
4739,09 10 12 14 18 38,-0.06925074,0.32562697,-0.190094,-1.399944,0.055556,-1.219824,0.000000,0.000000,0.555088
4740,07 09 10 18 22 38,-0.06925281,0.33096377,-0.597438,-1.946687,0.611111,-0.700750,0.000000,0.000000,1.272719
4741,01 02 07 09 10 18,-0.06927091,0.41764951,-0.597438,-2.128854,1.722222,0.207630,0.000000,0.000000,-1.080717
4742,07 09 10 12 14 22,-0.06927480,0.22032658,-2.769940,-1.804938,0.888889,-0.441213,0.000000,0.000000,-0.304614
4743,06 09 12 18 22 38,-0.06927514,0.27917204,-0.054313,-1.099752,-1.055556,-1.738899,0.000000,0.000000,0.981621
4744,07 08 12 18 22 38,-0.06934151,0.38787484,1.031938,-1.821398,-1.055556,-0.830519,0.000000,0.000000,1.133165
4745,01 06 08 10 12 18,-0.06938212,0.42259618,1.846627,-0.841493,-1.333333,-1.479361,0.000000,0.000000,-1.150843
4746,09 10 12 14 18 22,-0.06967543,0.29304267,-1.140563,-1.602332,0.055556,-0.700750,0.000000,0.000000,-0.393410
4747,06 09 10 14 18 22,-0.06969492,0.25840230,-1.004782,-1.080519,-0.222222,-1.479361,0.000000,0.000000,-0.084137
4748,01 06 08 09 10 18,-0.06980191,0.36979329,1.031938,-0.387872,-0.222222,-2.128204,0.000000,0.000000,-1.040333
4749,01 06 07 09 18 38,-0.06981821,0.31911471,0.081469,-1.103183,-0.222222,-1.609130,0.000000,0.000000,0.460136
4750,02 07 12 14 18 38,-0.06984477,0.39575389,-0.054313,-2.493823,0.055556,0.207630,0.000000,0.000000,0.533776
4751,07 08 09 10 14 38,-0.06986522,0.28564045,-0.869001,-0.881199,0.888889,-1.738899,0.000000,0.000000,-0.123509
4752,06 08 09 14 18 22,-0.06991784,0.26251049,-0.190094,-0.501610,-0.777778,-2.257973,0.000000,0.000000,-0.070875
4753,06 08 09 10 12 22,-0.07005197,0.25713452,-0.733219,-0.587047,-0.222222,-1.998436,0.000000,0.000000,-0.606913
4754,01 07 08 09 14 18,-0.07013275,0.33709354,-0.190094,-1.026854,0.333333,-1.349593,0.000000,0.000000,-0.855902
4755,02 07 09 14 18 38,-0.07019338,0.34295100,-0.869001,-2.040203,1.166667,-0.441213,0.000000,0.000000,0.654829
4756,01 02 06 07 10 18,-0.07025782,0.43581202,0.353032,-2.060661,0.333333,0.077861,0.000000,0.000000,-1.087474
4757,02 06 09 10 18 38,-0.07032260,0.37565075,0.353032,-1.401221,0.611111,-1.219824,0.000000,0.000000,0.402238
4758,01 06 07 08 12 14,-0.07035840,0.29400998,-0.325875,-0.693703,-1.055556,-1.479361,0.000000,0.000000,-1.983673
4759,07 08 09 18 22 38,-0.07043617,0.33507196,0.217250,-1.367778,0.055556,-1.479361,0.000000,0.000000,1.143690
4760,06 09 10 14 18 38,-0.07046921,0.29098660,-0.054313,-0.878131,-0.222222,-1.998436,0.000000,0.000000,0.686728
4761,06 07 09 10 14 22,-0.07050885,0.18568620,-2.634158,-1.283125,0.611111,-1.219824,0.000000,0.000000,-0.175284
4762,06 10 12 14 18 22,-0.07056204,0.31120518,-0.190094,-1.534139,-1.333333,-0.830519,0.000000,0.000000,-0.385306
4763,06 07 08 10 14 38,-0.07062959,0.30380296,0.081469,-0.813006,-0.500000,-1.868667,0.000000,0.000000,-0.097294
4764,01 06 07 10 14 18,-0.07063834,0.35114786,-0.054313,-1.537570,-0.500000,-0.700750,0.000000,0.000000,-0.837638
4765,06 07 08 12 14 22,-0.07066412,0.24259728,-1.004782,-1.157836,-1.055556,-1.349593,0.000000,0.000000,-0.324699
4766,02 06 07 08 09 22,-0.07081684,0.27445856,-1.412126,-1.227306,0.888889,-1.219824,0.000000,0.000000,-0.480835
4767,01 06 07 09 10 14,-0.07082640,0.23709891,-1.955252,-0.818992,0.611111,-1.349593,0.000000,0.000000,-1.926598
4768,02 06 10 12 18 38,-0.07090555,0.42845364,1.167720,-1.854841,-0.500000,-0.570982,0.000000,0.000000,0.143170
4769,06 08 12 14 18 22,-0.07096951,0.31531338,0.624594,-0.955230,-1.888889,-1.609130,0.000000,0.000000,-0.399385
4770,06 08 09 14 18 38,-0.07105960,0.29509479,0.760376,-0.299222,-0.777778,-2.777047,0.000000,0.000000,0.645550
4771,02 06 07 09 12 22,-0.07107003,0.24172898,-2.362596,-1.948657,0.888889,-0.441213,0.000000,0.000000,0.098656
4772,02 06 08 09 18 38,-0.07111907,0.37975895,1.167720,-0.822313,0.055556,-1.998436,0.000000,0.000000,0.330527
4773,07 08 10 14 18 22,-0.07129216,0.36710511,0.081469,-1.802166,-0.222222,-0.570982,0.000000,0.000000,-0.159396
4774,02 08 09 10 14 18,-0.07133760,0.39362958,0.081469,-1.324893,1.166667,-0.960287,0.000000,0.000000,-1.017575
4775,06 07 10 18 22 38,-0.07138259,0.34912628,0.353032,-1.878494,-0.777778,-0.830519,0.000000,0.000000,1.096644
4776,06 10 12 14 18 38,-0.07140172,0.34378948,0.760376,-1.331751,-1.333333,-1.349593,0.000000,0.000000,0.375872
4777,02 08 09 10 12 14,-0.07142171,0.33238351,-1.004782,-1.059935,1.166667,-0.960287,0.000000,0.000000,-2.263835
4778,01 02 07 08 09 18,-0.07142843,0.42175770,0.217250,-1.549945,1.166667,-0.570982,0.000000,0.000000,-1.354072
4779,02 06 08 12 18 38,-0.07153248,0.43256183,1.982408,-1.275933,-1.055556,-1.349593,0.000000,0.000000,0.096578
4780,07 08 10 14 18 38,-0.07162320,0.39968940,1.031938,-1.599777,-0.222222,-1.090056,0.000000,0.000000,0.677139
4781,02 07 08 10 18 38,-0.07166444,0.48435356,1.439282,-2.122868,0.611111,-0.311445,0.000000,0.000000,0.364818
4782,06 08 12 14 18 38,-0.07176560,0.34789767,1.575064,-0.752842,-1.888889,-2.128204,0.000000,0.000000,0.368252
4783,01 06 07 08 14 18,-0.07194522,0.35525605,0.760376,-0.958661,-1.055556,-1.479361,0.000000,0.000000,-0.984967
4784,02 07 09 10 18 22,-0.07200009,0.36623680,-1.276345,-2.592986,1.722222,0.337398,0.000000,0.000000,0.219214
4785,01 02 07 09 10 12,-0.07206762,0.35640344,-1.683689,-1.863895,1.722222,0.207630,0.000000,0.000000,-2.728859
4786,02 07 10 12 18 22,-0.07207392,0.41903969,-0.461657,-3.046606,0.611111,0.986241,0.000000,0.000000,0.035573
4787,01 06 09 10 12 18,-0.07209149,0.33706372,0.081469,-1.109223,-0.222222,-1.349593,0.000000,0.000000,-0.762540
4788,02 08 10 12 14 18,-0.07211214,0.44643247,0.896157,-1.778513,0.055556,-0.311445,0.000000,0.000000,-1.305027
4789,01 02 07 09 12 18,-0.07229663,0.38902813,-0.733219,-2.271295,1.166667,0.207630,0.000000,0.000000,-0.865696
4790,02 07 09 10 12 38,-0.07229984,0.33757503,-1.412126,-2.125640,1.722222,-0.181676,0.000000,0.000000,-0.173415
4791,07 08 09 12 14 38,-0.07232800,0.25701907,-1.004782,-1.023641,0.333333,-1.738899,0.000000,0.000000,0.174914
4792,02 06 09 12 18 22,-0.07233997,0.31444508,-0.733219,-1.746051,0.055556,-0.700750,0.000000,0.000000,-0.118930
4793,01 02 07 08 09 12,-0.07245815,0.36051163,-0.869001,-1.284987,1.166667,-0.570982,0.000000,0.000000,-2.740428
4794,02 06 07 14 18 38,-0.07250871,0.36111352,0.081469,-1.972010,-0.222222,-0.570982,0.000000,0.000000,0.451264
4795,01 06 08 09 10 12,-0.07255776,0.30854722,-0.054313,-0.122914,-0.222222,-2.128204,0.000000,0.000000,-2.682420
4796,01 02 06 07 10 12,-0.07256373,0.37456595,-0.733219,-1.795703,0.333333,0.077861,0.000000,0.000000,-2.662900
4797,02 07 08 12 18 22,-0.07258050,0.42314788,0.353032,-2.467698,0.055556,0.207630,0.000000,0.000000,0.006811
4798,02 07 08 09 12 38,-0.07270816,0.34168323,-0.597438,-1.546731,1.166667,-0.960287,0.000000,0.000000,-0.187620
4799,02 07 08 09 10 38,-0.07274877,0.37030461,-0.461657,-1.404290,1.722222,-0.960287,0.000000,0.000000,-0.856926
4800,06 07 08 18 22 38,-0.07277191,0.35323447,1.167720,-1.299585,-1.333333,-1.609130,0.000000,0.000000,0.937101
4801,01 06 08 09 12 18,-0.07284125,0.34117191,0.896157,-0.530314,-0.777778,-2.128204,0.000000,0.000000,-0.827330
4802,01 07 09 12 14 18,-0.07286799,0.30436397,-1.140563,-1.748205,0.333333,-0.570982,0.000000,0.000000,-0.644133
4803,06 07 08 09 14 22,-0.07291747,0.18979440,-1.819470,-0.704216,0.055556,-1.998436,0.000000,0.000000,-0.485839
4804,07 09 10 12 14 38,-0.07303846,0.25291088,-1.819470,-1.602549,0.888889,-0.960287,0.000000,0.000000,0.023368
4805,02 06 08 09 10 14,-0.07311602,0.29774314,-0.869001,-0.538122,0.888889,-1.738899,0.000000,0.000000,-2.202693
4806,01 06 07 08 09 14,-0.07317364,0.24120710,-1.140563,-0.240083,0.055556,-2.128204,0.000000,0.000000,-2.228058
4807,01 02 06 07 08 18,-0.07318297,0.43992021,1.167720,-1.481752,-0.222222,-0.700750,0.000000,0.000000,-1.474554
4808,02 07 08 09 18 22,-0.07329261,0.37034500,-0.461657,-2.014077,1.166667,-0.441213,0.000000,0.000000,0.074011
4809,06 07 10 12 14 38,-0.07337267,0.27107339,-0.869001,-1.534356,-0.500000,-1.090056,0.000000,0.000000,0.113311
4810,07 09 12 18 22 38,-0.07362040,0.30234239,-0.733219,-2.089128,0.055556,-0.700750,0.000000,0.000000,1.288937
4811,02 06 07 08 10 38,-0.07367317,0.38846712,0.488813,-1.336097,0.333333,-1.090056,0.000000,0.000000,-0.854421
4812,02 06 07 10 12 38,-0.07382539,0.35573755,-0.461657,-2.057447,0.333333,-0.311445,0.000000,0.000000,-0.259971
4813,06 07 09 12 14 22,-0.07384897,0.15706483,-2.769940,-1.425566,0.055556,-1.219824,0.000000,0.000000,-0.006842
4814,06 09 12 14 18 22,-0.07405988,0.22978092,-1.140563,-1.222961,-0.777778,-1.479361,0.000000,0.000000,-0.067529
4815,01 06 07 09 12 14,-0.07435336,0.20847753,-2.091033,-0.961433,0.055556,-1.349593,0.000000,0.000000,-1.785836
4816,01 07 08 10 12 18,-0.07435972,0.44576653,1.167720,-1.830869,-0.222222,-0.441213,0.000000,0.000000,-0.937207
4817,02 06 07 10 18 22,-0.07449289,0.38439932,-0.325875,-2.524793,0.333333,0.207630,0.000000,0.000000,-0.010645
4818,06 07 09 10 14 38,-0.07458498,0.21827050,-1.683689,-1.080736,0.611111,-1.738899,0.000000,0.000000,0.106405
4819,02 08 09 12 14 18,-0.07465865,0.36500820,-0.054313,-1.467335,0.611111,-0.960287,0.000000,0.000000,-0.846307
4820,06 07 08 12 14 38,-0.07476204,0.27518158,-0.054313,-0.955448,-1.055556,-1.868667,0.000000,0.000000,-0.046239
4821,01 02 06 07 08 12,-0.07478264,0.37867414,0.081469,-1.216794,-0.222222,-0.700750,0.000000,0.000000,-2.945349
4822,01 06 07 12 14 18,-0.07480381,0.32252648,-0.190094,-1.680012,-1.055556,-0.700750,0.000000,0.000000,-0.791474
4823,02 09 10 12 14 18,-0.07483939,0.36090001,-0.869001,-2.046243,1.166667,-0.181676,0.000000,0.000000,-0.919374
4824,02 06 08 10 14 18,-0.07487594,0.41179209,1.031938,-1.256700,-0.222222,-1.090056,0.000000,0.000000,-1.402332
4825,06 09 12 14 18 38,-0.07487777,0.26236522,-0.190094,-1.020572,-0.777778,-1.998436,0.000000,0.000000,0.696878
4826,08 09 10 12 18 22,-0.07495790,0.35302096,0.217250,-1.373818,0.055556,-1.219824,0.000000,0.000000,-0.412101
4827,02 06 08 10 12 14,-0.07498457,0.35054602,-0.054313,-0.991742,-0.222222,-1.090056,0.000000,0.000000,-2.652225
4828,01 02 06 07 12 18,-0.07508720,0.40719064,0.217250,-2.203102,-0.222222,0.077861,0.000000,0.000000,-1.139669
4829,02 07 10 12 18 38,-0.07521364,0.45162399,0.488813,-2.844218,0.611111,0.467167,0.000000,0.000000,0.455995
4830,07 10 12 14 18 22,-0.07525237,0.33437553,-0.869001,-2.523516,-0.222222,0.207630,0.000000,0.000000,-0.129112
4831,02 06 07 08 12 38,-0.07531594,0.35984574,0.353032,-1.478538,-0.222222,-1.090056,0.000000,0.000000,-0.434512
4832,07 09 10 14 18 22,-0.07537440,0.28157265,-1.683689,-2.069896,0.888889,-0.441213,0.000000,0.000000,0.025510
4833,02 06 09 12 18 38,-0.07543609,0.34702937,0.217250,-1.543663,0.055556,-1.219824,0.000000,0.000000,0.307950
4834,07 08 12 14 18 22,-0.07549590,0.33848373,-0.054313,-1.944607,-0.777778,-0.570982,0.000000,0.000000,-0.118902
4835,08 09 10 12 18 38,-0.07561247,0.38560526,1.167720,-1.171430,0.055556,-1.738899,0.000000,0.000000,0.376503
4836,02 07 09 10 18 38,-0.07561984,0.39882110,-0.325875,-2.390598,1.722222,-0.181676,0.000000,0.000000,0.568517
4837,01 02 06 07 08 10,-0.07565372,0.40729552,0.217250,-1.074352,0.333333,-0.700750,0.000000,0.000000,-3.737693
4838,07 10 12 14 18 38,-0.07567060,0.36695983,0.081469,-2.321128,-0.222222,-0.311445,0.000000,0.000000,0.694506
4839,02 07 08 12 18 38,-0.07567662,0.45573218,1.303501,-2.265309,0.055556,-0.311445,0.000000,0.000000,0.433692
4840,06 07 12 18 22 38,-0.07570106,0.32050490,0.217250,-2.020935,-1.333333,-0.830519,0.000000,0.000000,1.120140
4841,07 09 10 14 18 38,-0.07572724,0.31415695,-0.733219,-1.867508,0.888889,-0.960287,0.000000,0.000000,0.858816
4842,02 06 07 08 18 22,-0.07580689,0.38850751,0.488813,-1.945884,-0.222222,-0.570982,0.000000,0.000000,-0.159029
4843,07 08 12 14 18 38,-0.07587053,0.37106802,0.896157,-1.742219,-0.777778,-1.090056,0.000000,0.000000,0.711174
4844,06 08 09 10 12 38,-0.07587711,0.28971882,0.217250,-0.384659,-0.222222,-2.517510,0.000000,0.000000,-0.584344
4845,02 06 09 10 12 14,-0.07589049,0.26501357,-1.819470,-1.259472,0.888889,-0.960287,0.000000,0.000000,-1.996737
4846,01 02 07 08 09 10,-0.07593900,0.38913301,-0.733219,-1.142545,1.722222,-0.570982,0.000000,0.000000,-3.919417
4847,06 07 09 18 22 38,-0.07603873,0.26770201,-0.597438,-1.567315,-0.222222,-1.479361,0.000000,0.000000,1.242815
4848,07 08 09 14 18 22,-0.07623949,0.28568084,-0.869001,-1.490987,0.333333,-1.219824,0.000000,0.000000,-0.056366
4849,01 06 07 09 14 18,-0.07630408,0.26972359,-1.004782,-1.226392,0.055556,-1.349593,0.000000,0.000000,-0.841042
4850,06 08 09 10 18 22,-0.07635586,0.31838059,0.353032,-0.852005,-0.222222,-1.998436,0.000000,0.000000,-0.307054
4851,01 02 06 07 09 18,-0.07653059,0.35438775,-0.597438,-1.749482,0.888889,-0.570982,0.000000,0.000000,-1.180811
4852,02 06 08 09 12 14,-0.07664843,0.26912176,-1.004782,-0.680564,0.333333,-1.738899,0.000000,0.000000,-2.062739
4853,06 08 10 12 18 22,-0.07667821,0.37118348,1.167720,-1.305625,-1.333333,-1.349593,0.000000,0.000000,-0.527512
4854,02 07 09 12 18 22,-0.07669175,0.33761543,-1.412126,-2.735428,1.166667,0.337398,0.000000,0.000000,0.187421
4855,06 07 08 09 14 38,-0.07695001,0.22237870,-0.869001,-0.501828,0.055556,-2.517510,0.000000,0.000000,-0.197692
4856,07 08 09 14 18 38,-0.07695979,0.31826514,0.081469,-1.288599,0.333333,-1.738899,0.000000,0.000000,0.722499
4857,02 07 08 09 18 38,-0.07705847,0.40292930,0.488813,-1.811689,1.166667,-0.960287,0.000000,0.000000,0.401668
4858,06 07 10 14 18 22,-0.07715901,0.29973516,-0.733219,-2.001703,-0.500000,-0.570982,0.000000,0.000000,-0.099427
4859,07 08 09 10 12 22,-0.07728639,0.28030487,-1.412126,-1.576424,0.888889,-0.960287,0.000000,0.000000,-0.727633
4860,01 07 08 09 10 18,-0.07750115,0.39296364,0.353032,-1.377249,0.888889,-1.090056,0.000000,0.000000,-1.229919
4861,02 06 07 09 10 38,-0.07759167,0.30293466,-1.276345,-1.603827,1.444444,-0.960287,0.000000,0.000000,-0.645256
4862,01 06 07 08 10 18,-0.07763842,0.41112615,1.303501,-1.309056,-0.500000,-1.219824,0.000000,0.000000,-1.110797
4863,02 06 09 10 14 18,-0.07764282,0.32625963,-0.733219,-1.524430,0.888889,-0.960287,0.000000,0.000000,-1.022550
4864,06 07 08 10 12 22,-0.07768106,0.29846738,-0.461657,-1.508231,-0.500000,-1.090056,0.000000,0.000000,-0.646647
4865,06 07 10 14 18 38,-0.07788972,0.33231946,0.217250,-1.799315,-0.500000,-1.090056,0.000000,0.000000,0.677897
4866,06 07 08 14 18 22,-0.07790174,0.30384335,0.081469,-1.422794,-1.055556,-1.349593,0.000000,0.000000,-0.163175
4867,06 07 09 12 14 38,-0.07796870,0.18964912,-1.819470,-1.223178,0.055556,-1.738899,0.000000,0.000000,0.268389
4868,01 02 06 07 09 12,-0.07798771,0.29314168,-1.683689,-1.484524,0.888889,-0.570982,0.000000,0.000000,-2.630488
4869,02 06 07 10 18 38,-0.07804725,0.41698361,0.624594,-2.322405,0.333333,-0.311445,0.000000,0.000000,0.348347
4870,02 06 08 09 14 18,-0.07809362,0.33036783,0.081469,-0.945522,0.333333,-1.738899,0.000000,0.000000,-1.043049
4871,06 08 10 12 18 38,-0.07815389,0.40376777,2.118189,-1.103237,-1.333333,-1.868667,0.000000,0.000000,0.139442
4872,02 06 10 12 14 18,-0.07824796,0.37906252,0.081469,-1.978050,-0.222222,-0.311445,0.000000,0.000000,-1.284905
4873,06 08 09 10 18 38,-0.07831158,0.35096489,1.303501,-0.649617,-0.222222,-2.517510,0.000000,0.000000,0.288781
4874,02 06 07 09 12 38,-0.07847200,0.27431328,-1.412126,-1.746268,0.888889,-0.960287,0.000000,0.000000,-0.112389
4875,02 07 08 10 14 18,-0.07857360,0.43496244,0.353032,-2.246077,0.888889,-0.051907,0.000000,0.000000,-0.999071
4876,02 07 08 10 12 14,-0.07867405,0.37371637,-0.733219,-1.981119,0.888889,-0.051907,0.000000,0.000000,-2.247753
4877,06 09 10 12 18 22,-0.07867552,0.28565102,-0.597438,-1.573355,-0.222222,-1.219824,0.000000,0.000000,-0.033716
4878,02 06 08 12 14 18,-0.07894028,0.38317071,0.896157,-1.399142,-0.777778,-1.090056,0.000000,0.000000,-1.341186
4879,02 06 07 09 18 22,-0.07908370,0.30297505,-1.276345,-2.213615,0.888889,-0.441213,0.000000,0.000000,0.145206
4880,02 06 07 12 18 22,-0.07910804,0.35577794,-0.461657,-2.667235,-0.222222,0.207630,0.000000,0.000000,-0.031101
4881,01 07 09 10 12 18,-0.07915129,0.36023407,-0.597438,-2.098599,0.888889,-0.311445,0.000000,0.000000,-0.857391
4882,06 08 09 12 18 22,-0.07920837,0.28975921,0.217250,-0.994447,-0.777778,-1.998436,0.000000,0.000000,-0.066370
4883,06 07 08 14 18 38,-0.07935562,0.33642765,1.031938,-1.220406,-1.055556,-1.868667,0.000000,0.000000,0.507008
4884,02 07 08 09 10 14,-0.07952716,0.32091349,-1.547908,-1.527499,2.000000,-0.700750,0.000000,0.000000,-2.201442
4885,01 07 08 09 12 18,-0.07961683,0.36434226,0.217250,-1.519691,0.333333,-1.090056,0.000000,0.000000,-0.880072
4886,02 06 07 08 18 38,-0.07964173,0.42109181,1.439282,-1.743496,-0.222222,-1.090056,0.000000,0.000000,0.158408
4887,07 09 12 14 18 22,-0.07974209,0.25295127,-1.819470,-2.212337,0.333333,-0.441213,0.000000,0.000000,0.041714
4888,02 07 09 12 18 38,-0.07980966,0.37019972,-0.461657,-2.533040,1.166667,-0.181676,0.000000,0.000000,0.611073
4889,01 06 07 10 12 18,-0.07988970,0.37839658,0.353032,-2.030406,-0.500000,-0.441213,0.000000,0.000000,-0.827330
4890,01 07 08 09 10 12,-0.07989311,0.33171757,-0.733219,-1.112291,0.888889,-1.090056,0.000000,0.000000,-2.818094
4891,07 09 12 14 18 38,-0.08013853,0.28553557,-0.869001,-2.009949,0.333333,-0.960287,0.000000,0.000000,0.868562
4892,06 09 10 12 18 38,-0.08017300,0.31823532,0.353032,-1.370967,-0.222222,-1.738899,0.000000,0.000000,0.630008
4893,01 06 07 08 10 12,-0.08041061,0.34988008,0.217250,-1.044098,-0.500000,-1.219824,0.000000,0.000000,-2.755306
4894,01 02 06 07 09 10,-0.08054763,0.32176306,-1.547908,-1.342082,1.444444,-0.570982,0.000000,0.000000,-3.673037
4895,06 08 09 12 18 38,-0.08066225,0.32234351,1.167720,-0.792059,-0.777778,-2.517510,0.000000,0.000000,0.603812
4896,02 06 07 08 09 38,-0.08078783,0.30704286,-0.461657,-1.024918,0.888889,-1.738899,0.000000,0.000000,-1.072488
4897,02 06 07 08 10 14,-0.08096070,0.33907600,-0.597438,-1.459306,0.611111,-0.830519,0.000000,0.000000,-2.274367
4898,06 07 12 14 18 22,-0.08106653,0.27111378,-0.869001,-2.144144,-1.055556,-0.570982,0.000000,0.000000,-0.015046
4899,07 08 10 12 18 22,-0.08119915,0.39435383,0.488813,-2.295002,-0.222222,-0.311445,0.000000,0.000000,-0.246222
4900,01 06 07 08 12 18,-0.08143747,0.38250477,1.167720,-1.451498,-1.055556,-1.219824,0.000000,0.000000,-1.010348
4901,06 07 09 14 18 22,-0.08146418,0.21831089,-1.683689,-1.690524,0.055556,-1.219824,0.000000,0.000000,0.098741
4902,06 07 09 10 12 22,-0.08161194,0.21293492,-2.226814,-1.775961,0.611111,-0.960287,0.000000,0.000000,-0.439315
4903,02 08 09 10 12 18,-0.08185745,0.42087830,0.488813,-1.817729,1.166667,-0.700750,0.000000,0.000000,-1.195197
4904,02 06 09 12 14 18,-0.08188480,0.29763826,-0.869001,-1.666872,0.333333,-0.960287,0.000000,0.000000,-0.987722
4905,06 07 08 09 12 22,-0.08205296,0.21704312,-1.412126,-1.197052,0.055556,-1.738899,0.000000,0.000000,-0.458364
4906,02 07 10 12 14 18,-0.08211229,0.40223287,-0.597438,-2.967427,0.888889,0.726704,0.000000,0.000000,-0.906337
4907,02 07 08 09 12 14,-0.08213590,0.29229211,-1.683689,-1.669940,1.444444,-0.700750,0.000000,0.000000,-1.924644
4908,02 06 07 12 18 38,-0.08216056,0.38836224,0.488813,-2.464847,-0.222222,-0.311445,0.000000,0.000000,0.402238
4909,06 07 08 09 10 22,-0.08220823,0.24566450,-1.276345,-1.054611,0.611111,-1.738899,0.000000,0.000000,-1.144659
4910,06 07 12 14 18 38,-0.08225188,0.30369808,0.081469,-1.941756,-1.055556,-1.090056,0.000000,0.000000,0.694920
4911,07 08 10 12 18 38,-0.08225337,0.42693812,1.439282,-2.092614,-0.222222,-0.830519,0.000000,0.000000,0.483172
4912,01 06 07 09 10 18,-0.08240127,0.32559369,-0.461657,-1.576786,0.611111,-1.090056,0.000000,0.000000,-1.026725
4913,02 07 09 10 14 18,-0.08249630,0.34942998,-1.412126,-2.513807,2.000000,0.077861,0.000000,0.000000,-0.790528
4914,06 07 09 14 18 38,-0.08258415,0.25089519,-0.733219,-1.488136,0.055556,-1.738899,0.000000,0.000000,0.818395
4915,02 07 09 10 12 14,-0.08258858,0.28818392,-2.498377,-2.248849,2.000000,0.077861,0.000000,0.000000,-2.037999
4916,02 07 08 12 14 18,-0.08264066,0.40634106,0.217250,-2.388518,0.333333,-0.051907,0.000000,0.000000,-0.938328
4917,07 08 09 10 12 38,-0.08269007,0.31288917,-0.461657,-1.374036,0.888889,-1.479361,0.000000,0.000000,-0.642624
4918,02 06 07 09 18 38,-0.08280597,0.33555935,-0.325875,-2.011226,0.888889,-0.960287,0.000000,0.000000,0.479320
4919,06 07 08 10 12 38,-0.08346261,0.33105168,0.488813,-1.305843,-0.500000,-1.609130,0.000000,0.000000,-0.617620
4920,07 08 09 10 18 22,-0.08359846,0.34155094,-0.325875,-1.841382,0.888889,-0.960287,0.000000,0.000000,-0.428985
4921,02 06 07 10 12 14,-0.08369688,0.30634643,-1.547908,-2.180656,0.611111,-0.051907,0.000000,0.000000,-2.062739
4922,06 07 08 10 18 22,-0.08396861,0.35971345,0.624594,-1.773189,-0.500000,-1.090056,0.000000,0.000000,-0.344367
4923,02 07 08 09 14 18,-0.08400033,0.35353818,-0.597438,-1.934898,1.444444,-0.700750,0.000000,0.000000,-0.967065
4924,02 06 08 09 10 18,-0.08417992,0.38623793,0.624594,-1.295916,0.888889,-1.479361,0.000000,0.000000,-1.227118
4925,01 06 07 08 09 18,-0.08454790,0.32970189,0.353032,-0.997878,0.055556,-1.868667,0.000000,0.000000,-1.298466
4926,02 06 08 10 12 18,-0.08463718,0.43904081,1.439282,-1.749536,-0.222222,-0.830519,0.000000,0.000000,-1.467565
4927,02 06 07 09 10 14,-0.08484651,0.25354354,-2.362596,-1.727036,1.722222,-0.700750,0.000000,0.000000,-2.060358
4928,07 08 09 10 18 38,-0.08513272,0.37413524,0.624594,-1.638994,0.888889,-1.479361,0.000000,0.000000,0.229289
4929,01 06 07 09 10 12,-0.08516530,0.26434763,-1.547908,-1.311828,0.611111,-1.090056,0.000000,0.000000,-2.670023
4930,02 06 07 08 12 14,-0.08525282,0.31045462,-0.733219,-1.601747,0.055556,-0.830519,0.000000,0.000000,-2.246967
4931,07 09 10 12 18 22,-0.08527867,0.30882137,-1.276345,-2.562732,0.888889,-0.181676,0.000000,0.000000,-0.060912
4932,01 02 06 07 08 09,-0.08539104,0.32587126,-0.733219,-0.763174,0.888889,-1.349593,0.000000,0.000000,-4.344315
4933,02 06 07 10 14 18,-0.08543285,0.36759250,-0.461657,-2.445614,0.611111,-0.051907,0.000000,0.000000,-1.086129
4934,01 06 07 09 12 18,-0.08543789,0.29697231,-0.597438,-1.719228,0.055556,-1.090056,0.000000,0.000000,-0.813319
4935,07 08 09 12 18 22,-0.08552730,0.31292956,-0.461657,-1.983823,0.333333,-0.960287,0.000000,0.000000,-0.051458
4936,01 06 07 08 09 12,-0.08554492,0.26845582,-0.733219,-0.732920,0.055556,-1.868667,0.000000,0.000000,-2.679977
4937,06 07 08 10 18 38,-0.08588073,0.39229775,1.575064,-1.570801,-0.500000,-1.609130,0.000000,0.000000,0.257926
4938,06 07 10 12 18 22,-0.08614507,0.32698388,-0.325875,-2.494539,-0.500000,-0.311445,0.000000,0.000000,-0.049813
4939,02 06 07 08 14 18,-0.08632595,0.37170069,0.353032,-1.866705,0.055556,-0.830519,0.000000,0.000000,-1.172155
4940,07 09 10 12 18 38,-0.08635469,0.34140567,-0.325875,-2.360344,0.888889,-0.700750,0.000000,0.000000,0.665252
4941,02 06 09 10 12 18,-0.08647495,0.35350835,-0.325875,-2.017267,0.888889,-0.700750,0.000000,0.000000,-0.950132
4942,07 08 09 12 18 38,-0.08655972,0.34551386,0.488813,-1.781435,0.333333,-1.479361,0.000000,0.000000,0.681165
4943,02 07 09 12 14 18,-0.08674101,0.32080861,-1.547908,-2.656248,1.444444,0.077861,0.000000,0.000000,-0.756104
4944,02 06 07 08 09 14,-0.08677996,0.25765174,-1.547908,-1.148127,1.166667,-1.479361,0.000000,0.000000,-2.300516
4945,02 06 08 09 12 18,-0.08722198,0.35761655,0.488813,-1.438358,0.333333,-1.479361,0.000000,0.000000,-1.014519
4946,06 07 09 10 12 38,-0.08741528,0.24551922,-1.276345,-1.573573,0.611111,-1.479361,0.000000,0.000000,-0.413517
4947,02 06 08 09 10 12,-0.08750487,0.32499186,-0.461657,-1.030958,0.888889,-1.479361,0.000000,0.000000,-2.953519
4948,06 07 08 12 18 22,-0.08756713,0.33109207,0.488813,-1.915630,-1.055556,-1.090056,0.000000,0.000000,-0.214208
4949,06 07 10 12 18 38,-0.08759895,0.35956818,0.624594,-2.292151,-0.500000,-0.830519,0.000000,0.000000,0.620369
4950,06 08 09 10 14 18,-0.08765189,0.30157377,0.217250,-0.772826,0.055556,-2.257973,0.000000,0.000000,-1.435291
4951,06 07 08 09 12 38,-0.08781270,0.24962742,-0.461657,-0.994664,0.055556,-2.257973,0.000000,0.000000,-0.426107
4952,08 09 10 12 14 18,-0.08783780,0.33621414,0.081469,-1.294639,0.333333,-1.479361,0.000000,0.000000,-1.774993
4953,06 07 09 10 18 22,-0.08790766,0.27418099,-1.140563,-2.040919,0.611111,-0.960287,0.000000,0.000000,-0.138245
4954,02 06 07 09 12 14,-0.08837619,0.22492216,-2.498377,-1.869477,1.166667,-0.700750,0.000000,0.000000,-1.920000
4955,02 07 08 10 12 18,-0.08874317,0.46221116,0.760376,-2.738913,0.888889,0.207630,0.000000,0.000000,-1.124800
4956,06 07 08 12 18 38,-0.08897742,0.36367637,1.439282,-1.713242,-1.055556,-1.609130,0.000000,0.000000,0.462433
4957,01 06 07 08 09 10,-0.08901488,0.29707720,-0.597438,-0.590478,0.611111,-1.868667,0.000000,0.000000,-3.857352
4958,02 06 07 12 14 18,-0.08919000,0.33897112,-0.597438,-2.588055,0.055556,-0.051907,0.000000,0.000000,-0.979470
4959,06 08 10 12 14 18,-0.08936917,0.35437666,1.031938,-1.226446,-1.055556,-1.609130,0.000000,0.000000,-1.862412
4960,06 07 08 09 10 38,-0.08969518,0.27824880,-0.325875,-0.852222,0.611111,-2.257973,0.000000,0.000000,-1.368294
4961,02 06 07 09 14 18,-0.08981321,0.28616823,-1.412126,-2.134435,1.166667,-0.700750,0.000000,0.000000,-0.899100
4962,06 07 09 10 18 38,-0.08984158,0.30676529,-0.190094,-1.838531,0.611111,-1.479361,0.000000,0.000000,0.460818
4963,06 07 08 09 18 22,-0.09011567,0.27828919,-0.325875,-1.462010,0.055556,-1.738899,0.000000,0.000000,-0.419080
4964,06 09 10 12 14 18,-0.09042919,0.26884420,-0.733219,-1.494176,0.055556,-1.479361,0.000000,0.000000,-1.229755
4965,06 07 09 12 18 22,-0.09075744,0.24555961,-1.276345,-2.183360,0.055556,-0.960287,0.000000,0.000000,0.102842
4966,06 08 09 12 14 18,-0.09098384,0.27295239,0.081469,-0.915267,-0.500000,-2.257973,0.000000,0.000000,-1.265638
4967,06 08 09 10 12 14,-0.09098746,0.24032770,-0.869001,-0.507868,0.055556,-2.257973,0.000000,0.000000,-3.163265
4968,02 07 08 09 10 18,-0.09100756,0.40940828,-0.054313,-2.285293,2.000000,-0.441213,0.000000,0.000000,-1.287574
4969,02 06 07 08 10 18,-0.09201370,0.42757079,0.896157,-2.217100,0.611111,-0.570982,0.000000,0.000000,-1.297178
4970,06 07 09 12 18 38,-0.09218953,0.27814391,-0.325875,-1.980972,0.055556,-1.479361,0.000000,0.000000,0.776254
4971,06 07 08 09 18 38,-0.09219571,0.31087349,0.624594,-1.259622,0.055556,-2.257973,0.000000,0.000000,0.158336
4972,02 07 09 10 12 18,-0.09266315,0.37667870,-1.004782,-3.006643,2.000000,0.337398,0.000000,0.000000,-0.915853
4973,02 07 08 09 12 18,-0.09312596,0.38078690,-0.190094,-2.427735,1.444444,-0.441213,0.000000,0.000000,-0.938131
4974,02 07 08 09 10 12,-0.09391328,0.34816221,-1.140563,-2.020335,2.000000,-0.441213,0.000000,0.000000,-2.951865
4975,07 08 10 12 14 18,-0.09399002,0.37754701,0.353032,-2.215823,0.055556,-0.570982,0.000000,0.000000,-1.595925
4976,02 06 07 10 12 18,-0.09427044,0.39484122,-0.054313,-2.938450,0.611111,0.207630,0.000000,0.000000,-1.014519
4977,07 08 09 10 14 18,-0.09499440,0.32474412,-0.461657,-1.762203,1.166667,-1.219824,0.000000,0.000000,-1.572025
4978,06 07 08 10 14 18,-0.09528644,0.34290663,0.488813,-1.694010,-0.222222,-1.349593,0.000000,0.000000,-1.475833
4979,02 06 07 08 10 12,-0.09535500,0.36632472,-0.190094,-1.952142,0.611111,-0.570982,0.000000,0.000000,-3.026001
4980,02 06 07 08 12 18,-0.09581548,0.39894941,0.760376,-2.359542,0.055556,-0.570982,0.000000,0.000000,-1.197133
4981,02 06 07 09 10 18,-0.09590496,0.34203833,-0.869001,-2.484830,1.722222,-0.441213,0.000000,0.000000,-1.083976
4982,07 08 09 12 14 18,-0.09740268,0.29612274,-0.597438,-1.904644,0.611111,-1.219824,0.000000,0.000000,-1.265528
4983,06 07 10 12 14 18,-0.09792054,0.31017706,-0.461657,-2.415360,-0.222222,-0.570982,0.000000,0.000000,-1.249081
4984,02 06 07 08 09 18,-0.09804886,0.34614653,-0.054313,-1.905921,1.166667,-1.219824,0.000000,0.000000,-1.355313
4985,07 09 10 12 14 18,-0.09805865,0.29201455,-1.412126,-2.483553,1.166667,-0.441213,0.000000,0.000000,-1.409001
4986,06 08 09 10 12 18,-0.09832045,0.32882249,0.624594,-1.265662,0.055556,-1.998436,0.000000,0.000000,-1.634946
4987,07 08 09 10 12 14,-0.09843261,0.26349805,-1.547908,-1.497244,1.166667,-1.219824,0.000000,0.000000,-3.315205
4988,06 07 08 10 12 14,-0.09863835,0.28166056,-0.597438,-1.429051,-0.222222,-1.349593,0.000000,0.000000,-3.206229
4989,02 06 07 09 12 18,-0.09894430,0.31341695,-1.004782,-2.627272,1.166667,-0.441213,0.000000,0.000000,-0.870973
4990,06 07 09 10 14 18,-0.09921459,0.25737417,-1.276345,-1.961740,0.888889,-1.219824,0.000000,0.000000,-1.268097
4991,02 06 07 09 10 12,-0.09923808,0.28079226,-1.955252,-2.219872,1.722222,-0.441213,0.000000,0.000000,-2.811588
4992,06 07 08 12 14 18,-0.09936440,0.31428525,0.353032,-1.836451,-0.777778,-1.349593,0.000000,0.000000,-1.416705
4993,06 07 08 09 10 14,-0.09941337,0.22885768,-1.412126,-0.975431,0.888889,-1.998436,0.000000,0.000000,-3.148349
4994,02 06 07 08 09 12,-0.09961499,0.28490046,-1.140563,-1.640963,1.166667,-1.219824,0.000000,0.000000,-2.821139
4995,06 07 08 09 14 18,-0.10122305,0.26148237,-0.461657,-1.382831,0.333333,-1.998436,0.000000,0.000000,-1.519368
4996,06 07 08 09 12 14,-0.10157302,0.20023630,-1.547908,-1.117873,0.333333,-1.998436,0.000000,0.000000,-2.805016
4997,06 07 09 12 14 18,-0.10254381,0.22875279,-1.412126,-2.104181,0.333333,-1.219824,0.000000,0.000000,-1.098040
4998,06 07 09 10 12 14,-0.10255833,0.19612810,-2.362596,-1.696782,0.888889,-1.219824,0.000000,0.000000,-2.997282
4999,02 06 07 08 09 10,-0.10313762,0.31352184,-1.004782,-1.498522,1.722222,-1.219824,0.000000,0.000000,-4.006319
5000,07 08 09 10 12 18,-0.10566024,0.35199284,-0.054313,-2.255039,1.166667,-0.960287,0.000000,0.000000,-1.771276
5001,06 07 08 10 12 18,-0.10596045,0.37015535,0.896157,-2.186846,-0.222222,-1.090056,0.000000,0.000000,-1.676295
5002,06 07 09 10 12 18,-0.10988587,0.28462289,-0.869001,-2.454576,0.888889,-0.960287,0.000000,0.000000,-1.468156
5003,06 07 08 09 10 18,-0.11006126,0.31735247,0.081469,-1.733226,0.888889,-1.738899,0.000000,0.000000,-2.111142
5004,06 07 08 09 12 18,-0.11033779,0.28873109,-0.054313,-1.875667,0.333333,-1.738899,0.000000,0.000000,-1.488819
5005,06 07 08 09 10 12,-0.11592474,0.25610640,-1.004782,-1.468268,0.888889,-1.738899,0.000000,0.000000,-4.213633
