previous_number,next_number,trigger_draws,following_count,conditional_rate,unconditional_next_rate,p_enrichment,holm_p
1,1,34,9,0.2647058823529412,0.1813186813186813,0.12601298164893535,1.0
1,2,34,5,0.14705882352941177,0.17032967032967034,0.7358919562962242,1.0
1,3,34,5,0.14705882352941177,0.14285714285714285,0.5606817598317732,1.0
1,4,34,5,0.14705882352941177,0.18681318681318682,0.815149056585707,1.0
1,5,34,2,0.058823529411764705,0.1043956043956044,0.9070931369551745,1.0
1,6,34,8,0.23529411764705882,0.17582417582417584,0.21928333427627217,1.0
1,7,34,5,0.14705882352941177,0.15384615384615385,0.6367597694080428,1.0
1,8,34,4,0.11764705882352941,0.2087912087912088,0.9606253419868747,1.0
1,9,34,6,0.17647058823529413,0.13736263736263737,0.3117796852887418,1.0
1,10,34,6,0.17647058823529413,0.17582417582417584,0.5812041897703825,1.0
1,11,34,6,0.17647058823529413,0.14835164835164835,0.3893943106838806,1.0
1,12,34,5,0.14705882352941177,0.17582417582417584,0.7645378389861949,1.0
1,13,34,8,0.23529411764705882,0.18681318681318682,0.2804016580670961,1.0
1,14,34,6,0.17647058823529413,0.15384615384615385,0.4287251237873409,1.0
1,15,34,6,0.17647058823529413,0.1813186813186813,0.6166486952854395,1.0
1,16,34,4,0.11764705882352941,0.12637362637362637,0.6614964778409516,1.0
1,17,34,7,0.20588235294117646,0.14285714285714285,0.18344054093457526,1.0
1,18,34,10,0.29411764705882354,0.2087912087912088,0.13166453239694562,1.0
1,19,34,4,0.11764705882352941,0.14285714285714285,0.7631123815520097,1.0
1,20,34,3,0.08823529411764706,0.15384615384615385,0.9329202024097365,1.0
1,21,34,5,0.14705882352941177,0.12637362637362637,0.4359821993231474,1.0
1,22,34,2,0.058823529411764705,0.15934065934065933,0.987186695336537,1.0
1,23,34,5,0.14705882352941177,0.12637362637362637,0.4359821993231474,1.0
1,24,34,8,0.23529411764705882,0.1813186813186813,0.24912984711701994,1.0
1,25,34,5,0.14705882352941177,0.17582417582417584,0.7645378389861949,1.0
1,26,34,1,0.029411764705882353,0.13736263736263737,0.996269797722513,1.0
1,27,34,3,0.08823529411764706,0.12637362637362637,0.8491825548009305,1.0
1,28,34,4,0.11764705882352941,0.12087912087912088,0.6222766033161161,1.0
1,29,34,2,0.058823529411764705,0.12087912087912088,0.9471057253887457,1.0
1,30,34,5,0.14705882352941177,0.15384615384615385,0.6367597694080428,1.0
1,31,34,9,0.2647058823529412,0.14835164835164835,0.037442328268110656,1.0
1,32,34,9,0.2647058823529412,0.13736263736263737,0.021923384867286847,1.0
1,33,34,8,0.23529411764705882,0.2032967032967033,0.380341071099202,1.0
1,34,34,3,0.08823529411764706,0.14285714285714285,0.9062049949419104,1.0
1,35,34,5,0.14705882352941177,0.1813186813186813,0.7909466146470441,1.0
1,36,34,3,0.08823529411764706,0.13736263736263737,0.8896943087815373,1.0
1,37,34,5,0.14705882352941177,0.16483516483516483,0.7050116644593626,1.0
1,38,34,8,0.23529411764705882,0.1978021978021978,0.34626282445557344,1.0
2,1,31,5,0.16129032258064516,0.1813186813186813,0.7077363960920269,1.0
2,2,31,2,0.06451612903225806,0.17032967032967034,0.9849662483367976,1.0
2,3,31,6,0.1935483870967742,0.14285714285714285,0.2638926466081238,1.0
2,4,31,3,0.0967741935483871,0.18681318681318682,0.9604739164699145,1.0
2,5,31,5,0.16129032258064516,0.1043956043956044,0.20181591360423926,1.0
2,6,31,3,0.0967741935483871,0.17582417582417584,0.9451739462058903,1.0
2,7,31,7,0.22580645161290322,0.15384615384615385,0.1704983561726272,1.0
2,8,31,8,0.25806451612903225,0.2087912087912088,0.3011119678254474,1.0
2,9,31,1,0.03225806451612903,0.13736263736263737,0.9935540844054392,1.0
2,10,31,7,0.22580645161290322,0.17582417582417584,0.2846731399741143,1.0
2,11,31,6,0.1935483870967742,0.14835164835164835,0.29755803036975625,1.0
2,12,31,11,0.3548387096774194,0.17582417582417584,0.006725575301634458,1.0
2,13,31,5,0.16129032258064516,0.18681318681318682,0.7358919562962242,1.0
2,14,31,3,0.0967741935483871,0.15384615384615385,0.8982612812527299,1.0
2,15,31,4,0.12903225806451613,0.1813186813186813,0.8631133764781529,1.0
2,16,31,2,0.06451612903225806,0.12637362637362637,0.9349799174930576,1.0
2,17,31,3,0.0967741935483871,0.14285714285714285,0.8640231535237197,1.0
2,18,31,7,0.22580645161290322,0.2087912087912088,0.4820189637021219,1.0
2,19,31,4,0.12903225806451613,0.14285714285714285,0.6869202971078289,1.0
2,20,31,10,0.3225806451612903,0.15384615384615385,0.007556120200686604,1.0
2,21,31,1,0.03225806451612903,0.12637362637362637,0.9900384909223331,1.0
2,22,31,6,0.1935483870967742,0.15934065934065933,0.3675481419558859,1.0
2,23,31,6,0.1935483870967742,0.12637362637362637,0.17172518964905623,1.0
2,24,31,6,0.1935483870967742,0.1813186813186813,0.5099149722833494,1.0
2,25,31,5,0.16129032258064516,0.17582417582417584,0.6777634530907121,1.0
2,26,31,5,0.16129032258064516,0.13736263736263737,0.42704027560680424,1.0
2,27,31,6,0.1935483870967742,0.12637362637362637,0.17172518964905623,1.0
2,28,31,1,0.03225806451612903,0.12087912087912088,0.9876446399036689,1.0
2,29,31,5,0.16129032258064516,0.12087912087912088,0.3104054913515622,1.0
2,30,31,3,0.0967741935483871,0.15384615384615385,0.8982612812527299,1.0
2,31,31,6,0.1935483870967742,0.14835164835164835,0.29755803036975625,1.0
2,32,31,1,0.03225806451612903,0.13736263736263737,0.9935540844054392,1.0
2,33,31,4,0.12903225806451613,0.2032967032967033,0.920942777643881,1.0
2,34,31,4,0.12903225806451613,0.14285714285714285,0.6869202971078289,1.0
2,35,31,6,0.1935483870967742,0.1813186813186813,0.5099149722833494,1.0
2,36,31,4,0.12903225806451613,0.13736263736263737,0.6529148589647658,1.0
2,37,31,5,0.16129032258064516,0.16483516483516483,0.6126588524445681,1.0
2,38,31,10,0.3225806451612903,0.1978021978021978,0.05220880253642816,1.0
3,1,26,3,0.11538461538461539,0.1813186813186813,0.8935791761133898,1.0
3,2,26,4,0.15384615384615385,0.17032967032967034,0.6869202971078289,1.0
3,3,26,3,0.11538461538461539,0.14285714285714285,0.7603246453103436,1.0
3,4,26,7,0.2692307692307692,0.18681318681318682,0.18344054093457526,1.0
3,5,26,1,0.038461538461538464,0.1043956043956044,0.9548604031502858,1.0
3,6,26,3,0.11538461538461539,0.17582417582417584,0.8795535250386094,1.0
3,7,26,7,0.2692307692307692,0.15384615384615385,0.07656174261724114,1.0
3,8,26,9,0.34615384615384615,0.2087912087912088,0.05944738005725888,1.0
3,9,26,2,0.07692307692307693,0.13736263736263737,0.9073999068625254,1.0
3,10,26,2,0.07692307692307693,0.17582417582417584,0.967213844255987,1.0
3,11,26,3,0.11538461538461539,0.14835164835164835,0.7848371889023739,1.0
3,12,26,2,0.07692307692307693,0.17582417582417584,0.967213844255987,1.0
3,13,26,5,0.19230769230769232,0.18681318681318682,0.5606817598317732,1.0
3,14,26,4,0.15384615384615385,0.15384615384615385,0.5969604031776515,1.0
3,15,26,4,0.15384615384615385,0.1813186813186813,0.7392970142908054,1.0
3,16,26,3,0.11538461538461539,0.12637362637362637,0.6744857185637285,1.0
3,17,26,6,0.23076923076923078,0.14285714285714285,0.1405301261446725,1.0
3,18,26,8,0.3076923076923077,0.2087912087912088,0.14081440875532145,1.0
3,19,26,2,0.07692307692307693,0.14285714285714285,0.9196561786585405,1.0
3,20,26,4,0.15384615384615385,0.15384615384615385,0.5969604031776515,1.0
3,21,26,6,0.23076923076923078,0.12637362637362637,0.08474866379622167,1.0
3,22,26,2,0.07692307692307693,0.15934065934065933,0.9481946186160033,1.0
3,23,26,1,0.038461538461538464,0.12637362637362637,0.9776330255966037,1.0
3,24,26,6,0.23076923076923078,0.1813186813186813,0.32083891900785944,1.0
3,25,26,4,0.15384615384615385,0.17582417582417584,0.7138962288797858,1.0
3,26,26,5,0.19230769230769232,0.13736263736263737,0.27200105803530494,1.0
3,27,26,2,0.07692307692307693,0.12637362637362637,0.8778162293784618,1.0
3,28,26,7,0.2692307692307692,0.12087912087912088,0.020746115680955874,1.0
3,29,26,2,0.07692307692307693,0.12087912087912088,0.860135315394572,1.0
3,30,26,6,0.23076923076923078,0.15384615384615385,0.18586382235622734,1.0
3,31,26,5,0.19230769230769232,0.14835164835164835,0.3353176864891268,1.0
3,32,26,4,0.15384615384615385,0.13736263736263737,0.4953878146027215,1.0
3,33,26,7,0.2692307692307692,0.2032967032967033,0.25441269812879386,1.0
3,34,26,3,0.11538461538461539,0.14285714285714285,0.7603246453103436,1.0
3,35,26,4,0.15384615384615385,0.1813186813186813,0.7392970142908054,1.0
3,36,26,2,0.07692307692307693,0.13736263736263737,0.9073999068625254,1.0
3,37,26,6,0.23076923076923078,0.16483516483516483,0.23673485364995878,1.0
3,38,26,2,0.07692307692307693,0.1978021978021978,0.9826781764712976,1.0
4,1,33,6,0.18181818181818182,0.1813186813186813,0.5822466752267077,1.0
4,2,33,7,0.21212121212121213,0.17032967032967034,0.31634777264260044,1.0
4,3,33,5,0.15151515151515152,0.14285714285714285,0.5297405346498935,1.0
4,4,33,4,0.12121212121212122,0.18681318681318682,0.9111520762757368,1.0
4,5,33,4,0.12121212121212122,0.1043956043956044,0.46443866006927725,1.0
4,6,33,6,0.18181818181818182,0.17582417582417584,0.5465970906054882,1.0
4,7,33,4,0.12121212121212122,0.15384615384615385,0.7961000310660559,1.0
4,8,33,10,0.30303030303030304,0.2087912087912088,0.11046075406932297,1.0
4,9,33,5,0.15151515151515152,0.13736263736263737,0.4895671470264254,1.0
4,10,33,5,0.15151515151515152,0.17582417582417584,0.7375770082191636,1.0
4,11,33,2,0.06060606060606061,0.14835164835164835,0.9769891662054384,1.0
4,12,33,7,0.21212121212121213,0.17582417582417584,0.35095912622074765,1.0
4,13,33,9,0.2727272727272727,0.18681318681318682,0.12601298164893535,1.0
4,14,33,5,0.15151515151515152,0.15384615384615385,0.6061664391697043,1.0
4,15,33,13,0.3939393939393939,0.1813186813186813,0.001142436601081537,1.0
4,16,33,1,0.030303030303030304,0.12637362637362637,0.9928505831537945,1.0
4,17,33,4,0.12121212121212122,0.14285714285714285,0.7392970142908054,1.0
4,18,33,9,0.2727272727272727,0.2087912087912088,0.21940430478710837,1.0
4,19,33,6,0.18181818181818182,0.14285714285714285,0.32083891900785944,1.0
4,20,33,4,0.12121212121212122,0.15384615384615385,0.7961000310660559,1.0
4,21,33,3,0.09090909090909091,0.12637362637362637,0.8326220185985794,1.0
4,22,33,3,0.09090909090909091,0.15934065934065933,0.9344865442426185,1.0
4,23,33,1,0.030303030303030304,0.12637362637362637,0.9928505831537945,1.0
4,24,33,3,0.09090909090909091,0.1813186813186813,0.9672479583691268,1.0
4,25,33,7,0.21212121212121213,0.17582417582417584,0.35095912622074765,1.0
4,26,33,3,0.09090909090909091,0.13736263736263737,0.8757773882107839,1.0
4,27,33,6,0.18181818181818182,0.12637362637362637,0.2150465983264225,1.0
4,28,33,6,0.18181818181818182,0.12087912087912088,0.1831974101757994,1.0
4,29,33,5,0.15151515151515152,0.12087912087912088,0.36519277103650283,1.0
4,30,33,4,0.12121212121212122,0.15384615384615385,0.7961000310660559,1.0
4,31,33,6,0.18181818181818182,0.14835164835164835,0.358334080789763,1.0
4,32,33,3,0.09090909090909091,0.13736263736263737,0.8757773882107839,1.0
4,33,33,6,0.18181818181818182,0.2032967032967033,0.7107548475969246,1.0
4,34,33,4,0.12121212121212122,0.14285714285714285,0.7392970142908054,1.0
4,35,33,8,0.24242424242424243,0.1813186813186813,0.2201611728892353,1.0
4,36,33,4,0.12121212121212122,0.13736263736263737,0.7070575558845112,1.0
4,37,33,3,0.09090909090909091,0.16483516483516483,0.9446445231753888,1.0
4,38,33,7,0.21212121212121213,0.1978021978021978,0.49259882474880207,1.0
5,1,19,6,0.3157894736842105,0.1813186813186813,0.10209512367869848,1.0
5,2,19,3,0.15789473684210525,0.17032967032967034,0.6646470963216345,1.0
5,3,19,3,0.15789473684210525,0.14285714285714285,0.5317125693932108,1.0
5,4,19,5,0.2631578947368421,0.18681318681318682,0.2662769038172194,1.0
5,5,19,0,0.0,0.1043956043956044,1,1.0
5,6,19,1,0.05263157894736842,0.17582417582417584,0.979573577663376,1.0
5,7,19,3,0.15789473684210525,0.15384615384615385,0.5878220898411041,1.0
5,8,19,2,0.10526315789473684,0.2087912087912088,0.9399063237919836,1.0
5,9,19,1,0.05263157894736842,0.13736263736263737,0.9486455311202526,1.0
5,10,19,2,0.10526315789473684,0.17582417582417584,0.8854882384158957,1.0
5,11,19,6,0.3157894736842105,0.14835164835164835,0.04169564261071279,1.0
5,12,19,2,0.10526315789473684,0.17582417582417584,0.8854882384158957,1.0
5,13,19,4,0.21052631578947367,0.18681318681318682,0.4908602275695516,1.0
5,14,19,0,0.0,0.15384615384615385,1,1.0
5,15,19,2,0.10526315789473684,0.1813186813186813,0.8967784791255934,1.0
5,16,19,4,0.21052631578947367,0.12637362637362637,0.20331087101599254,1.0
5,17,19,6,0.3157894736842105,0.14285714285714285,0.034780329127183464,1.0
5,18,19,5,0.2631578947368421,0.2087912087912088,0.3598954100511522,1.0
5,19,19,4,0.21052631578947367,0.14285714285714285,0.2776245844448886,1.0
5,20,19,3,0.15789473684210525,0.15384615384615385,0.5878220898411041,1.0
5,21,19,2,0.10526315789473684,0.12637362637362637,0.7282319844890507,1.0
5,22,19,3,0.15789473684210525,0.15934065934065933,0.6144629035649722,1.0
5,23,19,2,0.10526315789473684,0.12637362637362637,0.7282319844890507,1.0
5,24,19,1,0.05263157894736842,0.1813186813186813,0.9821609244926817,1.0
5,25,19,3,0.15789473684210525,0.17582417582417584,0.6881212485659183,1.0
5,26,19,6,0.3157894736842105,0.13736263736263737,0.028687115847989792,1.0
5,27,19,6,0.3157894736842105,0.12637362637362637,0.018787842650847167,1.0
5,28,19,3,0.15789473684210525,0.12087912087912088,0.4106311913057168,1.0
5,29,19,3,0.15789473684210525,0.12087912087912088,0.4106311913057168,1.0
5,30,19,3,0.15789473684210525,0.15384615384615385,0.5878220898411041,1.0
5,31,19,5,0.2631578947368421,0.14835164835164835,0.12777782409074992,1.0
5,32,19,2,0.10526315789473684,0.13736263736263737,0.7731536410635621,1.0
5,33,19,2,0.10526315789473684,0.2032967032967033,0.932845473075743,1.0
5,34,19,3,0.15789473684210525,0.14285714285714285,0.5317125693932108,1.0
5,35,19,2,0.10526315789473684,0.1813186813186813,0.8967784791255934,1.0
5,36,19,0,0.0,0.13736263736263737,1,1.0
5,37,19,3,0.15789473684210525,0.16483516483516483,0.6400847754906386,1.0
5,38,19,3,0.15789473684210525,0.1978021978021978,0.7709224363606371,1.0
6,1,32,8,0.25,0.1813186813186813,0.1927357955777892,1.0
6,2,32,5,0.15625,0.17032967032967034,0.6777634530907121,1.0
6,3,32,4,0.125,0.14285714285714285,0.7138962288797858,1.0
6,4,32,4,0.125,0.18681318681318682,0.8965817172904408,1.0
6,5,32,1,0.03125,0.1043956043956044,0.979573577663376,1.0
6,6,32,7,0.21875,0.17582417582417584,0.317396601538908,1.0
6,7,32,2,0.0625,0.15384615384615385,0.9776216456989327,1.0
6,8,32,5,0.15625,0.2087912087912088,0.8529188456490762,1.0
6,9,32,7,0.21875,0.13736263736263737,0.11928858226906784,1.0
6,10,32,8,0.25,0.17582417582417584,0.16780363438556545,1.0
6,11,32,7,0.21875,0.14835164835164835,0.1671325369885973,1.0
6,12,32,3,0.09375,0.17582417582417584,0.9536067519554866,1.0
6,13,32,5,0.15625,0.18681318681318682,0.7645378389861949,1.0
6,14,32,6,0.1875,0.15384615384615385,0.3640918022470747,1.0
6,15,32,6,0.1875,0.1813186813186813,0.5465970906054882,1.0
6,16,32,6,0.1875,0.12637362637362637,0.19284867931235186,1.0
6,17,32,4,0.125,0.14285714285714285,0.7138962288797858,1.0
6,18,32,11,0.34375,0.2087912087912088,0.03777178571711803,1.0
6,19,32,4,0.125,0.14285714285714285,0.7138962288797858,1.0
6,20,32,2,0.0625,0.15384615384615385,0.9776216456989327,1.0
6,21,32,6,0.1875,0.12637362637362637,0.19284867931235186,1.0
6,22,32,6,0.1875,0.15934065934065933,0.40095942580772714,1.0
6,23,32,1,0.03125,0.12637362637362637,0.9915558068745605,1.0
6,24,32,7,0.21875,0.1813186813186813,0.35095912622074765,1.0
6,25,32,8,0.25,0.17582417582417584,0.16780363438556545,1.0
6,26,32,3,0.09375,0.13736263736263737,0.8604392216356682,1.0
6,27,32,3,0.09375,0.12637362637362637,0.8146532338396743,1.0
6,28,32,6,0.1875,0.12087912087912088,0.16345947630254928,1.0
6,29,32,4,0.125,0.12087912087912088,0.5674098386595066,1.0
6,30,32,3,0.09375,0.15384615384615385,0.9112112988820266,1.0
6,31,32,4,0.125,0.14835164835164835,0.7446914954734133,1.0
6,32,32,6,0.1875,0.13736263736263737,0.2574099593631431,1.0
6,33,32,9,0.28125,0.2032967032967033,0.16642953934851423,1.0
6,34,32,2,0.0625,0.14285714285714285,0.967213844255987,1.0
6,35,32,7,0.21875,0.1813186813186813,0.35095912622074765,1.0
6,36,32,4,0.125,0.13736263736263737,0.6806950820835311,1.0
6,37,32,5,0.15625,0.16483516483516483,0.6450146600091506,1.0
6,38,32,3,0.09375,0.1978021978021978,0.9769224271499758,1.0
7,1,27,6,0.2222222222222222,0.1813186813186813,0.358334080789763,1.0
7,2,27,3,0.1111111111111111,0.17032967032967034,0.8821875490535547,1.0
7,3,27,4,0.14814814814814814,0.14285714285714285,0.5642242965741013,1.0
7,4,27,8,0.2962962962962963,0.18681318681318682,0.09788111136513093,1.0
7,5,27,0,0.0,0.1043956043956044,1,1.0
7,6,27,4,0.14814814814814814,0.17582417582417584,0.7446914954734133,1.0
7,7,27,3,0.1111111111111111,0.15384615384615385,0.8294699688956958,1.0
7,8,27,6,0.2222222222222222,0.2087912087912088,0.5136806508336004,1.0
7,9,27,7,0.25925925925925924,0.13736263736263737,0.052126830784955204,1.0
7,10,27,7,0.25925925925925924,0.17582417582417584,0.1671325369885973,1.0
7,11,27,1,0.037037037037037035,0.14835164835164835,0.9910125991799232,1.0
7,12,27,5,0.18518518518518517,0.17582417582417584,0.5368234459664278,1.0
7,13,27,9,0.3333333333333333,0.18681318681318682,0.037442328268110656,1.0
7,14,27,2,0.07407407407407407,0.15384615384615385,0.9487428237100138,1.0
7,15,27,3,0.1111111111111111,0.1813186813186813,0.9091557405281699,1.0
7,16,27,3,0.1111111111111111,0.12637362637362637,0.7018571334810965,1.0
7,17,27,4,0.14814814814814814,0.14285714285714285,0.5642242965741013,1.0
7,18,27,7,0.25925925925925924,0.2087912087912088,0.31911627300042944,1.0
7,19,27,4,0.14814814814814814,0.14285714285714285,0.5642242965741013,1.0
7,20,27,8,0.2962962962962963,0.15384615384615385,0.032520611586880396,1.0
7,21,27,3,0.1111111111111111,0.12637362637362637,0.7018571334810965,1.0
7,22,27,6,0.2222222222222222,0.15934065934065933,0.23988502499431247,1.0
7,23,27,1,0.037037037037037035,0.12637362637362637,0.9809307205406942,1.0
7,24,27,7,0.25925925925925924,0.1813186813186813,0.189605852771197,1.0
7,25,27,3,0.1111111111111111,0.17582417582417584,0.896411278734259,1.0
7,26,27,4,0.14814814814814814,0.13736263736263737,0.5290078950225668,1.0
7,27,27,2,0.07407407407407407,0.12637362637362637,0.8918929570502511,1.0
7,28,27,2,0.07407407407407407,0.12087912087912088,0.8753681028268463,1.0
7,29,27,3,0.1111111111111111,0.12087912087912088,0.6697254724911428,1.0
7,30,27,5,0.18518518518518517,0.15384615384615385,0.4030619256027777,1.0
7,31,27,4,0.14814814814814814,0.14835164835164835,0.5981647415476817,1.0
7,32,27,4,0.14814814814814814,0.13736263736263737,0.5290078950225668,1.0
7,33,27,4,0.14814814814814814,0.2032967032967033,0.8494998634841322,1.0
7,34,27,6,0.2222222222222222,0.14285714285714285,0.16244194812644458,1.0
7,35,27,1,0.037037037037037035,0.1813186813186813,0.9972087450130857,1.0
7,36,27,3,0.1111111111111111,0.13736263736263737,0.7593818551721886,1.0
7,37,27,3,0.1111111111111111,0.16483516483516483,0.8663669464953113,1.0
7,38,27,7,0.25925925925925924,0.1978021978021978,0.26440076671109414,1.0
8,1,38,8,0.21052631578947367,0.1813186813186813,0.3762830178207193,1.0
8,2,38,10,0.2631578947368421,0.17032967032967034,0.07469023257159042,1.0
8,3,38,5,0.13157894736842105,0.14285714285714285,0.674834983988348,1.0
8,4,38,9,0.23684210526315788,0.18681318681318682,0.25099062284756696,1.0
8,5,38,0,0.0,0.1043956043956044,1,1.0
8,6,38,8,0.21052631578947367,0.17582417582417584,0.3382518146610561,1.0
8,7,38,5,0.13157894736842105,0.15384615384615385,0.7453027623326304,1.0
8,8,38,6,0.15789473684210525,0.2087912087912088,0.8640173629671607,1.0
8,9,38,3,0.07894736842105263,0.13736263736263737,0.933002009676282,1.0
8,10,38,5,0.13157894736842105,0.17582417582417584,0.8529188456490762,1.0
8,11,38,8,0.21052631578947367,0.14835164835164835,0.1684857869360391,1.0
8,12,38,5,0.13157894736842105,0.17582417582417584,0.8529188456490762,1.0
8,13,38,8,0.21052631578947367,0.18681318681318682,0.4148345239663047,1.0
8,14,38,8,0.21052631578947367,0.15384615384615385,0.19861188414891717,1.0
8,15,38,7,0.18421052631578946,0.1813186813186813,0.5615789667140166,1.0
8,16,38,7,0.18421052631578946,0.12637362637362637,0.17394448229446607,1.0
8,17,38,6,0.15789473684210525,0.14285714285714285,0.47044412242622907,1.0
8,18,38,11,0.2894736842105263,0.2087912087912088,0.12600809086588666,1.0
8,19,38,4,0.10526315789473684,0.14285714285714285,0.8428836201657586,1.0
8,20,38,4,0.10526315789473684,0.15384615384615385,0.8858125619665436,1.0
8,21,38,4,0.10526315789473684,0.12637362637362637,0.7556124094561372,1.0
8,22,38,3,0.07894736842105263,0.15934065934065933,0.969764710782778,1.0
8,23,38,5,0.13157894736842105,0.12637362637362637,0.5496919876434184,1.0
8,24,38,6,0.15789473684210525,0.1813186813186813,0.7387253252624699,1.0
8,25,38,8,0.21052631578947367,0.17582417582417584,0.3382518146610561,1.0
8,26,38,4,0.10526315789473684,0.13736263736263737,0.8170299838307723,1.0
8,27,38,4,0.10526315789473684,0.12637362637362637,0.7556124094561372,1.0
8,28,38,4,0.10526315789473684,0.12087912087912088,0.7198001621843599,1.0
8,29,38,7,0.18421052631578946,0.12087912087912088,0.143529752999435,1.0
8,30,38,5,0.13157894736842105,0.15384615384615385,0.7453027623326304,1.0
8,31,38,5,0.13157894736842105,0.14835164835164835,0.7114609687962451,1.0
8,32,38,7,0.18421052631578946,0.13736263736263737,0.24257367045215406,1.0
8,33,38,9,0.23684210526315788,0.2032967032967033,0.3543681045721956,1.0
8,34,38,6,0.15789473684210525,0.14285714285714285,0.47044412242622907,1.0
8,35,38,4,0.10526315789473684,0.1813186813186813,0.9524783224567265,1.0
8,36,38,6,0.15789473684210525,0.13736263736263737,0.42651023065744853,1.0
8,37,38,6,0.15789473684210525,0.16483516483516483,0.6352063392428543,1.0
8,38,38,8,0.21052631578947367,0.1978021978021978,0.49204877811653985,1.0
9,1,25,2,0.08,0.1813186813186813,0.9659348301691428,1.0
9,2,25,7,0.28,0.17032967032967034,0.10313518258050886,1.0
9,3,25,1,0.04,0.14285714285714285,0.9843692937415004,1.0
9,4,25,4,0.16,0.18681318681318682,0.7319692089796657,1.0
9,5,25,2,0.08,0.1043956043956044,0.7731536410635621,1.0
9,6,25,2,0.08,0.17582417582417584,0.9604707427777271,1.0
9,7,25,6,0.24,0.15384615384615385,0.16064026549338437,1.0
9,8,25,1,0.04,0.2087912087912088,0.998235327843887,1.0
9,9,25,4,0.16,0.13736263736263737,0.46102062128465743,1.0
9,10,25,3,0.12,0.17582417582417584,0.8604392216356682,1.0
9,11,25,3,0.12,0.14835164835164835,0.7593818551721886,1.0
9,12,25,2,0.08,0.17582417582417584,0.9604707427777271,1.0
9,13,25,3,0.12,0.18681318681318682,0.8896943087815373,1.0
9,14,25,3,0.12,0.15384615384615385,0.7831029416495303,1.0
9,15,25,5,0.2,0.1813186813186813,0.4895671470264254,1.0
9,16,25,4,0.16,0.12637362637362637,0.39087602136067007,1.0
9,17,25,5,0.2,0.14285714285714285,0.27200105803530494,1.0
9,18,25,6,0.24,0.2087912087912088,0.42651023065744853,1.0
9,19,25,5,0.2,0.14285714285714285,0.27200105803530494,1.0
9,20,25,2,0.08,0.15384615384615385,0.9297135363322309,1.0
9,21,25,3,0.12,0.12637362637362637,0.6455042204159271,1.0
9,22,25,3,0.12,0.15934065934065933,0.8049993291670765,1.0
9,23,25,5,0.2,0.12637362637362637,0.18791151486734914,1.0
9,24,25,4,0.16,0.1813186813186813,0.7070575558845112,1.0
9,25,25,7,0.28,0.17582417582417584,0.11928858226906784,1.0
9,26,25,6,0.24,0.13736263736263737,0.10233388416199715,1.0
9,27,25,1,0.04,0.12637362637362637,0.973793918049752,1.0
9,28,25,1,0.04,0.12087912087912088,0.9689409399108173,1.0
9,29,25,2,0.08,0.12087912087912088,0.843334446903093,1.0
9,30,25,6,0.24,0.15384615384615385,0.16064026549338437,1.0
9,31,25,5,0.2,0.14835164835164835,0.302072352188611,1.0
9,32,25,3,0.12,0.13736263736263737,0.7062774099635694,1.0
9,33,25,2,0.08,0.2032967032967033,0.9815669541379028,1.0
9,34,25,4,0.16,0.14285714285714285,0.4953878146027215,1.0
9,35,25,9,0.36,0.1813186813186813,0.0177529270838399,1.0
9,36,25,5,0.2,0.13736263736263737,0.24281421371003728,1.0
9,37,25,5,0.2,0.16483516483516483,0.3955034894053849,1.0
9,38,25,9,0.36,0.1978021978021978,0.03240648323957777,1.0
10,1,32,4,0.125,0.1813186813186813,0.8810471433722942,1.0
10,2,32,4,0.125,0.17032967032967034,0.8442798030980164,1.0
10,3,32,6,0.1875,0.14285714285714285,0.2919842913363734,1.0
10,4,32,5,0.15625,0.18681318681318682,0.7645378389861949,1.0
10,5,32,1,0.03125,0.1043956043956044,0.979573577663376,1.0
10,6,32,7,0.21875,0.17582417582417584,0.317396601538908,1.0
10,7,32,5,0.15625,0.15384615384615385,0.5743738032967219,1.0
10,8,32,6,0.1875,0.2087912087912088,0.7065168964354784,1.0
10,9,32,5,0.15625,0.13736263736263737,0.4584532971334082,1.0
10,10,32,5,0.15625,0.17582417582417584,0.7086406570655764,1.0
10,11,32,5,0.15625,0.14835164835164835,0.5368234459664278,1.0
10,12,32,7,0.21875,0.17582417582417584,0.317396601538908,1.0
10,13,32,9,0.28125,0.18681318681318682,0.10645629480771958,1.0
10,14,32,8,0.25,0.15384615384615385,0.0863528765718795,1.0
10,15,32,6,0.1875,0.1813186813186813,0.5465970906054882,1.0
10,16,32,4,0.125,0.12637362637362637,0.6073211020061521,1.0
10,17,32,4,0.125,0.14285714285714285,0.7138962288797858,1.0
10,18,32,9,0.28125,0.2087912087912088,0.18969242731862143,1.0
10,19,32,4,0.125,0.14285714285714285,0.7138962288797858,1.0
10,20,32,5,0.15625,0.15384615384615385,0.5743738032967219,1.0
10,21,32,6,0.1875,0.12637362637362637,0.19284867931235186,1.0
10,22,32,5,0.15625,0.15934065934065933,0.6105017986069292,1.0
10,23,32,5,0.15625,0.12637362637362637,0.37783133776294053,1.0
10,24,32,5,0.15625,0.1813186813186813,0.7375770082191636,1.0
10,25,32,3,0.09375,0.17582417582417584,0.9536067519554866,1.0
10,26,32,5,0.15625,0.13736263736263737,0.4584532971334082,1.0
10,27,32,4,0.125,0.12637362637362637,0.6073211020061521,1.0
10,28,32,3,0.09375,0.12087912087912088,0.7876099122961714,1.0
10,29,32,4,0.125,0.12087912087912088,0.5674098386595066,1.0
10,30,32,4,0.125,0.15384615384615385,0.7730777775028618,1.0
10,31,32,5,0.15625,0.14835164835164835,0.5368234459664278,1.0
10,32,32,4,0.125,0.13736263736263737,0.6806950820835311,1.0
10,33,32,4,0.125,0.2032967032967033,0.9334123985531688,1.0
10,34,32,5,0.15625,0.14285714285714285,0.49808877470413077,1.0
10,35,32,7,0.21875,0.1813186813186813,0.35095912622074765,1.0
10,36,32,4,0.125,0.13736263736263737,0.6806950820835311,1.0
10,37,32,3,0.09375,0.16483516483516483,0.9354099968728703,1.0
10,38,32,7,0.21875,0.1978021978021978,0.45405628729783304,1.0
11,1,27,4,0.14814814814814814,0.1813186813186813,0.7689666607951485,1.0
11,2,27,4,0.14814814814814814,0.17032967032967034,0.7187079892850401,1.0
11,3,27,5,0.18518518518518517,0.14285714285714285,0.3353176864891268,1.0
11,4,27,5,0.18518518518518517,0.18681318681318682,0.5996107255472032,1.0
11,5,27,2,0.07407407407407407,0.1043956043956044,0.8119183464595241,1.0
11,6,27,2,0.07407407407407407,0.17582417582417584,0.9728780494977252,1.0
11,7,27,7,0.25925925925925924,0.15384615384615385,0.0919761384778674,1.0
11,8,27,3,0.1111111111111111,0.2087912087912088,0.9546336883178479,1.0
11,9,27,3,0.1111111111111111,0.13736263736263737,0.7593818551721886,1.0
11,10,27,6,0.2222222222222222,0.17582417582417584,0.3276562211500237,1.0
11,11,27,6,0.2222222222222222,0.14835164835164835,0.18682185994682285,1.0
11,12,27,3,0.1111111111111111,0.17582417582417584,0.896411278734259,1.0
11,13,27,5,0.18518518518518517,0.18681318681318682,0.5996107255472032,1.0
11,14,27,4,0.14814814814814814,0.15384615384615385,0.6306818775384991,1.0
11,15,27,8,0.2962962962962963,0.1813186813186813,0.08366022122465558,1.0
11,16,27,3,0.1111111111111111,0.12637362637362637,0.7018571334810965,1.0
11,17,27,4,0.14814814814814814,0.14285714285714285,0.5642242965741013,1.0
11,18,27,3,0.1111111111111111,0.2087912087912088,0.9546336883178479,1.0
11,19,27,4,0.14814814814814814,0.14285714285714285,0.5642242965741013,1.0
11,20,27,4,0.14814814814814814,0.15384615384615385,0.6306818775384991,1.0
11,21,27,2,0.07407407407407407,0.12637362637362637,0.8918929570502511,1.0
11,22,27,2,0.07407407407407407,0.15934065934065933,0.9561435924791563,1.0
11,23,27,1,0.037037037037037035,0.12637362637362637,0.9809307205406942,1.0
11,24,27,5,0.18518518518518517,0.1813186813186813,0.5686965468908323,1.0
11,25,27,5,0.18518518518518517,0.17582417582417584,0.5368234459664278,1.0
11,26,27,4,0.14814814814814814,0.13736263736263737,0.5290078950225668,1.0
11,27,27,4,0.14814814814814814,0.12637362637362637,0.455514399224785,1.0
11,28,27,3,0.1111111111111111,0.12087912087912088,0.6697254724911428,1.0
11,29,27,3,0.1111111111111111,0.12087912087912088,0.6697254724911428,1.0
11,30,27,5,0.18518518518518517,0.15384615384615385,0.4030619256027777,1.0
11,31,27,6,0.2222222222222222,0.14835164835164835,0.18682185994682285,1.0
11,32,27,5,0.18518518518518517,0.13736263736263737,0.302072352188611,1.0
11,33,27,9,0.3333333333333333,0.2032967032967033,0.06397692112850731,1.0
11,34,27,5,0.18518518518518517,0.14285714285714285,0.3353176864891268,1.0
11,35,27,5,0.18518518518518517,0.1813186813186813,0.5686965468908323,1.0
11,36,27,4,0.14814814814814814,0.13736263736263737,0.5290078950225668,1.0
11,37,27,5,0.18518518518518517,0.16483516483516483,0.47082122245675045,1.0
11,38,27,4,0.14814814814814814,0.1978021978021978,0.831763363945148,1.0
12,1,32,4,0.125,0.1813186813186813,0.8810471433722942,1.0
12,2,32,8,0.25,0.17032967032967034,0.1446152404195835,1.0
12,3,32,5,0.15625,0.14285714285714285,0.49808877470413077,1.0
12,4,32,9,0.28125,0.18681318681318682,0.10645629480771958,1.0
12,5,32,5,0.15625,0.1043956043956044,0.22257954282249456,1.0
12,6,32,7,0.21875,0.17582417582417584,0.317396601538908,1.0
12,7,32,5,0.15625,0.15384615384615385,0.5743738032967219,1.0
12,8,32,4,0.125,0.2087912087912088,0.9428822283065916,1.0
12,9,32,5,0.15625,0.13736263736263737,0.4584532971334082,1.0
12,10,32,7,0.21875,0.17582417582417584,0.317396601538908,1.0
12,11,32,3,0.09375,0.14835164835164835,0.896411278734259,1.0
12,12,32,10,0.3125,0.17582417582417584,0.028308099031154554,1.0
12,13,32,7,0.21875,0.18681318681318682,0.3850972945026487,1.0
12,14,32,3,0.09375,0.15384615384615385,0.9112112988820266,1.0
12,15,32,6,0.1875,0.1813186813186813,0.5465970906054882,1.0
12,16,32,7,0.21875,0.12637362637362637,0.08019006777477528,1.0
12,17,32,0,0.0,0.14285714285714285,1,1.0
12,18,32,4,0.125,0.2087912087912088,0.9428822283065916,1.0
12,19,32,5,0.15625,0.14285714285714285,0.49808877470413077,1.0
12,20,32,5,0.15625,0.15384615384615385,0.5743738032967219,1.0
12,21,32,5,0.15625,0.12637362637362637,0.37783133776294053,1.0
12,22,32,6,0.1875,0.15934065934065933,0.40095942580772714,1.0
12,23,32,3,0.09375,0.12637362637362637,0.8146532338396743,1.0
12,24,32,3,0.09375,0.1813186813186813,0.9608627128138059,1.0
12,25,32,3,0.09375,0.17582417582417584,0.9536067519554866,1.0
12,26,32,6,0.1875,0.13736263736263737,0.2574099593631431,1.0
12,27,32,3,0.09375,0.12637362637362637,0.8146532338396743,1.0
12,28,32,2,0.0625,0.12087912087912088,0.9318409605281868,1.0
12,29,32,5,0.15625,0.12087912087912088,0.33761771636063864,1.0
12,30,32,5,0.15625,0.15384615384615385,0.5743738032967219,1.0
12,31,32,5,0.15625,0.14835164835164835,0.5368234459664278,1.0
12,32,32,4,0.125,0.13736263736263737,0.6806950820835311,1.0
12,33,32,7,0.21875,0.2032967032967033,0.4883749850281479,1.0
12,34,32,3,0.09375,0.14285714285714285,0.8795535250386094,1.0
12,35,32,7,0.21875,0.1813186813186813,0.35095912622074765,1.0
12,36,32,4,0.125,0.13736263736263737,0.6806950820835311,1.0
12,37,32,5,0.15625,0.16483516483516483,0.6450146600091506,1.0
12,38,32,7,0.21875,0.1978021978021978,0.45405628729783304,1.0
13,1,33,9,0.2727272727272727,0.1813186813186813,0.10703149147952004,1.0
13,2,33,6,0.18181818181818182,0.17032967032967034,0.5099149722833494,1.0
13,3,33,2,0.06060606060606061,0.14285714285714285,0.9719644680071222,1.0
13,4,33,12,0.36363636363636365,0.18681318681318682,0.006177054852380756,1.0
13,5,33,3,0.09090909090909091,0.1043956043956044,0.7104895074155824,1.0
13,6,33,6,0.18181818181818182,0.17582417582417584,0.5465970906054882,1.0
13,7,33,11,0.3333333333333333,0.15384615384615385,0.003397325060815645,1.0
13,8,33,8,0.24242424242424243,0.2087912087912088,0.3762830178207193,1.0
13,9,33,4,0.12121212121212122,0.13736263736263737,0.7070575558845112,1.0
13,10,33,2,0.06060606060606061,0.17582417582417584,0.9917590622750362,1.0
13,11,33,4,0.12121212121212122,0.14835164835164835,0.7689666607951485,1.0
13,12,33,4,0.12121212121212122,0.17582417582417584,0.8810471433722942,1.0
13,13,33,5,0.15151515151515152,0.18681318681318682,0.7909466146470441,1.0
13,14,33,6,0.18181818181818182,0.15384615384615385,0.39633504240802064,1.0
13,15,33,2,0.06060606060606061,0.1813186813186813,0.9933404238173529,1.0
13,16,33,3,0.09090909090909091,0.12637362637362637,0.8326220185985794,1.0
13,17,33,8,0.24242424242424243,0.14285714285714285,0.06796457210664944,1.0
13,18,33,9,0.2727272727272727,0.2087912087912088,0.21940430478710837,1.0
13,19,33,4,0.12121212121212122,0.14285714285714285,0.7392970142908054,1.0
13,20,33,3,0.09090909090909091,0.15384615384615385,0.9227224256636236,1.0
13,21,33,2,0.06060606060606061,0.12637362637362637,0.9501229659390705,1.0
13,22,33,5,0.15151515151515152,0.15934065934065933,0.6419331545268094,1.0
13,23,33,5,0.15151515151515152,0.12637362637362637,0.40690004123374734,1.0
13,24,33,6,0.18181818181818182,0.1813186813186813,0.5822466752267077,1.0
13,25,33,3,0.09090909090909091,0.17582417582417584,0.9608627128138059,1.0
13,26,33,7,0.21212121212121213,0.13736263736263737,0.13678395670098403,1.0
13,27,33,2,0.06060606060606061,0.12637362637362637,0.9501229659390705,1.0
13,28,33,3,0.09090909090909091,0.12087912087912088,0.8068407187271067,1.0
13,29,33,5,0.15151515151515152,0.12087912087912088,0.36519277103650283,1.0
13,30,33,1,0.030303030303030304,0.15384615384615385,0.9978030122038481,1.0
13,31,33,5,0.15151515151515152,0.14835164835164835,0.5686965468908323,1.0
13,32,33,7,0.21212121212121213,0.13736263736263737,0.13678395670098403,1.0
13,33,33,8,0.24242424242424243,0.2032967032967033,0.34325592033995916,1.0
13,34,33,5,0.15151515151515152,0.14285714285714285,0.5297405346498935,1.0
13,35,33,8,0.24242424242424243,0.1813186813186813,0.2201611728892353,1.0
13,36,33,3,0.09090909090909091,0.13736263736263737,0.8757773882107839,1.0
13,37,33,6,0.18181818181818182,0.16483516483516483,0.47245035299804317,1.0
13,38,33,6,0.18181818181818182,0.1978021978021978,0.6810290078424286,1.0
14,1,29,4,0.13793103448275862,0.1813186813186813,0.8207667313123354,1.0
14,2,29,6,0.20689655172413793,0.17032967032967034,0.3675481419558859,1.0
14,3,29,2,0.06896551724137931,0.14285714285714285,0.9481946186160033,1.0
14,4,29,6,0.20689655172413793,0.18681318681318682,0.46790047913149907,1.0
14,5,29,5,0.1724137931034483,0.1043956043956044,0.16285606609128525,1.0
14,6,29,2,0.06896551724137931,0.17582417582417584,0.981582628385463,1.0
14,7,29,4,0.13793103448275862,0.15384615384615385,0.6930581994599655,1.0
14,8,29,7,0.2413793103448276,0.2087912087912088,0.4001164682615011,1.0
14,9,29,4,0.13793103448275862,0.13736263736263737,0.5933342498307966,1.0
14,10,29,4,0.13793103448275862,0.17582417582417584,0.799089934126211,1.0
14,11,29,5,0.1724137931034483,0.14835164835164835,0.43705711322954127,1.0
14,12,29,6,0.20689655172413793,0.17582417582417584,0.40095942580772714,1.0
14,13,29,5,0.1724137931034483,0.18681318681318682,0.6719387882156561,1.0
14,14,29,7,0.2413793103448276,0.15384615384615385,0.12794216199624708,1.0
14,15,29,3,0.10344827586206896,0.1813186813186813,0.9344865442426185,1.0
14,16,29,4,0.13793103448275862,0.12637362637362637,0.5185087875741995,1.0
14,17,29,5,0.1724137931034483,0.14285714285714285,0.40054376355635074,1.0
14,18,29,7,0.2413793103448276,0.2087912087912088,0.4001164682615011,1.0
14,19,29,2,0.06896551724137931,0.14285714285714285,0.9481946186160033,1.0
14,20,29,6,0.20689655172413793,0.15384615384615385,0.2704148967210576,1.0
14,21,29,3,0.10344827586206896,0.12637362637362637,0.7517302842007795,1.0
14,22,29,5,0.1724137931034483,0.15934065934065933,0.5089613634357711,1.0
14,23,29,6,0.20689655172413793,0.12637362637362637,0.1330293652892499,1.0
14,24,29,8,0.27586206896551724,0.1813186813186813,0.12128046307586986,1.0
14,25,29,3,0.10344827586206896,0.17582417582417584,0.9241483794307745,1.0
14,26,29,2,0.06896551724137931,0.13736263736263737,0.938951625751872,1.0
14,27,29,5,0.1724137931034483,0.12637362637362637,0.29224912666781605,1.0
14,28,29,4,0.13793103448275862,0.12087912087912088,0.4791592813296111,1.0
14,29,29,5,0.1724137931034483,0.12087912087912088,0.25763613506377997,1.0
14,30,29,5,0.1724137931034483,0.15384615384615385,0.4732836820357334,1.0
14,31,29,2,0.06896551724137931,0.14835164835164835,0.9561435924791563,1.0
14,32,29,6,0.20689655172413793,0.13736263736263737,0.18300106971397356,1.0
14,33,29,6,0.20689655172413793,0.2032967032967033,0.5654069124813195,1.0
14,34,29,3,0.10344827586206896,0.14285714285714285,0.8280357113822961,1.0
14,35,29,5,0.1724137931034483,0.1813186813186813,0.6419331545268094,1.0
14,36,29,3,0.10344827586206896,0.13736263736263737,0.8049993291670765,1.0
14,37,29,5,0.1724137931034483,0.16483516483516483,0.5438555349697687,1.0
14,38,29,4,0.13793103448275862,0.1978021978021978,0.8751170902698896,1.0
15,1,33,5,0.15151515151515152,0.1813186813186813,0.7653145676821023,1.0
15,2,33,2,0.06060606060606061,0.17032967032967034,0.9898280404337093,1.0
15,3,33,7,0.21212121212121213,0.14285714285714285,0.16213846681468624,1.0
15,4,33,8,0.24242424242424243,0.18681318681318682,0.24912984711701994,1.0
15,5,33,2,0.06060606060606061,0.1043956043956044,0.8967784791255934,1.0
15,6,33,7,0.21212121212121213,0.17582417582417584,0.35095912622074765,1.0
15,7,33,6,0.18181818181818182,0.15384615384615385,0.39633504240802064,1.0
15,8,33,7,0.21212121212121213,0.2087912087912088,0.5615789667140166,1.0
15,9,33,3,0.09090909090909091,0.13736263736263737,0.8757773882107839,1.0
15,10,33,2,0.06060606060606061,0.17582417582417584,0.9917590622750362,1.0
15,11,33,5,0.15151515151515152,0.14835164835164835,0.5686965468908323,1.0
15,12,33,5,0.15151515151515152,0.17582417582417584,0.7375770082191636,1.0
15,13,33,5,0.15151515151515152,0.18681318681318682,0.7909466146470441,1.0
15,14,33,2,0.06060606060606061,0.15384615384615385,0.9811635308625011,1.0
15,15,33,4,0.12121212121212122,0.1813186813186813,0.8970102572605965,1.0
15,16,33,4,0.12121212121212122,0.12637362637362637,0.6349653862506217,1.0
15,17,33,8,0.24242424242424243,0.14285714285714285,0.06796457210664944,1.0
15,18,33,6,0.18181818181818182,0.2087912087912088,0.7387253252624699,1.0
15,19,33,7,0.21212121212121213,0.14285714285714285,0.16213846681468624,1.0
15,20,33,3,0.09090909090909091,0.15384615384615385,0.9227224256636236,1.0
15,21,33,2,0.06060606060606061,0.12637362637362637,0.9501229659390705,1.0
15,22,33,7,0.21212121212121213,0.15934065934065933,0.2500889173923017,1.0
15,23,33,5,0.15151515151515152,0.12637362637362637,0.40690004123374734,1.0
15,24,33,10,0.30303030303030304,0.1813186813186813,0.04418166847412266,1.0
15,25,33,6,0.18181818181818182,0.17582417582417584,0.5465970906054882,1.0
15,26,33,6,0.18181818181818182,0.13736263736263737,0.28421573773251174,1.0
15,27,33,3,0.09090909090909091,0.12637362637362637,0.8326220185985794,1.0
15,28,33,3,0.09090909090909091,0.12087912087912088,0.8068407187271067,1.0
15,29,33,5,0.15151515151515152,0.12087912087912088,0.36519277103650283,1.0
15,30,33,9,0.2727272727272727,0.15384615384615385,0.03923140799546078,1.0
15,31,33,6,0.18181818181818182,0.14835164835164835,0.358334080789763,1.0
15,32,33,2,0.06060606060606061,0.13736263736263737,0.9659348301691428,1.0
15,33,33,9,0.2727272727272727,0.2032967032967033,0.19360188488026445,1.0
15,34,33,2,0.06060606060606061,0.14285714285714285,0.9719644680071222,1.0
15,35,33,7,0.21212121212121213,0.1813186813186813,0.38617395981000097,1.0
15,36,33,6,0.18181818181818182,0.13736263736263737,0.28421573773251174,1.0
15,37,33,6,0.18181818181818182,0.16483516483516483,0.47245035299804317,1.0
15,38,33,6,0.18181818181818182,0.1978021978021978,0.6810290078424286,1.0
16,1,23,5,0.21739130434782608,0.1813186813186813,0.40690004123374734,1.0
16,2,23,2,0.08695652173913043,0.17032967032967034,0.9349799174930576,1.0
16,3,23,3,0.13043478260869565,0.14285714285714285,0.6744857185637285,1.0
16,4,23,2,0.08695652173913043,0.18681318681318682,0.9564317416352043,1.0
16,5,23,3,0.13043478260869565,0.1043956043956044,0.4417292393491754,1.0
16,6,23,2,0.08695652173913043,0.17582417582417584,0.9430016964032832,1.0
16,7,23,2,0.08695652173913043,0.15384615384615385,0.9045305750940559,1.0
16,8,23,9,0.391304347826087,0.2087912087912088,0.025980024051861818,1.0
16,9,23,3,0.13043478260869565,0.13736263736263737,0.6455042204159271,1.0
16,10,23,2,0.08695652173913043,0.17582417582417584,0.9430016964032832,1.0
16,11,23,2,0.08695652173913043,0.14835164835164835,0.8918929570502511,1.0
16,12,23,3,0.13043478260869565,0.17582417582417584,0.8146532338396743,1.0
16,13,23,3,0.13043478260869565,0.18681318681318682,0.8491825548009305,1.0
16,14,23,3,0.13043478260869565,0.15384615384615385,0.7276039224807884,1.0
16,15,23,5,0.21739130434782608,0.1813186813186813,0.40690004123374734,1.0
16,16,23,5,0.21739130434782608,0.12637362637362637,0.14268985467959266,1.0
16,17,23,4,0.17391304347826086,0.14285714285714285,0.42331273461611685,1.0
16,18,23,2,0.08695652173913043,0.2087912087912088,0.975074083496903,1.0
16,19,23,1,0.043478260869565216,0.14285714285714285,0.9776330255966037,1.0
16,20,23,5,0.21739130434782608,0.15384615384615385,0.2647974436715116,1.0
16,21,23,4,0.17391304347826086,0.12637362637362637,0.32610260043949224,1.0
16,22,23,6,0.2608695652173913,0.15934065934065933,0.1330293652892499,1.0
16,23,23,3,0.13043478260869565,0.12637362637362637,0.5828804445033516,1.0
16,24,23,9,0.391304347826087,0.1813186813186813,0.00940811141427941,1.0
16,25,23,3,0.13043478260869565,0.17582417582417584,0.8146532338396743,1.0
16,26,23,2,0.08695652173913043,0.13736263736263737,0.8621754208542516,1.0
16,27,23,5,0.21739130434782608,0.12637362637362637,0.14268985467959266,1.0
16,28,23,3,0.13043478260869565,0.12087912087912088,0.5493876822341526,1.0
16,29,23,4,0.17391304347826086,0.12087912087912088,0.2942047316116836,1.0
16,30,23,3,0.13043478260869565,0.15384615384615385,0.7276039224807884,1.0
16,31,23,6,0.2608695652173913,0.14835164835164835,0.09948621394923989,1.0
16,32,23,5,0.21739130434782608,0.13736263736263737,0.18791151486734914,1.0
16,33,23,3,0.13043478260869565,0.2032967032967033,0.891086371175031,1.0
16,34,23,5,0.21739130434782608,0.14285714285714285,0.2124740984557128,1.0
16,35,23,1,0.043478260869565216,0.1813186813186813,0.9928505831537945,1.0
16,36,23,3,0.13043478260869565,0.13736263736263737,0.6455042204159271,1.0
16,37,23,5,0.21739130434782608,0.16483516483516483,0.3203467316169748,1.0
16,38,23,2,0.08695652173913043,0.1978021978021978,0.9669308671180411,1.0
17,1,26,3,0.11538461538461539,0.1813186813186813,0.8935791761133898,1.0
17,2,26,5,0.19230769230769232,0.17032967032967034,0.4658849491779187,1.0
17,3,26,2,0.07692307692307693,0.14285714285714285,0.9196561786585405,1.0
17,4,26,5,0.19230769230769232,0.18681318681318682,0.5606817598317732,1.0
17,5,26,2,0.07692307692307693,0.1043956043956044,0.7932737303694247,1.0
17,6,26,3,0.11538461538461539,0.17582417582417584,0.8795535250386094,1.0
17,7,26,5,0.19230769230769232,0.15384615384615385,0.36780765695280065,1.0
17,8,26,6,0.23076923076923078,0.2087912087912088,0.47044412242622907,1.0
17,9,26,8,0.3076923076923077,0.13736263736263737,0.01217670080244824,1.0
17,10,26,5,0.19230769230769232,0.17582417582417584,0.49808877470413077,1.0
17,11,26,2,0.07692307692307693,0.14835164835164835,0.9304416978390337,1.0
17,12,26,5,0.19230769230769232,0.17582417582417584,0.49808877470413077,1.0
17,13,26,4,0.15384615384615385,0.18681318681318682,0.7631123815520097,1.0
17,14,26,1,0.038461538461538464,0.15384615384615385,0.990954615948826,1.0
17,15,26,5,0.19230769230769232,0.1813186813186813,0.5297405346498935,1.0
17,16,26,0,0.0,0.12637362637362637,1,1.0
17,17,26,3,0.11538461538461539,0.14285714285714285,0.7603246453103436,1.0
17,18,26,8,0.3076923076923077,0.2087912087912088,0.14081440875532145,1.0
17,19,26,7,0.2692307692307692,0.14285714285714285,0.052560605541381686,1.0
17,20,26,4,0.15384615384615385,0.15384615384615385,0.5969604031776515,1.0
17,21,26,4,0.15384615384615385,0.12637362637362637,0.42331273461611685,1.0
17,22,26,2,0.07692307692307693,0.15934065934065933,0.9481946186160033,1.0
17,23,26,1,0.038461538461538464,0.12637362637362637,0.9776330255966037,1.0
17,24,26,7,0.2692307692307692,0.1813186813186813,0.16213846681468624,1.0
17,25,26,7,0.2692307692307692,0.17582417582417584,0.14216218611904208,1.0
17,26,26,2,0.07692307692307693,0.13736263736263737,0.9073999068625254,1.0
17,27,26,4,0.15384615384615385,0.12637362637362637,0.42331273461611685,1.0
17,28,26,4,0.15384615384615385,0.12087912087912088,0.38664514571865527,1.0
17,29,26,6,0.23076923076923078,0.12087912087912088,0.06964693896003536,1.0
17,30,26,5,0.19230769230769232,0.15384615384615385,0.36780765695280065,1.0
17,31,26,3,0.11538461538461539,0.14835164835164835,0.7848371889023739,1.0
17,32,26,3,0.11538461538461539,0.13736263736263737,0.7337847484888973,1.0
17,33,26,4,0.15384615384615385,0.2032967032967033,0.8251942900418207,1.0
17,34,26,4,0.15384615384615385,0.14285714285714285,0.5303122061911422,1.0
17,35,26,7,0.2692307692307692,0.1813186813186813,0.16213846681468624,1.0
17,36,26,6,0.23076923076923078,0.13736263736263737,0.12022946754391309,1.0
17,37,26,1,0.038461538461538464,0.16483516483516483,0.9937593683415719,1.0
17,38,26,3,0.11538461538461539,0.1978021978021978,0.9276718429337292,1.0
18,1,39,10,0.2564102564102564,0.1813186813186813,0.1286180125222872,1.0
18,2,39,5,0.1282051282051282,0.17032967032967034,0.8490922781575673,1.0
18,3,39,7,0.1794871794871795,0.14285714285714285,0.3065056188816128,1.0
18,4,39,8,0.20512820512820512,0.18681318681318682,0.4494825173928478,1.0
18,5,39,4,0.10256410256410256,0.1043956043956044,0.6156955950712723,1.0
18,6,39,5,0.1282051282051282,0.17582417582417584,0.8704117256102597,1.0
18,7,39,6,0.15384615384615385,0.15384615384615385,0.5860583227475288,1.0
18,8,39,11,0.28205128205128205,0.2087912087912088,0.14764048532666948,1.0
18,9,39,7,0.1794871794871795,0.13736263736263737,0.26684307770146376,1.0
18,10,39,8,0.20512820512820512,0.17582417582417584,0.3702000700035151,1.0
18,11,39,8,0.20512820512820512,0.14835164835164835,0.18940668777831554,1.0
18,12,39,6,0.15384615384615385,0.17582417582417584,0.733967261913028,1.0
18,13,39,9,0.23076923076923078,0.18681318681318682,0.28057354943845014,1.0
18,14,39,7,0.1794871794871795,0.15384615384615385,0.3893058953262669,1.0
18,15,39,5,0.1282051282051282,0.1813186813186813,0.8892540563113059,1.0
18,16,39,4,0.10256410256410256,0.12637362637362637,0.7760410227312085,1.0
18,17,39,7,0.1794871794871795,0.14285714285714285,0.3065056188816128,1.0
18,18,39,8,0.20512820512820512,0.2087912087912088,0.6032339065661184,1.0
18,19,39,3,0.07692307692307693,0.14285714285714285,0.9518900477354271,1.0
18,20,39,5,0.1282051282051282,0.15384615384615385,0.7687210622716159,1.0
18,21,39,5,0.1282051282051282,0.12637362637362637,0.5768620432992633,1.0
18,22,39,6,0.15384615384615385,0.15934065934065933,0.6263864600450545,1.0
18,23,39,3,0.07692307692307693,0.12637362637362637,0.913253208562104,1.0
18,24,39,5,0.1282051282051282,0.1813186813186813,0.8892540563113059,1.0
18,25,39,7,0.1794871794871795,0.17582417582417584,0.5555398863089558,1.0
18,26,39,6,0.15384615384615385,0.13736263736263737,0.4555406221039912,1.0
18,27,39,7,0.1794871794871795,0.12637362637362637,0.19337611489962486,1.0
18,28,39,6,0.15384615384615385,0.12087912087912088,0.3201809585008783,1.0
18,29,39,3,0.07692307692307693,0.12087912087912088,0.8953559669319872,1.0
18,30,39,6,0.15384615384615385,0.15384615384615385,0.5860583227475288,1.0
18,31,39,5,0.1282051282051282,0.14835164835164835,0.7361027159280289,1.0
18,32,39,4,0.10256410256410256,0.13736263736263737,0.8347479322238363,1.0
18,33,39,12,0.3076923076923077,0.2032967032967033,0.0579022748123216,1.0
18,34,39,4,0.10256410256410256,0.14285714285714285,0.8591549960496031,1.0
18,35,39,4,0.10256410256410256,0.1813186813186813,0.959703952873346,1.0
18,36,39,4,0.10256410256410256,0.13736263736263737,0.8347479322238363,1.0
18,37,39,5,0.1282051282051282,0.16483516483516483,0.8251277379688088,1.0
18,38,39,9,0.23076923076923078,0.1978021978021978,0.3524558729951908,1.0
19,1,26,7,0.2692307692307692,0.1813186813186813,0.16213846681468624,1.0
19,2,26,5,0.19230769230769232,0.17032967032967034,0.4658849491779187,1.0
19,3,26,5,0.19230769230769232,0.14285714285714285,0.3033036608664079,1.0
19,4,26,3,0.11538461538461539,0.18681318681318682,0.9062049949419104,1.0
19,5,26,4,0.15384615384615385,0.1043956043956044,0.2776245844448886,1.0
19,6,26,6,0.23076923076923078,0.17582417582417584,0.2919842913363734,1.0
19,7,26,4,0.15384615384615385,0.15384615384615385,0.5969604031776515,1.0
19,8,26,4,0.15384615384615385,0.2087912087912088,0.8428836201657586,1.0
19,9,26,2,0.07692307692307693,0.13736263736263737,0.9073999068625254,1.0
19,10,26,4,0.15384615384615385,0.17582417582417584,0.7138962288797858,1.0
19,11,26,5,0.19230769230769232,0.14835164835164835,0.3353176864891268,1.0
19,12,26,2,0.07692307692307693,0.17582417582417584,0.967213844255987,1.0
19,13,26,5,0.19230769230769232,0.18681318681318682,0.5606817598317732,1.0
19,14,26,3,0.11538461538461539,0.15384615384615385,0.8073824031893406,1.0
19,15,26,6,0.23076923076923078,0.1813186813186813,0.32083891900785944,1.0
19,16,26,4,0.15384615384615385,0.12637362637362637,0.42331273461611685,1.0
19,17,26,2,0.07692307692307693,0.14285714285714285,0.9196561786585405,1.0
19,18,26,5,0.19230769230769232,0.2087912087912088,0.674834983988348,1.0
19,19,26,4,0.15384615384615385,0.14285714285714285,0.5303122061911422,1.0
19,20,26,5,0.19230769230769232,0.15384615384615385,0.36780765695280065,1.0
19,21,26,0,0.0,0.12637362637362637,1,1.0
19,22,26,6,0.23076923076923078,0.15934065934065933,0.21067434525576006,1.0
19,23,26,6,0.23076923076923078,0.12637362637362637,0.08474866379622167,1.0
19,24,26,5,0.19230769230769232,0.1813186813186813,0.5297405346498935,1.0
19,25,26,10,0.38461538461538464,0.17582417582417584,0.005195520146490286,1.0
19,26,26,5,0.19230769230769232,0.13736263736263737,0.27200105803530494,1.0
19,27,26,0,0.0,0.12637362637362637,1,1.0
19,28,26,2,0.07692307692307693,0.12087912087912088,0.860135315394572,1.0
19,29,26,2,0.07692307692307693,0.12087912087912088,0.860135315394572,1.0
19,30,26,5,0.19230769230769232,0.15384615384615385,0.36780765695280065,1.0
19,31,26,3,0.11538461538461539,0.14835164835164835,0.7848371889023739,1.0
19,32,26,4,0.15384615384615385,0.13736263736263737,0.4953878146027215,1.0
19,33,26,4,0.15384615384615385,0.2032967032967033,0.8251942900418207,1.0
19,34,26,3,0.11538461538461539,0.14285714285714285,0.7603246453103436,1.0
19,35,26,3,0.11538461538461539,0.1813186813186813,0.8935791761133898,1.0
19,36,26,3,0.11538461538461539,0.13736263736263737,0.7337847484888973,1.0
19,37,26,5,0.19230769230769232,0.16483516483516483,0.4333055455376292,1.0
19,38,26,5,0.19230769230769232,0.1978021978021978,0.6198931579025136,1.0
20,1,28,6,0.21428571428571427,0.1813186813186813,0.39633504240802064,1.0
20,2,28,5,0.17857142857142858,0.17032967032967034,0.5415172406327146,1.0
20,3,28,3,0.10714285714285714,0.14285714285714285,0.8073824031893406,1.0
20,4,28,5,0.17857142857142858,0.18681318681318682,0.6367597694080428,1.0
20,5,28,2,0.07142857142857142,0.1043956043956044,0.8291565200455563,1.0
20,6,28,3,0.10714285714285714,0.17582417582417584,0.9112112988820266,1.0
20,7,28,3,0.10714285714285714,0.15384615384615385,0.8494770284129363,1.0
20,8,28,4,0.14285714285714285,0.2087912087912088,0.8858125619665436,1.0
20,9,28,4,0.14285714285714285,0.13736263736263737,0.5617061345276745,1.0
20,10,28,7,0.25,0.17582417582417584,0.19405909046083658,1.0
20,11,28,5,0.17857142857142858,0.14835164835164835,0.4030619256027777,1.0
20,12,28,3,0.10714285714285714,0.17582417582417584,0.9112112988820266,1.0
20,13,28,7,0.25,0.18681318681318682,0.2451813293045259,1.0
20,14,28,4,0.14285714285714285,0.15384615384615385,0.6627444729186921,1.0
20,15,28,5,0.17857142857142858,0.1813186813186813,0.6061664391697043,1.0
20,16,28,4,0.14285714285714285,0.12637362637362637,0.4873005584836639,1.0
20,17,28,6,0.21428571428571427,0.14285714285714285,0.18586382235622734,1.0
20,18,28,4,0.14285714285714285,0.2087912087912088,0.8858125619665436,1.0
20,19,28,2,0.07142857142857142,0.14285714285714285,0.9399077974274718,1.0
20,20,28,3,0.10714285714285714,0.15384615384615385,0.8494770284129363,1.0
20,21,28,6,0.21428571428571427,0.12637362637362637,0.1155894725621859,1.0
20,22,28,4,0.14285714285714285,0.15934065934065933,0.6930581994599655,1.0
20,23,28,5,0.17857142857142858,0.12637362637362637,0.2647974436715116,1.0
20,24,28,3,0.10714285714285714,0.1813186813186813,0.9227224256636236,1.0
20,25,28,3,0.10714285714285714,0.17582417582417584,0.9112112988820266,1.0
20,26,28,5,0.17857142857142858,0.13736263736263737,0.33281845799192117,1.0
20,27,28,6,0.21428571428571427,0.12637362637362637,0.1155894725621859,1.0
20,28,28,3,0.10714285714285714,0.12087912087912088,0.6962600054376852,1.0
20,29,28,2,0.07142857142857142,0.12087912087912088,0.8891456487798588,1.0
20,30,28,5,0.17857142857142858,0.15384615384615385,0.438306305257341,1.0
20,31,28,6,0.21428571428571427,0.14835164835164835,0.2126888748929016,1.0
20,32,28,5,0.17857142857142858,0.13736263736263737,0.33281845799192117,1.0
20,33,28,3,0.10714285714285714,0.2032967032967033,0.9568069870447312,1.0
20,34,28,4,0.14285714285714285,0.14285714285714285,0.5969604031776515,1.0
20,35,28,6,0.21428571428571427,0.1813186813186813,0.39633504240802064,1.0
20,36,28,6,0.21428571428571427,0.13736263736263737,0.16064026549338437,1.0
20,37,28,6,0.21428571428571427,0.16483516483516483,0.30091151150692386,1.0
20,38,28,5,0.17857142857142858,0.1978021978021978,0.6939335981728485,1.0
21,1,24,4,0.16666666666666666,0.1813186813186813,0.6722590904672175,1.0
21,2,24,8,0.3333333333333333,0.17032967032967034,0.02919033270842743,1.0
21,3,24,3,0.125,0.14285714285714285,0.7051771164225562,1.0
21,4,24,5,0.20833333333333334,0.18681318681318682,0.47853206319443126,1.0
21,5,24,4,0.16666666666666666,0.1043956043956044,0.2273026565086399,1.0
21,6,24,5,0.20833333333333334,0.17582417582417584,0.41824462957935515,1.0
21,7,24,5,0.20833333333333334,0.15384615384615385,0.29838281949221385,1.0
21,8,24,4,0.16666666666666666,0.2087912087912088,0.7879898342694577,1.0
21,9,24,3,0.125,0.13736263736263737,0.6768465953220999,1.0
21,10,24,4,0.16666666666666666,0.17582417582417584,0.6451363964915114,1.0
21,11,24,1,0.041666666666666664,0.14835164835164835,0.9841689000715197,1.0
21,12,24,7,0.2916666666666667,0.17582417582417584,0.09861223066771234,1.0
21,13,24,2,0.08333333333333333,0.18681318681318682,0.9642194184379217,1.0
21,14,24,2,0.08333333333333333,0.15384615384615385,0.9179846887576149,1.0
21,15,24,6,0.25,0.1813186813186813,0.2488321102849451,1.0
21,16,24,2,0.08333333333333333,0.12637362637362637,0.8448417248191856,1.0
21,17,24,3,0.125,0.14285714285714285,0.7051771164225562,1.0
21,18,24,5,0.20833333333333334,0.2087912087912088,0.5937252853895344,1.0
21,19,24,3,0.125,0.14285714285714285,0.7051771164225562,1.0
21,20,24,5,0.20833333333333334,0.15384615384615385,0.29838281949221385,1.0
21,21,24,2,0.08333333333333333,0.12637362637362637,0.8448417248191856,1.0
21,22,24,2,0.08333333333333333,0.15934065934065933,0.9282354420250883,1.0
21,23,24,3,0.125,0.12637362637362637,0.6149488365292963,1.0
21,24,24,5,0.20833333333333334,0.1813186813186813,0.44849686516764264,1.0
21,25,24,2,0.08333333333333333,0.17582417582417584,0.9524682210863624,1.0
21,26,24,3,0.125,0.13736263736263737,0.6768465953220999,1.0
21,27,24,2,0.08333333333333333,0.12637362637362637,0.8448417248191856,1.0
21,28,24,0,0.0,0.12087912087912088,1,1.0
21,29,24,3,0.125,0.12087912087912088,0.5814861665891802,1.0
21,30,24,7,0.2916666666666667,0.15384615384615385,0.05083884359021436,1.0
21,31,24,2,0.08333333333333333,0.14835164835164835,0.9064525913317072,1.0
21,32,24,3,0.125,0.13736263736263737,0.6768465953220999,1.0
21,33,24,6,0.25,0.2032967032967033,0.3546873833391907,1.0
21,34,24,3,0.125,0.14285714285714285,0.7051771164225562,1.0
21,35,24,8,0.3333333333333333,0.1813186813186813,0.0426088554731837,1.0
21,36,24,4,0.16666666666666666,0.13736263736263737,0.4261075960727182,1.0
21,37,24,5,0.20833333333333334,0.16483516483516483,0.3577357987787153,1.0
21,38,24,3,0.125,0.1978021978021978,0.8972874934848368,1.0
22,1,29,4,0.13793103448275862,0.1813186813186813,0.8207667313123354,1.0
22,2,29,5,0.1724137931034483,0.17032967032967034,0.5777608028570539,1.0
22,3,29,3,0.10344827586206896,0.14285714285714285,0.8280357113822961,1.0
22,4,29,7,0.2413793103448276,0.18681318681318682,0.2785529283014014,1.0
22,5,29,4,0.13793103448275862,0.1043956043956044,0.35693503756758044,1.0
22,6,29,3,0.10344827586206896,0.17582417582417584,0.9241483794307745,1.0
22,7,29,3,0.10344827586206896,0.15384615384615385,0.8675253548305867,1.0
22,8,29,5,0.1724137931034483,0.2087912087912088,0.7763244064076501,1.0
22,9,29,7,0.2413793103448276,0.13736263736263737,0.07492384931445913,1.0
22,10,29,8,0.27586206896551724,0.17582417582417584,0.10383765155385305,1.0
22,11,29,2,0.06896551724137931,0.14835164835164835,0.9561435924791563,1.0
22,12,29,9,0.3103448275862069,0.17582417582417584,0.04045534224419893,1.0
22,13,29,6,0.20689655172413793,0.18681318681318682,0.46790047913149907,1.0
22,14,29,3,0.10344827586206896,0.15384615384615385,0.8675253548305867,1.0
22,15,29,6,0.20689655172413793,0.1813186813186813,0.43448620545559946,1.0
22,16,29,6,0.20689655172413793,0.12637362637362637,0.1330293652892499,1.0
22,17,29,5,0.1724137931034483,0.14285714285714285,0.40054376355635074,1.0
22,18,29,5,0.1724137931034483,0.2087912087912088,0.7763244064076501,1.0
22,19,29,4,0.13793103448275862,0.14285714285714285,0.6283870655170596,1.0
22,20,29,2,0.06896551724137931,0.15384615384615385,0.9629603799905846,1.0
22,21,29,5,0.1724137931034483,0.12637362637362637,0.29224912666781605,1.0
22,22,29,6,0.20689655172413793,0.15934065934065933,0.30203081131555254,1.0
22,23,29,2,0.06896551724137931,0.12637362637362637,0.9158491151602245,1.0
22,24,29,4,0.13793103448275862,0.1813186813186813,0.8207667313123354,1.0
22,25,29,6,0.20689655172413793,0.17582417582417584,0.40095942580772714,1.0
22,26,29,5,0.1724137931034483,0.13736263736263737,0.3640304138831602,1.0
22,27,29,2,0.06896551724137931,0.12637362637362637,0.9158491151602245,1.0
22,28,29,7,0.2413793103448276,0.12087912087912088,0.03827685808843726,1.0
22,29,29,3,0.10344827586206896,0.12087912087912088,0.7213100889886168,1.0
22,30,29,2,0.06896551724137931,0.15384615384615385,0.9629603799905846,1.0
22,31,29,3,0.10344827586206896,0.14835164835164835,0.8488324453265916,1.0
22,32,29,4,0.13793103448275862,0.13736263736263737,0.5933342498307966,1.0
22,33,29,6,0.20689655172413793,0.2032967032967033,0.5654069124813195,1.0
22,34,29,3,0.10344827586206896,0.14285714285714285,0.8280357113822961,1.0
22,35,29,8,0.27586206896551724,0.1813186813186813,0.12128046307586986,1.0
22,36,29,2,0.06896551724137931,0.13736263736263737,0.938951625751872,1.0
22,37,29,4,0.13793103448275862,0.16483516483516483,0.7499995637244624,1.0
22,38,29,5,0.1724137931034483,0.1978021978021978,0.7273468747237091,1.0
23,1,22,2,0.09090909090909091,0.1813186813186813,0.9399054922572887,1.0
23,2,22,4,0.18181818181818182,0.17032967032967034,0.5386858233721481,1.0
23,3,22,2,0.09090909090909091,0.14285714285714285,0.860135315394572,1.0
23,4,22,1,0.045454545454545456,0.18681318681318682,0.9923227738564236,1.0
23,5,22,1,0.045454545454545456,0.1043956043956044,0.92477009951254,1.0
23,6,22,8,0.36363636363636365,0.17582417582417584,0.020264764141070445,1.0
23,7,22,2,0.09090909090909091,0.15384615384615385,0.8891456487798588,1.0
23,8,22,5,0.22727272727272727,0.2087912087912088,0.5037897818149104,1.0
23,9,22,4,0.18181818181818182,0.13736263736263737,0.3555778463183534,1.0
23,10,22,3,0.13636363636363635,0.17582417582417584,0.7876099122961714,1.0
23,11,22,4,0.18181818181818182,0.14835164835164835,0.4177124451189571,1.0
23,12,22,2,0.09090909090909091,0.17582417582417584,0.9318409605281868,1.0
23,13,22,4,0.18181818181818182,0.18681318681318682,0.6222766033161161,1.0
23,14,22,4,0.18181818181818182,0.15384615384615385,0.44860436460328956,1.0
23,15,22,1,0.045454545454545456,0.1813186813186813,0.9909928606661979,1.0
23,16,22,5,0.22727272727272727,0.12637362637362637,0.1222729563695946,1.0
23,17,22,4,0.18181818181818182,0.14285714285714285,0.38664514571865527,1.0
23,18,22,5,0.22727272727272727,0.2087912087912088,0.5037897818149104,1.0
23,19,22,6,0.2727272727272727,0.14285714285714285,0.06964693896003536,1.0
23,20,22,4,0.18181818181818182,0.15384615384615385,0.44860436460328956,1.0
23,21,22,2,0.09090909090909091,0.12637362637362637,0.8045706328566216,1.0
23,22,22,5,0.22727272727272727,0.15934065934065933,0.25763613506377997,1.0
23,23,22,2,0.09090909090909091,0.12637362637362637,0.8045706328566216,1.0
23,24,22,4,0.18181818181818182,0.1813186813186813,0.5953018479868175,1.0
23,25,22,4,0.18181818181818182,0.17582417582417584,0.5674098386595066,1.0
23,26,22,2,0.09090909090909091,0.13736263736263737,0.843334446903093,1.0
23,27,22,3,0.13636363636363635,0.12637362637362637,0.5493876822341526,1.0
23,28,22,4,0.18181818181818182,0.12087912087912088,0.26430355330871164,1.0
23,29,22,1,0.045454545454545456,0.12087912087912088,0.951446119964378,1.0
23,30,22,3,0.13636363636363635,0.15384615384615385,0.6962600054376852,1.0
23,31,22,3,0.13636363636363635,0.14835164835164835,0.6697254724911428,1.0
23,32,22,1,0.045454545454545456,0.13736263736263737,0.9689409399108173,1.0
23,33,22,5,0.22727272727272727,0.2032967032967033,0.47639683677013145,1.0
23,34,22,5,0.22727272727272727,0.14285714285714285,0.184707699616693,1.0
23,35,22,7,0.3181818181818182,0.1813186813186813,0.07463877387292368,1.0
23,36,22,3,0.13636363636363635,0.13736263736263737,0.6122918466261111,1.0
23,37,22,4,0.18181818181818182,0.16483516483516483,0.5092302966598145,1.0
23,38,22,3,0.13636363636363635,0.1978021978021978,0.8565188681545125,1.0
24,1,34,5,0.14705882352941177,0.1813186813186813,0.7909466146470441,1.0
24,2,34,7,0.20588235294117646,0.17032967032967034,0.3488254907031288,1.0
24,3,34,4,0.11764705882352941,0.14285714285714285,0.7631123815520097,1.0
24,4,34,8,0.23529411764705882,0.18681318681318682,0.2804016580670961,1.0
24,5,34,8,0.23529411764705882,0.1043956043956044,0.010923189058141413,1.0
24,6,34,9,0.2647058823529412,0.17582417582417584,0.10645629480771958,1.0
24,7,34,5,0.14705882352941177,0.15384615384615385,0.6367597694080428,1.0
24,8,34,9,0.2647058823529412,0.2087912087912088,0.25099062284756696,1.0
24,9,34,5,0.14705882352941177,0.13736263736263737,0.5202201576708536,1.0
24,10,34,6,0.17647058823529413,0.17582417582417584,0.5812041897703825,1.0
24,11,34,4,0.11764705882352941,0.14835164835164835,0.7915474521615413,1.0
24,12,34,10,0.29411764705882354,0.17582417582417584,0.04387489691582908,1.0
24,13,34,4,0.11764705882352941,0.18681318681318682,0.9239524789010741,1.0
24,14,34,4,0.11764705882352941,0.15384615384615385,0.8173453992871244,1.0
24,15,34,8,0.23529411764705882,0.1813186813186813,0.24912984711701994,1.0
24,16,34,2,0.058823529411764705,0.12637362637362637,0.9564317416352043,1.0
24,17,34,3,0.08823529411764706,0.14285714285714285,0.9062049949419104,1.0
24,18,34,5,0.14705882352941177,0.2087912087912088,0.8913756759806154,1.0
24,19,34,3,0.08823529411764706,0.14285714285714285,0.9062049949419104,1.0
24,20,34,4,0.11764705882352941,0.15384615384615385,0.8173453992871244,1.0
24,21,34,5,0.14705882352941177,0.12637362637362637,0.4359821993231474,1.0
24,22,34,5,0.14705882352941177,0.15934065934065933,0.6719387882156561,1.0
24,23,34,5,0.14705882352941177,0.12637362637362637,0.4359821993231474,1.0
24,24,34,3,0.08823529411764706,0.1813186813186813,0.9726765921201,1.0
24,25,34,8,0.23529411764705882,0.17582417582417584,0.21928333427627217,1.0
24,26,34,4,0.11764705882352941,0.13736263736263737,0.7319692089796657,1.0
24,27,34,3,0.08823529411764706,0.12637362637362637,0.8491825548009305,1.0
24,28,34,4,0.11764705882352941,0.12087912087912088,0.6222766033161161,1.0
24,29,34,7,0.20588235294117646,0.12087912087912088,0.08629607710007813,1.0
24,30,34,5,0.14705882352941177,0.15384615384615385,0.6367597694080428,1.0
24,31,34,5,0.14705882352941177,0.14835164835164835,0.5996107255472032,1.0
24,32,34,2,0.058823529411764705,0.13736263736263737,0.9706998627558682,1.0
24,33,34,10,0.29411764705882354,0.2032967032967033,0.11269273073538852,1.0
24,34,34,3,0.08823529411764706,0.14285714285714285,0.9062049949419104,1.0
24,35,34,4,0.11764705882352941,0.1813186813186813,0.9111520762757368,1.0
24,36,34,7,0.20588235294117646,0.13736263736263737,0.15558398247010502,1.0
24,37,34,5,0.14705882352941177,0.16483516483516483,0.7050116644593626,1.0
24,38,34,6,0.17647058823529413,0.1978021978021978,0.713277126425566,1.0
25,1,32,7,0.21875,0.1813186813186813,0.35095912622074765,1.0
25,2,32,4,0.125,0.17032967032967034,0.8442798030980164,1.0
25,3,32,8,0.25,0.14285714285714285,0.05720308610485203,1.0
25,4,32,6,0.1875,0.18681318681318682,0.5812041897703825,1.0
25,5,32,6,0.1875,0.1043956043956044,0.08969231582566066,1.0
25,6,32,6,0.1875,0.17582417582417584,0.5110265516264445,1.0
25,7,32,3,0.09375,0.15384615384615385,0.9112112988820266,1.0
25,8,32,6,0.1875,0.2087912087912088,0.7065168964354784,1.0
25,9,32,4,0.125,0.13736263736263737,0.6806950820835311,1.0
25,10,32,6,0.1875,0.17582417582417584,0.5110265516264445,1.0
25,11,32,4,0.125,0.14835164835164835,0.7446914954734133,1.0
25,12,32,2,0.0625,0.17582417582417584,0.9898865562470829,1.0
25,13,32,3,0.09375,0.18681318681318682,0.967083454316067,1.0
25,14,32,10,0.3125,0.15384615384615385,0.009846205630130965,1.0
25,15,32,7,0.21875,0.1813186813186813,0.35095912622074765,1.0
25,16,32,2,0.0625,0.12637362637362637,0.9430016964032832,1.0
25,17,32,0,0.0,0.14285714285714285,1,1.0
25,18,32,9,0.28125,0.2087912087912088,0.18969242731862143,1.0
25,19,32,5,0.15625,0.14285714285714285,0.49808877470413077,1.0
25,20,32,3,0.09375,0.15384615384615385,0.9112112988820266,1.0
25,21,32,6,0.1875,0.12637362637362637,0.19284867931235186,1.0
25,22,32,5,0.15625,0.15934065934065933,0.6105017986069292,1.0
25,23,32,7,0.21875,0.12637362637362637,0.08019006777477528,1.0
25,24,32,6,0.1875,0.1813186813186813,0.5465970906054882,1.0
25,25,32,5,0.15625,0.17582417582417584,0.7086406570655764,1.0
25,26,32,1,0.03125,0.13736263736263737,0.9946212889740752,1.0
25,27,32,4,0.125,0.12637362637362637,0.6073211020061521,1.0
25,28,32,3,0.09375,0.12087912087912088,0.7876099122961714,1.0
25,29,32,4,0.125,0.12087912087912088,0.5674098386595066,1.0
25,30,32,6,0.1875,0.15384615384615385,0.3640918022470747,1.0
25,31,32,4,0.125,0.14835164835164835,0.7446914954734133,1.0
25,32,32,3,0.09375,0.13736263736263737,0.8604392216356682,1.0
25,33,32,12,0.375,0.2032967032967033,0.010381282232046067,1.0
25,34,32,3,0.09375,0.14285714285714285,0.8795535250386094,1.0
25,35,32,6,0.1875,0.1813186813186813,0.5465970906054882,1.0
25,36,32,4,0.125,0.13736263736263737,0.6806950820835311,1.0
25,37,32,6,0.1875,0.16483516483516483,0.4379374915958216,1.0
25,38,32,6,0.1875,0.1978021978021978,0.6467689745526783,1.0
26,1,25,2,0.08,0.1813186813186813,0.9659348301691428,1.0
26,2,25,3,0.12,0.17032967032967034,0.8435882085526554,1.0
26,3,25,4,0.16,0.14285714285714285,0.4953878146027215,1.0
26,4,25,6,0.24,0.18681318681318682,0.3117796852887418,1.0
26,5,25,2,0.08,0.1043956043956044,0.7731536410635621,1.0
26,6,25,7,0.28,0.17582417582417584,0.11928858226906784,1.0
26,7,25,7,0.28,0.15384615384615385,0.06286005740779557,1.0
26,8,25,6,0.24,0.2087912087912088,0.42651023065744853,1.0
26,9,25,1,0.04,0.13736263736263737,0.9814089327076937,1.0
26,10,25,3,0.12,0.17582417582417584,0.8604392216356682,1.0
26,11,25,3,0.12,0.14835164835164835,0.7593818551721886,1.0
26,12,25,4,0.16,0.17582417582417584,0.6806950820835311,1.0
26,13,25,3,0.12,0.18681318681318682,0.8896943087815373,1.0
26,14,25,6,0.24,0.15384615384615385,0.16064026549338437,1.0
26,15,25,5,0.2,0.1813186813186813,0.4895671470264254,1.0
26,16,25,3,0.12,0.12637362637362637,0.6455042204159271,1.0
26,17,25,4,0.16,0.14285714285714285,0.4953878146027215,1.0
26,18,25,1,0.04,0.2087912087912088,0.998235327843887,1.0
26,19,25,5,0.2,0.14285714285714285,0.27200105803530494,1.0
26,20,25,3,0.12,0.15384615384615385,0.7831029416495303,1.0
26,21,25,5,0.2,0.12637362637362637,0.18791151486734914,1.0
26,22,25,4,0.16,0.15934065934065933,0.5933342498307966,1.0
26,23,25,4,0.16,0.12637362637362637,0.39087602136067007,1.0
26,24,25,5,0.2,0.1813186813186813,0.4895671470264254,1.0
26,25,25,2,0.08,0.17582417582417584,0.9604707427777271,1.0
26,26,25,2,0.08,0.13736263736263737,0.8940448946799385,1.0
26,27,25,5,0.2,0.12637362637362637,0.18791151486734914,1.0
26,28,25,2,0.08,0.12087912087912088,0.843334446903093,1.0
26,29,25,3,0.12,0.12087912087912088,0.6122918466261111,1.0
26,30,25,2,0.08,0.15384615384615385,0.9297135363322309,1.0
26,31,25,3,0.12,0.14835164835164835,0.7593818551721886,1.0
26,32,25,4,0.16,0.13736263736263737,0.46102062128465743,1.0
26,33,25,4,0.16,0.2032967032967033,0.7979246222772759,1.0
26,34,25,4,0.16,0.14285714285714285,0.4953878146027215,1.0
26,35,25,4,0.16,0.1813186813186813,0.7070575558845112,1.0
26,36,25,7,0.28,0.13736263736263737,0.034468990660528484,1.0
26,37,25,5,0.2,0.16483516483516483,0.3955034894053849,1.0
26,38,25,7,0.28,0.1978021978021978,0.196873633374965,1.0
27,1,23,3,0.13043478260869565,0.1813186813186813,0.8326220185985794,1.0
27,2,23,2,0.08695652173913043,0.17032967032967034,0.9349799174930576,1.0
27,3,23,4,0.17391304347826086,0.14285714285714285,0.42331273461611685,1.0
27,4,23,3,0.13043478260869565,0.18681318681318682,0.8491825548009305,1.0
27,5,23,3,0.13043478260869565,0.1043956043956044,0.4417292393491754,1.0
27,6,23,5,0.21739130434782608,0.17582417582417584,0.37783133776294053,1.0
27,7,23,5,0.21739130434782608,0.15384615384615385,0.2647974436715116,1.0
27,8,23,7,0.30434782608695654,0.2087912087912088,0.17394448229446607,1.0
27,9,23,2,0.08695652173913043,0.13736263736263737,0.8621754208542516,1.0
27,10,23,7,0.30434782608695654,0.17582417582417584,0.08019006777477528,1.0
27,11,23,2,0.08695652173913043,0.14835164835164835,0.8918929570502511,1.0
27,12,23,4,0.17391304347826086,0.17582417582417584,0.6073211020061521,1.0
27,13,23,6,0.2608695652173913,0.18681318681318682,0.23822352431522684,1.0
27,14,23,4,0.17391304347826086,0.15384615384615385,0.4873005584836639,1.0
27,15,23,2,0.08695652173913043,0.1813186813186813,0.9501229659390705,1.0
27,16,23,2,0.08695652173913043,0.12637362637362637,0.8256839841283615,1.0
27,17,23,1,0.043478260869565216,0.14285714285714285,0.9776330255966037,1.0
27,18,23,5,0.21739130434782608,0.2087912087912088,0.5496919876434184,1.0
27,19,23,2,0.08695652173913043,0.14285714285714285,0.8778162293784618,1.0
27,20,23,6,0.2608695652173913,0.15384615384615385,0.1155894725621859,1.0
27,21,23,4,0.17391304347826086,0.12637362637362637,0.32610260043949224,1.0
27,22,23,6,0.2608695652173913,0.15934065934065933,0.1330293652892499,1.0
27,23,23,4,0.17391304347826086,0.12637362637362637,0.32610260043949224,1.0
27,24,23,3,0.13043478260869565,0.1813186813186813,0.8326220185985794,1.0
27,25,23,3,0.13043478260869565,0.17582417582417584,0.8146532338396743,1.0
27,26,23,5,0.21739130434782608,0.13736263736263737,0.18791151486734914,1.0
27,27,23,2,0.08695652173913043,0.12637362637362637,0.8256839841283615,1.0
27,28,23,5,0.21739130434782608,0.12087912087912088,0.1222729563695946,1.0
27,29,23,3,0.13043478260869565,0.12087912087912088,0.5493876822341526,1.0
27,30,23,3,0.13043478260869565,0.15384615384615385,0.7276039224807884,1.0
27,31,23,2,0.08695652173913043,0.14835164835164835,0.8918929570502511,1.0
27,32,23,2,0.08695652173913043,0.13736263736263737,0.8621754208542516,1.0
27,33,23,6,0.2608695652173913,0.2032967032967033,0.3125527842210475,1.0
27,34,23,2,0.08695652173913043,0.14285714285714285,0.8778162293784618,1.0
27,35,23,1,0.043478260869565216,0.1813186813186813,0.9928505831537945,1.0
27,36,23,3,0.13043478260869565,0.13736263736263737,0.6455042204159271,1.0
27,37,23,6,0.2608695652173913,0.16483516483516483,0.1517611019220224,1.0
27,38,23,3,0.13043478260869565,0.1978021978021978,0.8783444958566053,1.0
28,1,22,5,0.22727272727272727,0.1813186813186813,0.36519277103650283,1.0
28,2,22,4,0.18181818181818182,0.17032967032967034,0.5386858233721481,1.0
28,3,22,5,0.22727272727272727,0.14285714285714285,0.184707699616693,1.0
28,4,22,5,0.22727272727272727,0.18681318681318682,0.39299118301707775,1.0
28,5,22,2,0.09090909090909091,0.1043956043956044,0.7033187023029746,1.0
28,6,22,4,0.18181818181818182,0.17582417582417584,0.5674098386595066,1.0
28,7,22,1,0.045454545454545456,0.15384615384615385,0.9803155824936198,1.0
28,8,22,3,0.13636363636363635,0.2087912087912088,0.883513292569627,1.0
28,9,22,0,0.0,0.13736263736263737,1,1.0
28,10,22,4,0.18181818181818182,0.17582417582417584,0.5674098386595066,1.0
28,11,22,1,0.045454545454545456,0.14835164835164835,0.9770595134324139,1.0
28,12,22,7,0.3181818181818182,0.17582417582417584,0.06403331686640122,1.0
28,13,22,3,0.13636363636363635,0.18681318681318682,0.8247017621539768,1.0
28,14,22,2,0.09090909090909091,0.15384615384615385,0.8891456487798588,1.0
28,15,22,2,0.09090909090909091,0.1813186813186813,0.9399054922572887,1.0
28,16,22,2,0.09090909090909091,0.12637362637362637,0.8045706328566216,1.0
28,17,22,3,0.13636363636363635,0.14285714285714285,0.6417240250053444,1.0
28,18,22,3,0.13636363636363635,0.2087912087912088,0.883513292569627,1.0
28,19,22,1,0.045454545454545456,0.14285714285714285,0.9732931648914671,1.0
28,20,22,3,0.13636363636363635,0.15384615384615385,0.6962600054376852,1.0
28,21,22,4,0.18181818181818182,0.12637362637362637,0.2942047316116836,1.0
28,22,22,6,0.2727272727272727,0.15934065934065933,0.11103993532903875,1.0
28,23,22,5,0.22727272727272727,0.12637362637362637,0.1222729563695946,1.0
28,24,22,3,0.13636363636363635,0.1813186813186813,0.8068407187271067,1.0
28,25,22,4,0.18181818181818182,0.17582417582417584,0.5674098386595066,1.0
28,26,22,2,0.09090909090909091,0.13736263736263737,0.843334446903093,1.0
28,27,22,5,0.22727272727272727,0.12637362637362637,0.1222729563695946,1.0
28,28,22,4,0.18181818181818182,0.12087912087912088,0.26430355330871164,1.0
28,29,22,3,0.13636363636363635,0.12087912087912088,0.5161029495442653,1.0
28,30,22,3,0.13636363636363635,0.15384615384615385,0.6962600054376852,1.0
28,31,22,2,0.09090909090909091,0.14835164835164835,0.8753681028268463,1.0
28,32,22,4,0.18181818181818182,0.13736263736263737,0.3555778463183534,1.0
28,33,22,4,0.18181818181818182,0.2032967032967033,0.6970622274086284,1.0
28,34,22,4,0.18181818181818182,0.14285714285714285,0.38664514571865527,1.0
28,35,22,4,0.18181818181818182,0.1813186813186813,0.5953018479868175,1.0
28,36,22,4,0.18181818181818182,0.13736263736263737,0.3555778463183534,1.0
28,37,22,6,0.2727272727272727,0.16483516483516483,0.1273284019662322,1.0
28,38,22,5,0.22727272727272727,0.1978021978021978,0.44872047654224567,1.0
29,1,22,7,0.3181818181818182,0.1813186813186813,0.07463877387292368,1.0
29,2,22,4,0.18181818181818182,0.17032967032967034,0.5386858233721481,1.0
29,3,22,4,0.18181818181818182,0.14285714285714285,0.38664514571865527,1.0
29,4,22,5,0.22727272727272727,0.18681318681318682,0.39299118301707775,1.0
29,5,22,3,0.13636363636363635,0.1043956043956044,0.4106311913057168,1.0
29,6,22,8,0.36363636363636365,0.17582417582417584,0.020264764141070445,1.0
29,7,22,2,0.09090909090909091,0.15384615384615385,0.8891456487798588,1.0
29,8,22,5,0.22727272727272727,0.2087912087912088,0.5037897818149104,1.0
29,9,22,2,0.09090909090909091,0.13736263736263737,0.843334446903093,1.0
29,10,22,3,0.13636363636363635,0.17582417582417584,0.7876099122961714,1.0
29,11,22,2,0.09090909090909091,0.14835164835164835,0.8753681028268463,1.0
29,12,22,3,0.13636363636363635,0.17582417582417584,0.7876099122961714,1.0
29,13,22,4,0.18181818181818182,0.18681318681318682,0.6222766033161161,1.0
29,14,22,0,0.0,0.15384615384615385,1,1.0
29,15,22,7,0.3181818181818182,0.1813186813186813,0.07463877387292368,1.0
29,16,22,4,0.18181818181818182,0.12637362637362637,0.2942047316116836,1.0
29,17,22,3,0.13636363636363635,0.14285714285714285,0.6417240250053444,1.0
29,18,22,5,0.22727272727272727,0.2087912087912088,0.5037897818149104,1.0
29,19,22,5,0.22727272727272727,0.14285714285714285,0.184707699616693,1.0
29,20,22,0,0.0,0.15384615384615385,1,1.0
29,21,22,2,0.09090909090909091,0.12637362637362637,0.8045706328566216,1.0
29,22,22,3,0.13636363636363635,0.15934065934065933,0.7213100889886168,1.0
29,23,22,3,0.13636363636363635,0.12637362637362637,0.5493876822341526,1.0
29,24,22,1,0.045454545454545456,0.1813186813186813,0.9909928606661979,1.0
29,25,22,6,0.2727272727272727,0.17582417582417584,0.16345947630254928,1.0
29,26,22,3,0.13636363636363635,0.13736263736263737,0.6122918466261111,1.0
29,27,22,2,0.09090909090909091,0.12637362637362637,0.8045706328566216,1.0
29,28,22,4,0.18181818181818182,0.12087912087912088,0.26430355330871164,1.0
29,29,22,3,0.13636363636363635,0.12087912087912088,0.5161029495442653,1.0
29,30,22,3,0.13636363636363635,0.15384615384615385,0.6962600054376852,1.0
29,31,22,2,0.09090909090909091,0.14835164835164835,0.8753681028268463,1.0
29,32,22,0,0.0,0.13736263736263737,1,1.0
29,33,22,6,0.2727272727272727,0.2032967032967033,0.27159177108377647,1.0
29,34,22,4,0.18181818181818182,0.14285714285714285,0.38664514571865527,1.0
29,35,22,2,0.09090909090909091,0.1813186813186813,0.9399054922572887,1.0
29,36,22,4,0.18181818181818182,0.13736263736263737,0.3555778463183534,1.0
29,37,22,5,0.22727272727272727,0.16483516483516483,0.2836976816832895,1.0
29,38,22,3,0.13636363636363635,0.1978021978021978,0.8565188681545125,1.0
30,1,28,8,0.2857142857142857,0.1813186813186813,0.10143174651633349,1.0
30,2,28,4,0.14285714285714285,0.17032967032967034,0.7482397807270943,1.0
30,3,28,1,0.03571428571428571,0.14285714285714285,0.990954615948826,1.0
30,4,28,4,0.14285714285714285,0.18681318681318682,0.8173453992871244,1.0
30,5,28,4,0.14285714285714285,0.1043956043956044,0.33016552426050527,1.0
30,6,28,6,0.21428571428571427,0.17582417582417584,0.3640918022470747,1.0
30,7,28,2,0.07142857142857142,0.15384615384615385,0.9563786541174814,1.0
30,8,28,9,0.32142857142857145,0.2087912087912088,0.09317054390384391,1.0
30,9,28,3,0.10714285714285714,0.13736263736263737,0.7831029416495303,1.0
30,10,28,5,0.17857142857142858,0.17582417582417584,0.5743738032967219,1.0
30,11,28,5,0.17857142857142858,0.14835164835164835,0.4030619256027777,1.0
30,12,28,5,0.17857142857142858,0.17582417582417584,0.5743738032967219,1.0
30,13,28,7,0.25,0.18681318681318682,0.2451813293045259,1.0
30,14,28,7,0.25,0.15384615384615385,0.10910955913032386,1.0
30,15,28,7,0.25,0.1813186813186813,0.21899722152281817,1.0
30,16,28,3,0.10714285714285714,0.12637362637362637,0.7276039224807884,1.0
30,17,28,5,0.17857142857142858,0.14285714285714285,0.36780765695280065,1.0
30,18,28,7,0.25,0.2087912087912088,0.35928440261760025,1.0
30,19,28,4,0.14285714285714285,0.14285714285714285,0.5969604031776515,1.0
30,20,28,4,0.14285714285714285,0.15384615384615385,0.6627444729186921,1.0
30,21,28,3,0.10714285714285714,0.12637362637362637,0.7276039224807884,1.0
30,22,28,4,0.14285714285714285,0.15934065934065933,0.6930581994599655,1.0
30,23,28,3,0.10714285714285714,0.12637362637362637,0.7276039224807884,1.0
30,24,28,4,0.14285714285714285,0.1813186813186813,0.7961000310660559,1.0
30,25,28,5,0.17857142857142858,0.17582417582417584,0.5743738032967219,1.0
30,26,28,3,0.10714285714285714,0.13736263736263737,0.7831029416495303,1.0
30,27,28,5,0.17857142857142858,0.12637362637362637,0.2647974436715116,1.0
30,28,28,2,0.07142857142857142,0.12087912087912088,0.8891456487798588,1.0
30,29,28,3,0.10714285714285714,0.12087912087912088,0.6962600054376852,1.0
30,30,28,4,0.14285714285714285,0.15384615384615385,0.6627444729186921,1.0
30,31,28,5,0.17857142857142858,0.14835164835164835,0.4030619256027777,1.0
30,32,28,5,0.17857142857142858,0.13736263736263737,0.33281845799192117,1.0
30,33,28,1,0.03571428571428571,0.2032967032967033,0.999053533917503,1.0
30,34,28,7,0.25,0.14285714285714285,0.07656174261724114,1.0
30,35,28,2,0.07142857142857142,0.1813186813186813,0.9811635308625011,1.0
30,36,28,2,0.07142857142857142,0.13736263736263737,0.9297135363322309,1.0
30,37,28,3,0.10714285714285714,0.16483516483516483,0.8837430715244425,1.0
30,38,28,7,0.25,0.1978021978021978,0.30068921496125794,1.0
31,1,27,2,0.07407407407407407,0.1813186813186813,0.9769891662054384,1.0
31,2,27,6,0.2222222222222222,0.17032967032967034,0.29755803036975625,1.0
31,3,27,6,0.2222222222222222,0.14285714285714285,0.16244194812644458,1.0
31,4,27,6,0.2222222222222222,0.18681318681318682,0.3893943106838806,1.0
31,5,27,1,0.037037037037037035,0.1043956043956044,0.9603581745614689,1.0
31,6,27,5,0.18518518518518517,0.17582417582417584,0.5368234459664278,1.0
31,7,27,4,0.14814814814814814,0.15384615384615385,0.6306818775384991,1.0
31,8,27,6,0.2222222222222222,0.2087912087912088,0.5136806508336004,1.0
31,9,27,3,0.1111111111111111,0.13736263736263737,0.7593818551721886,1.0
31,10,27,5,0.18518518518518517,0.17582417582417584,0.5368234459664278,1.0
31,11,27,4,0.14814814814814814,0.14835164835164835,0.5981647415476817,1.0
31,12,27,3,0.1111111111111111,0.17582417582417584,0.896411278734259,1.0
31,13,27,8,0.2962962962962963,0.18681318681318682,0.09788111136513093,1.0
31,14,27,3,0.1111111111111111,0.15384615384615385,0.8294699688956958,1.0
31,15,27,3,0.1111111111111111,0.1813186813186813,0.9091557405281699,1.0
31,16,27,2,0.07407407407407407,0.12637362637362637,0.8918929570502511,1.0
31,17,27,5,0.18518518518518517,0.14285714285714285,0.3353176864891268,1.0
31,18,27,4,0.14814814814814814,0.2087912087912088,0.8657397334474131,1.0
31,19,27,4,0.14814814814814814,0.14285714285714285,0.5642242965741013,1.0
31,20,27,7,0.25925925925925924,0.15384615384615385,0.0919761384778674,1.0
31,21,27,1,0.037037037037037035,0.12637362637362637,0.9809307205406942,1.0
31,22,27,5,0.18518518518518517,0.15934065934065933,0.43705711322954127,1.0
31,23,27,2,0.07407407407407407,0.12637362637362637,0.8918929570502511,1.0
31,24,27,8,0.2962962962962963,0.1813186813186813,0.08366022122465558,1.0
31,25,27,4,0.14814814814814814,0.17582417582417584,0.7446914954734133,1.0
31,26,27,5,0.18518518518518517,0.13736263736263737,0.302072352188611,1.0
31,27,27,5,0.18518518518518517,0.12637362637362637,0.23815316311627485,1.0
31,28,27,2,0.07407407407407407,0.12087912087912088,0.8753681028268463,1.0
31,29,27,2,0.07407407407407407,0.12087912087912088,0.8753681028268463,1.0
31,30,27,5,0.18518518518518517,0.15384615384615385,0.4030619256027777,1.0
31,31,27,5,0.18518518518518517,0.14835164835164835,0.3690667379760141,1.0
31,32,27,4,0.14814814814814814,0.13736263736263737,0.5290078950225668,1.0
31,33,27,2,0.07407407407407407,0.2032967032967033,0.988319818584539,1.0
31,34,27,4,0.14814814814814814,0.14285714285714285,0.5642242965741013,1.0
31,35,27,4,0.14814814814814814,0.1813186813186813,0.7689666607951485,1.0
31,36,27,3,0.1111111111111111,0.13736263736263737,0.7593818551721886,1.0
31,37,27,5,0.18518518518518517,0.16483516483516483,0.47082122245675045,1.0
31,38,27,9,0.3333333333333333,0.1978021978021978,0.054027774394691794,1.0
32,1,25,5,0.2,0.1813186813186813,0.4895671470264254,1.0
32,2,25,2,0.08,0.17032967032967034,0.9542187727063485,1.0
32,3,25,5,0.2,0.14285714285714285,0.27200105803530494,1.0
32,4,25,2,0.08,0.18681318681318682,0.9706998627558682,1.0
32,5,25,2,0.08,0.1043956043956044,0.7731536410635621,1.0
32,6,25,4,0.16,0.17582417582417584,0.6806950820835311,1.0
32,7,25,3,0.12,0.15384615384615385,0.7831029416495303,1.0
32,8,25,8,0.32,0.2087912087912088,0.11577839992514836,1.0
32,9,25,2,0.08,0.13736263736263737,0.8940448946799385,1.0
32,10,25,4,0.16,0.17582417582417584,0.6806950820835311,1.0
32,11,25,6,0.24,0.14835164835164835,0.1396873637607582,1.0
32,12,25,6,0.24,0.17582417582417584,0.2574099593631431,1.0
32,13,25,2,0.08,0.18681318681318682,0.9706998627558682,1.0
32,14,25,2,0.08,0.15384615384615385,0.9297135363322309,1.0
32,15,25,3,0.12,0.1813186813186813,0.8757773882107839,1.0
32,16,25,3,0.12,0.12637362637362637,0.6455042204159271,1.0
32,17,25,1,0.04,0.14285714285714285,0.9843692937415004,1.0
32,18,25,4,0.16,0.2087912087912088,0.8170299838307723,1.0
32,19,25,2,0.08,0.14285714285714285,0.9073999068625254,1.0
32,20,25,3,0.12,0.15384615384615385,0.7831029416495303,1.0
32,21,25,2,0.08,0.12637362637362637,0.8621754208542516,1.0
32,22,25,4,0.16,0.15934065934065933,0.5933342498307966,1.0
32,23,25,6,0.24,0.12637362637362637,0.07138944567190302,1.0
32,24,25,4,0.16,0.1813186813186813,0.7070575558845112,1.0
32,25,25,6,0.24,0.17582417582417584,0.2574099593631431,1.0
32,26,25,5,0.2,0.13736263736263737,0.24281421371003728,1.0
32,27,25,2,0.08,0.12637362637362637,0.8621754208542516,1.0
32,28,25,2,0.08,0.12087912087912088,0.843334446903093,1.0
32,29,25,4,0.16,0.12087912087912088,0.3555778463183534,1.0
32,30,25,3,0.12,0.15384615384615385,0.7831029416495303,1.0
32,31,25,6,0.24,0.14835164835164835,0.1396873637607582,1.0
32,32,25,4,0.16,0.13736263736263737,0.46102062128465743,1.0
32,33,25,5,0.2,0.2032967032967033,0.6080265729653049,1.0
32,34,25,6,0.24,0.14285714285714285,0.12022946754391309,1.0
32,35,25,8,0.32,0.1813186813186813,0.05430576295052196,1.0
32,36,25,6,0.24,0.13736263736263737,0.10233388416199715,1.0
32,37,25,4,0.16,0.16483516483516483,0.6237697514347063,1.0
32,38,25,4,0.16,0.1978021978021978,0.7773951034327384,1.0
33,1,36,5,0.1388888888888889,0.1813186813186813,0.836028029419444,1.0
33,2,36,6,0.16666666666666666,0.17032967032967034,0.6106353456923949,1.0
33,3,36,5,0.1388888888888889,0.14285714285714285,0.6198931579025136,1.0
33,4,36,4,0.1111111111111111,0.18681318681318682,0.9448900910185404,1.0
33,5,36,5,0.1388888888888889,0.1043956043956044,0.31229005210126304,1.0
33,6,36,4,0.1111111111111111,0.17582417582417584,0.9226278615505416,1.0
33,7,36,6,0.16666666666666666,0.15384615384615385,0.49312795568182355,1.0
33,8,36,8,0.2222222222222222,0.2087912087912088,0.49204877811653985,1.0
33,9,36,6,0.16666666666666666,0.13736263736263737,0.36856205335508285,1.0
33,10,36,8,0.2222222222222222,0.17582417582417584,0.2765876969096638,1.0
33,11,36,9,0.25,0.14835164835164835,0.054027774394691794,1.0
33,12,36,5,0.1388888888888889,0.17582417582417584,0.8125433291805022,1.0
33,13,36,9,0.25,0.18681318681318682,0.19596355748773653,1.0
33,14,36,4,0.1111111111111111,0.15384615384615385,0.8547349915738647,1.0
33,15,36,7,0.19444444444444445,0.1813186813186813,0.49259882474880207,1.0
33,16,36,2,0.05555555555555555,0.12637362637362637,0.9669308671180411,1.0
33,17,36,6,0.16666666666666666,0.14285714285714285,0.4102265680126783,1.0
33,18,36,6,0.16666666666666666,0.2087912087912088,0.8209228304491508,1.0
33,19,36,4,0.1111111111111111,0.14285714285714285,0.8060318208018703,1.0
33,20,36,5,0.1388888888888889,0.15384615384615385,0.6939335981728485,1.0
33,21,36,5,0.1388888888888889,0.12637362637362637,0.49361768313414933,1.0
33,22,36,7,0.19444444444444445,0.15934065934065933,0.3381772813353941,1.0
33,23,36,3,0.08333333333333333,0.12637362637362637,0.8783444958566053,1.0
33,24,36,11,0.3055555555555556,0.1813186813186813,0.03160225791482932,1.0
33,25,36,5,0.1388888888888889,0.17582417582417584,0.8125433291805022,1.0
33,26,36,2,0.05555555555555555,0.13736263736263737,0.9784469200453308,1.0
33,27,36,4,0.1111111111111111,0.12637362637362637,0.7110146834738933,1.0
33,28,36,2,0.05555555555555555,0.12087912087912088,0.9592277043996554,1.0
33,29,36,4,0.1111111111111111,0.12087912087912088,0.673206509501764,1.0
33,30,36,5,0.1388888888888889,0.15384615384615385,0.6939335981728485,1.0
33,31,36,7,0.19444444444444445,0.14835164835164835,0.26440076671109414,1.0
33,32,36,8,0.2222222222222222,0.13736263736263737,0.08765220548582754,1.0
33,33,36,7,0.19444444444444445,0.2032967032967033,0.6379752996227052,1.0
33,34,36,5,0.1388888888888889,0.14285714285714285,0.6198931579025136,1.0
33,35,36,6,0.16666666666666666,0.1813186813186813,0.6810290078424286,1.0
33,36,36,3,0.08333333333333333,0.13736263736263737,0.9136364557646685,1.0
33,37,36,9,0.25,0.16483516483516483,0.10191670616375495,1.0
33,38,36,9,0.25,0.1978021978021978,0.25448849727801537,1.0
34,1,26,5,0.19230769230769232,0.1813186813186813,0.5297405346498935,1.0
34,2,26,5,0.19230769230769232,0.17032967032967034,0.4658849491779187,1.0
34,3,26,6,0.23076923076923078,0.14285714285714285,0.1405301261446725,1.0
34,4,26,4,0.15384615384615385,0.18681318681318682,0.7631123815520097,1.0
34,5,26,4,0.15384615384615385,0.1043956043956044,0.2776245844448886,1.0
34,6,26,3,0.11538461538461539,0.17582417582417584,0.8795535250386094,1.0
34,7,26,5,0.19230769230769232,0.15384615384615385,0.36780765695280065,1.0
34,8,26,4,0.15384615384615385,0.2087912087912088,0.8428836201657586,1.0
34,9,26,4,0.15384615384615385,0.13736263736263737,0.4953878146027215,1.0
34,10,26,5,0.19230769230769232,0.17582417582417584,0.49808877470413077,1.0
34,11,26,5,0.19230769230769232,0.14835164835164835,0.3353176864891268,1.0
34,12,26,2,0.07692307692307693,0.17582417582417584,0.967213844255987,1.0
34,13,26,3,0.11538461538461539,0.18681318681318682,0.9062049949419104,1.0
34,14,26,4,0.15384615384615385,0.15384615384615385,0.5969604031776515,1.0
34,15,26,6,0.23076923076923078,0.1813186813186813,0.32083891900785944,1.0
34,16,26,5,0.19230769230769232,0.12637362637362637,0.2124740984557128,1.0
34,17,26,4,0.15384615384615385,0.14285714285714285,0.5303122061911422,1.0
34,18,26,4,0.15384615384615385,0.2087912087912088,0.8428836201657586,1.0
34,19,26,5,0.19230769230769232,0.14285714285714285,0.3033036608664079,1.0
34,20,26,3,0.11538461538461539,0.15384615384615385,0.8073824031893406,1.0
34,21,26,2,0.07692307692307693,0.12637362637362637,0.8778162293784618,1.0
34,22,26,5,0.19230769230769232,0.15934065934065933,0.40054376355635074,1.0
34,23,26,3,0.11538461538461539,0.12637362637362637,0.6744857185637285,1.0
34,24,26,5,0.19230769230769232,0.1813186813186813,0.5297405346498935,1.0
34,25,26,4,0.15384615384615385,0.17582417582417584,0.7138962288797858,1.0
34,26,26,2,0.07692307692307693,0.13736263736263737,0.9073999068625254,1.0
34,27,26,2,0.07692307692307693,0.12637362637362637,0.8778162293784618,1.0
34,28,26,5,0.19230769230769232,0.12087912087912088,0.184707699616693,1.0
34,29,26,3,0.11538461538461539,0.12087912087912088,0.6417240250053444,1.0
34,30,26,5,0.19230769230769232,0.15384615384615385,0.36780765695280065,1.0
34,31,26,5,0.19230769230769232,0.14835164835164835,0.3353176864891268,1.0
34,32,26,4,0.15384615384615385,0.13736263736263737,0.4953878146027215,1.0
34,33,26,4,0.15384615384615385,0.2032967032967033,0.8251942900418207,1.0
34,34,26,3,0.11538461538461539,0.14285714285714285,0.7603246453103436,1.0
34,35,26,5,0.19230769230769232,0.1813186813186813,0.5297405346498935,1.0
34,36,26,6,0.23076923076923078,0.13736263736263737,0.12022946754391309,1.0
34,37,26,2,0.07692307692307693,0.16483516483516483,0.9554310794157924,1.0
34,38,26,5,0.19230769230769232,0.1978021978021978,0.6198931579025136,1.0
35,1,32,5,0.15625,0.1813186813186813,0.7375770082191636,1.0
35,2,32,8,0.25,0.17032967032967034,0.1446152404195835,1.0
35,3,32,3,0.09375,0.14285714285714285,0.8795535250386094,1.0
35,4,32,7,0.21875,0.18681318681318682,0.3850972945026487,1.0
35,5,32,6,0.1875,0.1043956043956044,0.08969231582566066,1.0
35,6,32,3,0.09375,0.17582417582417584,0.9536067519554866,1.0
35,7,32,4,0.125,0.15384615384615385,0.7730777775028618,1.0
35,8,32,6,0.1875,0.2087912087912088,0.7065168964354784,1.0
35,9,32,5,0.15625,0.13736263736263737,0.4584532971334082,1.0
35,10,32,5,0.15625,0.17582417582417584,0.7086406570655764,1.0
35,11,32,5,0.15625,0.14835164835164835,0.5368234459664278,1.0
35,12,32,7,0.21875,0.17582417582417584,0.317396601538908,1.0
35,13,32,4,0.125,0.18681318681318682,0.8965817172904408,1.0
35,14,32,8,0.25,0.15384615384615385,0.0863528765718795,1.0
35,15,32,4,0.125,0.1813186813186813,0.8810471433722942,1.0
35,16,32,4,0.125,0.12637362637362637,0.6073211020061521,1.0
35,17,32,1,0.03125,0.14285714285714285,0.9957175867627988,1.0
35,18,32,3,0.09375,0.2087912087912088,0.9840083460928843,1.0
35,19,32,6,0.1875,0.14285714285714285,0.2919842913363734,1.0
35,20,32,8,0.25,0.15384615384615385,0.0863528765718795,1.0
35,21,32,6,0.1875,0.12637362637362637,0.19284867931235186,1.0
35,22,32,5,0.15625,0.15934065934065933,0.6105017986069292,1.0
35,23,32,5,0.15625,0.12637362637362637,0.37783133776294053,1.0
35,24,32,7,0.21875,0.1813186813186813,0.35095912622074765,1.0
35,25,32,6,0.1875,0.17582417582417584,0.5110265516264445,1.0
35,26,32,6,0.1875,0.13736263736263737,0.2574099593631431,1.0
35,27,32,7,0.21875,0.12637362637362637,0.08019006777477528,1.0
35,28,32,4,0.125,0.12087912087912088,0.5674098386595066,1.0
35,29,32,3,0.09375,0.12087912087912088,0.7876099122961714,1.0
35,30,32,4,0.125,0.15384615384615385,0.7730777775028618,1.0
35,31,32,2,0.0625,0.14835164835164835,0.9728780494977252,1.0
35,32,32,3,0.09375,0.13736263736263737,0.8604392216356682,1.0
35,33,32,3,0.09375,0.2032967032967033,0.9807615473202822,1.0
35,34,32,3,0.09375,0.14285714285714285,0.8795535250386094,1.0
35,35,32,8,0.25,0.1813186813186813,0.1927357955777892,1.0
35,36,32,2,0.0625,0.13736263736263737,0.9604707427777271,1.0
35,37,32,8,0.25,0.16483516483516483,0.12327037383773988,1.0
35,38,32,8,0.25,0.1978021978021978,0.2765876969096638,1.0
36,1,26,4,0.15384615384615385,0.1813186813186813,0.7392970142908054,1.0
36,2,26,5,0.19230769230769232,0.17032967032967034,0.4658849491779187,1.0
36,3,26,5,0.19230769230769232,0.14285714285714285,0.3033036608664079,1.0
36,4,26,3,0.11538461538461539,0.18681318681318682,0.9062049949419104,1.0
36,5,26,3,0.11538461538461539,0.1043956043956044,0.5317125693932108,1.0
36,6,26,10,0.38461538461538464,0.17582417582417584,0.005195520146490286,1.0
36,7,26,3,0.11538461538461539,0.15384615384615385,0.8073824031893406,1.0
36,8,26,2,0.07692307692307693,0.2087912087912088,0.9875573753068979,1.0
36,9,26,4,0.15384615384615385,0.13736263736263737,0.4953878146027215,1.0
36,10,26,6,0.23076923076923078,0.17582417582417584,0.2919842913363734,1.0
36,11,26,4,0.15384615384615385,0.14835164835164835,0.5642242965741013,1.0
36,12,26,5,0.19230769230769232,0.17582417582417584,0.49808877470413077,1.0
36,13,26,4,0.15384615384615385,0.18681318681318682,0.7631123815520097,1.0
36,14,26,3,0.11538461538461539,0.15384615384615385,0.8073824031893406,1.0
36,15,26,6,0.23076923076923078,0.1813186813186813,0.32083891900785944,1.0
36,16,26,5,0.19230769230769232,0.12637362637362637,0.2124740984557128,1.0
36,17,26,3,0.11538461538461539,0.14285714285714285,0.7603246453103436,1.0
36,18,26,6,0.23076923076923078,0.2087912087912088,0.47044412242622907,1.0
36,19,26,4,0.15384615384615385,0.14285714285714285,0.5303122061911422,1.0
36,20,26,6,0.23076923076923078,0.15384615384615385,0.18586382235622734,1.0
36,21,26,3,0.11538461538461539,0.12637362637362637,0.6744857185637285,1.0
36,22,26,4,0.15384615384615385,0.15934065934065933,0.6283870655170596,1.0
36,23,26,4,0.15384615384615385,0.12637362637362637,0.42331273461611685,1.0
36,24,26,2,0.07692307692307693,0.1813186813186813,0.9719644680071222,1.0
36,25,26,8,0.3076923076923077,0.17582417582417584,0.05720308610485203,1.0
36,26,26,2,0.07692307692307693,0.13736263736263737,0.9073999068625254,1.0
36,27,26,3,0.11538461538461539,0.12637362637362637,0.6744857185637285,1.0
36,28,26,2,0.07692307692307693,0.12087912087912088,0.860135315394572,1.0
36,29,26,2,0.07692307692307693,0.12087912087912088,0.860135315394572,1.0
36,30,26,3,0.11538461538461539,0.15384615384615385,0.8073824031893406,1.0
36,31,26,3,0.11538461538461539,0.14835164835164835,0.7848371889023739,1.0
36,32,26,2,0.07692307692307693,0.13736263736263737,0.9073999068625254,1.0
36,33,26,6,0.23076923076923078,0.2032967032967033,0.4403840912160108,1.0
36,34,26,4,0.15384615384615385,0.14285714285714285,0.5303122061911422,1.0
36,35,26,6,0.23076923076923078,0.1813186813186813,0.32083891900785944,1.0
36,36,26,4,0.15384615384615385,0.13736263736263737,0.4953878146027215,1.0
36,37,26,3,0.11538461538461539,0.16483516483516483,0.8468841674189561,1.0
36,38,26,4,0.15384615384615385,0.1978021978021978,0.8060318208018703,1.0
37,1,30,2,0.06666666666666667,0.1813186813186813,0.9874765541591902,1.0
37,2,30,4,0.13333333333333333,0.17032967032967034,0.8005714271465674,1.0
37,3,30,1,0.03333333333333333,0.14285714285714285,0.9937593683415719,1.0
37,4,30,3,0.1,0.18681318681318682,0.9526934954408012,1.0
37,5,30,6,0.2,0.1043956043956044,0.06771931536761112,1.0
37,6,30,3,0.1,0.17582417582417584,0.9354099968728703,1.0
37,7,30,3,0.1,0.15384615384615385,0.8837430715244425,1.0
37,8,30,9,0.3,0.2087912087912088,0.13670008212693338,1.0
37,9,30,4,0.13333333333333333,0.13736263736263737,0.6237697514347063,1.0
37,10,30,8,0.26666666666666666,0.17582417582417584,0.12327037383773988,1.0
37,11,30,6,0.2,0.14835164835164835,0.26823656709349575,1.0
37,12,30,9,0.3,0.17582417582417584,0.050397665273164284,1.0
37,13,30,6,0.2,0.18681318681318682,0.5065744069971236,1.0
37,14,30,5,0.16666666666666666,0.15384615384615385,0.5077581161414952,1.0
37,15,30,5,0.16666666666666666,0.1813186813186813,0.6758297148325628,1.0
37,16,30,4,0.13333333333333333,0.12637362637362637,0.548995257721465,1.0
37,17,30,4,0.13333333333333333,0.14285714285714285,0.6583996070523566,1.0
37,18,30,6,0.2,0.2087912087912088,0.6352063392428543,1.0
37,19,30,6,0.2,0.14285714285714285,0.23673485364995878,1.0
37,20,30,9,0.3,0.15384615384615385,0.020472357546381284,1.0
37,21,30,5,0.16666666666666666,0.12637362637362637,0.3203467316169748,1.0
37,22,30,5,0.16666666666666666,0.15934065934065933,0.5438555349697687,1.0
37,23,30,4,0.13333333333333333,0.12637362637362637,0.548995257721465,1.0
37,24,30,5,0.16666666666666666,0.1813186813186813,0.6758297148325628,1.0
37,25,30,5,0.16666666666666666,0.17582417582417584,0.6450146600091506,1.0
37,26,30,4,0.13333333333333333,0.13736263736263737,0.6237697514347063,1.0
37,27,30,2,0.06666666666666667,0.12637362637362637,0.9259628806535237,1.0
37,28,30,4,0.13333333333333333,0.12087912087912088,0.5092302966598145,1.0
37,29,30,2,0.06666666666666667,0.12087912087912088,0.9127710126187857,1.0
37,30,30,6,0.2,0.15384615384615385,0.30091151150692386,1.0
37,31,30,0,0.0,0.14835164835164835,1,1.0
37,32,30,4,0.13333333333333333,0.13736263736263737,0.6237697514347063,1.0
37,33,30,6,0.2,0.2032967032967033,0.6045688641347078,1.0
37,34,30,5,0.16666666666666666,0.14285714285714285,0.4333055455376292,1.0
37,35,30,6,0.2,0.1813186813186813,0.47245035299804317,1.0
37,36,30,5,0.16666666666666666,0.13736263736263737,0.3955034894053849,1.0
37,37,30,3,0.1,0.16483516483516483,0.9128250560008083,1.0
37,38,30,6,0.2,0.1978021978021978,0.5728159303616902,1.0
38,1,36,9,0.25,0.1813186813186813,0.16936709021681157,1.0
38,2,36,7,0.19444444444444445,0.17032967032967034,0.415235033150421,1.0
38,3,36,4,0.1111111111111111,0.14285714285714285,0.8060318208018703,1.0
38,4,36,8,0.2222222222222222,0.18681318681318682,0.34626282445557344,1.0
38,5,36,2,0.05555555555555555,0.1043956043956044,0.9250630320413732,1.0
38,6,36,7,0.19444444444444445,0.17582417582417584,0.45405628729783304,1.0
38,7,36,5,0.1388888888888889,0.15384615384615385,0.6939335981728485,1.0
38,8,36,6,0.16666666666666666,0.2087912087912088,0.8209228304491508,1.0
38,9,36,7,0.19444444444444445,0.13736263736263737,0.196873633374965,1.0
38,10,36,5,0.1388888888888889,0.17582417582417584,0.8125433291805022,1.0
38,11,36,3,0.08333333333333333,0.14835164835164835,0.9396604028073018,1.0
38,12,36,6,0.16666666666666666,0.17582417582417584,0.6467689745526783,1.0
38,13,36,6,0.16666666666666666,0.18681318681318682,0.713277126425566,1.0
38,14,36,12,0.3333333333333333,0.15384615384615385,0.0019727522211960926,1.0
38,15,36,8,0.2222222222222222,0.1813186813186813,0.3108982910513765,1.0
38,16,36,6,0.16666666666666666,0.12637362637362637,0.2870905328113926,1.0
38,17,36,5,0.1388888888888889,0.14285714285714285,0.6198931579025136,1.0
38,18,36,6,0.16666666666666666,0.2087912087912088,0.8209228304491508,1.0
38,19,36,7,0.19444444444444445,0.14285714285714285,0.22968033782976457,1.0
38,20,36,5,0.1388888888888889,0.15384615384615385,0.6939335981728485,1.0
38,21,36,4,0.1111111111111111,0.12637362637362637,0.7110146834738933,1.0
38,22,36,5,0.1388888888888889,0.15934065934065933,0.7273468747237091,1.0
38,23,36,3,0.08333333333333333,0.12637362637362637,0.8783444958566053,1.0
38,24,36,4,0.1111111111111111,0.1813186813186813,0.9345726659824171,1.0
38,25,36,6,0.16666666666666666,0.17582417582417584,0.6467689745526783,1.0
38,26,36,7,0.19444444444444445,0.13736263736263737,0.196873633374965,1.0
38,27,36,4,0.1111111111111111,0.12637362637362637,0.7110146834738933,1.0
38,28,36,6,0.16666666666666666,0.12087912087912088,0.24824922850397824,1.0
38,29,36,2,0.05555555555555555,0.12087912087912088,0.9592277043996554,1.0
38,30,36,6,0.16666666666666666,0.15384615384615385,0.49312795568182355,1.0
38,31,36,2,0.05555555555555555,0.14835164835164835,0.9861195983644173,1.0
38,32,36,5,0.1388888888888889,0.13736263736263737,0.5795726598467761,1.0
38,33,36,9,0.25,0.2032967032967033,0.2860211091310726,1.0
38,34,36,10,0.2777777777777778,0.14285714285714285,0.013795751612391011,1.0
38,35,36,3,0.08333333333333333,0.1813186813186813,0.9811574032667316,1.0
38,36,36,4,0.1111111111111111,0.13736263736263737,0.7773951034327384,1.0
38,37,36,4,0.1111111111111111,0.16483516483516483,0.8930961712966244,1.0
38,38,36,8,0.2222222222222222,0.1978021978021978,0.4189085447975281,1.0
