rank_by_T,numbers,T,EQ,A_long,B_recent,C_gap,D_trend,E_pairs,pair,struct
1,04 07 12 13 24 33,0.13219318,0.73422716,0.586040,2.138355,-1.102357,2.421543,0.000000,0.000000,1.099474
2,01 04 07 12 13 24,0.13211757,0.72390217,0.203840,2.553223,-0.643041,2.171899,0.000000,0.000000,0.035572
3,01 04 12 13 24 33,0.13125365,0.77895108,1.350440,2.609850,-0.643041,1.797434,0.000000,0.000000,0.962642
4,02 04 07 12 13 24,0.12959442,0.74517255,-0.178360,1.919420,0.275589,2.920830,0.000000,0.000000,-0.024383
5,02 04 12 13 24 33,0.12897446,0.80022146,0.968240,1.976047,0.275589,2.546365,0.000000,0.000000,0.938830
6,04 07 12 13 22 24,0.12750531,0.67519320,-0.433160,2.237325,-0.643041,2.296721,0.000000,0.000000,0.383675
7,01 04 12 13 22 24,0.12731648,0.71991712,0.331240,2.708819,-0.183726,1.672612,0.000000,0.000000,0.358062
8,01 02 04 12 13 24,0.12649308,0.78989646,0.586040,2.390914,0.734904,2.296721,0.000000,0.000000,-0.481493
9,04 12 13 22 24 33,0.12573473,0.73024211,0.713440,2.293952,-0.643041,1.922256,0.000000,0.000000,1.176420
10,02 04 12 13 22 24,0.12273557,0.74118749,-0.050960,2.075016,0.734904,2.421543,0.000000,0.000000,-0.006757
11,04 07 12 13 14 24,0.12141908,0.65530428,-0.433160,2.304362,-0.872699,2.047078,0.000000,0.000000,0.048982
12,01 04 07 13 24 33,0.12141809,0.73178466,0.840840,2.284044,-0.872699,1.922256,0.000000,0.000000,0.583033
13,02 04 07 13 24 33,0.12118097,0.75305504,0.458640,1.650241,0.045932,2.671187,0.000000,0.000000,0.861760
14,01 04 12 13 14 24,0.12115490,0.70002820,0.331240,2.775857,-0.413384,1.422969,0.000000,0.000000,0.012205
15,04 12 13 14 24 33,0.12031964,0.71035319,0.713440,2.360989,-0.872699,1.672612,0.000000,0.000000,0.941158
16,01 02 04 07 13 24,0.12020752,0.74273005,0.076440,2.065108,0.505247,2.421543,0.000000,0.000000,-0.335159
17,01 02 04 13 24 33,0.12012963,0.79777896,1.223040,2.121735,0.505247,2.047078,0.000000,0.000000,0.708363
18,01 04 07 13 22 24,0.11942880,0.67275070,-0.178360,2.383013,-0.413384,1.797434,0.000000,0.000000,0.267037
19,04 07 13 22 24 33,0.11869887,0.68307570,0.203840,1.968146,-0.872699,2.047078,0.000000,0.000000,1.211595
20,01 04 13 22 24 33,0.11785352,0.72779961,0.968240,2.439640,-0.413384,1.422969,0.000000,0.000000,1.088717
21,01 04 07 12 13 33,0.11715472,0.68909031,0.586040,1.862901,-2.250645,2.421543,0.000000,0.000000,0.154156
22,02 04 07 13 22 24,0.11688996,0.69402108,-0.560560,1.749210,0.505247,2.546365,0.000000,0.000000,0.204757
23,02 04 12 13 14 24,0.11658654,0.72129857,-0.050960,2.142054,0.505247,2.171899,0.000000,0.000000,-0.350754
24,04 07 12 13 22 33,0.11649875,0.64038134,-0.050960,1.547003,-2.250645,2.546365,0.000000,0.000000,1.088395
25,02 04 07 12 13 33,0.11587976,0.71036068,0.203840,1.229098,-1.332014,3.170474,0.000000,0.000000,0.279124
26,02 04 13 22 24 33,0.11555864,0.74906999,0.586040,1.805837,0.505247,2.171899,0.000000,0.000000,1.062579
27,01 04 12 13 22 33,0.11554038,0.68510526,0.713440,2.018497,-1.791329,1.922256,0.000000,0.000000,0.948771
28,01 02 04 13 22 24,0.11496310,0.73874500,0.203840,2.220705,0.964562,1.922256,0.000000,0.000000,-0.078350
29,01 04 07 12 13 22,0.11452190,0.63005635,-0.433160,1.961870,-1.791329,2.296721,0.000000,0.000000,-0.257181
30,04 07 13 14 24 33,0.11427766,0.66318677,0.203840,2.035183,-1.102357,1.797434,0.000000,0.000000,1.123579
31,01 04 07 13 14 24,0.11426110,0.65286178,-0.178360,2.450051,-0.643041,1.547790,0.000000,0.000000,0.068428
32,04 12 13 14 22 24,0.11359112,0.65131923,-0.305760,2.459959,-0.413384,1.547790,0.000000,0.000000,-0.076969
33,01 04 13 14 24 33,0.11335696,0.70791069,0.968240,2.506678,-0.643041,1.173325,0.000000,0.000000,0.989538
34,02 04 12 13 22 33,0.11326433,0.70637563,0.331240,1.384694,-0.872699,2.671187,0.000000,0.000000,0.925425
35,01 02 04 12 13 33,0.11257842,0.75508460,0.968240,1.700592,-0.872699,2.546365,0.000000,0.000000,-0.207617
36,02 04 07 12 13 22,0.11193862,0.65132672,-0.815360,1.328067,-0.872699,3.045652,0.000000,0.000000,-0.326046
37,02 04 07 13 14 24,0.11173482,0.67413216,-0.560560,1.816248,0.275589,2.296721,0.000000,0.000000,0.008008
38,04 06 12 13 24 33,0.11164952,0.71771014,1.095640,2.351795,-0.643041,1.298147,0.000000,0.000000,1.018218
39,04 07 12 13 23 24,0.11138761,0.57641036,-1.197560,2.016458,-1.102357,1.922256,0.000000,0.000000,0.343022
40,01 04 06 12 13 24,0.11137205,0.70738515,0.713440,2.766663,-0.183726,1.048503,0.000000,0.000000,-0.075590
41,01 04 12 13 23 24,0.11120820,0.62113428,-0.433160,2.487953,-0.643041,1.298147,0.000000,0.000000,0.318804
42,02 04 13 14 24 33,0.11107463,0.72918106,0.586040,1.872875,0.275589,1.922256,0.000000,0.000000,0.965261
43,04 07 10 12 13 24,0.11038956,0.68716078,-0.050960,2.036960,0.045932,1.922256,0.000000,0.000000,0.099690
44,01 04 12 13 18 24,0.11038144,0.79001586,1.605240,2.215400,0.045932,1.672612,0.000000,0.000000,0.146731
45,01 04 10 12 13 24,0.11008770,0.73188470,0.713440,2.508455,0.505247,1.298147,0.000000,0.000000,0.057331
46,04 07 12 13 18 24,0.10998049,0.74529194,0.840840,1.743905,-0.413384,2.296721,0.000000,0.000000,0.084968
47,04 12 13 18 24 33,0.10983932,0.80034085,1.987440,1.800532,-0.413384,1.922256,0.000000,0.000000,1.119115
48,04 06 07 12 13 24,0.10981336,0.66266123,-0.050960,2.295168,-0.643041,1.672612,0.000000,0.000000,-0.308876
49,04 10 12 13 24 33,0.10960500,0.74220969,1.095640,2.093587,0.045932,1.547790,0.000000,0.000000,1.038516
50,04 12 13 23 24 33,0.10959400,0.63145927,-0.050960,2.073085,-1.102357,1.547790,0.000000,0.000000,1.132356
51,01 04 13 14 22 24,0.10954528,0.64887673,-0.050960,2.605648,-0.183726,1.048503,0.000000,0.000000,0.403549
52,04 07 13 14 22 24,0.10949702,0.60415281,-0.815360,2.134153,-0.643041,1.672612,0.000000,0.000000,0.394037
53,01 04 08 12 13 24,0.10934515,0.76155499,1.477840,2.683169,0.045932,1.048503,0.000000,0.000000,0.012917
54,04 08 12 13 24 33,0.10922679,0.77187999,1.860040,2.268301,-0.413384,1.298147,0.000000,0.000000,1.048080
55,01 02 04 12 13 22,0.10888172,0.69605064,-0.050960,1.799562,-0.413384,2.421543,0.000000,0.000000,-0.776572
56,04 07 12 13 14 33,0.10867726,0.62049242,-0.050960,1.614040,-2.480302,2.296721,0.000000,0.000000,0.496618
57,01 02 04 13 14 24,0.10867594,0.71885607,0.203840,2.287743,0.734904,1.672612,0.000000,0.000000,-0.442813
58,04 07 08 12 13 24,0.10867269,0.71683108,0.713440,2.211674,-0.413384,1.672612,0.000000,0.000000,-0.089073
59,04 13 14 22 24 33,0.10769570,0.65920172,0.331240,2.190780,-0.643041,1.298147,0.000000,0.000000,1.182228
60,01 04 12 13 14 33,0.10764354,0.66521634,0.713440,2.085535,-2.020987,1.672612,0.000000,0.000000,0.345831
61,02 04 12 13 23 24,0.10760326,0.64240465,-0.815360,1.854150,0.275589,2.047078,0.000000,0.000000,0.098579
62,02 04 12 13 18 24,0.10686348,0.81128624,1.223040,1.581597,0.964562,2.421543,0.000000,0.000000,-0.060608
63,02 04 06 12 13 24,0.10681625,0.72865552,0.331240,2.132859,0.734904,1.797434,0.000000,0.000000,-0.436687
64,02 04 08 12 13 24,0.10584290,0.78282537,1.095640,2.049365,0.964562,1.797434,0.000000,0.000000,-0.192096
65,01 04 07 13 22 33,0.10568912,0.63793884,0.203840,1.692691,-2.020987,2.047078,0.000000,0.000000,0.566837
66,02 04 10 12 13 24,0.10552563,0.75315507,0.331240,1.874651,1.423877,2.047078,0.000000,0.000000,-0.304697
67,02 04 07 13 22 33,0.10545514,0.65920922,-0.178360,1.058888,-1.102357,2.796009,0.000000,0.000000,0.846029
68,01 02 04 07 13 33,0.10538596,0.70791819,0.458640,1.374786,-1.102357,2.671187,0.000000,0.000000,-0.195643
69,02 04 13 14 22 24,0.10496123,0.67014710,-0.433160,1.971844,0.734904,1.797434,0.000000,0.000000,0.038265
70,04 06 12 13 22 24,0.10491016,0.65867618,0.076440,2.450764,-0.183726,1.173325,0.000000,0.000000,-0.001516
71,04 12 13 14 22 33,0.10473813,0.61650737,0.076440,1.769637,-2.020987,1.797434,0.000000,0.000000,0.946809
72,04 12 13 18 22 24,0.10439116,0.74130689,0.968240,1.899502,0.045932,1.797434,0.000000,0.000000,0.290676
73,01 02 04 13 22 33,0.10438496,0.70393313,0.586040,1.530383,-0.643041,2.171899,0.000000,0.000000,0.689841
74,02 04 12 13 14 33,0.10432337,0.68648671,0.331240,1.451732,-1.102357,2.421543,0.000000,0.000000,0.167795
75,04 06 07 13 24 33,0.10395094,0.67054372,0.586040,2.025989,-0.872699,1.422969,0.000000,0.000000,0.955209
76,04 08 12 13 22 24,0.10357864,0.71284603,0.840840,2.367270,0.045932,1.173325,0.000000,0.000000,0.190013
77,04 07 12 13 14 22,0.10354708,0.56145846,-1.070160,1.713010,-2.020987,2.171899,0.000000,0.000000,-0.284710
78,01 04 12 13 14 22,0.10345391,0.60618237,-0.305760,2.184505,-1.561672,1.547790,0.000000,0.000000,-0.296152
79,01 04 07 13 23 24,0.10340750,0.57396786,-0.942760,2.162147,-0.872699,1.422969,0.000000,0.000000,0.240667
80,01 04 06 07 13 24,0.10314677,0.66021873,0.203840,2.440857,-0.413384,1.173325,0.000000,0.000000,-0.216631
81,04 10 12 13 22 24,0.10293471,0.68317573,0.076440,2.192556,0.505247,1.422969,0.000000,0.000000,0.029016
82,01 04 06 13 24 33,0.10274763,0.71526764,1.350440,2.497484,-0.413384,0.798860,0.000000,0.000000,0.779298
83,04 07 13 23 24 33,0.10264512,0.58429285,-0.560560,1.747279,-1.332014,1.672612,0.000000,0.000000,1.180417
84,01 02 04 07 13 22,0.10258046,0.64888422,-0.560560,1.473756,-0.643041,2.546365,0.000000,0.000000,-0.632563
85,04 12 13 22 23 24,0.10227899,0.57242531,-1.070160,2.172055,-0.643041,1.422969,0.000000,0.000000,0.027338
86,02 04 07 13 23 24,0.10184464,0.59523824,-1.324960,1.528344,0.045932,2.171899,0.000000,0.000000,0.322980
87,01 04 13 23 24 33,0.10180920,0.62901677,0.203840,2.218774,-0.872699,1.048503,0.000000,0.000000,1.058935
88,04 07 13 18 24 33,0.10171539,0.75317444,1.477840,1.474727,-0.643041,2.047078,0.000000,0.000000,0.993088
89,04 07 08 13 24 33,0.10167978,0.72471357,1.350440,1.942495,-0.643041,1.422969,0.000000,0.000000,1.007528
90,04 07 10 13 24 33,0.10133155,0.69504327,0.586040,1.767781,-0.183726,1.672612,0.000000,0.000000,0.890339
91,01 04 07 08 13 24,0.10121429,0.71438858,0.968240,2.357363,-0.183726,1.173325,0.000000,0.000000,-0.114136
92,01 04 07 10 13 24,0.10106099,0.68471828,0.203840,2.182649,0.275589,1.422969,0.000000,0.000000,-0.202444
93,01 04 13 18 24 33,0.10083237,0.79789835,2.242240,1.946221,-0.183726,1.422969,0.000000,0.000000,0.864628
94,01 04 07 13 18 24,0.10077823,0.74284944,1.095640,1.889594,-0.183726,1.797434,0.000000,0.000000,-0.198454
95,02 04 13 23 24 33,0.10049029,0.65028715,-0.178360,1.584971,0.045932,1.797434,0.000000,0.000000,1.177391
96,02 04 06 13 24 33,0.10047786,0.73653802,0.968240,1.863681,0.505247,1.547790,0.000000,0.000000,0.756881
97,01 04 10 13 24 33,0.10037317,0.73976719,1.350440,2.239276,0.275589,1.048503,0.000000,0.000000,0.750715
98,04 07 12 13 23 33,0.10000706,0.54159850,-0.815360,1.326136,-2.709960,2.171899,0.000000,0.000000,0.992335
99,01 04 07 13 14 33,0.09984285,0.61804992,0.203840,1.759729,-2.250645,1.797434,0.000000,0.000000,0.267694
100,02 04 13 18 24 33,0.09960044,0.81916873,1.860040,1.312418,0.734904,2.171899,0.000000,0.000000,0.995971
101,02 04 07 10 13 24,0.09959767,0.70598865,-0.178360,1.548846,1.194220,2.171899,0.000000,0.000000,-0.105384
102,01 04 08 13 24 33,0.09958238,0.76943749,2.114840,2.413990,-0.183726,0.798860,0.000000,0.000000,0.699153
103,02 04 06 07 13 24,0.09957637,0.68148911,-0.178360,1.807054,0.505247,1.922256,0.000000,0.000000,-0.431740
104,04 07 12 13 18 33,0.09947354,0.71048008,1.223040,1.053583,-2.020987,2.546365,0.000000,0.000000,0.863706
105,02 04 07 13 18 24,0.09930235,0.76411982,0.713440,1.255791,0.734904,2.546365,0.000000,0.000000,-0.103254
106,01 02 04 07 12 13,0.09928741,0.70003569,-0.178360,1.643965,-0.872699,2.920830,0.000000,0.000000,-3.231783
107,01 02 04 13 18 24,0.09924020,0.80884374,1.477840,1.727286,1.194220,1.922256,0.000000,0.000000,-0.110099
108,02 04 10 13 24 33,0.09915380,0.76103756,0.968240,1.605473,1.194220,1.797434,0.000000,0.000000,0.883919
109,01 04 07 12 13 23,0.09914672,0.53127351,-1.197560,1.741004,-2.250645,1.922256,0.000000,0.000000,-0.187828
110,01 04 12 13 23 33,0.09905811,0.58632242,-0.050960,1.797631,-2.250645,1.547790,0.000000,0.000000,0.854107
111,01 02 04 13 23 24,0.09887052,0.63996215,-0.560560,1.999838,0.505247,1.547790,0.000000,0.000000,-0.115282
112,02 04 12 13 14 22,0.09882541,0.62745275,-0.687960,1.550701,-0.643041,2.296721,0.000000,0.000000,-0.668021
113,04 06 12 13 14 24,0.09881136,0.63878726,0.076440,2.517802,-0.413384,0.923681,0.000000,0.000000,-0.338069
114,01 04 06 13 22 24,0.09870685,0.65623368,0.331240,2.596453,0.045932,0.674038,0.000000,0.000000,0.159368
115,02 04 07 08 13 24,0.09869743,0.73565895,0.586040,1.723560,0.734904,1.922256,0.000000,0.000000,-0.173160
116,04 07 13 14 22 33,0.09868046,0.56934095,-0.433160,1.443831,-2.250645,1.922256,0.000000,0.000000,1.126905
117,02 04 07 13 14 33,0.09856475,0.63932029,-0.178360,1.125926,-1.332014,2.546365,0.000000,0.000000,0.392197
118,01 02 04 10 13 24,0.09854361,0.75071257,0.586040,2.020340,1.653535,1.547790,0.000000,0.000000,-0.259183
119,01 04 12 13 18 33,0.09847750,0.75520400,1.987440,1.525078,-1.561672,1.922256,0.000000,0.000000,0.718501
120,02 04 08 13 24 33,0.09836615,0.79070786,1.732640,1.780187,0.734904,1.547790,0.000000,0.000000,0.832822
121,04 07 13 22 23 24,0.09833467,0.52525889,-1.579760,1.846249,-0.872699,1.547790,0.000000,0.000000,0.520533
122,01 02 04 06 13 24,0.09832665,0.72621302,0.586040,2.278548,0.964562,1.298147,0.000000,0.000000,-0.614527
123,01 04 13 18 22 24,0.09830104,0.73886439,1.223040,2.045191,0.275589,1.298147,0.000000,0.000000,0.468328
124,01 04 13 22 23 24,0.09824944,0.56998281,-0.815360,2.317743,-0.413384,0.923681,0.000000,0.000000,0.510270
125,04 06 13 22 24 33,0.09817090,0.66655867,0.713440,2.181586,-0.413384,0.923681,0.000000,0.000000,1.132664
126,04 06 07 13 22 24,0.09810278,0.61150976,-0.433160,2.124959,-0.413384,1.298147,0.000000,0.000000,0.067510
127,04 12 13 14 18 24,0.09801264,0.72141797,0.968240,1.966540,-0.183726,1.547790,0.000000,0.000000,-0.087321
128,02 04 12 13 23 33,0.09775804,0.60759279,-0.433160,1.163828,-1.332014,2.296721,0.000000,0.000000,0.975354
129,01 04 13 14 22 33,0.09774092,0.61406487,0.331240,1.915326,-1.791329,1.298147,0.000000,0.000000,0.990073
130,04 07 10 13 22 24,0.09766582,0.63600931,-0.433160,1.866751,0.275589,1.547790,0.000000,0.000000,0.325973
131,04 07 13 18 22 24,0.09758765,0.69414048,0.458640,1.573696,-0.183726,1.922256,0.000000,0.000000,0.360275
132,02 04 07 12 13 23,0.09757105,0.55254388,-1.579760,1.107201,-1.332014,2.671187,0.000000,0.000000,-0.107411
133,01 02 04 08 13 24,0.09751378,0.78038287,1.350440,2.195054,1.194220,1.298147,0.000000,0.000000,-0.346158
134,04 08 12 13 14 24,0.09750497,0.69295710,0.840840,2.434308,-0.183726,0.923681,0.000000,0.000000,-0.142819
135,01 04 10 13 22 24,0.09745815,0.68073323,0.331240,2.338245,0.734904,0.923681,0.000000,0.000000,0.297569
136,04 12 13 14 23 24,0.09744695,0.55253639,-1.070160,2.239092,-0.872699,1.173325,0.000000,0.000000,-0.121544
137,01 04 06 12 13 33,0.09740087,0.67257329,1.095640,2.076341,-1.791329,1.298147,0.000000,0.000000,0.189914
138,04 07 10 12 13 33,0.09713141,0.65234892,0.331240,1.346638,-1.561672,2.171899,0.000000,0.000000,0.470830
139,04 07 08 13 22 24,0.09692284,0.66567961,0.331240,2.041465,-0.183726,1.298147,0.000000,0.000000,0.281495
140,04 10 12 13 14 24,0.09688615,0.66328681,0.076440,2.259594,0.275589,1.173325,0.000000,0.000000,-0.300095
141,01 04 08 13 22 24,0.09663282,0.71040353,1.095640,2.512959,0.275589,0.674038,0.000000,0.000000,0.240890
142,04 06 07 12 13 33,0.09661173,0.62784937,0.331240,1.604846,-2.250645,1.922256,0.000000,0.000000,0.070637
143,01 04 07 13 14 22,0.09654442,0.55901596,-0.815360,1.858699,-1.791329,1.672612,0.000000,0.000000,-0.242255
144,02 04 12 13 18 33,0.09620773,0.77647437,1.605240,0.891275,-0.643041,2.671187,0.000000,0.000000,0.696085
145,04 10 13 22 24 33,0.09619351,0.69105822,0.713440,1.923377,0.275589,1.173325,0.000000,0.000000,1.162908
146,01 04 07 12 13 14,0.09616759,0.61016743,-0.433160,2.028908,-2.020987,2.047078,0.000000,0.000000,-2.409428
147,01 04 10 12 13 33,0.09606001,0.69707284,1.095640,1.818133,-1.102357,1.547790,0.000000,0.000000,0.314462
148,04 13 18 22 24 33,0.09596712,0.74918939,1.605240,1.630323,-0.183726,1.547790,0.000000,0.000000,1.175249
149,04 06 12 13 22 33,0.09595194,0.62386432,0.458640,1.760442,-1.791329,1.422969,0.000000,0.000000,1.006673
150,04 08 13 22 24 33,0.09571678,0.72072852,1.477840,2.098092,-0.183726,0.923681,0.000000,0.000000,1.157875
151,02 04 13 14 22 33,0.09546173,0.63533524,-0.050960,1.281523,-0.872699,2.047078,0.000000,0.000000,0.966261
152,04 07 08 12 13 33,0.09544280,0.68201922,1.095640,1.521352,-2.020987,1.922256,0.000000,0.000000,0.286253
153,01 04 08 12 13 33,0.09534572,0.72674313,1.860040,1.992847,-1.561672,1.298147,0.000000,0.000000,0.274233
154,01 02 04 13 14 33,0.09530586,0.68404421,0.586040,1.597421,-0.872699,1.922256,0.000000,0.000000,-0.088255
155,02 04 13 18 22 24,0.09476739,0.76013477,0.840840,1.411388,1.194220,2.047078,0.000000,0.000000,0.258663
156,04 07 12 13 22 23,0.09467776,0.48256454,-1.834560,1.425106,-2.250645,2.047078,0.000000,0.000000,0.181505
157,02 04 13 22 23 24,0.09462881,0.59125319,-1.197560,1.683940,0.505247,1.672612,0.000000,0.000000,0.287718
158,01 04 12 13 22 23,0.09457443,0.52728846,-1.070160,1.896600,-1.791329,1.422969,0.000000,0.000000,0.168560
159,04 13 22 23 24 33,0.09455756,0.58030780,-0.433160,1.902876,-0.872699,1.173325,0.000000,0.000000,1.016005
160,01 02 04 12 13 23,0.09449193,0.59726780,-0.815360,1.578695,-0.872699,2.047078,0.000000,0.000000,-0.561230
161,04 12 13 18 22 33,0.09442498,0.70649503,1.350440,1.209180,-1.561672,2.047078,0.000000,0.000000,1.149531
162,02 04 06 13 22 24,0.09413536,0.67750406,-0.050960,1.962650,0.964562,1.422969,0.000000,0.000000,-0.204056
163,02 04 06 12 13 33,0.09409326,0.69384366,0.713440,1.442537,-0.872699,2.047078,0.000000,0.000000,0.013738
164,02 04 07 13 14 22,0.09395799,0.58028633,-1.197560,1.224896,-0.872699,2.421543,0.000000,0.000000,-0.311585
165,02 04 10 13 22 24,0.09393705,0.70200360,-0.050960,1.704442,1.653535,1.672612,0.000000,0.000000,0.089765
166,04 12 13 22 23 33,0.09393202,0.53761345,-0.687960,1.481733,-2.250645,1.672612,0.000000,0.000000,1.126083
167,04 10 12 13 22 33,0.09391998,0.64836387,0.458640,1.502234,-1.102357,1.672612,0.000000,0.000000,1.028832
168,01 04 06 12 13 22,0.09377324,0.61353933,0.076440,2.175310,-1.332014,1.173325,0.000000,0.000000,-0.368808
169,04 06 13 14 24 33,0.09373713,0.64666975,0.713440,2.248623,-0.643041,0.674038,0.000000,0.000000,1.042788
170,04 08 12 13 22 33,0.09353549,0.67803417,1.223040,1.676948,-1.561672,1.422969,0.000000,0.000000,1.037466
171,01 04 06 13 14 24,0.09352659,0.63634476,0.331240,2.663491,-0.183726,0.424394,0.000000,0.000000,-0.041103
172,04 07 13 14 23 24,0.09343983,0.50536997,-1.579760,1.913286,-1.102357,1.298147,0.000000,0.000000,0.362349
173,01 04 13 14 23 24,0.09327926,0.55009389,-0.815360,2.384781,-0.643041,0.674038,0.000000,0.000000,0.340922
174,02 04 08 13 22 24,0.09311486,0.73167390,0.713440,1.879156,1.194220,1.422969,0.000000,0.000000,0.033551
175,02 04 08 12 13 33,0.09309165,0.74801351,1.477840,1.359043,-0.643041,2.047078,0.000000,0.000000,0.254143
176,01 04 12 13 18 22,0.09306586,0.69617004,0.968240,1.624048,-1.102357,1.797434,0.000000,0.000000,-0.104526
177,01 04 13 14 18 24,0.09284105,0.71897547,1.223040,2.112228,0.045932,1.048503,0.000000,0.000000,0.226414
178,02 04 10 12 13 33,0.09274613,0.71834321,0.713440,1.184329,-0.183726,2.296721,0.000000,0.000000,0.137356
179,04 07 10 12 13 22,0.09263231,0.59331496,-0.687960,1.445607,-1.102357,2.047078,0.000000,0.000000,-0.217003
180,04 07 10 13 14 24,0.09261115,0.61612039,-0.433160,1.933788,0.045932,1.298147,0.000000,0.000000,0.144108
181,01 04 10 12 13 22,0.09250145,0.63803887,0.076440,1.917102,-0.643041,1.422969,0.000000,0.000000,-0.234026
182,01 04 10 13 14 24,0.09232812,0.66084431,0.331240,2.405283,0.505247,0.674038,0.000000,0.000000,0.104541
183,02 04 07 12 13 14,0.09228705,0.63143780,-0.815360,1.395105,-1.102357,2.796009,0.000000,0.000000,-2.670484
184,04 07 13 14 18 24,0.09220301,0.67425155,0.458640,1.640734,-0.413384,1.672612,0.000000,0.000000,0.129525
185,04 07 12 13 18 22,0.09208471,0.65144612,0.203840,1.152553,-1.561672,2.421543,0.000000,0.000000,-0.252249
186,04 06 07 12 13 22,0.09204355,0.56881541,-0.687960,1.703815,-1.791329,1.797434,0.000000,0.000000,-0.627430
187,04 06 07 13 14 24,0.09194120,0.59162084,-0.433160,2.191996,-0.643041,1.048503,0.000000,0.000000,-0.278346
188,04 13 14 18 24 33,0.09184434,0.72930046,1.605240,1.697361,-0.413384,1.298147,0.000000,0.000000,1.131448
189,04 10 13 14 24 33,0.09180997,0.67116930,0.713440,1.990415,0.045932,0.923681,0.000000,0.000000,1.080474
190,01 04 08 12 13 22,0.09175262,0.66770917,0.840840,2.091816,-1.102357,1.173325,0.000000,0.000000,-0.279371
191,01 04 08 13 14 24,0.09147768,0.69051460,1.095640,2.579997,0.045932,0.424394,0.000000,0.000000,0.044141
192,01 04 07 12 13 18,0.09139820,0.70015509,0.840840,1.468451,-1.561672,2.296721,0.000000,0.000000,-1.385380
193,04 13 14 23 24 33,0.09138936,0.56041888,-0.433160,1.969913,-1.102357,0.923681,0.000000,0.000000,1.113627
194,04 08 13 14 24 33,0.09130812,0.70083960,1.477840,2.165129,-0.413384,0.674038,0.000000,0.000000,1.071720
195,01 02 04 13 14 22,0.09116180,0.62501025,-0.433160,1.696390,-0.413384,1.797434,0.000000,0.000000,-0.723486
196,02 04 12 13 22 23,0.09094099,0.54855883,-1.452360,1.262797,-0.872699,2.171899,0.000000,0.000000,-0.055889
197,04 07 08 12 13 22,0.09090915,0.62298526,0.076440,1.620321,-1.561672,1.797434,0.000000,0.000000,-0.406697
198,04 07 08 13 14 24,0.09078637,0.64579069,0.331240,2.108502,-0.413384,1.048503,0.000000,0.000000,-0.060640
199,04 06 12 13 23 24,0.08977157,0.55989334,-0.687960,2.229898,-0.643041,0.798860,0.000000,0.000000,0.102890
200,02 04 13 14 23 24,0.08967118,0.57136426,-1.197560,1.750978,0.275589,1.422969,0.000000,0.000000,0.120231
201,02 04 12 13 18 22,0.08948777,0.71744041,0.586040,0.990245,-0.183726,2.546365,0.000000,0.000000,-0.320775
202,02 04 13 14 18 24,0.08931995,0.74024585,0.840840,1.478425,0.964562,1.797434,0.000000,0.000000,0.018610
203,04 07 12 13 14 23,0.08928761,0.46267562,-1.834560,1.492143,-2.480302,1.797434,0.000000,0.000000,-0.050061
204,04 12 13 14 23 33,0.08921300,0.51772453,-0.687960,1.548770,-2.480302,1.422969,0.000000,0.000000,0.993947
205,02 04 06 12 13 22,0.08915730,0.63480970,-0.305760,1.541507,-0.413384,1.922256,0.000000,0.000000,-0.738816
206,01 04 12 13 14 23,0.08910893,0.50739953,-1.070160,1.963638,-2.020987,1.173325,0.000000,0.000000,-0.074171
207,04 12 13 18 23 24,0.08907913,0.64252405,0.203840,1.678636,-0.413384,1.422969,0.000000,0.000000,0.369386
208,02 04 07 13 23 33,0.08897916,0.56042638,-0.942760,0.838022,-1.561672,2.421543,0.000000,0.000000,0.752295
209,02 04 06 13 14 24,0.08896766,0.65761513,-0.050960,2.029688,0.734904,1.173325,0.000000,0.000000,-0.402666
210,02 04 10 13 14 24,0.08881959,0.68211468,-0.050960,1.771480,1.423877,1.422969,0.000000,0.000000,-0.101403
211,02 04 07 12 13 18,0.08869463,0.72142547,0.458640,0.834648,-0.643041,3.045652,0.000000,0.000000,-1.472065
212,01 04 07 13 18 33,0.08859484,0.70803758,1.477840,1.199272,-1.791329,2.047078,0.000000,0.000000,0.331915
213,04 08 12 13 23 24,0.08843691,0.61406319,0.076440,2.146404,-0.413384,0.798860,0.000000,0.000000,0.293954
214,04 06 12 13 18 24,0.08843573,0.72877492,1.350440,1.957345,0.045932,1.173325,0.000000,0.000000,-0.144604
215,02 04 07 13 18 33,0.08836715,0.72930796,1.095640,0.565469,-0.872699,2.796009,0.000000,0.000000,0.612038
216,01 02 04 12 13 14,0.08833123,0.67616172,-0.050960,1.866600,-0.643041,2.171899,0.000000,0.000000,-3.254188
217,01 04 06 07 13 33,0.08826869,0.62540687,0.586040,1.750535,-2.020987,1.422969,0.000000,0.000000,-0.085488
218,04 06 07 13 22 33,0.08823767,0.57669790,-0.050960,1.434637,-2.020987,1.547790,0.000000,0.000000,0.941339
219,01 04 07 13 23 33,0.08823716,0.53915600,-0.560560,1.471825,-2.480302,1.672612,0.000000,0.000000,0.328509
220,02 04 08 12 13 22,0.08819023,0.68897955,0.458640,1.458013,-0.183726,1.922256,0.000000,0.000000,-0.493295
221,02 04 08 13 14 24,0.08797228,0.71178498,0.713440,1.946194,0.964562,1.173325,0.000000,0.000000,-0.161338
222,01 02 04 13 23 33,0.08791840,0.60515029,-0.178360,1.309517,-1.102357,1.797434,0.000000,0.000000,0.597503
223,02 04 10 12 13 22,0.08787924,0.65930925,-0.305760,1.283299,0.275589,2.171899,0.000000,0.000000,-0.604965
224,04 10 12 13 23 24,0.08778984,0.58439289,-0.687960,1.971690,0.045932,1.048503,0.000000,0.000000,0.132492
225,04 06 10 12 13 24,0.08777557,0.67064376,0.458640,2.250400,0.505247,0.798860,0.000000,0.000000,-0.288291
226,04 12 13 14 18 33,0.08775688,0.68660611,1.350440,1.276218,-1.791329,1.797434,0.000000,0.000000,0.728633
227,01 02 04 13 18 33,0.08725929,0.77403188,1.860040,1.036964,-0.413384,2.171899,0.000000,0.000000,0.450268
228,01 02 04 07 13 23,0.08722097,0.55010138,-1.324960,1.252890,-1.102357,2.171899,0.000000,0.000000,-0.560884
229,04 06 12 13 14 33,0.08706122,0.60397540,0.458640,1.827480,-2.020987,1.173325,0.000000,0.000000,0.256486
230,01 04 06 13 22 33,0.08701552,0.62142182,0.713440,1.906131,-1.561672,0.923681,0.000000,0.000000,0.762637
231,04 07 13 22 23 33,0.08696744,0.49044703,-1.197560,1.155927,-2.480302,1.797434,0.000000,0.000000,1.171819
232,04 06 08 12 13 24,0.08691879,0.70031406,1.223040,2.425114,0.045932,0.549216,0.000000,0.000000,-0.349628
233,04 06 13 14 22 24,0.08690501,0.58763579,-0.305760,2.347593,-0.183726,0.549216,0.000000,0.000000,0.009312
234,01 02 04 12 13 18,0.08676328,0.76614938,1.223040,1.306143,-0.183726,2.421543,0.000000,0.000000,-1.755839
235,01 04 07 13 22 23,0.08675804,0.48012204,-1.579760,1.570794,-2.020987,1.547790,0.000000,0.000000,0.088096
236,04 13 14 18 22 24,0.08664897,0.67026650,0.586040,1.796330,0.045932,1.173325,0.000000,0.000000,0.340461
237,04 10 12 13 18 24,0.08648541,0.75327447,1.350440,1.699137,0.734904,1.422969,0.000000,0.000000,-0.110350
238,01 04 07 08 13 33,0.08630796,0.67957672,1.350440,1.667041,-1.791329,1.422969,0.000000,0.000000,0.012821
239,04 07 13 18 22 33,0.08628535,0.65932861,0.840840,0.883374,-1.791329,2.171899,0.000000,0.000000,1.021179
240,01 04 07 10 13 33,0.08612640,0.64990642,0.586040,1.492327,-1.332014,1.672612,0.000000,0.000000,-0.079674
241,01 04 13 22 23 33,0.08611267,0.53517095,-0.433160,1.627421,-2.020987,1.173325,0.000000,0.000000,1.047546
242,04 10 13 14 22 24,0.08610360,0.61213534,-0.305760,2.089385,0.505247,0.798860,0.000000,0.000000,0.213781
243,04 08 12 13 18 24,0.08606010,0.78294477,2.114840,1.873851,0.275589,1.173325,0.000000,0.000000,-0.107764
244,04 07 08 13 22 33,0.08597279,0.63086775,0.713440,1.351143,-1.791329,1.547790,0.000000,0.000000,0.994587
245,02 04 06 07 13 33,0.08594647,0.64667725,0.203840,1.116732,-1.102357,2.171899,0.000000,0.000000,-0.115674
246,02 04 07 10 13 33,0.08591126,0.67117679,0.203840,0.858524,-0.413384,2.421543,0.000000,0.000000,0.202309
247,04 08 12 13 14 33,0.08572657,0.65814524,1.223040,1.743986,-1.791329,1.173325,0.000000,0.000000,0.447550
248,04 07 10 13 22 33,0.08563083,0.60119745,-0.050960,1.176429,-1.332014,1.797434,0.000000,0.000000,0.878329
249,04 08 13 14 22 24,0.08556721,0.64180564,0.458640,2.264099,0.045932,0.549216,0.000000,0.000000,0.199910
250,01 04 06 07 13 22,0.08553226,0.56637291,-0.433160,1.849504,-1.561672,1.298147,0.000000,0.000000,-0.512175
251,02 04 12 13 14 23,0.08548805,0.52866991,-1.452360,1.329835,-1.102357,1.922256,0.000000,0.000000,-0.296758
252,01 04 13 18 22 33,0.08538349,0.70405253,1.605240,1.354869,-1.332014,1.547790,0.000000,0.000000,0.889928
253,04 08 10 12 13 24,0.08529513,0.72481360,1.223040,2.166906,0.734904,0.798860,0.000000,0.000000,-0.266979
254,02 04 07 13 22 23,0.08516667,0.50139241,-1.961960,0.936991,-1.102357,2.296721,0.000000,0.000000,0.166187
255,04 10 12 13 14 33,0.08507949,0.62847494,0.458640,1.569272,-1.332014,1.422969,0.000000,0.000000,0.286088
256,02 04 07 08 13 33,0.08503928,0.70084709,0.968240,1.033238,-0.872699,2.171899,0.000000,0.000000,0.138719
257,02 04 13 22 23 33,0.08479690,0.55644132,-0.815360,0.993618,-1.102357,1.922256,0.000000,0.000000,1.166467
258,02 04 06 13 22 33,0.08474889,0.64269219,0.331240,1.272328,-0.643041,1.672612,0.000000,0.000000,0.740685
259,01 02 04 10 13 33,0.08465721,0.71590071,0.968240,1.330018,0.045932,1.797434,0.000000,0.000000,0.018879
260,01 04 10 13 22 33,0.08465362,0.64592137,0.713440,1.647923,-0.872699,1.173325,0.000000,0.000000,0.735915
261,01 02 04 06 13 33,0.08449676,0.69140116,0.968240,1.588226,-0.643041,1.547790,0.000000,0.000000,-0.328092
262,04 13 14 22 23 24,0.08427135,0.50138492,-1.452360,2.068883,-0.643041,0.798860,0.000000,0.000000,0.037797
263,02 04 13 18 22 33,0.08415470,0.72532291,1.223040,0.721066,-0.413384,2.296721,0.000000,0.000000,1.021736
264,01 04 08 13 22 33,0.08385655,0.67559167,1.477840,1.822637,-1.332014,0.923681,0.000000,0.000000,0.683422
265,01 04 06 13 23 24,0.08366467,0.55745084,-0.433160,2.375587,-0.413384,0.299572,0.000000,0.000000,0.278056
266,01 02 04 08 13 33,0.08365564,0.74557101,1.732640,1.504732,-0.413384,1.547790,0.000000,0.000000,-0.063910
267,01 04 07 08 13 22,0.08360607,0.62054276,0.331240,1.766010,-1.332014,1.298147,0.000000,0.000000,-0.408749
268,01 04 07 10 13 22,0.08345905,0.59087246,-0.433160,1.591296,-0.872699,1.547790,0.000000,0.000000,-0.496127
269,01 02 04 07 13 14,0.08345308,0.62899530,-0.560560,1.540794,-0.872699,2.296721,0.000000,0.000000,-2.899342
270,01 04 07 13 18 22,0.08344696,0.64900362,0.458640,1.298242,-1.332014,1.922256,0.000000,0.000000,-0.452036
271,02 04 10 13 22 33,0.08343739,0.66719174,0.331240,1.014120,0.045932,1.922256,0.000000,0.000000,0.869583
272,04 06 13 23 24 33,0.08309627,0.56777583,-0.050960,1.960719,-0.872699,0.549216,0.000000,0.000000,1.246545
273,01 04 13 18 23 24,0.08308541,0.64008155,0.458640,1.824324,-0.183726,0.923681,0.000000,0.000000,0.561320
274,02 04 08 13 22 33,0.08264346,0.69686204,1.095640,1.188834,-0.413384,1.672612,0.000000,0.000000,0.817556
275,04 07 10 13 23 24,0.08260793,0.53722647,-1.197560,1.645884,-0.183726,1.173325,0.000000,0.000000,0.442335
276,01 04 10 13 23 24,0.08240968,0.58195039,-0.433160,2.117379,0.275589,0.549216,0.000000,0.000000,0.415326
277,04 07 13 18 23 24,0.08236261,0.59535763,-0.305760,1.352830,-0.643041,1.547790,0.000000,0.000000,0.451872
278,01 04 07 10 12 13,0.08232234,0.64202393,-0.050960,1.761506,-1.102357,1.922256,0.000000,0.000000,-2.775877
279,01 04 06 07 12 13,0.08230200,0.61752438,-0.050960,2.019714,-1.791329,1.672612,0.000000,0.000000,-3.102091
280,04 06 13 18 24 33,0.08223782,0.73665741,1.987440,1.688166,-0.183726,0.923681,0.000000,0.000000,1.069777
281,01 02 04 13 22 23,0.08220536,0.54611633,-1.197560,1.408486,-0.643041,1.672612,0.000000,0.000000,-0.270178
282,04 07 13 14 23 33,0.08218563,0.47055811,-1.197560,1.222964,-2.709960,1.547790,0.000000,0.000000,1.030380
283,04 06 07 13 23 24,0.08199450,0.51272692,-1.197560,1.904092,-0.872699,0.923681,0.000000,0.000000,0.028253
284,04 06 07 10 13 24,0.08194252,0.62347734,-0.050960,1.924594,0.275589,0.923681,0.000000,0.000000,-0.074917
285,02 04 07 10 13 22,0.08193558,0.61214283,-0.815360,0.957493,0.045932,2.296721,0.000000,0.000000,-0.407977
286,02 04 07 13 18 22,0.08191093,0.67027400,0.076440,0.664439,-0.413384,2.671187,0.000000,0.000000,-0.365746
287,02 04 06 07 13 22,0.08190172,0.58764328,-0.815360,1.215701,-0.643041,2.047078,0.000000,0.000000,-0.736194
288,01 02 04 13 18 22,0.08189323,0.71499791,0.840840,1.135933,0.045932,2.047078,0.000000,0.000000,-0.366007
289,04 06 10 13 24 33,0.08184142,0.67852625,1.095640,1.981221,0.275589,0.549216,0.000000,0.000000,0.965167
290,04 07 13 14 18 33,0.08166781,0.63943969,0.840840,0.950412,-2.020987,1.922256,0.000000,0.000000,0.904077
291,01 04 12 13 14 18,0.08162907,0.67628112,0.968240,1.691085,-1.332014,1.547790,0.000000,0.000000,-1.231921
292,04 06 07 13 18 24,0.08159697,0.68160850,0.840840,1.631539,-0.183726,1.298147,0.000000,0.000000,-0.080229
293,01 04 08 13 23 24,0.08158749,0.61162069,0.331240,2.292093,-0.183726,0.299572,0.000000,0.000000,0.359113
294,01 04 06 13 18 24,0.08145223,0.72633242,1.605240,2.103034,0.275589,0.674038,0.000000,0.000000,-0.099309
295,01 04 06 10 13 24,0.08135326,0.66820126,0.713440,2.396088,0.734904,0.299572,0.000000,0.000000,-0.159853
296,01 04 13 14 23 33,0.08125551,0.51528203,-0.433160,1.694459,-2.250645,0.923681,0.000000,0.000000,0.894943
297,01 04 07 13 14 23,0.08122974,0.46023312,-1.579760,1.637832,-2.250645,1.298147,0.000000,0.000000,-0.163937
298,04 10 13 23 24 33,0.08111260,0.59227538,-0.050960,1.702511,-0.183726,0.798860,0.000000,0.000000,1.275858
299,02 04 07 08 13 22,0.08102906,0.64181313,-0.050960,1.132207,-0.413384,2.047078,0.000000,0.000000,-0.476684
300,01 04 07 08 12 13,0.08099103,0.67169422,0.713440,1.936220,-1.561672,1.672612,0.000000,0.000000,-2.907519
301,04 06 08 13 24 33,0.08093640,0.70819655,1.860040,2.155935,-0.183726,0.299572,0.000000,0.000000,0.896683
302,04 06 12 13 14 22,0.08093623,0.54494143,-0.560560,1.926450,-1.561672,1.048503,0.000000,0.000000,-0.672227
303,01 02 04 10 13 22,0.08092597,0.65686675,-0.050960,1.428988,0.505247,1.672612,0.000000,0.000000,-0.555192
304,04 07 08 13 23 24,0.08081142,0.56689677,-0.433160,1.820598,-0.643041,0.923681,0.000000,0.000000,0.241773
305,01 02 04 06 13 22,0.08069645,0.63236720,-0.050960,1.687196,-0.183726,1.422969,0.000000,0.000000,-0.912396
306,04 12 13 14 22 23,0.08069542,0.45869057,-1.707160,1.647740,-2.020987,1.298147,0.000000,0.000000,-0.289235
307,01 04 13 14 18 33,0.08069060,0.68416361,1.605240,1.421907,-1.561672,1.298147,0.000000,0.000000,0.761663
308,04 13 18 23 24 33,0.08067968,0.65040654,0.840840,1.409457,-0.643041,1.173325,0.000000,0.000000,1.257603
309,04 08 13 23 24 33,0.08063900,0.62194568,0.713440,1.877225,-0.643041,0.549216,0.000000,0.000000,1.271291
310,04 12 13 14 18 22,0.08054803,0.62757215,0.331240,1.375187,-1.332014,1.672612,0.000000,0.000000,-0.360657
311,02 04 13 18 23 24,0.08052773,0.66135193,0.076440,1.190521,0.734904,1.672612,0.000000,0.000000,0.496249
312,04 06 12 13 23 33,0.08043937,0.52508148,-0.305760,1.539576,-2.250645,1.048503,0.000000,0.000000,1.055672
313,04 07 12 13 14 18,0.08034358,0.63155720,0.203840,1.219591,-1.791329,2.171899,0.000000,0.000000,-1.424733
314,01 04 06 08 13 24,0.08023757,0.69787156,1.477840,2.570802,0.275589,0.049929,0.000000,0.000000,-0.259551
315,01 04 06 13 14 33,0.08010001,0.60153290,0.713440,1.973169,-1.791329,0.674038,0.000000,0.000000,0.305083
316,02 04 06 13 23 24,0.08006915,0.57872121,-0.815360,1.741784,0.505247,1.048503,0.000000,0.000000,0.059226
317,02 04 13 14 23 33,0.07995230,0.53655240,-0.815360,1.060656,-1.332014,1.672612,0.000000,0.000000,1.015725
318,04 07 10 13 14 33,0.07989758,0.58130853,-0.050960,1.243466,-1.561672,1.547790,0.000000,0.000000,0.595931
319,01 02 04 08 13 22,0.07988986,0.68653705,0.713440,1.603702,0.045932,1.422969,0.000000,0.000000,-0.643097
320,02 04 10 13 23 24,0.07986456,0.60322076,-0.815360,1.483576,1.194220,1.298147,0.000000,0.000000,0.352116
321,01 02 04 07 13 18,0.07980317,0.71898297,0.713440,0.980337,-0.413384,2.546365,0.000000,0.000000,-1.709441
322,02 04 07 13 14 23,0.07965093,0.48150349,-1.961960,1.004029,-1.332014,2.047078,0.000000,0.000000,-0.083986
323,04 07 08 10 13 24,0.07963727,0.67764719,0.713440,1.841100,0.505247,0.923681,0.000000,0.000000,-0.027649
324,04 08 12 13 14 22,0.07963611,0.59911128,0.203840,1.842956,-1.332014,1.048503,0.000000,0.000000,-0.476046
325,01 04 06 12 13 23,0.07937717,0.51475649,-0.687960,1.954444,-1.791329,0.798860,0.000000,0.000000,-0.154396
326,04 07 08 13 18 24,0.07937290,0.73577835,1.605240,1.548045,0.045932,1.298147,0.000000,0.000000,-0.020934
327,04 08 10 13 24 33,0.07929505,0.73269610,1.860040,1.897727,0.505247,0.549216,0.000000,0.000000,0.976712
328,04 06 07 13 14 33,0.07928415,0.55680898,-0.050960,1.501674,-2.250645,1.298147,0.000000,0.000000,0.181849
329,01 04 08 10 13 24,0.07923422,0.72237110,1.477840,2.312594,0.964562,0.299572,0.000000,0.000000,-0.085000
330,04 10 13 18 24 33,0.07922886,0.76115696,1.987440,1.429958,0.505247,1.173325,0.000000,0.000000,0.947192
331,04 07 10 13 18 24,0.07907176,0.70610805,0.840840,1.373331,0.505247,1.547790,0.000000,0.000000,-0.131145
332,02 04 08 13 23 24,0.07904551,0.63289106,-0.050960,1.658290,0.734904,1.048503,0.000000,0.000000,0.296367
333,04 10 12 13 14 22,0.07902358,0.56944098,-0.560560,1.668242,-0.872699,1.298147,0.000000,0.000000,-0.632392
334,04 06 07 08 13 24,0.07894148,0.65314764,0.713440,2.099308,-0.183726,0.674038,0.000000,0.000000,-0.453932
335,04 06 12 13 18 33,0.07892046,0.69396306,1.732640,1.267023,-1.561672,1.422969,0.000000,0.000000,0.781054
336,04 12 13 18 23 33,0.07889357,0.60771219,0.586040,0.988314,-2.020987,1.672612,0.000000,0.000000,1.195739
337,01 04 10 13 14 33,0.07884502,0.62603244,0.713440,1.714961,-1.102357,0.923681,0.000000,0.000000,0.442353
338,01 04 10 13 18 24,0.07882642,0.75083197,1.605240,1.844826,0.964562,0.923681,0.000000,0.000000,-0.165131
339,04 08 13 18 24 33,0.07873957,0.79082726,2.751840,1.604672,0.045932,0.923681,0.000000,0.000000,0.940298
340,01 07 12 13 24 33,0.07870191,0.63397962,0.586040,1.424731,-0.643041,1.173325,0.000000,0.000000,0.893463
341,01 04 12 13 18 23,0.07849635,0.59738720,0.203840,1.403181,-1.561672,1.422969,0.000000,0.000000,0.084191
342,02 04 13 14 18 33,0.07841769,0.70543398,1.223040,0.788103,-0.643041,2.047078,0.000000,0.000000,0.738781
343,02 04 07 10 12 13,0.07841645,0.66329430,-0.433160,1.127702,-0.183726,2.671187,0.000000,0.000000,-3.040691
344,04 10 12 13 23 33,0.07840113,0.54958103,-0.305760,1.281368,-1.561672,1.298147,0.000000,0.000000,1.076901
345,04 07 10 12 13 23,0.07831546,0.49453212,-1.452360,1.224741,-1.561672,1.672612,0.000000,0.000000,0.009147
346,04 06 13 14 22 33,0.07813679,0.55282393,0.076440,1.657271,-1.791329,0.798860,0.000000,0.000000,1.045648
347,04 07 08 13 14 33,0.07810107,0.61097883,0.713440,1.418180,-2.020987,1.298147,0.000000,0.000000,0.395368
348,01 04 10 12 13 23,0.07809910,0.53925603,-0.687960,1.696236,-1.102357,1.048503,0.000000,0.000000,-0.020545
349,01 04 08 13 14 33,0.07802283,0.65570274,1.477840,1.889675,-1.561672,0.674038,0.000000,0.000000,0.386140
350,04 08 12 13 23 33,0.07801978,0.57925132,0.458640,1.456082,-2.020987,1.048503,0.000000,0.000000,1.085999
351,01 04 08 13 18 24,0.07798853,0.78050227,2.369640,2.019540,0.505247,0.674038,0.000000,0.000000,-0.223671
352,02 04 06 13 18 24,0.07794370,0.74760280,1.223040,1.469231,1.194220,1.422969,0.000000,0.000000,-0.305252
353,02 04 06 10 13 24,0.07785729,0.68947163,0.331240,1.762285,1.653535,1.048503,0.000000,0.000000,-0.363936
354,04 06 07 12 13 23,0.07773298,0.47003257,-1.452360,1.482949,-2.250645,1.422969,0.000000,0.000000,-0.400350
355,04 07 12 13 18 23,0.07760070,0.55266328,-0.560560,0.931687,-2.020987,2.047078,0.000000,0.000000,-0.050865
356,02 07 12 13 24 33,0.07752548,0.65524999,0.203840,0.790928,0.275589,1.922256,0.000000,0.000000,1.033027
357,01 04 08 12 13 23,0.07735341,0.56892633,0.076440,1.870950,-1.561672,0.798860,0.000000,0.000000,-0.065424
358,02 04 06 07 12 13,0.07734571,0.63879475,-0.433160,1.385910,-0.872699,2.421543,0.000000,0.000000,-3.522525
359,02 04 07 08 12 13,0.07708828,0.69296460,0.331240,1.302416,-0.643041,2.421543,0.000000,0.000000,-3.171867
360,04 10 12 13 18 33,0.07691361,0.71846261,1.732640,1.008815,-0.872699,1.672612,0.000000,0.000000,0.806935
361,02 04 12 13 14 18,0.07688029,0.69755149,0.586040,1.057282,-0.413384,2.296721,0.000000,0.000000,-1.621610
362,01 04 13 14 22 23,0.07680637,0.45624807,-1.452360,1.793429,-1.791329,0.798860,0.000000,0.000000,0.214512
363,02 04 06 13 14 33,0.07678926,0.62280327,0.331240,1.339366,-0.872699,1.422969,0.000000,0.000000,0.128442
364,01 02 04 06 12 13,0.07674022,0.68351867,0.331240,1.857405,-0.413384,1.797434,0.000000,0.000000,-3.609868
365,04 06 13 22 23 24,0.07673432,0.50874187,-1.070160,2.059689,-0.413384,0.424394,0.000000,0.000000,0.282727
366,01 02 07 12 13 24,0.07672995,0.64492500,-0.178360,1.205796,0.734904,1.672612,0.000000,0.000000,-0.137532
367,04 07 13 14 22 23,0.07667261,0.41152415,-2.216760,1.321934,-2.250645,1.422969,0.000000,0.000000,0.192333
368,01 02 04 13 14 23,0.07661427,0.52622741,-1.197560,1.475524,-0.872699,1.422969,0.000000,0.000000,-0.531514
369,04 07 08 12 13 23,0.07659545,0.52420241,-0.687960,1.399455,-2.020987,1.422969,0.000000,0.000000,-0.180082
370,02 04 10 13 14 33,0.07658467,0.64730282,0.331240,1.081158,-0.183726,1.672612,0.000000,0.000000,0.421332
371,04 08 12 13 18 33,0.07651657,0.74813291,2.497040,1.183529,-1.332014,1.422969,0.000000,0.000000,0.813707
372,04 13 14 18 22 33,0.07643628,0.63545464,0.968240,1.106008,-1.561672,1.422969,0.000000,0.000000,1.162795
373,04 06 13 18 22 24,0.07640414,0.67762345,0.968240,1.787136,0.275589,0.798860,0.000000,0.000000,0.184224
374,02 04 10 13 18 24,0.07636828,0.77210234,1.223040,1.211023,1.883192,1.672612,0.000000,0.000000,-0.215455
375,04 10 13 14 22 33,0.07622219,0.57732348,0.076440,1.399063,-1.102357,1.048503,0.000000,0.000000,1.085195
376,01 02 04 08 12 13,0.07613966,0.73768852,1.095640,1.773911,-0.183726,1.797434,0.000000,0.000000,-3.310045
377,04 06 10 13 22 24,0.07612420,0.61949229,0.076440,2.080190,0.734904,0.424394,0.000000,0.000000,0.096867
378,01 02 12 13 24 33,0.07594766,0.69997391,0.968240,1.262423,0.734904,1.298147,0.000000,0.000000,0.801632
379,02 04 12 13 18 23,0.07592587,0.61865757,-0.178360,0.769378,-0.643041,2.171899,0.000000,0.000000,0.017223
380,04 13 14 22 23 33,0.07589613,0.46657306,-1.070160,1.378561,-2.250645,1.048503,0.000000,0.000000,1.132356
381,04 10 13 22 23 24,0.07587640,0.53324142,-1.070160,1.801481,0.275589,0.674038,0.000000,0.000000,0.478823
382,01 02 04 10 12 13,0.07584593,0.70801822,0.331240,1.599197,0.275589,2.047078,0.000000,0.000000,-3.419158
383,01 04 06 13 14 22,0.07580677,0.54249894,-0.305760,2.072138,-1.332014,0.549216,0.000000,0.000000,-0.352250
384,01 07 12 13 22 24,0.07579409,0.57494566,-0.433160,1.523701,-0.183726,1.048503,0.000000,0.000000,0.441383
385,04 13 18 22 23 24,0.07577560,0.59137258,-0.178360,1.508426,-0.183726,1.048503,0.000000,0.000000,0.509771
386,02 04 06 12 13 23,0.07576885,0.53602686,-1.070160,1.320641,-0.872699,1.547790,0.000000,0.000000,-0.375123
387,02 04 08 13 14 33,0.07576562,0.67697312,1.095640,1.255872,-0.643041,1.422969,0.000000,0.000000,0.365584
388,02 04 08 10 13 24,0.07573510,0.74364148,1.095640,1.678791,1.883192,1.048503,0.000000,0.000000,-0.289548
389,04 08 13 14 22 33,0.07571406,0.60699377,0.840840,1.573777,-1.561672,0.798860,0.000000,0.000000,1.075511
390,02 04 06 08 13 24,0.07568805,0.71914193,1.095640,1.936999,1.194220,0.798860,0.000000,0.000000,-0.619718
391,02 04 08 13 18 24,0.07553353,0.80177264,1.987440,1.385737,1.423877,1.422969,0.000000,0.000000,-0.273529
392,01 04 13 14 18 22,0.07553175,0.62512965,0.586040,1.520876,-1.102357,1.173325,0.000000,0.000000,-0.023913
393,04 06 10 12 13 33,0.07550909,0.63583190,0.840840,1.560078,-1.102357,1.048503,0.000000,0.000000,0.229768
394,04 08 13 22 23 24,0.07536827,0.56291172,-0.305760,1.976195,-0.183726,0.424394,0.000000,0.000000,0.469139
395,02 04 08 12 13 23,0.07479863,0.59019671,-0.305760,1.237147,-0.643041,1.547790,0.000000,0.000000,-0.130067
396,01 04 06 12 13 14,0.07475889,0.59365040,0.076440,2.242348,-1.561672,0.923681,0.000000,0.000000,-2.618841
397,04 07 10 13 14 22,0.07473287,0.52227457,-1.070160,1.342436,-1.102357,1.422969,0.000000,0.000000,-0.190514
398,04 07 13 14 18 22,0.07472271,0.58040573,-0.178360,1.049381,-1.561672,1.797434,0.000000,0.000000,-0.146137
399,04 06 08 12 13 33,0.07468057,0.66550219,1.605240,1.734792,-1.561672,0.798860,0.000000,0.000000,0.172617
400,01 04 10 13 14 22,0.07462086,0.56699848,-0.305760,1.813930,-0.643041,0.798860,0.000000,0.000000,-0.204747
401,02 04 10 12 13 23,0.07448450,0.56052641,-1.070160,1.062433,-0.183726,1.797434,0.000000,0.000000,-0.242202
402,04 10 13 18 22 24,0.07417539,0.70212300,0.968240,1.528928,0.964562,1.048503,0.000000,0.000000,0.177228
403,04 06 08 13 22 24,0.07412797,0.64916259,0.840840,2.254904,0.275589,0.174751,0.000000,0.000000,-0.133284
404,01 04 07 13 14 18,0.07406073,0.62911470,0.458640,1.365280,-1.561672,1.672612,0.000000,0.000000,-1.275634
405,04 06 07 13 14 22,0.07405037,0.49777502,-1.070160,1.600644,-1.791329,1.173325,0.000000,0.000000,-0.614829
406,07 12 13 22 24 33,0.07402315,0.58527065,-0.050960,1.108833,-0.643041,1.298147,0.000000,0.000000,1.231713
407,01 04 08 13 14 22,0.07376413,0.59666878,0.458640,1.988644,-1.102357,0.549216,0.000000,0.000000,-0.266077
408,04 08 10 13 22 24,0.07361237,0.67366214,0.840840,1.996696,0.964562,0.424394,0.000000,0.000000,0.113528
409,01 04 10 12 13 14,0.07353734,0.61814995,0.076440,1.984140,-0.872699,1.173325,0.000000,0.000000,-2.476617
410,01 12 13 22 24 33,0.07353720,0.62999456,0.713440,1.580328,-0.183726,0.674038,0.000000,0.000000,1.162080
411,02 07 12 13 22 24,0.07337261,0.59621603,-0.815360,0.889898,0.734904,1.797434,0.000000,0.000000,0.396490
412,04 08 13 18 22 24,0.07324236,0.73179330,1.732640,1.703642,0.505247,0.798860,0.000000,0.000000,0.104593
413,02 04 13 14 22 23,0.07316979,0.47751844,-1.834560,1.159626,-0.872699,1.547790,0.000000,0.000000,-0.010401
414,04 06 12 13 22 23,0.07305858,0.46604752,-1.324960,1.638546,-1.791329,0.923681,0.000000,0.000000,-0.059092
415,04 08 10 12 13 33,0.07300040,0.69000174,1.605240,1.476584,-0.872699,1.048503,0.000000,0.000000,0.246894
416,01 04 08 12 13 14,0.07293802,0.64782025,0.840840,2.158854,-1.332014,0.923681,0.000000,0.000000,-2.499811
417,04 07 08 13 14 22,0.07290182,0.55194486,-0.305760,1.517150,-1.561672,1.173325,0.000000,0.000000,-0.396193
418,04 12 13 18 22 23,0.07255842,0.54867823,-0.433160,1.087283,-1.561672,1.547790,0.000000,0.000000,0.235891
419,02 04 13 14 18 22,0.07195052,0.64640002,0.203840,0.887073,-0.183726,1.922256,0.000000,0.000000,-0.240627
420,04 06 13 14 23 24,0.07182693,0.48885295,-1.070160,2.126726,-0.643041,0.174751,0.000000,0.000000,0.122682
421,04 06 07 13 23 33,0.07175540,0.47791506,-0.815360,1.213770,-2.480302,1.173325,0.000000,0.000000,0.846674
422,04 08 12 13 22 23,0.07173020,0.52021736,-0.560560,1.555052,-1.561672,0.923681,0.000000,0.000000,0.132902
423,04 07 10 12 13 14,0.07156561,0.57342603,-0.687960,1.512645,-1.332014,1.797434,0.000000,0.000000,-2.771098
424,02 04 07 13 14 18,0.07135402,0.65038507,0.076440,0.731476,-0.643041,2.421543,0.000000,0.000000,-1.362785
425,04 13 14 18 23 24,0.07133380,0.57148366,-0.178360,1.575464,-0.413384,0.798860,0.000000,0.000000,0.418706
426,02 12 13 22 24 33,0.07126872,0.65126494,0.331240,0.946525,0.734904,1.422969,0.000000,0.000000,1.139855
427,02 04 06 13 14 22,0.07118769,0.56376931,-0.687960,1.438335,-0.413384,1.298147,0.000000,0.000000,-0.722724
428,04 06 07 13 18 33,0.07117479,0.64679664,1.223040,0.941217,-1.791329,1.547790,0.000000,0.000000,0.711069
429,04 10 12 13 22 23,0.07108941,0.49054706,-1.324960,1.380338,-1.102357,1.173325,0.000000,0.000000,-0.027630
430,01 02 12 13 22 24,0.07107388,0.64093995,-0.050960,1.361392,1.194220,1.173325,0.000000,0.000000,0.058289
431,04 06 10 13 14 24,0.07105697,0.59960337,0.076440,2.147228,0.505247,0.174751,0.000000,0.000000,-0.086858
432,01 04 06 12 13 18,0.07105246,0.68363807,1.350440,1.681891,-1.102357,1.173325,0.000000,0.000000,-1.437312
433,02 04 10 13 14 22,0.07105218,0.58826886,-0.687960,1.180127,0.275589,1.547790,0.000000,0.000000,-0.419600
434,04 10 13 14 23 24,0.07101924,0.51335250,-1.070160,1.868518,0.045932,0.424394,0.000000,0.000000,0.326221
435,04 06 13 14 18 24,0.07100695,0.65773453,0.968240,1.854174,0.045932,0.549216,0.000000,0.000000,-0.048387
436,04 06 12 13 18 22,0.07094601,0.63492910,0.713440,1.365993,-1.102357,1.298147,0.000000,0.000000,-0.421661
437,01 02 04 07 10 13,0.07063355,0.66085180,-0.178360,1.273391,0.045932,2.171899,0.000000,0.000000,-3.113829
438,01 04 06 13 23 33,0.07054267,0.52263898,-0.050960,1.685265,-2.020987,0.549216,0.000000,0.000000,0.669368
439,04 08 13 14 23 24,0.07048600,0.54302279,-0.305760,2.043232,-0.413384,0.174751,0.000000,0.000000,0.312816
440,02 04 08 13 14 22,0.07019859,0.61793916,0.076440,1.354841,-0.183726,1.298147,0.000000,0.000000,-0.480465
441,01 04 06 07 13 23,0.07016650,0.46759007,-1.197560,1.628638,-2.020987,0.923681,0.000000,0.000000,-0.441426
442,04 06 10 12 13 22,0.07001517,0.57679793,-0.178360,1.659047,-0.643041,0.923681,0.000000,0.000000,-0.605450
443,01 04 06 13 18 33,0.06991496,0.69152056,1.987440,1.412712,-1.332014,0.923681,0.000000,0.000000,0.526785
444,04 06 07 12 13 14,0.06982261,0.54892649,-0.687960,1.770853,-2.020987,1.547790,0.000000,0.000000,-3.352529
445,01 04 10 12 13 18,0.06980579,0.70813762,1.350440,1.423683,-0.413384,1.422969,0.000000,0.000000,-1.298810
446,04 07 13 18 23 33,0.06978424,0.56054577,0.076440,0.662508,-2.250645,1.797434,0.000000,0.000000,0.923724
447,01 07 12 13 14 24,0.06967018,0.55505673,-0.433160,1.590738,-0.413384,0.798860,0.000000,0.000000,0.101108
448,04 07 08 13 23 33,0.06948739,0.53208491,-0.050960,1.130276,-2.250645,1.173325,0.000000,0.000000,0.899458
449,04 07 08 12 13 14,0.06929716,0.60309633,0.076440,1.687359,-1.791329,1.547790,0.000000,0.000000,-3.041579
450,01 02 04 13 14 18,0.06927417,0.69510899,0.840840,1.202971,-0.183726,1.797434,0.000000,0.000000,-1.668558
451,02 04 06 13 23 33,0.06925202,0.54390935,-0.433160,1.051462,-1.102357,1.298147,0.000000,0.000000,0.792010
452,01 02 04 06 07 13,0.06921843,0.63635225,-0.178360,1.531599,-0.643041,1.922256,0.000000,0.000000,-3.646684
453,04 07 10 12 13 18,0.06918543,0.66341370,0.586040,0.952188,-0.872699,2.047078,0.000000,0.000000,-1.393081
454,04 06 08 12 13 22,0.06915212,0.60646823,0.586040,1.833761,-1.102357,0.674038,0.000000,0.000000,-0.667717
455,04 07 10 13 23 33,0.06914229,0.50241461,-0.815360,0.955562,-1.791329,1.422969,0.000000,0.000000,0.782734
456,04 06 08 13 14 24,0.06903562,0.62927366,0.840840,2.321942,0.045932,-0.074893,0.000000,0.000000,-0.320730
457,04 10 12 13 18 22,0.06900824,0.65942865,0.713440,1.107785,-0.413384,1.547790,0.000000,0.000000,-0.385547
458,04 07 08 13 18 33,0.06892247,0.70096649,1.987440,0.857723,-1.561672,1.547790,0.000000,0.000000,0.766178
459,01 02 04 07 08 13,0.06889970,0.69052210,0.586040,1.448105,-0.413384,1.922256,0.000000,0.000000,-3.305109
460,01 04 13 18 23 33,0.06889180,0.60526969,0.840840,1.134002,-1.791329,1.173325,0.000000,0.000000,0.793869
461,02 04 06 12 13 14,0.06884571,0.61492078,-0.305760,1.608545,-0.643041,1.672612,0.000000,0.000000,-3.181040
462,04 10 13 14 18 24,0.06882843,0.68223408,0.968240,1.595966,0.734904,0.798860,0.000000,0.000000,-0.047941
463,04 06 07 10 13 33,0.06876914,0.58866548,0.331240,1.234272,-1.332014,1.173325,0.000000,0.000000,0.308782
464,01 04 07 12 24 33,0.06872991,0.63008304,0.586040,0.971797,-0.643041,1.422969,0.000000,0.000000,0.646041
465,07 12 13 14 24 33,0.06864573,0.56538172,-0.050960,1.175871,-0.872699,1.048503,0.000000,0.000000,1.002032
466,02 04 13 18 23 33,0.06863899,0.62654007,0.458640,0.500199,-0.872699,1.922256,0.000000,0.000000,1.070270
467,01 04 08 12 13 18,0.06863521,0.73780791,2.114840,1.598397,-0.872699,1.173325,0.000000,0.000000,-1.406640
468,04 07 10 13 18 33,0.06859307,0.67129619,1.223040,0.683009,-1.102357,1.797434,0.000000,0.000000,0.651780
469,04 06 07 12 13 18,0.06857155,0.63891415,0.586040,1.210396,-1.561672,1.797434,0.000000,0.000000,-1.807230
470,04 08 10 13 14 24,0.06857025,0.65377321,0.840840,2.063734,0.734904,0.174751,0.000000,0.000000,-0.066476
471,04 08 13 14 18 24,0.06827948,0.71190438,1.732640,1.770680,0.275589,0.549216,0.000000,0.000000,-0.063672
472,01 04 07 08 13 23,0.06823716,0.52175992,-0.433160,1.545144,-1.791329,0.923681,0.000000,0.000000,-0.338466
473,01 02 07 13 24 33,0.06820976,0.65280749,0.458640,0.936617,0.505247,1.422969,0.000000,0.000000,0.732797
474,01 04 10 13 23 33,0.06817450,0.54713853,-0.050960,1.427057,-1.332014,0.798860,0.000000,0.000000,0.641715
475,04 08 12 13 18 22,0.06816746,0.68909895,1.477840,1.282499,-0.872699,1.298147,0.000000,0.000000,-0.444515
476,01 04 07 10 13 23,0.06808700,0.49208962,-1.197560,1.370430,-1.332014,1.173325,0.000000,0.000000,-0.426309
477,02 04 08 12 13 14,0.06807837,0.66909063,0.458640,1.525051,-0.413384,1.672612,0.000000,0.000000,-2.905926
478,02 04 10 13 23 33,0.06793424,0.56840890,-0.433160,0.793254,-0.413384,1.547790,0.000000,0.000000,0.919977
479,01 12 13 14 24 33,0.06792983,0.61010564,0.713440,1.647365,-0.413384,0.424394,0.000000,0.000000,0.898331
480,01 04 07 13 18 23,0.06790775,0.55022078,-0.305760,1.077375,-1.791329,1.547790,0.000000,0.000000,-0.406983
481,04 06 12 13 14 23,0.06765587,0.44615859,-1.324960,1.705583,-2.020987,0.674038,0.000000,0.000000,-0.292519
482,02 04 06 13 18 33,0.06765461,0.71279094,1.605240,0.778909,-0.413384,1.672612,0.000000,0.000000,0.505763
483,02 04 10 12 13 14,0.06761788,0.63942033,-0.305760,1.350337,0.045932,1.922256,0.000000,0.000000,-3.039747
484,01 04 10 13 18 33,0.06757818,0.71602011,1.987440,1.154504,-0.643041,1.173325,0.000000,0.000000,0.503784
485,02 04 07 10 13 23,0.06757115,0.51335999,-1.579760,0.736627,-0.413384,1.922256,0.000000,0.000000,-0.188877
486,02 04 06 07 13 23,0.06754357,0.48886044,-1.579760,0.994835,-1.102357,1.672612,0.000000,0.000000,-0.516164
487,04 08 10 12 13 22,0.06754102,0.63096778,0.586040,1.575553,-0.413384,0.923681,0.000000,0.000000,-0.583206
488,02 04 07 12 24 33,0.06751682,0.65135341,0.203840,0.337994,0.275589,2.171899,0.000000,0.000000,0.780174
489,04 07 08 12 13 18,0.06744972,0.69308400,1.350440,1.126902,-1.332014,1.797434,0.000000,0.000000,-1.584636
490,04 06 13 22 23 33,0.06741544,0.47393001,-0.687960,1.369367,-2.020987,0.674038,0.000000,0.000000,1.237482
491,01 04 06 10 13 33,0.06741035,0.63338940,1.095640,1.705767,-0.872699,0.549216,0.000000,0.000000,0.109836
492,01 04 08 13 23 33,0.06738056,0.57680882,0.713440,1.601771,-1.791329,0.549216,0.000000,0.000000,0.589688
493,02 04 07 13 18 23,0.06737934,0.57149116,-0.687960,0.443572,-0.872699,2.296721,0.000000,0.000000,-0.171412
494,01 02 04 13 18 23,0.06733941,0.61621507,0.076440,0.915067,-0.413384,1.672612,0.000000,0.000000,-0.174965
495,02 07 12 13 14 24,0.06726126,0.57632711,-0.815360,0.956935,0.505247,1.547790,0.000000,0.000000,0.058076
496,02 04 08 13 23 33,0.06714345,0.59807920,0.331240,0.967968,-0.872699,1.298147,0.000000,0.000000,0.868415
497,04 12 13 14 18 23,0.06703058,0.52878931,-0.433160,1.154321,-1.791329,1.298147,0.000000,0.000000,-0.016075
498,01 04 06 13 22 23,0.06701206,0.46360502,-1.070160,1.784234,-1.561672,0.424394,0.000000,0.000000,0.125020
499,04 06 13 18 22 33,0.06680464,0.64281159,1.350440,1.096814,-1.332014,1.048503,0.000000,0.000000,1.097403
500,01 04 08 13 18 33,0.06676855,0.74569041,2.751840,1.329218,-1.102357,0.923681,0.000000,0.000000,0.449431
501,02 04 07 08 13 23,0.06666777,0.54303029,-0.815360,0.911341,-0.872699,1.672612,0.000000,0.000000,-0.257119
502,01 02 04 07 12 24,0.06663688,0.64102842,-0.178360,0.752861,0.734904,1.922256,0.000000,0.000000,-0.402890
503,01 04 13 18 22 23,0.06662508,0.54623573,-0.178360,1.232972,-1.332014,1.048503,0.000000,0.000000,0.436771
504,01 02 04 10 13 23,0.06653931,0.55808391,-0.815360,1.208121,0.045932,1.298147,0.000000,0.000000,-0.339384
505,01 04 06 07 13 14,0.06645512,0.54648399,-0.433160,1.916542,-1.791329,1.048503,0.000000,0.000000,-2.771511
506,04 07 08 10 13 33,0.06643564,0.64283533,1.095640,1.150778,-1.102357,1.173325,0.000000,0.000000,0.351864
507,01 02 04 12 24 33,0.06643244,0.69607733,0.968240,0.809488,0.734904,1.547790,0.000000,0.000000,0.621883
508,02 04 10 13 18 33,0.06636823,0.73729048,1.605240,0.520701,0.275589,1.922256,0.000000,0.000000,0.638382
509,04 08 12 13 14 23,0.06635261,0.50032844,-0.560560,1.622089,-1.791329,0.674038,0.000000,0.000000,-0.096804
510,01 04 06 08 13 33,0.06632291,0.66305969,1.860040,1.880481,-1.332014,0.299572,0.000000,0.000000,0.014325
511,02 04 06 12 13 18,0.06631624,0.70490844,0.968240,1.048088,-0.183726,1.922256,0.000000,0.000000,-1.825141
512,01 02 04 06 13 23,0.06631607,0.53358436,-0.815360,1.466329,-0.643041,1.048503,0.000000,0.000000,-0.695659
513,01 04 07 10 13 14,0.06618362,0.57098353,-0.433160,1.658334,-1.102357,1.298147,0.000000,0.000000,-2.488533
514,04 06 10 13 22 33,0.06613756,0.58468043,0.458640,1.389868,-0.872699,0.674038,0.000000,0.000000,0.952692
515,04 07 10 13 22 23,0.06589180,0.44338065,-1.834560,1.054532,-1.332014,1.298147,0.000000,0.000000,0.279888
516,01 04 07 12 22 24,0.06587311,0.57104907,-0.433160,1.070766,-0.183726,1.298147,0.000000,0.000000,0.201521
517,04 07 13 18 22 23,0.06582620,0.50151181,-0.942760,0.761477,-1.791329,1.672612,0.000000,0.000000,0.316051
518,04 06 07 08 13 33,0.06579636,0.61833578,1.095640,1.408986,-1.791329,0.923681,0.000000,0.000000,-0.066047
519,01 04 10 13 22 23,0.06576963,0.48810457,-1.070160,1.526026,-0.872699,0.674038,0.000000,0.000000,0.264151
520,04 10 12 13 14 23,0.06573693,0.47065814,-1.324960,1.447375,-1.332014,0.923681,0.000000,0.000000,-0.253615
521,02 12 13 14 24 33,0.06567391,0.63137602,0.331240,1.013562,0.505247,1.173325,0.000000,0.000000,0.877966
522,02 04 08 13 18 33,0.06556174,0.76696078,2.369640,0.695415,-0.183726,1.672612,0.000000,0.000000,0.584495
523,01 02 04 08 13 23,0.06550635,0.58775421,-0.050960,1.382835,-0.413384,1.048503,0.000000,0.000000,-0.426825
524,04 10 13 22 23 33,0.06544433,0.49842956,-0.687960,1.111159,-1.332014,0.923681,0.000000,0.000000,1.268656
525,04 07 12 22 24 33,0.06531150,0.58137407,-0.050960,0.655899,-0.643041,1.547790,0.000000,0.000000,1.171015
526,04 06 07 13 22 23,0.06526581,0.41888110,-1.834560,1.312740,-2.020987,1.048503,0.000000,0.000000,-0.136055
527,01 04 08 10 13 33,0.06526305,0.68755924,1.860040,1.622273,-0.643041,0.549216,0.000000,0.000000,0.180503
528,01 07 13 22 24 33,0.06525469,0.58282815,0.203840,1.254522,-0.413384,0.798860,0.000000,0.000000,1.012560
529,04 13 18 22 23 33,0.06523050,0.55656072,0.203840,0.818104,-1.791329,1.298147,0.000000,0.000000,1.282858
530,04 06 08 13 22 33,0.06522627,0.61435073,1.223040,1.564582,-1.332014,0.424394,0.000000,0.000000,0.883277
531,01 04 07 08 13 14,0.06520152,0.60065383,0.331240,1.833048,-1.561672,1.048503,0.000000,0.000000,-2.568438
532,02 04 06 10 13 33,0.06516256,0.65465977,0.713440,1.071963,0.045932,1.298147,0.000000,0.000000,0.090676
533,01 02 07 13 22 24,0.06512926,0.59377353,-0.560560,1.035587,0.964562,1.298147,0.000000,0.000000,0.255135
534,02 04 10 12 13 18,0.06506329,0.72940799,0.968240,0.789880,0.505247,2.171899,0.000000,0.000000,-1.687569
535,04 08 13 22 23 33,0.06496446,0.52809986,0.076440,1.285873,-1.791329,0.674038,0.000000,0.000000,1.263158
536,02 04 08 12 13 18,0.06495252,0.75907829,1.732640,0.964594,0.045932,1.922256,0.000000,0.000000,-1.638384
537,01 04 08 13 22 23,0.06494117,0.51777486,-0.305760,1.700740,-1.332014,0.424394,0.000000,0.000000,0.207008
538,01 04 12 22 24 33,0.06445673,0.62609798,0.713440,1.127393,-0.183726,0.923681,0.000000,0.000000,1.046742
539,04 06 07 10 13 22,0.06416642,0.52963152,-0.687960,1.333241,-0.872699,1.048503,0.000000,0.000000,-0.394400
540,01 04 06 13 18 22,0.06411782,0.63248660,0.968240,1.511682,-0.872699,0.798860,0.000000,0.000000,-0.353357
541,04 06 07 13 18 22,0.06409154,0.58776268,0.203840,1.040187,-1.332014,1.422969,0.000000,0.000000,-0.359612
542,04 07 08 13 22 23,0.06408901,0.47305095,-1.070160,1.229246,-1.791329,1.048503,0.000000,0.000000,0.078395
543,02 07 13 22 24 33,0.06406256,0.60409852,-0.178360,0.620719,0.505247,1.547790,0.000000,0.000000,1.149799
544,02 04 13 18 22 23,0.06403891,0.56750610,-0.560560,0.599169,-0.413384,1.797434,0.000000,0.000000,0.367477
545,01 02 13 22 24 33,0.06388117,0.64882244,0.586040,1.092214,0.964562,0.923681,0.000000,0.000000,1.125288
546,04 10 13 18 22 33,0.06380824,0.66731114,1.350440,0.838606,-0.643041,1.298147,0.000000,0.000000,0.976678
547,01 04 06 10 13 22,0.06374818,0.57435544,0.076440,1.804736,-0.413384,0.424394,0.000000,0.000000,-0.454002
548,01 02 12 13 14 24,0.06367590,0.62105102,-0.050960,1.428430,0.964562,0.923681,0.000000,0.000000,-0.470743
549,04 08 10 13 22 33,0.06359748,0.63885027,1.223040,1.306374,-0.643041,0.674038,0.000000,0.000000,0.965167
550,02 04 06 13 22 23,0.06338804,0.48487539,-1.452360,1.150431,-0.643041,1.173325,0.000000,0.000000,-0.098033
551,02 04 07 10 13 14,0.06336291,0.59225391,-0.815360,1.024531,-0.183726,2.047078,0.000000,0.000000,-2.592574
552,01 12 13 14 22 24,0.06335421,0.55107168,-0.305760,1.746335,0.045932,0.299572,0.000000,0.000000,0.199164
553,04 08 13 18 22 33,0.06331267,0.69698144,2.114840,1.013320,-1.102357,1.048503,0.000000,0.000000,0.968854
554,02 04 10 13 22 23,0.06319601,0.50937494,-1.452360,0.892223,0.045932,1.422969,0.000000,0.000000,0.196718
555,02 04 06 08 13 33,0.06302158,0.68433007,1.477840,1.246677,-0.413384,1.048503,0.000000,0.000000,-0.160920
556,02 04 08 10 13 33,0.06301211,0.70882962,1.477840,0.988469,0.275589,1.298147,0.000000,0.000000,0.160878
557,01 07 12 13 22 33,0.06299806,0.54013379,-0.050960,0.833379,-1.791329,1.298147,0.000000,0.000000,0.880987
558,01 04 06 07 13 18,0.06278009,0.63647165,0.840840,1.356085,-1.332014,1.298147,0.000000,0.000000,-1.585331
559,01 04 06 08 13 22,0.06262620,0.60402573,0.840840,1.979450,-0.872699,0.174751,0.000000,0.000000,-0.554630
560,04 06 13 14 23 33,0.06262108,0.45404109,-0.687960,1.436404,-2.250645,0.424394,0.000000,0.000000,1.094182
561,02 04 08 13 22 23,0.06237068,0.53904524,-0.687960,1.066937,-0.413384,1.173325,0.000000,0.000000,0.140040
562,02 04 07 12 22 24,0.06235830,0.59231945,-0.815360,0.436963,0.734904,2.047078,0.000000,0.000000,-0.005353
563,04 06 13 18 23 24,0.06215821,0.57884061,0.203840,1.566269,-0.183726,0.424394,0.000000,0.000000,0.420879
564,07 12 13 14 22 24,0.06209225,0.50634776,-1.070160,1.274840,-0.413384,0.923681,0.000000,0.000000,0.009838
565,04 06 10 13 23 24,0.06204543,0.52070945,-0.687960,1.859324,0.275589,0.049929,0.000000,0.000000,0.358288
566,04 07 08 10 13 22,0.06186746,0.58380136,0.076440,1.249747,-0.643041,1.048503,0.000000,0.000000,-0.346203
567,01 02 04 10 13 14,0.06183626,0.63697783,-0.050960,1.496026,0.275589,1.422969,0.000000,0.000000,-2.816388
568,02 07 12 13 22 33,0.06182476,0.56140417,-0.433160,0.199576,-0.872699,2.047078,0.000000,0.000000,1.021017
569,01 02 07 12 13 33,0.06179536,0.61011314,0.203840,0.515474,-0.872699,1.922256,0.000000,0.000000,-0.014762
570,01 04 08 10 13 22,0.06163541,0.62852528,0.840840,1.721242,-0.183726,0.424394,0.000000,0.000000,-0.378218
571,02 04 06 07 13 14,0.06152733,0.56775436,-0.815360,1.282739,-0.872699,1.797434,0.000000,0.000000,-3.187721
572,01 04 10 13 18 22,0.06150456,0.65698615,0.968240,1.253474,-0.183726,1.048503,0.000000,0.000000,-0.417319
573,01 04 06 13 14 23,0.06147121,0.44371609,-1.070160,1.851272,-1.791329,0.174751,0.000000,0.000000,-0.128874
574,04 07 08 13 18 22,0.06146456,0.64193253,0.968240,0.956693,-1.102357,1.422969,0.000000,0.000000,-0.360011
575,02 04 07 08 13 14,0.06132727,0.62192421,-0.050960,1.199245,-0.643041,1.797434,0.000000,0.000000,-2.828564
576,02 04 12 22 24 33,0.06118587,0.64736836,0.331240,0.493590,0.734904,1.672612,0.000000,0.000000,0.876011
577,04 07 10 13 18 22,0.06116970,0.61226223,0.203840,0.781979,-0.643041,1.672612,0.000000,0.000000,-0.469292
578,04 06 07 08 13 22,0.06115911,0.55930182,0.076440,1.507955,-1.332014,0.798860,0.000000,0.000000,-0.774346
579,04 06 13 14 18 33,0.06111786,0.62292267,1.350440,1.163852,-1.561672,0.798860,0.000000,0.000000,0.821890
580,01 04 06 10 12 13,0.06101892,0.62550690,0.458640,1.974945,-0.643041,0.798860,0.000000,0.000000,-2.969694
581,01 04 13 14 18 23,0.06095910,0.52634681,-0.178360,1.300010,-1.561672,0.798860,0.000000,0.000000,0.164339
582,04 13 14 18 23 33,0.06090173,0.53667180,0.203840,0.885142,-2.020987,1.048503,0.000000,0.000000,1.208538
583,01 02 04 06 13 14,0.06084538,0.61247828,-0.050960,1.754234,-0.413384,1.173325,0.000000,0.000000,-3.286391
584,01 07 13 14 24 33,0.06079580,0.56293923,0.203840,1.321560,-0.643041,0.549216,0.000000,0.000000,0.918963
585,04 10 13 14 23 33,0.06070020,0.47854064,-0.687960,1.178196,-1.561672,0.674038,0.000000,0.000000,1.132798
586,02 04 06 13 18 22,0.06054914,0.65375697,0.586040,0.877879,0.045932,1.547790,0.000000,0.000000,-0.568210
587,04 07 10 13 14 23,0.06047653,0.42349173,-1.834560,1.121569,-1.561672,1.048503,0.000000,0.000000,0.044600
588,04 07 12 14 24 33,0.06046671,0.56148514,-0.050960,0.722936,-0.872699,1.298147,0.000000,0.000000,1.020246
589,01 04 07 08 13 18,0.06045725,0.69064150,1.605240,1.272591,-1.102357,1.298147,0.000000,0.000000,-1.540669
590,01 02 04 12 22 24,0.06039840,0.63704337,-0.050960,0.908458,1.194220,1.422969,0.000000,0.000000,-0.293355
591,01 02 04 08 13 14,0.06036584,0.66664813,0.713440,1.670740,-0.183726,1.173325,0.000000,0.000000,-2.968639
592,01 04 07 12 14 24,0.06034482,0.55116015,-0.433160,1.137804,-0.413384,1.048503,0.000000,0.000000,-0.050513
593,01 04 07 10 13 18,0.06032279,0.66097120,0.840840,1.097877,-0.643041,1.547790,0.000000,0.000000,-1.626187
594,01 04 10 13 14 23,0.06027902,0.46821564,-1.070160,1.593064,-1.102357,0.424394,0.000000,0.000000,0.017700
595,01 04 08 13 18 22,0.06025119,0.68665645,1.732640,1.428188,-0.643041,0.798860,0.000000,0.000000,-0.537412
596,04 07 13 14 18 23,0.06023556,0.48162289,-0.942760,0.828515,-2.020987,1.422969,0.000000,0.000000,0.054782
597,01 02 12 13 22 33,0.06022811,0.60612809,0.331240,0.671071,-0.413384,1.422969,0.000000,0.000000,0.786831
598,04 08 13 14 23 33,0.06019521,0.50821093,0.076440,1.352910,-2.020987,0.424394,0.000000,0.000000,1.123579
599,02 04 06 10 13 22,0.06019206,0.59562581,-0.305760,1.170933,0.505247,1.173325,0.000000,0.000000,-0.666995
600,04 06 08 13 23 24,0.06005234,0.55037975,0.076440,2.034038,-0.183726,-0.199715,0.000000,0.000000,0.128602
601,01 04 06 08 12 13,0.05999547,0.65517720,1.223040,2.149659,-1.102357,0.549216,0.000000,0.000000,-3.055725
602,04 10 13 18 23 24,0.05992318,0.60334016,0.203840,1.308061,0.505247,0.674038,0.000000,0.000000,0.412953
603,02 12 13 14 22 24,0.05985325,0.57234206,-0.687960,1.112532,0.964562,1.048503,0.000000,0.000000,-0.005658
604,04 06 07 13 14 23,0.05980031,0.39899218,-1.834560,1.379777,-2.250645,0.798860,0.000000,0.000000,-0.378785
605,02 07 13 14 24 33,0.05961623,0.58420960,-0.178360,0.687756,0.275589,1.298147,0.000000,0.000000,1.058062
606,01 04 12 14 24 33,0.05953660,0.60620906,0.713440,1.194431,-0.413384,0.674038,0.000000,0.000000,0.884809
607,04 08 10 13 23 24,0.05953046,0.57487929,0.076440,1.775830,0.505247,0.049929,0.000000,0.000000,0.374484
608,01 04 08 13 14 23,0.05942543,0.49788594,-0.305760,1.767778,-1.561672,0.174751,0.000000,0.000000,-0.043165
609,04 06 10 13 14 33,0.05933508,0.56479150,0.458640,1.456906,-1.102357,0.424394,0.000000,0.000000,0.511884
610,01 06 12 13 24 33,0.05926100,0.61746259,1.095640,1.638171,-0.183726,0.049929,0.000000,0.000000,0.975582
611,06 07 12 13 24 33,0.05924275,0.57273868,0.331240,1.166676,-0.643041,0.674038,0.000000,0.000000,0.970516
612,04 10 13 14 18 33,0.05922838,0.64742222,1.350440,0.905644,-0.872699,1.048503,0.000000,0.000000,0.865158
613,01 06 07 12 13 24,0.05921338,0.56241368,-0.050960,1.581544,-0.183726,0.424394,0.000000,0.000000,-0.086534
614,12 13 14 22 24 33,0.05915706,0.56139667,0.076440,1.331467,-0.413384,0.549216,0.000000,0.000000,0.630041
615,01 02 07 12 13 22,0.05912800,0.55107918,-0.815360,0.614444,-0.413384,1.797434,0.000000,0.000000,-0.431216
616,02 04 06 07 13 18,0.05902926,0.65774203,0.458640,0.722282,-0.413384,2.047078,0.000000,0.000000,-1.827171
617,04 08 13 18 23 24,0.05899329,0.63301046,0.968240,1.482775,0.045932,0.424394,0.000000,0.000000,0.340784
618,02 04 10 13 18 22,0.05898628,0.67825652,0.586040,0.619671,0.734904,1.797434,0.000000,0.000000,-0.476553
619,01 04 08 10 12 13,0.05893755,0.67967675,1.223040,1.891451,-0.413384,0.798860,0.000000,0.000000,-2.889258
620,01 02 07 13 14 24,0.05887977,0.57388461,-0.560560,1.102624,0.734904,1.048503,0.000000,0.000000,-0.103746
621,04 08 13 14 18 33,0.05870769,0.67709252,2.114840,1.080358,-1.332014,0.798860,0.000000,0.000000,0.853613
622,01 07 12 13 23 24,0.05870355,0.47616281,-1.197560,1.302834,-0.643041,0.674038,0.000000,0.000000,0.256602
623,02 04 07 10 13 18,0.05867904,0.68224157,0.458640,0.464074,0.275589,2.296721,0.000000,0.000000,-1.555857
624,04 07 08 13 14 23,0.05864862,0.45316202,-1.070160,1.296283,-2.020987,0.798860,0.000000,0.000000,-0.160614
625,01 07 10 12 13 24,0.05862183,0.58691323,-0.050960,1.323336,0.505247,0.674038,0.000000,0.000000,0.149026
626,04 06 10 13 18 24,0.05858054,0.68959103,1.350440,1.586771,0.964562,0.424394,0.000000,0.000000,-0.204632
627,02 04 13 14 18 23,0.05838548,0.54761718,-0.560560,0.666206,-0.643041,1.547790,0.000000,0.000000,0.096905
628,01 02 04 06 13 18,0.05825843,0.70246594,1.223040,1.193777,0.045932,1.422969,0.000000,0.000000,-1.939010
629,01 07 12 13 18 24,0.05825043,0.64504440,0.840840,1.030282,0.045932,1.048503,0.000000,0.000000,0.139885
630,01 02 04 10 13 18,0.05816751,0.72696549,1.223040,0.935569,0.734904,1.672612,0.000000,0.000000,-1.629278
631,01 02 13 14 24 33,0.05814821,0.62893352,0.586040,1.159251,0.734904,0.674038,0.000000,0.000000,0.842933
632,07 12 13 18 24 33,0.05814658,0.65536939,1.223040,0.615414,-0.413384,1.298147,0.000000,0.000000,1.177198
633,04 06 12 13 14 18,0.05813564,0.61504018,0.713440,1.433031,-1.332014,1.048503,0.000000,0.000000,-1.752556
634,02 04 08 10 13 22,0.05807616,0.64979566,0.458640,1.087439,0.734904,1.173325,0.000000,0.000000,-0.591676
635,02 04 06 08 13 22,0.05801655,0.62529611,0.458640,1.345647,0.045932,0.923681,0.000000,0.000000,-0.923707
636,07 10 12 13 24 33,0.05794993,0.59723822,0.331240,0.908468,0.045932,0.923681,0.000000,0.000000,1.102181
637,02 04 06 13 14 23,0.05785975,0.46498647,-1.452360,1.217469,-0.872699,0.923681,0.000000,0.000000,-0.350066
638,01 07 13 14 22 24,0.05779522,0.50390526,-0.815360,1.420529,-0.183726,0.424394,0.000000,0.000000,0.453141
639,02 04 07 08 13 18,0.05775996,0.71191187,1.223040,0.638788,-0.183726,2.047078,0.000000,0.000000,-1.626424
640,02 04 08 13 18 22,0.05773605,0.70792682,1.350440,0.794385,0.275589,1.547790,0.000000,0.000000,-0.596181
641,02 04 10 13 14 23,0.05771795,0.48948602,-1.452360,0.959261,-0.183726,1.173325,0.000000,0.000000,-0.047873
642,04 06 08 13 18 24,0.05762843,0.71926133,2.114840,1.761485,0.505247,0.174751,0.000000,0.000000,-0.280093
643,01 12 13 18 24 33,0.05762295,0.70009331,1.987440,1.086909,0.045932,0.674038,0.000000,0.000000,1.101984
644,04 06 12 13 18 23,0.05744112,0.53614626,-0.050960,1.145126,-1.561672,0.923681,0.000000,0.000000,-0.075218
645,01 02 04 07 24 33,0.05743580,0.64891091,0.458640,0.483683,0.505247,1.672612,0.000000,0.000000,0.366562
646,04 06 08 13 14 33,0.05734199,0.59446180,1.223040,1.631620,-1.561672,0.174751,0.000000,0.000000,0.282198
647,02 07 12 13 23 24,0.05725805,0.49743319,-1.579760,0.669031,0.275589,1.422969,0.000000,0.000000,0.356303
648,02 06 12 13 24 33,0.05710859,0.63873297,0.713440,1.004368,0.734904,0.798860,0.000000,0.000000,0.970553
649,01 10 12 13 24 33,0.05710540,0.64196214,1.095640,1.379963,0.505247,0.299572,0.000000,0.000000,0.979424
650,04 06 07 10 12 13,0.05697052,0.58078299,-0.305760,1.503451,-1.102357,1.422969,0.000000,0.000000,-3.571840
651,01 04 07 22 24 33,0.05696208,0.57893157,0.203840,0.801587,-0.413384,1.048503,0.000000,0.000000,1.013945
652,07 12 13 23 24 33,0.05690017,0.48648781,-0.815360,0.887967,-1.102357,0.923681,0.000000,0.000000,1.042124
653,01 07 08 12 13 24,0.05689553,0.61658353,0.713440,1.498050,0.045932,0.424394,0.000000,0.000000,-0.041134
654,02 04 08 13 14 23,0.05686751,0.51915632,-0.687960,1.133975,-0.643041,0.923681,0.000000,0.000000,-0.108272
655,02 04 07 12 14 24,0.05684256,0.57243053,-0.815360,0.504001,0.505247,1.797434,0.000000,0.000000,-0.255526
656,04 06 08 10 13 24,0.05682356,0.66113016,1.223040,2.054540,0.964562,-0.199715,0.000000,0.000000,-0.445219
657,04 08 10 13 14 33,0.05682011,0.61896135,1.223040,1.373412,-0.872699,0.424394,0.000000,0.000000,0.528080
658,02 06 07 12 13 24,0.05681702,0.58368406,-0.433160,0.947741,0.734904,1.173325,0.000000,0.000000,-0.127706
659,01 08 12 13 24 33,0.05671777,0.67163244,1.860040,1.554677,0.045932,0.049929,0.000000,0.000000,0.987592
660,01 02 04 08 13 18,0.05670965,0.75663579,1.987440,1.110283,0.275589,1.422969,0.000000,0.000000,-1.779669
661,04 06 10 12 13 23,0.05667744,0.47801509,-0.942760,1.438181,-1.102357,0.549216,0.000000,0.000000,-0.234242
662,07 08 12 13 24 33,0.05658798,0.62690852,1.095640,1.083182,-0.413384,0.674038,0.000000,0.000000,0.966001
663,02 04 12 14 24 33,0.05627830,0.62747944,0.331240,0.560628,0.505247,1.422969,0.000000,0.000000,0.715938
664,01 12 13 23 24 33,0.05626904,0.53121172,-0.050960,1.359461,-0.643041,0.299572,0.000000,0.000000,0.950983
665,04 10 12 13 14 18,0.05624810,0.63953972,0.713440,1.174823,-0.643041,1.298147,0.000000,0.000000,-1.709000
666,02 07 10 12 13 24,0.05621918,0.60818361,-0.433160,0.689533,1.423877,1.422969,0.000000,0.000000,0.106924
667,01 02 06 12 13 24,0.05611121,0.62840798,0.331240,1.419236,1.194220,0.549216,0.000000,0.000000,-0.229911
668,04 08 10 13 18 24,0.05608127,0.74376088,2.114840,1.503277,1.194220,0.424394,0.000000,0.000000,-0.186110
669,07 13 14 22 24 33,0.05597470,0.51423026,-0.433160,1.005661,-0.643041,0.674038,0.000000,0.000000,1.236125
670,04 08 12 13 14 18,0.05596603,0.66921002,1.477840,1.349537,-1.102357,1.048503,0.000000,0.000000,-1.685193
671,02 07 12 13 18 24,0.05583523,0.66631477,0.458640,0.396479,0.964562,1.797434,0.000000,0.000000,0.095922
672,04 06 08 12 13 23,0.05581753,0.50768539,-0.178360,1.612895,-1.561672,0.299572,0.000000,0.000000,-0.296044
673,01 13 14 22 24 33,0.05553489,0.55895417,0.331240,1.477156,-0.183726,0.049929,0.000000,0.000000,1.173328
674,04 10 12 13 18 23,0.05549707,0.56064581,-0.050960,0.886918,-0.872699,1.173325,0.000000,0.000000,-0.040035
675,01 02 12 13 18 24,0.05540121,0.71103869,1.223040,0.867973,1.423877,1.173325,0.000000,0.000000,0.033983
676,02 07 13 14 22 24,0.05537060,0.52517564,-1.197560,0.786726,0.734904,1.173325,0.000000,0.000000,0.407783
677,02 12 13 18 24 33,0.05536076,0.72136368,1.605240,0.453106,0.964562,1.422969,0.000000,0.000000,1.080689
678,01 06 12 13 22 24,0.05535836,0.55842863,0.076440,1.737141,0.275589,-0.074893,0.000000,0.000000,0.376119
679,01 07 12 13 14 33,0.05513890,0.52024487,-0.050960,0.900417,-2.020987,1.048503,0.000000,0.000000,0.283629
680,02 04 06 10 12 13,0.05508038,0.64677728,0.076440,1.341142,0.275589,1.547790,0.000000,0.000000,-3.535650
681,04 06 13 14 22 23,0.05505657,0.39500713,-1.707160,1.535374,-1.791329,0.299572,0.000000,0.000000,-0.047800
682,02 12 13 23 24 33,0.05497653,0.55248210,-0.433160,0.725658,0.275589,1.048503,0.000000,0.000000,1.073351
683,02 10 12 13 24 33,0.05494671,0.66323252,0.713440,0.746160,1.423877,1.048503,0.000000,0.000000,0.973464
684,04 13 14 18 22 23,0.05481936,0.47763784,-0.815360,0.984111,-1.561672,0.923681,0.000000,0.000000,0.286141
685,01 02 04 12 14 24,0.05480732,0.61715444,-0.050960,0.975496,0.964562,1.173325,0.000000,0.000000,-0.554691
686,04 07 08 10 12 13,0.05470295,0.63495283,0.458640,1.419957,-0.872699,1.422969,0.000000,0.000000,-3.518991
687,04 07 12 14 22 24,0.05469127,0.50245118,-1.070160,0.821906,-0.413384,1.173325,0.000000,0.000000,0.143319
688,02 04 07 22 24 33,0.05467661,0.60020194,-0.178360,0.167784,0.505247,1.797434,0.000000,0.000000,0.989203
689,04 08 12 13 18 23,0.05465942,0.59031610,0.713440,1.061632,-1.332014,0.923681,0.000000,0.000000,-0.098538
690,04 06 07 08 12 13,0.05459823,0.61045328,0.458640,1.678165,-1.561672,1.173325,0.000000,0.000000,-3.857706
691,02 08 12 13 24 33,0.05456222,0.69290282,1.477840,0.920874,0.964562,0.798860,0.000000,0.000000,0.982098
692,01 04 12 14 22 24,0.05451185,0.54717510,-0.305760,1.293401,0.045932,0.549216,0.000000,0.000000,0.119101
693,02 07 08 12 13 24,0.05449603,0.63785391,0.331240,0.864247,0.964562,1.173325,0.000000,0.000000,-0.082771
694,04 10 13 14 22 23,0.05426144,0.41950667,-1.707160,1.277166,-1.102357,0.549216,0.000000,0.000000,0.157600
695,04 08 10 12 13 23,0.05420014,0.53218494,-0.178360,1.354687,-0.872699,0.549216,0.000000,0.000000,-0.212464
696,01 12 13 18 22 24,0.05417309,0.64105935,0.968240,1.185878,0.505247,0.549216,0.000000,0.000000,0.569599
697,02 04 06 08 12 13,0.05406007,0.67644758,0.840840,1.515856,-0.183726,1.298147,0.000000,0.000000,-3.621216
698,02 07 12 13 14 33,0.05397816,0.54151525,-0.433160,0.266613,-1.102357,1.797434,0.000000,0.000000,0.425519
699,01 02 08 12 13 24,0.05396067,0.68257782,1.095640,1.335742,1.423877,0.549216,0.000000,0.000000,-0.159722
700,01 02 12 13 23 24,0.05375746,0.54215711,-0.815360,1.140526,0.734904,0.798860,0.000000,0.000000,-0.159958
701,06 12 13 22 24 33,0.05373036,0.56875362,0.458640,1.322273,-0.183726,0.174751,0.000000,0.000000,1.187625
702,04 08 13 14 22 23,0.05372191,0.44917697,-0.942760,1.451880,-1.561672,0.299572,0.000000,0.000000,0.143264
703,01 04 06 13 14 18,0.05366235,0.61259768,0.968240,1.578719,-1.102357,0.549216,0.000000,0.000000,-1.335365
704,01 04 06 07 10 13,0.05366071,0.57834049,-0.050960,1.649140,-0.872699,0.923681,0.000000,0.000000,-2.982277
705,01 02 10 12 13 24,0.05365283,0.65290752,0.331240,1.161028,1.883192,0.798860,0.000000,0.000000,-0.270927
706,04 06 13 14 18 22,0.05352350,0.56388871,0.331240,1.262821,-1.102357,0.674038,0.000000,0.000000,-0.324514
707,01 02 13 14 22 24,0.05339991,0.56989956,-0.433160,1.258221,1.194220,0.549216,0.000000,0.000000,0.118182
708,02 13 14 22 24 33,0.05332692,0.58022455,-0.050960,0.843353,0.734904,0.798860,0.000000,0.000000,1.160068
709,04 06 10 13 14 22,0.05317555,0.50575754,-0.560560,1.555876,-0.643041,0.299572,0.000000,0.000000,-0.421946
710,07 12 13 14 22 33,0.05307365,0.47153590,-0.687960,0.584518,-2.020987,1.173325,0.000000,0.000000,1.009079
711,04 12 14 22 24 33,0.05301940,0.55750009,0.076440,0.878533,-0.413384,0.798860,0.000000,0.000000,0.950689
712,02 04 08 10 12 13,0.05299587,0.70094712,0.840840,1.257648,0.505247,1.547790,0.000000,0.000000,-3.455680
713,01 04 07 12 22 33,0.05297050,0.53623721,-0.050960,0.380444,-1.791329,1.547790,0.000000,0.000000,0.625335
714,06 07 12 13 22 24,0.05296320,0.51370472,-0.687960,1.265646,-0.183726,0.549216,0.000000,0.000000,0.018905
715,01 02 04 07 22 24,0.05292946,0.58987695,-0.560560,0.582652,0.964562,1.547790,0.000000,0.000000,-0.322343
716,01 08 12 13 22 24,0.05284967,0.61259848,0.840840,1.653647,0.505247,-0.074893,0.000000,0.000000,0.393245
717,01 02 07 13 22 33,0.05247451,0.55896167,-0.178360,0.345265,-0.643041,1.547790,0.000000,0.000000,0.715670
718,01 12 13 14 22 33,0.05224795,0.51625982,0.076440,1.056013,-1.561672,0.549216,0.000000,0.000000,0.889112
719,01 02 04 07 12 33,0.05223415,0.60621656,0.203840,0.062539,-0.872699,2.171899,0.000000,0.000000,-0.201325
720,01 10 12 13 22 24,0.05221516,0.58292818,0.076440,1.478933,0.964562,0.174751,0.000000,0.000000,0.233643
721,01 04 10 13 14 18,0.05215601,0.63709722,0.968240,1.320511,-0.413384,0.798860,0.000000,0.000000,-1.235335
722,01 02 04 22 24 33,0.05199308,0.64492586,0.586040,0.639279,0.964562,1.173325,0.000000,0.000000,0.593993
723,01 07 12 13 14 22,0.05197861,0.46121091,-1.070160,0.999386,-1.561672,0.923681,0.000000,0.000000,-0.205853
724,02 06 12 13 22 24,0.05196091,0.57969901,-0.305760,1.103338,1.194220,0.674038,0.000000,0.000000,0.186632
725,01 04 06 07 08 13,0.05193941,0.60801078,0.713440,1.823854,-1.332014,0.674038,0.000000,0.000000,-3.171696
726,07 12 13 18 22 24,0.05183680,0.59633543,0.203840,0.714384,0.045932,1.173325,0.000000,0.000000,0.221109
727,02 04 07 12 22 33,0.05176055,0.55750759,-0.433160,-0.253359,-0.872699,2.296721,0.000000,0.000000,0.759933
728,01 04 07 08 10 13,0.05164227,0.63251033,0.713440,1.565646,-0.643041,0.923681,0.000000,0.000000,-2.892517
729,07 10 12 13 22 24,0.05145468,0.53820426,-0.687960,1.007438,0.505247,0.798860,0.000000,0.000000,0.118614
730,04 10 13 14 18 22,0.05135754,0.58838826,0.331240,1.004613,-0.413384,0.923681,0.000000,0.000000,-0.322207
731,04 06 13 18 23 33,0.05128264,0.54402875,0.586040,0.875948,-1.791329,0.674038,0.000000,0.000000,1.145006
732,04 06 07 13 14 18,0.05121838,0.56787376,0.203840,1.107225,-1.561672,1.173325,0.000000,0.000000,-1.699810
733,04 06 08 13 14 22,0.05114793,0.53542784,0.203840,1.730590,-1.102357,0.049929,0.000000,0.000000,-0.656748
734,04 07 10 13 14 18,0.05104395,0.59237331,0.203840,0.849017,-0.872699,1.422969,0.000000,0.000000,-1.402452
735,01 04 07 14 24 33,0.05091923,0.55904264,0.203840,0.868625,-0.643041,0.798860,0.000000,0.000000,0.685679
736,01 12 13 22 23 24,0.05088867,0.47217776,-1.070160,1.458431,-0.183726,0.174751,0.000000,0.000000,0.132589
737,01 04 08 13 14 18,0.05087752,0.66676752,1.732640,1.495225,-0.872699,0.549216,0.000000,0.000000,-1.359150
738,08 12 13 22 24 33,0.05085592,0.62292347,1.223040,1.238779,0.045932,0.174751,0.000000,0.000000,1.150564
739,01 04 07 12 23 24,0.05076728,0.47226623,-1.197560,0.849900,-0.643041,0.923681,0.000000,0.000000,0.310779
740,04 08 10 13 14 22,0.05069512,0.55992739,0.203840,1.472382,-0.413384,0.299572,0.000000,0.000000,-0.400633
741,02 12 13 18 22 24,0.05066585,0.66232972,0.586040,0.552075,1.423877,1.298147,0.000000,0.000000,0.363847
742,01 02 04 12 22 33,0.05065733,0.60223151,0.331240,0.218136,-0.413384,1.672612,0.000000,0.000000,0.598851
743,04 06 10 13 23 33,0.05062813,0.48589759,-0.305760,1.169002,-1.332014,0.299572,0.000000,0.000000,1.002156
744,01 06 07 13 24 33,0.05056133,0.57029618,0.586040,1.312365,-0.413384,0.174751,0.000000,0.000000,0.764259
745,04 08 13 14 18 22,0.05039312,0.61805855,1.095640,1.179327,-0.872699,0.674038,0.000000,0.000000,-0.399493
746,04 06 07 12 24 33,0.05029307,0.56884210,0.331240,0.713742,-0.643041,0.923681,0.000000,0.000000,0.874554
747,01 02 12 13 14 33,0.05019280,0.58623916,0.331240,0.738108,-0.643041,1.173325,0.000000,0.000000,-0.132930
748,04 07 12 23 24 33,0.05018109,0.48259123,-0.815360,0.435032,-1.102357,1.173325,0.000000,0.000000,1.276633
749,02 12 13 14 22 33,0.05008612,0.53753019,-0.305760,0.422210,-0.643041,1.298147,0.000000,0.000000,0.882687
750,07 08 12 13 22 24,0.05005819,0.56787456,0.076440,1.182152,0.045932,0.549216,0.000000,0.000000,-0.022684
751,04 06 07 10 13 23,0.04985900,0.43084868,-1.452360,1.112375,-1.332014,0.674038,0.000000,0.000000,-0.166856
752,02 04 06 07 10 13,0.04976423,0.59961086,-0.433160,1.015336,0.045932,1.672612,0.000000,0.000000,-3.245695
753,07 12 13 22 23 24,0.04976019,0.42745385,-1.834560,0.986936,-0.643041,0.798860,0.000000,0.000000,-0.036961
754,04 06 08 13 23 33,0.04971998,0.51556789,0.458640,1.343716,-1.791329,0.049929,0.000000,0.000000,0.933206
755,02 04 07 14 24 33,0.04970300,0.58031302,-0.178360,0.234822,0.275589,1.547790,0.000000,0.000000,0.819347
756,04 07 08 13 14 18,0.04967319,0.62204361,0.968240,1.023731,-1.332014,1.173325,0.000000,0.000000,-1.539937
757,04 06 07 13 18 23,0.04961696,0.48897984,-0.560560,0.819321,-1.791329,1.048503,0.000000,0.000000,-0.156833
758,01 04 06 07 12 24,0.04958241,0.55851710,-0.050960,1.128610,-0.183726,0.674038,0.000000,0.000000,-0.283432
759,01 04 06 13 18 23,0.04955773,0.53370376,0.203840,1.290815,-1.332014,0.424394,0.000000,0.000000,-0.163245
760,10 12 13 22 24 33,0.04953615,0.59325317,0.458640,1.064065,0.505247,0.424394,0.000000,0.000000,0.889439
761,02 07 12 13 14 22,0.04950955,0.48248129,-1.452360,0.365583,-0.643041,1.672612,0.000000,0.000000,-0.257796
762,12 13 18 22 24 33,0.04949159,0.65138434,1.350440,0.771011,0.045932,0.798860,0.000000,0.000000,0.928720
763,02 08 12 13 22 24,0.04944908,0.63386885,0.458640,1.019844,1.423877,0.674038,0.000000,0.000000,0.203294
764,02 06 07 13 24 33,0.04939431,0.59156655,0.203840,0.678562,0.505247,0.923681,0.000000,0.000000,0.905219
765,01 04 06 10 13 23,0.04935525,0.47557259,-0.687960,1.583870,-0.872699,0.049929,0.000000,0.000000,-0.239125
766,01 04 12 23 24 33,0.04933574,0.52731514,-0.050960,0.906527,-0.643041,0.549216,0.000000,0.000000,1.153755
767,01 02 04 06 10 13,0.04926720,0.64433478,0.331240,1.486831,0.505247,1.048503,0.000000,0.000000,-3.316969
768,01 06 12 13 14 24,0.04922190,0.53853971,0.076440,1.804178,0.045932,-0.324537,0.000000,0.000000,0.033983
769,01 02 04 07 12 22,0.04913398,0.54718260,-0.815360,0.161509,-0.413384,2.047078,0.000000,0.000000,-0.681900
770,04 06 10 13 18 33,0.04909352,0.65477917,1.732640,0.896449,-0.643041,0.674038,0.000000,0.000000,0.725212
771,01 04 06 12 24 33,0.04907247,0.61356601,1.095640,1.185237,-0.183726,0.299572,0.000000,0.000000,0.696081
772,02 04 12 14 22 24,0.04895183,0.56844548,-0.687960,0.659598,0.964562,1.298147,0.000000,0.000000,-0.390777
773,02 04 06 13 14 18,0.04892299,0.63386805,0.586040,0.944916,-0.183726,1.298147,0.000000,0.000000,-1.723659
774,02 10 12 13 22 24,0.04881142,0.60419856,-0.305760,0.845130,1.883192,0.923681,0.000000,0.000000,0.043227
775,01 02 04 14 24 33,0.04868469,0.62503694,0.586040,0.706317,0.734904,0.923681,0.000000,0.000000,0.670844
776,01 02 04 07 14 24,0.04864391,0.56998803,-0.560560,0.649690,0.734904,1.298147,0.000000,0.000000,-0.390260
777,04 07 10 12 24 33,0.04863033,0.59334164,0.331240,0.455534,0.045932,1.173325,0.000000,0.000000,0.951414
778,01 02 06 13 24 33,0.04860940,0.63629047,0.968240,1.150057,0.964562,0.299572,0.000000,0.000000,0.791295
779,02 04 10 13 14 18,0.04846704,0.65836760,0.586040,0.686708,0.505247,1.547790,0.000000,0.000000,-1.468009
780,01 04 07 10 12 24,0.04842967,0.58301665,-0.050960,0.870402,0.505247,0.923681,0.000000,0.000000,-0.131013
781,04 06 10 12 13 14,0.04841574,0.55690901,-0.178360,1.726085,-0.872699,0.674038,0.000000,0.000000,-3.238471
782,02 12 13 22 23 24,0.04835112,0.49344814,-1.452360,0.824628,0.734904,0.923681,0.000000,0.000000,0.070500
783,06 12 13 14 24 33,0.04834038,0.54886470,0.458640,1.389311,-0.413384,-0.074893,0.000000,0.000000,0.956083
784,04 10 13 18 23 33,0.04827997,0.56852830,0.586040,0.617740,-1.102357,0.923681,0.000000,0.000000,1.023351
785,01 07 13 18 24 33,0.04825237,0.65292689,1.477840,0.761103,-0.183726,0.798860,0.000000,0.000000,0.791262
786,01 04 06 08 13 23,0.04823641,0.50524289,0.076440,1.758584,-1.332014,-0.199715,0.000000,0.000000,-0.339287
787,02 04 07 12 23 24,0.04822844,0.49353661,-1.579760,0.216097,0.275589,1.672612,0.000000,0.000000,0.248498
788,01 07 13 23 24 33,0.04822811,0.48404531,-0.560560,1.033655,-0.872699,0.424394,0.000000,0.000000,0.837254
789,01 07 08 13 24 33,0.04816967,0.62446602,1.350440,1.228871,-0.183726,0.174751,0.000000,0.000000,0.798725
790,04 06 08 13 18 33,0.04816967,0.68444947,2.497040,1.071163,-1.102357,0.424394,0.000000,0.000000,0.653937
791,04 07 12 18 24 33,0.04813565,0.65147281,1.223040,0.162480,-0.413384,1.547790,0.000000,0.000000,0.924008
792,04 08 10 13 23 33,0.04808490,0.54006743,0.458640,1.085508,-1.102357,0.299572,0.000000,0.000000,1.014166
793,01 02 07 13 23 24,0.04805442,0.49499069,-1.324960,0.814720,0.505247,0.923681,0.000000,0.000000,0.072679
794,04 07 08 12 24 33,0.04803292,0.62301194,1.095640,0.630248,-0.413384,0.923681,0.000000,0.000000,0.928504
795,02 07 13 23 24 33,0.04801195,0.50531568,-0.942760,0.399852,0.045932,1.173325,0.000000,0.000000,1.119086
796,01 02 13 18 24 33,0.04790413,0.71892118,1.860040,0.598794,1.194220,0.923681,0.000000,0.000000,1.055888
797,01 02 06 07 13 24,0.04787023,0.58124156,-0.178360,1.093430,0.964562,0.674038,0.000000,0.000000,-0.373278
798,01 04 07 14 22 24,0.04784236,0.50000868,-0.815360,0.967595,-0.183726,0.674038,0.000000,0.000000,0.208555
799,01 07 10 13 24 33,0.04783085,0.59479572,0.586040,1.054157,0.275589,0.424394,0.000000,0.000000,0.682931
800,04 08 13 18 23 33,0.04778754,0.59819860,1.350440,0.792454,-1.561672,0.674038,0.000000,0.000000,1.015993
801,01 02 07 10 13 24,0.04778045,0.60574111,-0.178360,0.835222,1.653535,0.923681,0.000000,0.000000,-0.063379
802,01 12 13 14 18 24,0.04775689,0.62117042,0.968240,1.252916,0.275589,0.299572,0.000000,0.000000,0.186021
803,02 04 07 08 10 13,0.04774266,0.65378071,0.331240,0.931842,0.275589,1.672612,0.000000,0.000000,-3.156401
804,01 04 10 12 24 33,0.04766254,0.63806556,1.095640,0.927029,0.505247,0.549216,0.000000,0.000000,0.810396
805,01 04 07 08 12 24,0.04765307,0.61268695,0.713440,1.045116,0.045932,0.674038,0.000000,0.000000,-0.180472
806,04 07 08 10 13 23,0.04755689,0.48501852,-0.687960,1.028881,-1.102357,0.674038,0.000000,0.000000,-0.119123
807,01 06 07 13 22 24,0.04754990,0.51126222,-0.433160,1.411335,0.045932,0.049929,0.000000,0.000000,0.296830
808,04 06 08 12 13 14,0.04752757,0.58657931,0.586040,1.900799,-1.332014,0.424394,0.000000,0.000000,-3.304460
809,01 02 07 13 18 24,0.04752281,0.66387227,0.713440,0.542167,1.194220,1.298147,0.000000,0.000000,-0.055667
810,01 02 04 08 10 13,0.04731170,0.69850463,1.095640,1.403337,0.734904,1.048503,0.000000,0.000000,-3.217886
811,01 04 12 18 24 33,0.04724321,0.69619673,1.987440,0.633974,0.045932,0.923681,0.000000,0.000000,0.794153
812,01 04 08 10 13 23,0.04723934,0.52974244,0.076440,1.500376,-0.643041,0.049929,0.000000,0.000000,-0.163806
813,02 04 08 13 14 18,0.04719170,0.68803790,1.350440,0.861422,0.045932,1.298147,0.000000,0.000000,-1.591359
814,01 02 10 13 24 33,0.04717426,0.66079002,0.968240,0.891849,1.653535,0.549216,0.000000,0.000000,0.901875
815,04 07 14 22 24 33,0.04716236,0.51033368,-0.433160,0.552727,-0.643041,0.923681,0.000000,0.000000,1.160510
816,02 07 13 18 24 33,0.04706652,0.67419726,1.095640,0.127300,0.734904,1.547790,0.000000,0.000000,0.929431
817,01 04 07 12 18 24,0.04706166,0.64114782,0.840840,0.577347,0.045932,1.298147,0.000000,0.000000,-0.287805
818,02 04 12 23 24 33,0.04704086,0.54858552,-0.433160,0.272724,0.275589,1.298147,0.000000,0.000000,1.127617
819,02 07 08 13 24 33,0.04699952,0.64573640,0.968240,0.595068,0.734904,0.923681,0.000000,0.000000,0.939220
820,02 04 06 13 18 23,0.04699667,0.55497413,-0.178360,0.657012,-0.413384,1.173325,0.000000,0.000000,-0.228818
821,02 04 06 07 08 13,0.04698940,0.62928116,0.331240,1.190050,-0.413384,1.422969,0.000000,0.000000,-3.591199
822,04 07 08 13 18 23,0.04698684,0.54314969,0.203840,0.735827,-1.561672,1.048503,0.000000,0.000000,-0.157696
823,01 04 10 13 18 23,0.04693819,0.55820331,0.203840,1.032607,-0.643041,0.674038,0.000000,0.000000,-0.228137
824,01 04 07 12 14 33,0.04691823,0.51634829,-0.050960,0.447482,-2.020987,1.298147,0.000000,0.000000,0.295673
825,04 06 07 08 13 23,0.04685482,0.46051898,-0.687960,1.287089,-1.791329,0.424394,0.000000,0.000000,-0.546337
826,02 04 06 10 13 23,0.04680674,0.49684297,-1.070160,0.950067,0.045932,0.798860,0.000000,0.000000,-0.302837
827,01 02 04 06 08 13,0.04680027,0.67400508,1.095640,1.661545,0.045932,0.798860,0.000000,0.000000,-3.616856
828,06 07 13 22 24 33,0.04677372,0.52158721,-0.050960,0.996467,-0.413384,0.299572,0.000000,0.000000,1.234535
829,01 08 12 13 14 24,0.04673832,0.59270956,0.840840,1.720684,0.275589,-0.324537,0.000000,0.000000,0.054831
830,04 07 10 13 18 23,0.04668883,0.51347939,-0.560560,0.561113,-1.102357,1.298147,0.000000,0.000000,-0.267443
831,02 07 10 13 24 33,0.04665756,0.61606610,0.203840,0.420354,1.194220,1.173325,0.000000,0.000000,0.822961
832,01 02 13 23 24 33,0.04662870,0.55003960,-0.178360,0.871347,0.505247,0.549216,0.000000,0.000000,0.916516
833,04 08 10 13 18 33,0.04656599,0.70894902,2.497040,0.812955,-0.413384,0.674038,0.000000,0.000000,0.739548
834,04 06 10 12 13 18,0.04656201,0.64689668,1.095640,1.165628,-0.413384,0.923681,0.000000,0.000000,-1.782459
835,01 04 14 22 24 33,0.04648104,0.55505759,0.331240,1.024222,-0.183726,0.299572,0.000000,0.000000,1.061933
836,01 02 08 13 24 33,0.04637719,0.69046032,1.732640,1.066563,1.194220,0.299572,0.000000,0.000000,0.849382
837,01 02 12 13 14 22,0.04634149,0.52720520,-0.687960,0.837078,-0.183726,1.048503,0.000000,0.000000,-0.724791
838,01 10 12 13 14 24,0.04612893,0.56303926,0.076440,1.545970,0.734904,-0.074893,0.000000,0.000000,-0.101050
839,01 12 13 14 23 24,0.04601895,0.45228884,-1.070160,1.525469,-0.413384,-0.074893,0.000000,0.000000,-0.021874
840,04 08 10 12 13 14,0.04596670,0.61107886,0.586040,1.642591,-0.643041,0.674038,0.000000,0.000000,-3.212507
841,01 07 12 13 18 33,0.04595402,0.61023254,1.223040,0.339960,-1.561672,1.298147,0.000000,0.000000,0.653508
842,01 07 10 13 22 24,0.04594517,0.53576176,-0.433160,1.153127,0.734904,0.299572,0.000000,0.000000,0.382285
843,01 04 06 10 13 14,0.04594002,0.55446651,0.076440,1.871774,-0.643041,0.174751,0.000000,0.000000,-2.525335
844,01 04 08 12 24 33,0.04592610,0.66773586,1.860040,1.101743,0.045932,0.299572,0.000000,0.000000,0.618734
845,07 12 13 14 18 24,0.04590516,0.57644651,0.203840,0.781421,-0.183726,0.923681,0.000000,0.000000,-0.090682
846,01 07 13 18 22 24,0.04590469,0.59389293,0.458640,0.860072,0.275589,0.674038,0.000000,0.000000,0.422169
847,06 07 12 13 14 24,0.04584540,0.49381579,-0.687960,1.332684,-0.413384,0.299572,0.000000,0.000000,-0.468617
848,02 06 12 13 14 24,0.04583700,0.55981008,-0.305760,1.170375,0.964562,0.424394,0.000000,0.000000,-0.153643
849,01 06 13 22 24 33,0.04582947,0.56631113,0.713440,1.467962,0.045932,-0.324537,0.000000,0.000000,1.097006
850,02 04 06 12 24 33,0.04582672,0.63483639,0.713440,0.551434,0.734904,1.048503,0.000000,0.000000,0.529071
851,01 02 07 08 13 24,0.04581412,0.63541141,0.586040,1.009936,1.194220,0.674038,0.000000,0.000000,-0.289100
852,01 07 13 22 23 24,0.04569770,0.42501135,-1.579760,1.132625,-0.413384,0.299572,0.000000,0.000000,0.441090
853,01 04 08 13 18 23,0.04568796,0.58787361,0.968240,1.207321,-1.102357,0.424394,0.000000,0.000000,-0.347766
854,04 06 08 12 13 18,0.04568640,0.67656697,1.860040,1.340342,-0.872699,0.674038,0.000000,0.000000,-1.846586
855,04 06 13 18 22 23,0.04561866,0.48499479,-0.433160,0.974917,-1.332014,0.549216,0.000000,0.000000,0.284593
856,01 07 12 13 23 33,0.04553354,0.44135095,-0.815360,0.612512,-2.250645,0.923681,0.000000,0.000000,0.640799
857,08 12 13 14 24 33,0.04549106,0.60303455,1.223040,1.305817,-0.183726,-0.074893,0.000000,0.000000,0.922744
858,07 10 12 13 14 24,0.04544380,0.51831534,-0.687960,1.074476,0.275589,0.549216,0.000000,0.000000,-0.204916
859,02 04 10 13 18 23,0.04542753,0.57947368,-0.178360,0.398804,0.275589,1.422969,0.000000,0.000000,-0.138090
860,02 07 12 13 23 33,0.04533622,0.46262133,-1.197560,-0.021291,-1.332014,1.672612,0.000000,0.000000,0.925422
861,04 06 10 13 22 23,0.04532616,0.42686363,-1.324960,1.267972,-0.872699,0.174751,0.000000,0.000000,0.195375
862,01 02 04 12 23 24,0.04522128,0.53826053,-0.815360,0.687592,0.734904,1.048503,0.000000,0.000000,-0.194658
863,01 07 08 13 22 24,0.04519278,0.56543206,0.331240,1.327841,0.275589,0.049929,0.000000,0.000000,0.336412
864,01 07 13 14 22 33,0.04518918,0.46909340,-0.433160,0.730207,-1.791329,0.674038,0.000000,0.000000,0.920893
865,02 06 07 13 22 24,0.04513784,0.53253259,-0.815360,0.777532,0.964562,0.798860,0.000000,0.000000,0.253333
866,02 04 06 07 12 24,0.04503603,0.57978748,-0.433160,0.494807,0.734904,1.422969,0.000000,0.000000,-0.643134
867,02 04 12 18 24 33,0.04503530,0.71746710,1.605240,0.000171,0.964562,1.672612,0.000000,0.000000,0.780902
868,07 12 13 14 23 24,0.04496583,0.40756492,-1.834560,1.053974,-0.872699,0.549216,0.000000,0.000000,-0.180261
869,02 04 07 10 12 24,0.04493369,0.60428703,-0.433160,0.236599,1.423877,1.672612,0.000000,0.000000,-0.335096
870,04 07 12 22 23 24,0.04493160,0.42355726,-1.834560,0.534002,-0.643041,1.048503,0.000000,0.000000,0.477628
871,04 07 12 14 22 33,0.04486637,0.46763932,-0.687960,0.131584,-2.020987,1.422969,0.000000,0.000000,1.023106
872,12 13 22 23 24 33,0.04484921,0.48250276,-0.687960,1.043563,-0.643041,0.424394,0.000000,0.000000,0.290524
873,01 04 12 22 23 24,0.04483695,0.46828118,-1.070160,1.005496,-0.183726,0.424394,0.000000,0.000000,0.465969
874,02 07 12 13 18 33,0.04478700,0.63150291,0.840840,-0.293843,-0.643041,2.047078,0.000000,0.000000,0.794468
875,02 04 08 10 13 23,0.04468770,0.55101282,-0.305760,0.866573,0.275589,0.798860,0.000000,0.000000,-0.227983
876,02 04 07 12 14 33,0.04466416,0.53761867,-0.433160,-0.186321,-1.102357,2.047078,0.000000,0.000000,0.275582
877,02 04 06 08 13 23,0.04463437,0.52651327,-0.305760,1.124781,-0.413384,0.549216,0.000000,0.000000,-0.559084
878,04 06 08 10 13 33,0.04461360,0.62631830,1.605240,1.364218,-0.643041,0.049929,0.000000,0.000000,0.081213
879,02 04 07 12 18 24,0.04460980,0.66241819,0.458640,-0.056456,0.964562,2.047078,0.000000,0.000000,-0.337199
880,01 02 06 13 22 24,0.04453409,0.57725651,-0.050960,1.249026,1.423877,0.174751,0.000000,0.000000,0.166248
881,07 10 13 22 24 33,0.04449134,0.54608676,-0.050960,0.738259,0.275589,0.549216,0.000000,0.000000,1.219595
882,01 02 07 13 14 33,0.04448977,0.53907275,-0.178360,0.412302,-0.872699,1.298147,0.000000,0.000000,0.099706
883,12 13 14 18 24 33,0.04441261,0.63149541,1.350440,0.838048,-0.183726,0.549216,0.000000,0.000000,0.743254
884,02 04 10 12 24 33,0.04441052,0.65933594,0.713440,0.293226,1.423877,1.298147,0.000000,0.000000,0.642456
885,02 04 07 14 22 24,0.04432441,0.52127906,-1.197560,0.333792,0.734904,1.422969,0.000000,0.000000,0.001216
886,01 02 04 12 18 24,0.04429636,0.70714211,1.223040,0.415039,1.423877,1.422969,0.000000,0.000000,-0.381273
887,01 02 13 18 22 24,0.04428159,0.65988722,0.840840,0.697764,1.653535,0.798860,0.000000,0.000000,0.497921
888,02 12 13 14 18 24,0.04426221,0.64244080,0.586040,0.619113,1.194220,1.048503,0.000000,0.000000,-0.017871
889,02 07 13 22 23 24,0.04423650,0.44628172,-1.961960,0.498822,0.505247,1.048503,0.000000,0.000000,0.538465
890,07 13 18 22 24 33,0.04422728,0.60421792,0.840840,0.445205,-0.183726,0.923681,0.000000,0.000000,1.226355
891,01 06 07 12 13 33,0.04422228,0.52760182,0.331240,0.891222,-1.791329,0.674038,0.000000,0.000000,0.027864
892,01 04 06 08 13 14,0.04420910,0.58413681,0.840840,2.046488,-1.102357,-0.074893,0.000000,0.000000,-2.716179
893,10 12 13 14 24 33,0.04419640,0.57336425,0.458640,1.131103,0.275589,0.174751,0.000000,0.000000,0.665340
894,02 04 08 13 18 23,0.04418044,0.60914398,0.586040,0.573518,-0.183726,1.173325,0.000000,0.000000,-0.257253
895,01 04 06 12 22 24,0.04416418,0.55453205,0.076440,1.284206,0.275589,0.174751,0.000000,0.000000,-0.052374
896,02 04 07 08 12 24,0.04416024,0.63395732,0.331240,0.411313,0.964562,1.422969,0.000000,0.000000,-0.384089
897,04 08 10 12 13 18,0.04410042,0.70106652,1.860040,1.082134,-0.183726,0.923681,0.000000,0.000000,-1.758355
898,07 08 13 22 24 33,0.04408755,0.57575705,0.713440,0.912973,-0.183726,0.299572,0.000000,0.000000,1.225368
899,02 07 13 14 22 33,0.04401275,0.49036378,-0.815360,0.096404,-0.872699,1.422969,0.000000,0.000000,1.060457
900,01 04 12 14 22 33,0.04391742,0.51236324,0.076440,0.603079,-1.561672,0.798860,0.000000,0.000000,0.884878
901,01 04 08 10 13 14,0.04385237,0.60863636,0.840840,1.788280,-0.413384,0.174751,0.000000,0.000000,-2.445829
902,01 13 18 22 24 33,0.04382515,0.64894184,1.605240,0.916699,0.275589,0.299572,0.000000,0.000000,1.169141
903,04 06 12 22 24 33,0.04380441,0.56485704,0.458640,0.869339,-0.183726,0.424394,0.000000,0.000000,0.947026
904,01 02 04 06 12 24,0.04377689,0.62451140,0.331240,0.966301,1.194220,0.798860,0.000000,0.000000,-0.827317
905,01 02 07 12 13 23,0.04375596,0.45229634,-1.579760,0.393577,-0.872699,1.422969,0.000000,0.000000,-0.361397
906,01 02 12 13 23 33,0.04374899,0.50734525,-0.433160,0.450204,-0.872699,1.048503,0.000000,0.000000,0.692632
907,01 10 13 22 24 33,0.04374100,0.59081067,0.713440,1.209754,0.734904,-0.074893,0.000000,0.000000,1.110792
908,02 04 08 12 24 33,0.04373390,0.68900623,1.477840,0.467940,0.964562,1.048503,0.000000,0.000000,0.607809
909,02 06 13 22 24 33,0.04366137,0.58758150,0.331240,0.834159,0.964562,0.424394,0.000000,0.000000,1.089651
910,04 06 07 12 22 24,0.04357740,0.50980813,-0.687960,0.812712,-0.183726,0.798860,0.000000,0.000000,-0.141669
911,01 07 10 12 13 33,0.04357421,0.55210137,0.331240,0.633014,-1.102357,0.923681,0.000000,0.000000,0.255050
912,06 07 12 13 22 33,0.04355459,0.47889285,-0.305760,0.575324,-1.791329,0.798860,0.000000,0.000000,0.960367
913,01 06 12 13 22 33,0.04355400,0.52361677,0.458640,1.046819,-1.332014,0.174751,0.000000,0.000000,0.962642
914,02 07 10 13 22 24,0.04352683,0.55703214,-0.815360,0.519324,1.653535,1.048503,0.000000,0.000000,0.337858
915,01 04 12 18 22 24,0.04349881,0.63716276,0.968240,0.732944,0.505247,0.798860,0.000000,0.000000,0.218133
916,02 12 13 14 23 24,0.04349396,0.47355922,-1.452360,0.891665,0.505247,0.674038,0.000000,0.000000,-0.082103
917,02 07 13 18 22 24,0.04347379,0.61516330,0.076440,0.226269,1.194220,1.422969,0.000000,0.000000,0.375881
918,04 10 13 18 22 23,0.04339619,0.50949434,-0.433160,0.716709,-0.643041,0.798860,0.000000,0.000000,0.278527
919,02 08 12 13 14 24,0.04335029,0.61397993,0.458640,1.086881,1.194220,0.424394,0.000000,0.000000,-0.133260
920,04 06 08 13 22 23,0.04332679,0.45653392,-0.560560,1.442686,-1.332014,-0.074893,0.000000,0.000000,-0.035241
921,01 08 13 22 24 33,0.04325485,0.62048097,1.477840,1.384468,0.275589,-0.324537,0.000000,0.000000,1.104364
922,02 04 14 22 24 33,0.04320704,0.57632797,-0.050960,0.390419,0.734904,1.048503,0.000000,0.000000,0.890737
923,01 02 10 13 22 24,0.04316802,0.60175606,-0.050960,0.990818,2.112850,0.424394,0.000000,0.000000,0.287061
924,01 02 12 13 18 33,0.04315267,0.67622683,1.605240,0.177651,-0.183726,1.422969,0.000000,0.000000,0.554700
925,02 06 07 12 13 33,0.04307410,0.54887220,-0.050960,0.257419,-0.872699,1.422969,0.000000,0.000000,0.171614
926,04 07 10 12 22 24,0.04304041,0.53430768,-0.687960,0.554504,0.505247,1.048503,0.000000,0.000000,0.101974
927,04 06 07 10 13 14,0.04302437,0.50974260,-0.687960,1.400279,-1.102357,0.798860,0.000000,0.000000,-2.959659
928,04 07 12 18 22 24,0.04301310,0.59243885,0.203840,0.261449,0.045932,1.422969,0.000000,0.000000,0.143811
929,01 02 04 08 12 24,0.04296717,0.67868124,1.095640,0.882807,1.423877,0.798860,0.000000,0.000000,-0.558483
930,07 08 12 13 14 24,0.04296552,0.54798564,0.076440,1.249190,-0.183726,0.299572,0.000000,0.000000,-0.506484
931,01 04 10 12 22 24,0.04282332,0.57903160,0.076440,1.025998,0.964562,0.424394,0.000000,0.000000,0.072174
932,04 08 10 13 22 23,0.04281746,0.48103347,-0.560560,1.184478,-0.643041,0.174751,0.000000,0.000000,0.212502
933,01 02 04 10 12 24,0.04281354,0.64901094,0.331240,0.708093,1.883192,1.048503,0.000000,0.000000,-0.646841
934,01 02 04 14 22 24,0.04280344,0.56600298,-0.433160,0.805286,1.194220,0.798860,0.000000,0.000000,-0.221757
935,02 07 08 13 22 24,0.04277758,0.58670244,-0.050960,0.694038,1.194220,0.798860,0.000000,0.000000,0.292450
936,07 12 13 18 22 33,0.04274166,0.56152357,0.586040,0.024062,-1.561672,1.422969,0.000000,0.000000,1.209010
937,02 10 12 13 14 24,0.04273775,0.58430963,-0.305760,0.912167,1.653535,0.674038,0.000000,0.000000,-0.289606
938,01 04 07 12 14 22,0.04262499,0.45731433,-1.070160,0.546452,-1.561672,1.173325,0.000000,0.000000,-0.361660
939,04 08 13 18 22 23,0.04246002,0.53916464,0.331240,0.891423,-1.102357,0.549216,0.000000,0.000000,0.205428
940,01 02 13 14 22 33,0.04243494,0.53508770,-0.050960,0.567899,-0.413384,0.798860,0.000000,0.000000,0.829062
941,01 02 04 12 14 33,0.04242892,0.58234258,0.331240,0.285174,-0.643041,1.422969,0.000000,0.000000,-0.053213
942,02 07 10 12 13 33,0.04241975,0.57337175,-0.050960,-0.000789,-0.183726,1.672612,0.000000,0.000000,0.397871
943,04 07 08 12 22 24,0.04240847,0.56397798,0.076440,0.729218,0.045932,0.798860,0.000000,0.000000,0.073947
944,01 02 08 13 22 24,0.04233641,0.63142635,0.713440,1.165532,1.653535,0.174751,0.000000,0.000000,0.229452
945,07 10 12 13 22 33,0.04227433,0.50339240,-0.305760,0.317116,-1.102357,1.048503,0.000000,0.000000,1.093893
946,01 02 04 07 22 33,0.04219053,0.55506509,-0.178360,-0.107670,-0.643041,1.797434,0.000000,0.000000,0.422028
947,01 02 06 12 13 33,0.04216829,0.59359611,0.713440,0.728914,-0.413384,0.798860,0.000000,0.000000,0.039778
948,01 04 08 12 22 24,0.04210902,0.60870190,0.840840,1.200712,0.505247,0.174751,0.000000,0.000000,0.031946
949,01 07 12 13 22 23,0.04207921,0.38231699,-1.834560,0.711482,-1.791329,0.798860,0.000000,0.000000,0.107753
950,01 12 13 18 22 33,0.04195364,0.60624748,1.350440,0.495556,-1.102357,0.798860,0.000000,0.000000,1.094625
951,01 07 08 12 13 33,0.04187617,0.58177167,1.095640,0.807728,-1.561672,0.674038,0.000000,0.000000,0.069078
952,07 13 22 23 24 33,0.04181663,0.43533634,-1.197560,0.717757,-0.872699,0.549216,0.000000,0.000000,0.918797
953,12 13 14 23 24 33,0.04178148,0.46261383,-0.687960,1.110601,-0.872699,0.174751,0.000000,0.000000,0.403030
954,04 10 12 22 24 33,0.04170338,0.58935659,0.458640,0.611131,0.505247,0.674038,0.000000,0.000000,0.958952
955,01 06 07 12 13 22,0.04162400,0.46856786,-0.687960,0.990192,-1.332014,0.549216,0.000000,0.000000,-0.378357
956,02 13 18 22 24 33,0.04161090,0.67021221,1.223040,0.282896,1.194220,1.048503,0.000000,0.000000,1.154950
957,02 10 13 22 24 33,0.04156662,0.61208105,0.331240,0.575951,1.653535,0.674038,0.000000,0.000000,1.102507
958,04 12 18 22 24 33,0.04149053,0.64748776,1.350440,0.318076,0.045932,1.048503,0.000000,0.000000,0.973299
959,01 13 22 23 24 33,0.04146159,0.48006026,-0.433160,1.189252,-0.413384,-0.074893,0.000000,0.000000,0.868559
960,01 10 12 13 22 33,0.04141096,0.54811632,0.458640,0.788611,-0.643041,0.424394,0.000000,0.000000,0.968344
961,02 06 12 13 22 33,0.04140474,0.54488715,0.076440,0.413016,-0.413384,0.923681,0.000000,0.000000,0.958078
962,01 06 13 14 24 33,0.04135803,0.54642220,0.713440,1.534999,-0.183726,-0.574180,0.000000,0.000000,1.001548
963,04 08 12 22 24 33,0.04135343,0.61902689,1.223040,0.785845,0.045932,0.424394,0.000000,0.000000,0.972702
964,01 06 07 13 14 24,0.04135064,0.49137329,-0.433160,1.478372,-0.183726,-0.199715,0.000000,0.000000,-0.054609
965,06 07 13 14 24 33,0.04132094,0.50169829,-0.050960,1.063505,-0.643041,0.049929,0.000000,0.000000,0.993691
966,07 12 13 22 23 33,0.04124760,0.39264198,-1.452360,0.296614,-2.250645,1.048503,0.000000,0.000000,1.037247
967,04 12 22 23 24 33,0.04122097,0.47860617,-0.687960,0.590629,-0.643041,0.674038,0.000000,0.000000,0.982949
968,01 02 07 13 14 22,0.04115680,0.48003879,-1.197560,0.511272,-0.413384,1.173325,0.000000,0.000000,-0.415359
969,02 04 06 10 13 14,0.04108665,0.57573689,-0.305760,1.237971,0.275589,0.923681,0.000000,0.000000,-2.930519
970,02 08 13 22 24 33,0.04108361,0.64175135,1.095640,0.750665,1.194220,0.424394,0.000000,0.000000,1.096544
971,06 12 13 14 22 24,0.04107687,0.48983074,-0.560560,1.488280,0.045932,-0.199715,0.000000,0.000000,-0.141305
972,01 02 13 22 23 24,0.04107566,0.49100564,-1.197560,0.970317,0.964562,0.424394,0.000000,0.000000,0.072539
973,01 07 10 12 13 22,0.04104500,0.49306741,-0.687960,0.731984,-0.643041,0.798860,0.000000,0.000000,-0.140937
974,01 08 12 13 22 33,0.04101706,0.57778662,1.223040,0.963325,-1.102357,0.174751,0.000000,0.000000,0.975582
975,01 07 12 13 18 22,0.04094428,0.55119857,0.203840,0.438929,-1.102357,1.173325,0.000000,0.000000,-0.109977
976,07 08 12 13 22 33,0.04090610,0.53306270,0.458640,0.491830,-1.561672,0.798860,0.000000,0.000000,0.956782
977,01 07 10 13 14 24,0.04085283,0.51587284,-0.433160,1.220164,0.505247,0.049929,0.000000,0.000000,0.194839
978,01 07 13 14 23 24,0.04076519,0.40512242,-1.579760,1.199663,-0.643041,0.049929,0.000000,0.000000,0.277324
979,04 07 08 10 13 14,0.04075052,0.56391244,0.076440,1.316785,-0.872699,0.798860,0.000000,0.000000,-2.907740
980,02 07 08 12 13 33,0.04072485,0.60304204,0.713440,0.173925,-0.643041,1.422969,0.000000,0.000000,0.212363
981,04 06 07 10 13 18,0.04068187,0.59973026,0.586040,0.839822,-0.643041,1.048503,0.000000,0.000000,-1.576061
982,04 06 10 13 18 22,0.04067534,0.59574521,0.713440,0.995419,-0.183726,0.549216,0.000000,0.000000,-0.543243
983,04 07 12 14 23 24,0.04066987,0.40366834,-1.834560,0.601039,-0.872699,0.798860,0.000000,0.000000,0.413240
984,02 04 12 14 22 33,0.04066226,0.53363361,-0.305760,-0.030724,-0.643041,1.547790,0.000000,0.000000,0.716473
985,01 04 06 10 13 18,0.04060564,0.64445418,1.350440,1.311317,-0.183726,0.424394,0.000000,0.000000,-1.584991
986,02 07 12 13 22 23,0.04060520,0.40358737,-2.216760,0.077679,-0.872699,1.547790,0.000000,0.000000,0.203231
987,01 12 13 22 23 33,0.04059763,0.43736590,-0.687960,0.768109,-1.791329,0.424394,0.000000,0.000000,0.943315
988,01 04 07 23 24 33,0.04059251,0.48014873,-0.560560,0.580721,-0.872699,0.674038,0.000000,0.000000,0.935977
989,01 04 12 14 23 24,0.04049987,0.44839226,-1.070160,1.072534,-0.413384,0.174751,0.000000,0.000000,0.390417
990,01 07 13 14 18 24,0.04048237,0.57400401,0.458640,0.927110,0.045932,0.424394,0.000000,0.000000,0.185837
991,01 04 06 07 24 33,0.04024946,0.56639960,0.586040,0.859431,-0.413384,0.424394,0.000000,0.000000,0.466484
992,02 04 12 22 23 24,0.04024035,0.48955156,-1.452360,0.371693,0.734904,1.173325,0.000000,0.000000,0.098824
993,02 13 22 23 24 33,0.04021704,0.50133063,-0.815360,0.555449,0.505247,0.674038,0.000000,0.000000,0.998032
994,07 10 13 14 24 33,0.04014548,0.52619783,-0.050960,0.805297,0.045932,0.299572,0.000000,0.000000,1.142743
995,07 13 14 18 24 33,0.04014218,0.58432900,0.840840,0.512242,-0.413384,0.674038,0.000000,0.000000,1.188136
996,04 06 13 14 18 23,0.04001547,0.46510587,-0.433160,1.041955,-1.561672,0.299572,0.000000,0.000000,0.021464
997,01 02 08 12 13 33,0.03998950,0.64776596,1.477840,0.645420,-0.183726,0.798860,0.000000,0.000000,0.105781
998,01 04 07 18 24 33,0.03998699,0.64903031,1.477840,0.308168,-0.183726,1.048503,0.000000,0.000000,0.796682
999,04 06 10 13 14 23,0.03989833,0.40697470,-1.324960,1.335009,-1.102357,-0.074893,0.000000,0.000000,-0.041773
1000,02 12 13 18 22 33,0.03978553,0.62751786,0.968240,-0.138247,-0.183726,1.547790,0.000000,0.000000,1.087270
1001,04 06 08 13 18 22,0.03971695,0.62541551,1.477840,1.170133,-0.643041,0.299572,0.000000,0.000000,-0.619635
1002,01 13 14 18 24 33,0.03966469,0.62905292,1.605240,0.983737,0.045932,0.049929,0.000000,0.000000,1.119758
1003,01 02 10 12 13 33,0.03965340,0.61809566,0.713440,0.470706,0.275589,1.048503,0.000000,0.000000,-0.009611
1004,01 04 06 08 13 18,0.03947111,0.67412447,2.114840,1.486031,-0.643041,0.174751,0.000000,0.000000,-1.687480
1005,01 10 13 14 24 33,0.03931979,0.57092175,0.713440,1.276791,0.505247,-0.324537,0.000000,0.000000,1.022777
1006,02 07 13 14 23 24,0.03931655,0.42639280,-1.961960,0.565860,0.275589,0.798860,0.000000,0.000000,0.376560
1007,01 07 08 12 13 22,0.03931242,0.52273771,0.076440,0.906698,-1.102357,0.549216,0.000000,0.000000,-0.332026
1008,02 12 13 22 23 33,0.03930826,0.45863628,-1.070160,0.134306,-0.872699,1.173325,0.000000,0.000000,1.066148
1009,02 04 07 23 24 33,0.03928302,0.50141910,-0.942760,-0.053082,0.045932,1.422969,0.000000,0.000000,1.055828
1010,02 10 12 13 22 33,0.03925542,0.56938669,0.076440,0.154808,0.275589,1.173325,0.000000,0.000000,0.962850
1011,01 06 12 13 23 24,0.03924694,0.45964579,-0.687960,1.516274,-0.183726,-0.449359,0.000000,0.000000,0.336396
1012,02 06 13 14 24 33,0.03920248,0.56769258,0.331240,0.901196,0.734904,0.174751,0.000000,0.000000,0.996054
1013,02 06 07 12 13 22,0.03916749,0.48983824,-1.070160,0.356389,-0.413384,1.298147,0.000000,0.000000,-0.428439
1014,02 04 07 12 14 22,0.03906259,0.47858470,-1.452360,-0.087351,-0.643041,1.922256,0.000000,0.000000,-0.575584
1015,04 06 08 10 13 22,0.03905061,0.56728434,0.586040,1.463187,-0.183726,-0.074893,0.000000,0.000000,-0.764238
1016,01 07 08 13 14 24,0.03901864,0.54554314,0.331240,1.394878,0.045932,-0.199715,0.000000,0.000000,-0.011305
1017,02 04 08 10 13 14,0.03899586,0.62990673,0.458640,1.154477,0.505247,0.923681,0.000000,0.000000,-2.851479
1018,02 04 12 18 22 24,0.03898919,0.65843314,0.586040,0.099141,1.423877,1.547790,0.000000,0.000000,-0.136125
1019,02 06 07 13 14 24,0.03895114,0.51264367,-0.815360,0.844569,0.734904,0.549216,0.000000,0.000000,-0.096245
1020,04 06 12 14 24 33,0.03894707,0.54496812,0.458640,0.936376,-0.413384,0.174751,0.000000,0.000000,0.794396
1021,04 06 07 08 13 14,0.03888794,0.53941289,0.076440,1.574993,-1.561672,0.549216,0.000000,0.000000,-3.506888
1022,02 08 12 13 22 33,0.03886465,0.59905699,0.840840,0.329522,-0.183726,0.923681,0.000000,0.000000,0.970553
1023,01 08 13 14 24 33,0.03880852,0.60059205,1.477840,1.451505,0.045932,-0.574180,0.000000,0.000000,1.012628
1024,02 04 07 18 24 33,0.03876448,0.67030068,1.095640,-0.325635,0.734904,1.797434,0.000000,0.000000,0.929420
1025,04 12 14 23 24 33,0.03874885,0.45871725,-0.687960,0.657666,-0.872699,0.424394,0.000000,0.000000,1.183697
1026,01 04 07 10 24 33,0.03871998,0.59089914,0.586040,0.601223,0.275589,0.674038,0.000000,0.000000,0.563088
1027,07 13 14 23 24 33,0.03868611,0.41544742,-1.197560,0.784795,-1.102357,0.299572,0.000000,0.000000,1.022000
1028,07 08 13 14 24 33,0.03865989,0.55586813,0.713440,0.980011,-0.413384,0.049929,0.000000,0.000000,0.988245
1029,01 02 07 12 13 14,0.03863522,0.53119025,-0.815360,0.681481,-0.643041,1.547790,0.000000,0.000000,-2.900283
1030,01 04 06 12 14 24,0.03862332,0.53464313,0.076440,1.351244,0.045932,-0.074893,0.000000,0.000000,-0.306268
1031,02 04 06 12 22 24,0.03861671,0.57580243,-0.305760,0.650403,1.194220,0.923681,0.000000,0.000000,-0.560391
1032,02 07 10 12 13 22,0.03858221,0.51433778,-1.070160,0.098181,0.275589,1.547790,0.000000,0.000000,-0.191949
1033,01 04 07 08 24 33,0.03854514,0.62056944,1.350440,0.775937,-0.183726,0.424394,0.000000,0.000000,0.602781
1034,01 02 06 12 13 22,0.03850612,0.53456215,-0.305760,0.827883,0.045932,0.674038,0.000000,0.000000,-0.524059
1035,01 04 08 10 13 18,0.03850544,0.69862402,2.114840,1.227823,0.045932,0.424394,0.000000,0.000000,-1.507347
1036,02 07 10 13 14 24,0.03844705,0.53714322,-0.815360,0.586361,1.423877,0.798860,0.000000,0.000000,0.152272
1037,04 07 08 10 13 18,0.03839546,0.65390011,1.350440,0.756328,-0.413384,1.048503,0.000000,0.000000,-1.526002
1038,02 04 06 08 13 14,0.03830219,0.60540719,0.458640,1.412685,-0.183726,0.674038,0.000000,0.000000,-3.277448
1039,01 02 06 13 14 24,0.03827204,0.55736759,-0.050960,1.316064,1.194220,-0.074893,0.000000,0.000000,-0.194494
1040,01 13 14 23 24 33,0.03825571,0.46017133,-0.433160,1.256290,-0.643041,-0.324537,0.000000,0.000000,0.960599
1041,04 08 10 13 18 22,0.03818234,0.64991505,1.477840,0.911925,0.045932,0.549216,0.000000,0.000000,-0.523791
1042,01 06 10 12 13 24,0.03816726,0.57039621,0.458640,1.536776,0.964562,-0.449359,0.000000,0.000000,0.080970
1043,04 06 07 12 14 24,0.03811190,0.48991921,-0.687960,0.879749,-0.413384,0.549216,0.000000,0.000000,-0.384400
1044,01 02 12 13 18 22,0.03807936,0.61719287,0.586040,0.276621,0.275589,1.298147,0.000000,0.000000,-0.218204
1045,02 07 13 14 18 24,0.03806403,0.59527438,0.076440,0.293307,0.964562,1.173325,0.000000,0.000000,0.141409
1046,02 07 12 13 18 22,0.03805973,0.57246895,-0.178360,-0.194874,-0.183726,1.922256,0.000000,0.000000,-0.223474
1047,01 12 13 18 23 24,0.03788823,0.54227650,0.203840,0.965012,0.045932,0.174751,0.000000,0.000000,0.504181
1048,04 06 08 13 14 23,0.03787384,0.43664500,-0.560560,1.509723,-1.561672,-0.324537,0.000000,0.000000,-0.276110
1049,06 12 13 18 24 33,0.03784751,0.63885237,1.732640,0.828854,0.045932,0.174751,0.000000,0.000000,1.132180
1050,04 10 13 14 18 23,0.03784323,0.48960542,-0.433160,0.783747,-0.872699,0.549216,0.000000,0.000000,0.022840
1051,01 06 12 13 18 24,0.03780843,0.62852737,1.350440,1.243722,0.505247,-0.074893,0.000000,0.000000,0.073690
1052,01 04 12 14 18 24,0.03780134,0.61727384,0.968240,0.799981,0.275589,0.549216,0.000000,0.000000,-0.058964
1053,01 02 04 18 24 33,0.03776928,0.71502460,1.860040,0.145860,1.194220,1.173325,0.000000,0.000000,0.784341
1054,01 02 13 14 18 24,0.03773980,0.63999830,0.840840,0.764802,1.423877,0.549216,0.000000,0.000000,0.095736
1055,08 12 13 14 22 24,0.03769253,0.54400059,0.203840,1.404786,0.275589,-0.199715,0.000000,0.000000,-0.253908
1056,04 06 07 08 13 18,0.03766200,0.62940056,1.350440,1.014536,-1.102357,0.798860,0.000000,0.000000,-1.957867
1057,06 10 12 13 24 33,0.03763830,0.58072120,0.840840,1.121908,0.505247,-0.199715,0.000000,0.000000,1.055303
1058,04 07 10 12 14 24,0.03762514,0.51441876,-0.687960,0.621541,0.275589,0.798860,0.000000,0.000000,-0.133314
1059,02 04 08 12 22 24,0.03761510,0.62997227,0.458640,0.566909,1.423877,0.923681,0.000000,0.000000,-0.319986
1060,06 12 13 23 24 33,0.03758650,0.46997078,-0.305760,1.101407,-0.643041,-0.199715,0.000000,0.000000,1.143095
1061,02 04 07 10 24 33,0.03751003,0.61216952,0.203840,-0.032580,1.194220,1.422969,0.000000,0.000000,0.697687
1062,02 13 14 18 24 33,0.03746301,0.65032329,1.223040,0.349934,0.964562,0.798860,0.000000,0.000000,1.107427
1063,01 02 04 07 18 24,0.03744156,0.65997569,0.713440,0.089233,1.194220,1.547790,0.000000,0.000000,-0.319274
1064,04 08 10 13 14 23,0.03741476,0.46114455,-0.560560,1.251515,-0.872699,-0.074893,0.000000,0.000000,-0.020925
1065,04 07 12 14 18 24,0.03739098,0.57254992,0.203840,0.328487,-0.183726,1.173325,0.000000,0.000000,-0.122123
1066,01 06 13 14 22 24,0.03736263,0.48738824,-0.305760,1.633969,0.275589,-0.699002,0.000000,0.000000,0.388341
1067,01 04 07 18 22 24,0.03735206,0.58999635,0.458640,0.407138,0.275589,0.923681,0.000000,0.000000,0.385031
1068,01 04 10 12 14 24,0.03733270,0.55914268,0.076440,1.093036,0.734904,0.174751,0.000000,0.000000,-0.174277
1069,01 06 08 12 13 24,0.03730107,0.60006651,1.223040,1.711490,0.505247,-0.699002,0.000000,0.000000,0.018238
1070,01 02 12 13 22 23,0.03727202,0.44831128,-1.452360,0.549174,-0.413384,0.923681,0.000000,0.000000,-0.288228
1071,02 04 10 12 22 24,0.03726957,0.60030197,-0.305760,0.392195,1.883192,1.173325,0.000000,0.000000,-0.436773
1072,01 04 07 22 23 24,0.03726381,0.42111477,-1.579760,0.679691,-0.413384,0.549216,0.000000,0.000000,0.421543
1073,04 12 14 18 24 33,0.03716176,0.62759883,1.350440,0.385114,-0.183726,0.798860,0.000000,0.000000,0.898979
1074,02 10 13 14 24 33,0.03715796,0.59219213,0.331240,0.642988,1.423877,0.424394,0.000000,0.000000,1.016352
1075,06 08 12 13 24 33,0.03713646,0.61039150,1.605240,1.296622,0.045932,-0.449359,0.000000,0.000000,1.046549
1076,01 02 04 12 14 22,0.03707179,0.52330862,-0.687960,0.384143,-0.183726,1.298147,0.000000,0.000000,-0.868164
1077,02 13 14 23 24 33,0.03702372,0.48144171,-0.815360,0.622487,0.275589,0.424394,0.000000,0.000000,1.091932
1078,04 07 08 12 14 24,0.03696808,0.54408906,0.076440,0.796255,-0.183726,0.549216,0.000000,0.000000,-0.165062
1079,01 02 10 13 14 24,0.03695620,0.58186713,-0.050960,1.057856,1.883192,0.174751,0.000000,0.000000,-0.066238
1080,02 04 06 07 24 33,0.03693243,0.58766997,0.203840,0.225628,0.505247,1.173325,0.000000,0.000000,0.288913
1081,02 04 06 10 13 18,0.03692924,0.66572455,0.968240,0.677514,0.734904,1.173325,0.000000,0.000000,-1.815805
1082,04 10 12 14 24 33,0.03689627,0.56946767,0.458640,0.678168,0.275589,0.424394,0.000000,0.000000,0.813764
1083,04 08 13 14 18 23,0.03688195,0.51927571,0.331240,0.958461,-1.332014,0.299572,0.000000,0.000000,-0.053981
1084,02 07 08 12 13 22,0.03685278,0.54400808,-0.305760,0.272895,-0.183726,1.298147,0.000000,0.000000,-0.382573
1085,01 02 04 07 10 24,0.03684073,0.60184453,-0.178360,0.382287,1.653535,1.173325,0.000000,0.000000,-0.454171
1086,02 06 12 13 23 24,0.03682546,0.48091617,-1.070160,0.882471,0.734904,0.299572,0.000000,0.000000,0.291503
1087,01 08 12 13 23 24,0.03673511,0.51381564,0.076440,1.432780,0.045932,-0.449359,0.000000,0.000000,0.353057
1088,01 07 12 13 14 23,0.03665138,0.36242807,-1.834560,0.778520,-2.020987,0.549216,0.000000,0.000000,-0.129396
1089,02 08 13 14 24 33,0.03664984,0.62186242,1.095640,0.817702,0.964562,0.174751,0.000000,0.000000,1.006668
1090,02 07 08 13 14 24,0.03661600,0.56681351,-0.050960,0.761075,0.964562,0.549216,0.000000,0.000000,-0.053407
1091,01 04 08 12 14 24,0.03659329,0.58881298,0.840840,1.267750,0.275589,-0.074893,0.000000,0.000000,-0.218227
1092,01 10 12 13 18 24,0.03659272,0.65302692,1.350440,0.985514,1.194220,0.174751,0.000000,0.000000,0.216779
1093,01 04 07 12 23 33,0.03658860,0.43745437,-0.815360,0.159578,-2.250645,1.173325,0.000000,0.000000,0.545541
1094,07 12 13 14 23 33,0.03656626,0.37275306,-1.452360,0.363652,-2.480302,0.798860,0.000000,0.000000,0.910693
1095,04 08 12 14 24 33,0.03652120,0.59913797,1.223040,0.852882,-0.183726,0.174751,0.000000,0.000000,0.823793
1096,06 07 12 13 18 24,0.03650761,0.58380346,0.586040,0.772227,0.045932,0.549216,0.000000,0.000000,-0.121392
1097,01 02 04 07 23 24,0.03646440,0.49109411,-1.324960,0.361786,0.505247,1.173325,0.000000,0.000000,-0.414458
1098,01 02 08 12 13 22,0.03636187,0.58873200,0.458640,0.744389,0.275589,0.674038,0.000000,0.000000,-0.452941
1099,01 02 04 10 24 33,0.03635958,0.65689344,0.968240,0.438914,1.653535,0.798860,0.000000,0.000000,0.529607
1100,02 04 07 12 23 33,0.03635463,0.45872475,-1.197560,-0.474225,-1.332014,1.922256,0.000000,0.000000,0.824733
1101,04 06 07 22 24 33,0.03633339,0.51769063,-0.050960,0.543533,-0.413384,0.549216,0.000000,0.000000,0.917729
1102,02 04 07 08 24 33,0.03628165,0.64183982,0.968240,0.142134,0.734904,1.173325,0.000000,0.000000,0.581295
1103,01 13 14 18 22 24,0.03624937,0.57001895,0.586040,1.082707,0.505247,-0.074893,0.000000,0.000000,0.592490
1104,01 04 06 22 24 33,0.03611508,0.56241454,0.713440,1.015027,0.045932,-0.074893,0.000000,0.000000,0.887749
1105,07 12 13 14 18 33,0.03611123,0.54163464,0.586040,0.091099,-1.791329,1.173325,0.000000,0.000000,0.793693
1106,01 02 08 13 14 24,0.03609948,0.61153743,0.713440,1.232570,1.423877,-0.074893,0.000000,0.000000,-0.127568
1107,01 10 12 13 23 24,0.03609746,0.48414534,-0.687960,1.258066,0.505247,-0.199715,0.000000,0.000000,0.192991
1108,01 04 07 10 22 24,0.03608324,0.53186518,-0.433160,0.700192,0.734904,0.549216,0.000000,0.000000,0.151171
1109,01 02 13 14 23 24,0.03608035,0.47111672,-1.197560,1.037354,0.734904,0.174751,0.000000,0.000000,-0.100530
1110,01 02 10 12 13 22,0.03606030,0.55906170,-0.305760,0.569675,0.734904,0.923681,0.000000,0.000000,-0.563215
1111,01 02 07 12 13 18,0.03599175,0.62117792,0.458640,0.121024,-0.183726,1.797434,0.000000,0.000000,-1.561275
1112,02 04 12 14 23 24,0.03591582,0.46966263,-1.452360,0.438731,0.505247,0.923681,0.000000,0.000000,0.025133
1113,06 07 10 12 13 24,0.03588512,0.52567229,-0.305760,1.065281,0.505247,0.174751,0.000000,0.000000,-0.259498
1114,01 04 07 12 18 33,0.03586994,0.60633595,1.223040,-0.112975,-1.561672,1.547790,0.000000,0.000000,0.389483
1115,04 07 10 22 24 33,0.03585827,0.54219018,-0.050960,0.285325,0.275589,0.798860,0.000000,0.000000,1.170539
1116,01 12 13 14 23 33,0.03584094,0.41747698,-0.687960,0.835147,-2.020987,0.174751,0.000000,0.000000,0.805597
1117,01 04 06 07 22 24,0.03581219,0.50736564,-0.433160,0.958400,0.045932,0.299572,0.000000,0.000000,-0.212187
1118,06 07 12 13 23 24,0.03578568,0.41492187,-1.452360,1.044780,-0.643041,0.174751,0.000000,0.000000,-0.178763
1119,04 07 18 22 24 33,0.03578053,0.60032134,0.840840,-0.007730,-0.183726,1.173325,0.000000,0.000000,1.204904
1120,06 13 14 22 24 33,0.03568505,0.49771323,0.076440,1.219101,-0.183726,-0.449359,0.000000,0.000000,1.192502
1121,01 06 12 13 14 33,0.03568228,0.50372785,0.458640,1.113856,-1.561672,-0.074893,0.000000,0.000000,0.363423
1122,01 08 12 13 18 24,0.03565784,0.68269722,2.114840,1.160228,0.734904,-0.074893,0.000000,0.000000,0.143871
1123,01 10 13 14 22 24,0.03561172,0.51188779,-0.305760,1.375761,0.964562,-0.449359,0.000000,0.000000,0.452138
1124,07 12 13 18 23 24,0.03554252,0.49755259,-0.560560,0.493517,-0.413384,0.798860,0.000000,0.000000,0.154295
1125,01 02 04 23 24 33,0.03538490,0.54614302,-0.178360,0.418413,0.505247,0.798860,0.000000,0.000000,0.480673
1126,01 02 07 13 18 33,0.03536768,0.62906041,1.095640,-0.148155,-0.413384,1.547790,0.000000,0.000000,0.478888
1127,01 02 04 07 14 33,0.03535860,0.53517617,-0.178360,-0.040632,-0.872699,1.547790,0.000000,0.000000,-0.023143
1128,02 12 13 18 23 24,0.03535696,0.56354688,-0.178360,0.331209,0.964562,0.923681,0.000000,0.000000,0.443023
1129,07 10 12 13 23 24,0.03532756,0.43942142,-1.452360,0.786572,0.045932,0.424394,0.000000,0.000000,0.076565
1130,01 04 07 14 22 33,0.03528435,0.46519682,-0.433160,0.277273,-1.791329,0.923681,0.000000,0.000000,0.683422
1131,01 02 04 12 23 33,0.03526083,0.50344866,-0.433160,-0.002730,-0.872699,1.298147,0.000000,0.000000,0.665046
1132,01 12 13 14 18 33,0.03524786,0.58635856,1.350440,0.562594,-1.332014,0.549216,0.000000,0.000000,0.668145
1133,01 02 04 06 24 33,0.03523173,0.63239389,0.968240,0.697122,0.964562,0.549216,0.000000,0.000000,0.039312
1134,02 07 12 13 14 23,0.03518993,0.38369844,-2.216760,0.144717,-1.102357,1.298147,0.000000,0.000000,-0.032057
1135,04 07 08 22 24 33,0.03518345,0.57186047,0.713440,0.460039,-0.183726,0.549216,0.000000,0.000000,1.136159
1136,01 04 06 07 12 33,0.03512316,0.52370524,0.331240,0.438288,-1.791329,0.923681,0.000000,0.000000,-0.090239
1137,01 04 07 08 22 24,0.03507178,0.56153548,0.331240,0.874906,0.275589,0.299572,0.000000,0.000000,0.066916
1138,01 02 07 13 23 33,0.03502569,0.46017883,-0.942760,0.124398,-1.102357,1.173325,0.000000,0.000000,0.477808
1139,07 10 12 13 18 24,0.03502421,0.60830300,0.586040,0.514019,0.734904,0.798860,0.000000,0.000000,-0.017962
1140,01 02 04 08 24 33,0.03500161,0.68656373,1.732640,0.613628,1.194220,0.549216,0.000000,0.000000,0.394016
1141,08 12 13 18 24 33,0.03498563,0.69302221,2.497040,0.745360,0.275589,0.174751,0.000000,0.000000,1.096979
1142,01 04 10 22 24 33,0.03498467,0.58691409,0.713440,0.756819,0.734904,0.174751,0.000000,0.000000,1.043475
1143,06 07 13 14 22 24,0.03494863,0.44266432,-1.070160,1.162474,-0.183726,-0.074893,0.000000,0.000000,0.028336
1144,01 04 18 22 24 33,0.03487324,0.64504526,1.605240,0.463765,0.275589,0.549216,0.000000,0.000000,1.072849
1145,01 08 13 14 22 24,0.03484766,0.54155809,0.458640,1.550475,0.505247,-0.699002,0.000000,0.000000,0.404537
1146,01 06 07 13 22 33,0.03483864,0.47645035,-0.050960,0.721013,-1.561672,0.299572,0.000000,0.000000,0.748993
1147,02 04 08 10 13 18,0.03482589,0.71989440,1.732640,0.594020,0.964562,1.173325,0.000000,0.000000,-1.738626
1148,10 12 13 14 22 24,0.03480620,0.51433029,-0.560560,1.230072,0.734904,0.049929,0.000000,0.000000,-0.747124
1149,02 06 10 12 13 24,0.03478865,0.59166658,0.076440,0.902973,1.883192,0.299572,0.000000,0.000000,-0.105725
1150,02 04 06 08 13 18,0.03474117,0.69539485,1.732640,0.852228,0.275589,0.923681,0.000000,0.000000,-2.074378
1151,10 12 13 18 24 33,0.03473509,0.66335191,1.732640,0.570646,0.734904,0.424394,0.000000,0.000000,0.994265
1152,08 12 13 23 24 33,0.03470891,0.52414063,0.458640,1.017913,-0.413384,-0.199715,0.000000,0.000000,1.105569
1153,01 02 04 07 12 23,0.03468996,0.44839975,-1.579760,-0.059357,-0.872699,1.672612,0.000000,0.000000,-0.474593
1154,02 04 07 12 18 33,0.03466627,0.62760633,0.840840,-0.746778,-0.643041,2.296721,0.000000,0.000000,0.525011
1155,07 10 13 14 22 24,0.03461415,0.46716387,-1.070160,0.904266,0.505247,0.174751,0.000000,0.000000,0.301983
1156,02 12 13 14 23 33,0.03456413,0.43874735,-1.070160,0.201344,-1.102357,0.923681,0.000000,0.000000,0.930291
1157,04 06 07 12 22 33,0.03454935,0.47499627,-0.305760,0.122390,-1.791329,1.048503,0.000000,0.000000,0.856173
1158,01 08 10 12 13 24,0.03450965,0.62456606,1.223040,1.453282,1.194220,-0.449359,0.000000,0.000000,-0.072120
1159,02 06 12 13 18 24,0.03441725,0.64979775,0.968240,0.609918,1.423877,0.674038,0.000000,0.000000,-0.114866
1160,04 07 12 22 23 33,0.03440144,0.38874540,-1.452360,-0.156320,-2.250645,1.298147,0.000000,0.000000,1.252928
1161,02 08 12 13 23 24,0.03431049,0.53508601,-0.305760,0.798977,0.964562,0.299572,0.000000,0.000000,0.307699
1162,12 13 14 18 22 24,0.03429279,0.57246145,0.331240,0.937018,0.275589,0.424394,0.000000,0.000000,-0.777305
1163,07 13 14 18 22 24,0.03427614,0.52529504,-0.178360,0.611212,0.045932,0.549216,0.000000,0.000000,0.297787
1164,01 04 08 22 24 33,0.03422749,0.61658439,1.477840,0.931533,0.275589,-0.074893,0.000000,0.000000,0.996894
1165,01 04 07 12 22 23,0.03417832,0.37842041,-1.834560,0.258548,-1.791329,1.048503,0.000000,0.000000,0.167173
1166,04 07 22 23 24 33,0.03414538,0.43143976,-1.197560,0.264823,-0.872699,0.798860,0.000000,0.000000,1.012238
1167,02 04 07 14 22 33,0.03407126,0.48646720,-0.815360,-0.356530,-0.872699,1.672612,0.000000,0.000000,0.817556
1168,02 06 13 14 22 24,0.03396204,0.50865862,-0.687960,1.000166,1.194220,0.049929,0.000000,0.000000,0.198390
1169,02 06 08 12 13 24,0.03392559,0.62133688,0.840840,1.077687,1.423877,0.049929,0.000000,0.000000,-0.167993
1170,01 04 07 10 12 33,0.03391391,0.54820479,0.331240,0.180080,-1.102357,1.173325,0.000000,0.000000,0.053808
1171,02 04 07 18 22 24,0.03382782,0.61126672,0.076440,-0.226665,1.194220,1.672612,0.000000,0.000000,0.176762
1172,01 02 04 07 08 24,0.03374112,0.63151483,0.586040,0.557001,1.194220,0.923681,0.000000,0.000000,-0.847791
1173,02 06 07 13 22 33,0.03367476,0.49772073,-0.433160,0.087210,-0.643041,1.048503,0.000000,0.000000,0.890418
1174,02 10 12 13 23 24,0.03366970,0.50541571,-1.070160,0.624263,1.423877,0.549216,0.000000,0.000000,0.147167
1175,02 04 07 22 23 24,0.03365259,0.44238514,-1.961960,0.045887,0.505247,1.298147,0.000000,0.000000,0.200387
1176,06 07 12 13 14 33,0.03364487,0.45900393,-0.305760,0.642362,-2.020987,0.549216,0.000000,0.000000,0.059212
1177,07 08 12 13 18 24,0.03361517,0.63797330,1.350440,0.688733,0.275589,0.549216,0.000000,0.000000,-0.161120
1178,08 10 12 13 24 33,0.03361494,0.63489105,1.605240,1.038414,0.734904,-0.199715,0.000000,0.000000,0.848025
1179,02 06 12 13 14 33,0.03354557,0.52499822,0.076440,0.480053,-0.643041,0.674038,0.000000,0.000000,0.360720
1180,01 04 12 22 23 33,0.03353726,0.43346932,-0.687960,0.315175,-1.791329,0.674038,0.000000,0.000000,1.127259
1181,01 02 04 12 18 33,0.03352538,0.67233025,1.605240,-0.275283,-0.183726,1.672612,0.000000,0.000000,0.358348
1182,07 10 12 13 14 33,0.03347152,0.48350348,-0.305760,0.384154,-1.332014,0.798860,0.000000,0.000000,0.356730
1183,01 02 04 06 07 24,0.03339425,0.57734498,-0.178360,0.640495,0.964562,0.923681,0.000000,0.000000,-1.287978
1184,10 12 13 23 24 33,0.03338600,0.49447033,-0.305760,0.843199,0.045932,0.049929,0.000000,0.000000,0.843979
1185,01 04 06 12 22 33,0.03330991,0.51972019,0.458640,0.593884,-1.332014,0.424394,0.000000,0.000000,0.674909
1186,02 04 12 14 18 24,0.03330427,0.63854422,0.586040,0.166178,1.194220,1.298147,0.000000,0.000000,-0.411362
1187,01 08 12 13 14 33,0.03317045,0.55789770,1.223040,1.030362,-1.332014,-0.074893,0.000000,0.000000,0.380085
1188,01 04 07 08 12 33,0.03316557,0.57787509,1.095640,0.354794,-1.561672,0.923681,0.000000,0.000000,0.008535
1189,12 13 18 23 24 33,0.03313492,0.55260150,0.586040,0.550144,-0.413384,0.424394,0.000000,0.000000,0.852664
1190,06 07 08 12 13 24,0.03311785,0.55534259,0.458640,1.239995,0.045932,-0.074893,0.000000,0.000000,-0.603882
1191,02 12 13 14 18 33,0.03309232,0.60762894,0.968240,-0.071209,-0.413384,1.298147,0.000000,0.000000,0.662650
1192,02 04 06 12 14 24,0.03308842,0.55591350,-0.305760,0.717441,0.964562,0.674038,0.000000,0.000000,-0.812424
1193,01 02 04 14 22 33,0.03303412,0.53119111,-0.050960,0.114964,-0.413384,1.048503,0.000000,0.000000,0.666263
1194,01 02 06 07 13 33,0.03302041,0.54642970,0.203840,0.403108,-0.643041,0.923681,0.000000,0.000000,-0.237949
1195,02 10 12 13 18 24,0.03297701,0.67429730,0.968240,0.351710,2.112850,0.923681,0.000000,0.000000,-0.005042
1196,01 13 14 22 23 24,0.03291776,0.40113737,-1.452360,1.355259,-0.183726,-0.449359,0.000000,0.000000,0.148488
1197,04 07 10 12 22 33,0.03289917,0.49949582,-0.305760,-0.135818,-1.102357,1.298147,0.000000,0.000000,0.934894
1198,07 08 12 13 23 24,0.03287753,0.46909172,-0.687960,0.961286,-0.413384,0.174751,0.000000,0.000000,-0.220817
1199,01 02 07 10 13 33,0.03287412,0.57092925,0.203840,0.144900,0.045932,1.173325,0.000000,0.000000,0.063578
1200,01 02 06 13 22 33,0.03287101,0.54244465,0.331240,0.558704,-0.183726,0.424394,0.000000,0.000000,0.773703
1201,01 04 07 14 23 24,0.03286069,0.40122584,-1.579760,0.746728,-0.643041,0.299572,0.000000,0.000000,0.336208
1202,01 07 13 18 22 33,0.03281291,0.55908107,0.840840,0.169750,-1.332014,0.923681,0.000000,0.000000,0.817958
1203,08 13 14 22 24 33,0.03280433,0.55188308,0.840840,1.135607,0.045932,-0.449359,0.000000,0.000000,1.154511
1204,02 13 14 18 22 24,0.03280263,0.59128933,0.203840,0.448904,1.423877,0.674038,0.000000,0.000000,0.395702
1205,06 12 13 14 22 33,0.03276516,0.45501888,-0.178360,0.797958,-1.561672,0.049929,0.000000,0.000000,0.962665
1206,04 07 12 18 22 33,0.03270247,0.55762699,0.586040,-0.428873,-1.561672,1.672612,0.000000,0.000000,0.951634
1207,10 13 14 22 24 33,0.03266487,0.52221278,0.076440,0.960893,0.505247,-0.199715,0.000000,0.000000,1.068254
1208,02 04 07 10 22 24,0.03257157,0.55313556,-0.815360,0.066389,1.653535,1.298147,0.000000,0.000000,-0.055238
1209,01 07 13 22 23 33,0.03254101,0.39019948,-1.197560,0.442303,-2.020987,0.549216,0.000000,0.000000,0.827261
1210,01 10 12 13 14 33,0.03253280,0.52822740,0.458640,0.855648,-0.872699,0.174751,0.000000,0.000000,0.220018
1211,01 04 22 23 24 33,0.03252139,0.47616368,-0.433160,0.736318,-0.413384,0.174751,0.000000,0.000000,0.774002
1212,04 06 07 14 24 33,0.03246668,0.49780170,-0.050960,0.610570,-0.643041,0.299572,0.000000,0.000000,0.911866
1213,01 07 08 13 22 33,0.03245326,0.53062020,0.713440,0.637519,-1.332014,0.299572,0.000000,0.000000,0.784389
1214,02 07 13 22 23 33,0.03232799,0.41146986,-1.579760,-0.191500,-1.102357,1.298147,0.000000,0.000000,1.109558
1215,04 07 08 12 22 33,0.03229549,0.52916612,0.458640,0.038896,-1.561672,1.048503,0.000000,0.000000,0.911053
1216,01 02 13 18 22 33,0.03220342,0.62507536,1.223040,0.007442,0.045932,1.048503,0.000000,0.000000,1.043878
1217,01 07 10 13 22 33,0.03212072,0.50094990,-0.050960,0.462805,-0.872699,0.549216,0.000000,0.000000,0.669526
1218,02 04 08 12 14 24,0.03211192,0.61008335,0.458640,0.633947,1.194220,0.674038,0.000000,0.000000,-0.568298
1219,01 04 06 07 12 22,0.03209206,0.46467128,-0.687960,0.537257,-1.332014,0.798860,0.000000,0.000000,-0.560581
1220,07 08 13 14 22 24,0.03203734,0.49683417,-0.305760,1.078980,0.045932,-0.074893,0.000000,0.000000,-0.014182
1221,02 10 13 14 22 24,0.03198659,0.53315816,-0.687960,0.741958,1.883192,0.299572,0.000000,0.000000,0.228922
1222,01 02 04 18 22 24,0.03195711,0.65599064,0.840840,0.244830,1.653535,1.048503,0.000000,0.000000,-0.098028
1223,04 07 14 23 24 33,0.03192212,0.41155083,-1.197560,0.331861,-1.102357,0.549216,0.000000,0.000000,1.249855
1224,02 08 12 13 18 24,0.03191798,0.70396760,1.732640,0.526424,1.653535,0.674038,0.000000,0.000000,-0.096344
1225,01 04 10 12 22 33,0.03191254,0.54421974,0.458640,0.335676,-0.643041,0.674038,0.000000,0.000000,0.791085
1226,02 04 06 07 12 33,0.03182497,0.54497562,-0.050960,-0.195515,-0.872699,1.672612,0.000000,0.000000,-0.265019
1227,02 04 06 22 24 33,0.03179696,0.58368492,0.331240,0.381224,0.964562,0.674038,0.000000,0.000000,0.561864
1228,02 04 10 12 14 24,0.03179151,0.58041305,-0.305760,0.459233,1.653535,0.923681,0.000000,0.000000,-0.681364
1229,01 04 12 18 22 33,0.03179119,0.60235090,1.350440,0.042622,-1.102357,1.048503,0.000000,0.000000,0.818988
1230,01 02 12 13 14 23,0.03178140,0.42842236,-1.452360,0.616211,-0.643041,0.674038,0.000000,0.000000,-0.534679
1231,02 04 10 22 24 33,0.03171695,0.60818447,0.331240,0.123016,1.653535,0.923681,0.000000,0.000000,0.873209
1232,02 04 07 10 12 33,0.03166611,0.56947516,-0.050960,-0.453723,-0.183726,1.922256,0.000000,0.000000,0.034647
1233,02 07 13 18 22 33,0.03163020,0.58035144,0.458640,-0.464053,-0.413384,1.672612,0.000000,0.000000,0.956592
1234,02 04 07 12 22 23,0.03161098,0.39969079,-2.216760,-0.375256,-0.872699,1.797434,0.000000,0.000000,0.100670
1235,02 04 18 22 24 33,0.03159296,0.66631563,1.223040,-0.170038,1.194220,1.298147,0.000000,0.000000,0.900722
1236,01 04 06 07 14 24,0.03157687,0.48747671,-0.433160,1.025438,-0.183726,0.049929,0.000000,0.000000,-0.272662
1237,01 06 12 13 14 22,0.03152719,0.44469389,-0.560560,1.212826,-1.102357,-0.199715,0.000000,0.000000,-0.273444
1238,07 13 14 22 23 24,0.03152489,0.35641345,-2.216760,0.883765,-0.643041,0.174751,0.000000,0.000000,-0.060233
1239,04 12 14 22 23 24,0.03147446,0.39968329,-1.707160,0.756636,-0.413384,0.299572,0.000000,0.000000,0.084697
1240,01 02 10 13 22 33,0.03144843,0.56694420,0.331240,0.300496,0.505247,0.674038,0.000000,0.000000,0.886144
1241,02 08 13 14 22 24,0.03144393,0.56282846,0.076440,0.916672,1.423877,0.049929,0.000000,0.000000,0.214121
1242,01 02 07 13 22 23,0.03139868,0.40114487,-1.961960,0.223368,-0.643041,1.048503,0.000000,0.000000,-0.080822
1243,02 07 08 13 22 33,0.03128625,0.55189058,0.331240,0.003716,-0.413384,1.048503,0.000000,0.000000,0.925349
1244,01 04 06 14 24 33,0.03128066,0.54252562,0.713440,1.082065,-0.183726,-0.324537,0.000000,0.000000,0.738516
1245,01 04 14 23 24 33,0.03125021,0.45627475,-0.433160,0.803355,-0.643041,-0.074893,0.000000,0.000000,1.152673
1246,02 04 12 22 23 33,0.03124551,0.45473970,-1.070160,-0.318629,-0.872699,1.422969,0.000000,0.000000,1.101587
1247,06 12 13 18 22 24,0.03123690,0.57981841,0.713440,0.927823,0.505247,0.049929,0.000000,0.000000,0.131520
1248,02 08 10 12 13 24,0.03112789,0.64583643,0.840840,0.819479,2.112850,0.299572,0.000000,0.000000,-0.259280
1249,04 06 12 14 22 24,0.03112014,0.48593416,-0.560560,1.035346,0.045932,0.049929,0.000000,0.000000,-0.386465
1250,02 08 12 13 14 33,0.03103060,0.57916807,0.840840,0.396559,-0.413384,0.674038,0.000000,0.000000,0.376916
1251,07 08 12 13 14 33,0.03102150,0.51317378,0.458640,0.558868,-1.791329,0.549216,0.000000,0.000000,0.059348
1252,02 04 08 22 24 33,0.03096291,0.63785477,1.095640,0.297730,1.194220,0.674038,0.000000,0.000000,0.827093
1253,01 04 07 10 12 22,0.03095188,0.48917083,-0.687960,0.279049,-0.643041,1.048503,0.000000,0.000000,-0.406302
1254,02 07 10 13 22 33,0.03095057,0.52222028,-0.433160,-0.170998,0.045932,1.298147,0.000000,0.000000,0.810021
1255,01 02 07 08 13 33,0.03093604,0.60059954,0.968240,0.319614,-0.413384,0.923681,0.000000,0.000000,-0.157957
1256,01 02 13 22 23 33,0.03092590,0.45619378,-0.815360,0.279995,-0.643041,0.674038,0.000000,0.000000,0.904196
1257,02 04 07 08 12 33,0.03092091,0.59914546,0.713440,-0.279009,-0.643041,1.672612,0.000000,0.000000,-0.010160
1258,01 02 04 07 14 22,0.03089268,0.47614220,-1.197560,0.058337,-0.413384,1.422969,0.000000,0.000000,-0.706059
1259,06 07 13 18 24 33,0.03085947,0.59168595,1.223040,0.503048,-0.183726,0.299572,0.000000,0.000000,1.174439
1260,13 14 18 22 24 33,0.03081886,0.58034395,0.968240,0.667839,0.045932,0.174751,0.000000,0.000000,0.840643
1261,07 08 10 12 13 24,0.03077452,0.57984214,0.458640,0.981787,0.734904,0.174751,0.000000,0.000000,-0.627853
1262,04 12 14 18 22 24,0.03075332,0.56856487,0.331240,0.484083,0.275589,0.674038,0.000000,0.000000,-0.071727
1263,01 02 08 13 22 33,0.03064508,0.59661449,1.095640,0.475210,0.045932,0.424394,0.000000,0.000000,0.832721
1264,01 02 04 10 22 24,0.03054560,0.59785948,-0.050960,0.537884,2.112850,0.674038,0.000000,0.000000,-0.353028
1265,02 04 07 08 22 24,0.03050657,0.58280586,-0.050960,0.241103,1.194220,1.048503,0.000000,0.000000,-0.295577
1266,06 07 10 13 24 33,0.03050075,0.53355479,0.331240,0.796102,0.275589,-0.074893,0.000000,0.000000,1.075411
1267,01 12 13 14 18 22,0.03047271,0.52732460,0.331240,0.661564,-0.872699,0.424394,0.000000,0.000000,-0.060585
1268,01 06 07 13 23 24,0.03046878,0.41247937,-1.197560,1.190468,-0.413384,-0.324537,0.000000,0.000000,0.113444
1269,02 13 14 22 23 24,0.03044072,0.42240775,-1.834560,0.721456,0.734904,0.299572,0.000000,0.000000,0.095364
1270,06 10 12 13 22 24,0.03043301,0.52168724,-0.178360,1.220878,0.964562,-0.324537,0.000000,0.000000,-0.033460
1271,02 10 12 13 14 33,0.03038981,0.54949777,0.076440,0.221845,0.045932,0.923681,0.000000,0.000000,0.216384
1272,01 02 04 06 12 33,0.03036583,0.58969953,0.713440,0.275979,-0.413384,1.048503,0.000000,0.000000,-0.478832
1273,02 04 07 14 23 24,0.03031871,0.42249622,-1.961960,0.112925,0.275589,1.048503,0.000000,0.000000,0.273463
1274,01 02 04 07 12 14,0.03029348,0.52729367,-0.815360,0.228547,-0.643041,1.797434,0.000000,0.000000,-2.906176
1275,01 06 07 10 13 24,0.03027644,0.52322979,-0.050960,1.210970,0.734904,-0.324537,0.000000,0.000000,-0.010520
1276,01 02 06 07 13 22,0.03024945,0.48739574,-0.815360,0.502077,-0.183726,0.798860,0.000000,0.000000,-0.669752
1277,04 07 14 18 24 33,0.03021665,0.58043242,0.840840,0.059308,-0.413384,0.923681,0.000000,0.000000,0.947599
1278,04 06 08 10 12 13,0.03021357,0.61843581,0.968240,1.633397,-0.413384,0.299572,0.000000,0.000000,-4.184815
1279,02 04 06 07 22 24,0.03019344,0.52863601,-0.815360,0.324597,0.964562,1.048503,0.000000,0.000000,-0.730765
1280,12 13 14 22 23 24,0.03019185,0.40357987,-1.707160,1.209570,-0.413384,0.049929,0.000000,0.000000,-1.335285
1281,01 02 07 13 18 22,0.03018526,0.57002645,0.076440,-0.049185,0.045932,1.422969,0.000000,0.000000,-0.310180
1282,04 07 08 14 24 33,0.03018452,0.55197155,0.713440,0.527076,-0.413384,0.299572,0.000000,0.000000,0.962553
1283,01 02 07 10 13 22,0.03017223,0.51189529,-0.815360,0.243869,0.505247,1.048503,0.000000,0.000000,-0.357992
1284,01 04 08 12 22 33,0.03016983,0.57389004,1.223040,0.510390,-1.102357,0.424394,0.000000,0.000000,0.598493
1285,01 04 07 08 12 22,0.03016901,0.51884113,0.076440,0.453763,-1.102357,0.798860,0.000000,0.000000,-0.456691
1286,02 04 06 12 22 33,0.03006731,0.54099057,0.076440,-0.039919,-0.413384,1.173325,0.000000,0.000000,0.508364
1287,01 04 06 12 23 24,0.03003745,0.45574921,-0.687960,1.063340,-0.183726,-0.199715,0.000000,0.000000,0.201943
1288,01 06 07 13 18 24,0.02996857,0.58136096,0.840840,0.917916,0.275589,0.049929,0.000000,0.000000,-0.010250
1289,08 12 13 14 22 33,0.02992211,0.50918873,0.586040,0.714464,-1.332014,0.049929,0.000000,0.000000,0.930255
1290,01 07 10 13 23 24,0.02991446,0.43697892,-1.197560,0.932260,0.275589,-0.074893,0.000000,0.000000,0.354519
1291,06 08 12 13 22 24,0.02989663,0.55135754,0.586040,1.395592,0.505247,-0.574180,0.000000,0.000000,-0.047330
1292,04 07 10 14 24 33,0.02981739,0.52230125,-0.050960,0.352362,0.045932,0.549216,0.000000,0.000000,0.842566
1293,04 08 12 14 22 24,0.02978548,0.54010401,0.203840,0.951852,0.275589,0.049929,0.000000,0.000000,-0.195401
1294,01 06 13 23 24 33,0.02978201,0.46752828,-0.050960,1.247095,-0.413384,-0.699002,0.000000,0.000000,1.066758
1295,01 04 07 14 18 24,0.02976188,0.57010742,0.458640,0.474176,0.045932,0.674038,0.000000,0.000000,-0.172476
1296,06 12 13 22 23 24,0.02973648,0.41093682,-1.324960,1.200376,-0.183726,-0.324537,0.000000,0.000000,-0.041185
1297,01 04 07 12 18 22,0.02972725,0.54730199,0.203840,-0.014005,-1.102357,1.422969,0.000000,0.000000,-0.541853
1298,01 07 13 18 23 24,0.02970681,0.49511009,-0.305760,0.639206,-0.183726,0.299572,0.000000,0.000000,0.369638
1299,06 07 13 23 24 33,0.02966015,0.42280437,-0.815360,0.775601,-0.872699,-0.074893,0.000000,0.000000,1.046343
1300,04 06 12 23 24 33,0.02965312,0.46607420,-0.305760,0.648472,-0.643041,0.049929,0.000000,0.000000,1.197702
1301,01 04 07 08 14 24,0.02964126,0.54164656,0.331240,0.941944,0.045932,0.049929,0.000000,0.000000,-0.170632
1302,01 04 06 08 10 13,0.02958689,0.61599331,1.223040,1.779085,-0.183726,-0.199715,0.000000,0.000000,-3.197739
1303,02 04 12 18 22 33,0.02958642,0.62362128,0.968240,-0.591181,-0.183726,1.797434,0.000000,0.000000,0.806202
1304,01 12 13 14 22 23,0.02957119,0.35844302,-1.707160,0.934116,-1.561672,0.049929,0.000000,0.000000,-0.144563
1305,01 07 12 13 14 18,0.02954516,0.53130965,0.203840,0.505967,-1.332014,0.923681,0.000000,0.000000,-1.231790
1306,01 02 04 08 12 33,0.02952785,0.64386938,1.477840,0.192485,-0.183726,1.048503,0.000000,0.000000,-0.214184
1307,01 04 14 18 24 33,0.02949765,0.62515633,1.605240,0.530803,0.045932,0.299572,0.000000,0.000000,0.843440
1308,01 04 07 10 14 24,0.02948482,0.51197626,-0.433160,0.767230,0.505247,0.299572,0.000000,0.000000,-0.259406
1309,04 06 10 13 14 18,0.02948036,0.57585629,0.713440,1.062457,-0.413384,0.299572,0.000000,0.000000,-1.634814
1310,01 02 04 08 22 24,0.02940769,0.62752977,0.713440,0.712598,1.653535,0.424394,0.000000,0.000000,-0.456016
1311,04 07 12 14 23 33,0.02935066,0.36885648,-1.452360,-0.089283,-2.480302,1.048503,0.000000,0.000000,1.071640
1312,01 02 04 10 12 33,0.02934596,0.61419908,0.713440,0.017771,0.275589,1.298147,0.000000,0.000000,-0.306728
1313,01 04 12 18 23 24,0.02926230,0.53837992,0.203840,0.512077,0.045932,0.424394,0.000000,0.000000,0.456184
1314,02 04 22 23 24 33,0.02915413,0.49743405,-0.815360,0.102514,0.505247,0.923681,0.000000,0.000000,0.588988
1315,04 10 12 14 22 24,0.02913841,0.51043371,-0.560560,0.777138,0.734904,0.299572,0.000000,0.000000,-0.356863
1316,01 08 12 13 14 22,0.02904989,0.49886373,0.203840,1.129332,-0.872699,-0.199715,0.000000,0.000000,-0.251665
1317,02 06 07 13 23 24,0.02903270,0.43374975,-1.579760,0.556665,0.505247,0.424394,0.000000,0.000000,0.214540
1318,12 13 14 18 22 33,0.02902966,0.53764959,0.713440,0.246696,-1.332014,0.674038,0.000000,0.000000,0.778322
1319,02 04 14 23 24 33,0.02895219,0.47754513,-0.815360,0.169552,0.275589,0.674038,0.000000,0.000000,1.126070
1320,04 07 10 12 23 24,0.02889799,0.43552484,-1.452360,0.333637,0.045932,0.674038,0.000000,0.000000,0.353965
1321,01 04 10 14 24 33,0.02886844,0.56702517,0.713440,0.823857,0.505247,-0.074893,0.000000,0.000000,0.704338
1322,01 06 13 18 24 33,0.02882088,0.63640987,1.987440,0.974543,0.275589,-0.324537,0.000000,0.000000,0.874778
1323,01 02 04 06 22 24,0.02880120,0.57335993,-0.050960,0.796092,1.423877,0.424394,0.000000,0.000000,-0.934668
1324,04 07 12 18 23 24,0.02876717,0.49365601,-0.560560,0.040583,-0.413384,1.048503,0.000000,0.000000,0.380466
1325,06 07 08 13 24 33,0.02874191,0.56322508,1.095640,0.970816,-0.183726,-0.324537,0.000000,0.000000,0.880430
1326,01 04 10 12 23 24,0.02869032,0.48024876,-0.687960,0.805132,0.505247,0.049929,0.000000,0.000000,0.325561
1327,01 10 12 13 14 22,0.02866503,0.46919344,-0.560560,0.954618,-0.413384,0.049929,0.000000,0.000000,-0.374281
1328,02 04 10 12 22 33,0.02866366,0.56549011,0.076440,-0.298127,0.275589,1.422969,0.000000,0.000000,0.623610
1329,10 12 13 14 22 33,0.02863374,0.47951843,-0.178360,0.539750,-0.872699,0.299572,0.000000,0.000000,0.673782
1330,01 02 04 12 22 23,0.02861663,0.44441470,-1.452360,0.096239,-0.413384,1.173325,0.000000,0.000000,-0.340589
1331,02 06 13 23 24 33,0.02858988,0.48879866,-0.433160,0.613292,0.505247,0.049929,0.000000,0.000000,1.203997
1332,01 06 08 13 24 33,0.02852904,0.60794900,1.860040,1.442311,0.275589,-0.948646,0.000000,0.000000,0.851256
1333,02 07 10 13 23 24,0.02847209,0.45824930,-1.579760,0.298457,1.194220,0.674038,0.000000,0.000000,0.454685
1334,01 02 06 13 23 24,0.02843837,0.47847367,-0.815360,1.028160,0.964562,-0.199715,0.000000,0.000000,0.128851
1335,07 10 13 23 24 33,0.02842818,0.44730392,-0.815360,0.517393,-0.183726,0.174751,0.000000,0.000000,1.187022
1336,01 04 12 14 23 33,0.02841112,0.41358040,-0.687960,0.382212,-2.020987,0.424394,0.000000,0.000000,0.934808
1337,01 06 10 13 24 33,0.02838680,0.57827870,1.095640,1.267597,0.734904,-0.699002,0.000000,0.000000,0.764586
1338,04 06 07 12 23 24,0.02838458,0.41102529,-1.452360,0.591845,-0.643041,0.424394,0.000000,0.000000,-0.045298
1339,01 06 07 08 13 24,0.02832267,0.55290009,0.713440,1.385684,0.275589,-0.574180,0.000000,0.000000,-0.234381
1340,01 04 07 12 14 23,0.02828943,0.35853149,-1.834560,0.325585,-2.020987,0.798860,0.000000,0.000000,-0.138284
1341,02 07 13 18 23 24,0.02825188,0.51638046,-0.687960,0.005403,0.734904,1.048503,0.000000,0.000000,0.467943
1342,01 02 07 08 13 22,0.02819961,0.54156558,-0.050960,0.418583,0.045932,0.798860,0.000000,0.000000,-0.584644
1343,07 08 13 18 24 33,0.02818586,0.64585580,1.987440,0.419554,0.045932,0.299572,0.000000,0.000000,1.167132
1344,01 07 13 14 18 33,0.02815770,0.53919214,0.840840,0.236788,-1.561672,0.674038,0.000000,0.000000,0.695274
1345,07 12 13 14 22 23,0.02812880,0.31371910,-2.471560,0.462622,-2.020987,0.674038,0.000000,0.000000,-0.360620
1346,01 07 08 13 23 24,0.02810852,0.46664922,-0.433160,1.106974,-0.183726,-0.324537,0.000000,0.000000,0.152561
1347,01 04 08 14 24 33,0.02809653,0.59669547,1.477840,0.998571,0.045932,-0.324537,0.000000,0.000000,0.655574
1348,02 06 12 13 14 22,0.02808215,0.46596426,-0.942760,0.579023,-0.183726,0.549216,0.000000,0.000000,-0.469980
1349,02 04 06 14 24 33,0.02803178,0.56379600,0.331240,0.448262,0.734904,0.424394,0.000000,0.000000,0.571041
1350,01 02 13 18 23 24,0.02801242,0.56110438,0.076440,0.476898,1.194220,0.424394,0.000000,0.000000,0.434829
1351,01 02 04 22 23 24,0.02798961,0.48710906,-1.197560,0.517382,0.964562,0.674038,0.000000,0.000000,-0.636238
1352,02 04 08 12 22 33,0.02798076,0.59516041,0.840840,-0.123413,-0.183726,1.173325,0.000000,0.000000,0.588033
1353,01 04 08 12 23 24,0.02797916,0.50991906,0.076440,0.979846,0.045932,-0.199715,0.000000,0.000000,0.285798
1354,07 13 18 23 24 33,0.02795759,0.50543508,0.076440,0.224338,-0.643041,0.549216,0.000000,0.000000,1.163185
1355,04 06 08 13 14 18,0.02791302,0.60552658,1.477840,1.237171,-0.872699,0.049929,0.000000,0.000000,-1.801422
1356,02 06 07 10 13 24,0.02788322,0.54450017,-0.433160,0.577167,1.653535,0.424394,0.000000,0.000000,-0.051226
1357,06 07 12 13 14 22,0.02785312,0.39996997,-1.324960,0.741331,-1.561672,0.424394,0.000000,0.000000,-0.820130
1358,07 12 13 14 18 22,0.02785092,0.48260068,-0.433160,0.190069,-1.332014,1.048503,0.000000,0.000000,-0.451374
1359,01 07 08 10 13 24,0.02785070,0.57739964,0.713440,1.127476,0.964562,-0.324537,0.000000,0.000000,0.018895
1360,04 07 12 14 18 33,0.02784744,0.53773806,0.586040,-0.361835,-1.791329,1.422969,0.000000,0.000000,0.799348
1361,07 08 10 13 24 33,0.02772233,0.58772463,1.095640,0.712608,0.505247,-0.074893,0.000000,0.000000,1.052578
1362,01 07 13 14 23 33,0.02772152,0.37031056,-1.197560,0.509341,-2.250645,0.299572,0.000000,0.000000,0.680240
1363,01 10 13 23 24 33,0.02768726,0.49202783,-0.050960,0.988887,0.275589,-0.449359,0.000000,0.000000,1.079615
1364,04 06 12 18 24 33,0.02767896,0.63495579,1.732640,0.375919,0.045932,0.424394,0.000000,0.000000,0.855638
1365,01 07 08 13 18 24,0.02762401,0.63553080,1.605240,0.834422,0.505247,0.049929,0.000000,0.000000,0.031193
1366,01 13 18 23 24 33,0.02756488,0.55015900,0.840840,0.695833,-0.183726,-0.074893,0.000000,0.000000,1.107366
1367,02 06 07 13 18 24,0.02756279,0.60263133,0.458640,0.284113,1.194220,0.798860,0.000000,0.000000,-0.052818
1368,04 10 12 23 24 33,0.02754581,0.49057375,-0.305760,0.390264,0.045932,0.299572,0.000000,0.000000,1.208698
1369,07 10 13 18 24 33,0.02754554,0.61618550,1.223040,0.244840,0.505247,0.549216,0.000000,0.000000,1.006670
1370,01 02 04 14 23 24,0.02753223,0.46722013,-1.197560,0.584420,0.734904,0.424394,0.000000,0.000000,-0.137000
1371,02 07 13 14 23 33,0.02752106,0.39158094,-1.579760,-0.124462,-1.332014,1.048503,0.000000,0.000000,0.964398
1372,02 04 06 07 12 22,0.02748554,0.48594166,-1.070160,-0.096546,-0.413384,1.547790,0.000000,0.000000,-0.929194
1373,08 12 13 18 22 24,0.02743081,0.63398825,1.477840,0.844329,0.734904,0.049929,0.000000,0.000000,-0.043567
1374,07 10 12 13 14 22,0.02740079,0.42446952,-1.324960,0.483123,-0.872699,0.674038,0.000000,0.000000,-0.563944
1375,02 04 07 10 12 22,0.02739576,0.51044120,-1.070160,-0.354754,0.275589,1.797434,0.000000,0.000000,-0.619295
1376,01 07 10 13 18 24,0.02733228,0.60586051,0.840840,0.659708,0.964562,0.299572,0.000000,0.000000,-0.077624
1377,02 04 07 14 18 24,0.02730688,0.59137780,0.076440,-0.159628,0.964562,1.422969,0.000000,0.000000,-0.222335
1378,02 04 14 18 24 33,0.02728661,0.64642671,1.223040,-0.103001,0.964562,1.048503,0.000000,0.000000,0.829724
1379,01 02 06 13 18 24,0.02726691,0.64735525,1.223040,0.755607,1.653535,0.174751,0.000000,0.000000,-0.094290
1380,02 04 07 12 18 22,0.02721525,0.56857237,-0.178360,-0.647808,-0.183726,2.171899,0.000000,0.000000,-0.600157
1381,04 07 08 12 23 24,0.02721251,0.46519514,-0.687960,0.508351,-0.413384,0.424394,0.000000,0.000000,0.169853
1382,01 08 13 23 24 33,0.02720425,0.52169813,0.713440,1.163601,-0.183726,-0.699002,0.000000,0.000000,1.073652
1383,04 08 12 23 24 33,0.02719900,0.52024405,0.458640,0.564978,-0.413384,0.049929,0.000000,0.000000,1.222913
1384,04 12 18 23 24 33,0.02718221,0.54870492,0.586040,0.097210,-0.413384,0.674038,0.000000,0.000000,1.200711
1385,04 06 10 13 18 23,0.02717358,0.49696237,-0.050960,0.774552,-0.643041,0.174751,0.000000,0.000000,-0.196336
1386,01 02 06 10 13 24,0.02714283,0.58922409,0.331240,1.048662,2.112850,-0.199715,0.000000,0.000000,-0.158555
1387,04 06 10 12 24 33,0.02710441,0.57682462,0.840840,0.668974,0.505247,0.049929,0.000000,0.000000,0.724634
1388,01 02 04 14 18 24,0.02708682,0.63610172,0.840840,0.311867,1.423877,0.798860,0.000000,0.000000,-0.252576
1389,01 06 12 13 23 33,0.02706860,0.42483393,-0.305760,0.825952,-1.791329,-0.199715,0.000000,0.000000,0.867513
1390,01 02 10 13 23 24,0.02706602,0.50297322,-0.815360,0.769952,1.653535,0.049929,0.000000,0.000000,0.248734
1391,06 07 12 13 23 33,0.02705977,0.38011001,-1.070160,0.354458,-2.250645,0.424394,0.000000,0.000000,0.863842
1392,02 04 07 10 14 24,0.02704238,0.53324664,-0.815360,0.133427,1.423877,1.048503,0.000000,0.000000,-0.307404
1393,02 04 06 07 14 24,0.02702736,0.50874709,-0.815360,0.391635,0.734904,0.798860,0.000000,0.000000,-0.632830
1394,02 12 13 14 22 23,0.02701769,0.37971339,-2.089360,0.300313,-0.643041,0.798860,0.000000,0.000000,-0.209014
1395,04 08 10 13 14 18,0.02701248,0.63002613,1.477840,0.978963,-0.183726,0.299572,0.000000,0.000000,-1.611640
1396,02 07 13 14 18 33,0.02698754,0.56046252,0.458640,-0.397015,-0.643041,1.422969,0.000000,0.000000,0.835769
1397,07 08 13 23 24 33,0.02697085,0.47697421,-0.050960,0.692107,-0.643041,-0.074893,0.000000,0.000000,1.036710
1398,01 02 04 12 18 22,0.02694625,0.61329629,0.586040,-0.176313,0.275589,1.547790,0.000000,0.000000,-0.637647
1399,02 12 13 14 18 22,0.02691789,0.54859498,-0.050960,0.027760,0.045932,1.173325,0.000000,0.000000,-0.273387
1400,04 06 07 12 18 24,0.02691070,0.57990688,0.586040,0.319292,0.045932,0.798860,0.000000,0.000000,-0.313244
1401,01 06 07 13 14 33,0.02690413,0.45656143,-0.050960,0.788051,-1.791329,0.049929,0.000000,0.000000,0.140471
1402,01 04 14 22 23 24,0.02689266,0.39724079,-1.452360,0.902325,-0.183726,-0.199715,0.000000,0.000000,0.485811
1403,01 04 12 14 18 33,0.02686082,0.58246198,1.350440,0.109660,-1.332014,0.798860,0.000000,0.000000,0.655539
1404,01 02 07 10 12 13,0.02684344,0.56304675,-0.433160,0.414079,0.275589,1.422969,0.000000,0.000000,-2.962506
1405,01 08 10 13 24 33,0.02677661,0.63244855,1.860040,1.184103,0.964562,-0.699002,0.000000,0.000000,0.914828
1406,01 10 13 18 24 33,0.02675752,0.66090942,1.987440,0.716335,0.964562,-0.074893,0.000000,0.000000,0.892285
1407,01 04 06 10 12 24,0.02668615,0.56649963,0.458640,1.083842,0.964562,-0.199715,0.000000,0.000000,-0.390031
1408,02 04 10 14 24 33,0.02666996,0.58829555,0.331240,0.190054,1.423877,0.674038,0.000000,0.000000,0.692483
1409,02 07 08 13 23 24,0.02666930,0.48791960,-0.815360,0.473171,0.734904,0.424394,0.000000,0.000000,0.253192
1410,02 06 13 18 24 33,0.02665905,0.65768024,1.605240,0.340740,1.194220,0.424394,0.000000,0.000000,0.868353
1411,02 04 07 08 12 22,0.02661603,0.54011150,-0.305760,-0.180040,-0.183726,1.547790,0.000000,0.000000,-0.669219
1412,04 07 14 22 23 24,0.02659561,0.35251687,-2.216760,0.430830,-0.643041,0.424394,0.000000,0.000000,0.439440
1413,02 07 12 13 14 18,0.02654661,0.55258003,-0.178360,-0.127836,-0.413384,1.672612,0.000000,0.000000,-1.362177
1414,06 07 12 13 18 33,0.02654195,0.54899160,0.968240,0.081905,-1.561672,0.798860,0.000000,0.000000,0.737539
1415,01 06 12 13 18 33,0.02650368,0.59371551,1.732640,0.553400,-1.102357,0.174751,0.000000,0.000000,0.734232
1416,02 10 13 23 24 33,0.02648884,0.51329821,-0.433160,0.355084,1.194220,0.299572,0.000000,0.000000,1.215923
1417,04 06 07 12 14 33,0.02644652,0.45510735,-0.305760,0.189427,-2.020987,0.798860,0.000000,0.000000,0.222715
1418,01 04 06 12 18 24,0.02640312,0.62463079,1.350440,0.790787,0.505247,0.174751,0.000000,0.000000,-0.386080
1419,02 06 08 13 24 33,0.02638292,0.62921938,1.477840,0.808508,1.194220,-0.199715,0.000000,0.000000,0.847157
1420,01 07 10 13 14 33,0.02634980,0.48106098,-0.050960,0.529843,-1.102357,0.299572,0.000000,0.000000,0.381547
1421,02 13 18 23 24 33,0.02632660,0.57142937,0.458640,0.062030,0.734904,0.674038,0.000000,0.000000,1.237769
1422,08 12 13 22 23 24,0.02632389,0.46510667,-0.560560,1.116882,0.045932,-0.324537,0.000000,0.000000,-0.157974
1423,04 06 07 08 10 13,0.02632184,0.57126939,0.458640,1.307591,-0.643041,0.424394,0.000000,0.000000,-3.683829
1424,12 13 14 22 23 33,0.02631336,0.36876801,-1.324960,0.519249,-2.020987,0.299572,0.000000,0.000000,0.425480
1425,04 06 08 12 24 33,0.02631043,0.60649492,1.605240,0.843688,0.045932,-0.199715,0.000000,0.000000,0.672600
1426,01 02 04 06 12 22,0.02627085,0.53066557,-0.305760,0.374949,0.045932,0.923681,0.000000,0.000000,-1.106792
1427,01 08 13 18 24 33,0.02625881,0.69057971,2.751840,0.891049,0.505247,-0.324537,0.000000,0.000000,0.883997
1428,01 06 13 22 23 24,0.02625679,0.40849432,-1.070160,1.346065,0.045932,-0.823824,0.000000,0.000000,0.523210
1429,01 06 07 12 13 23,0.02624567,0.36978502,-1.452360,0.769325,-1.791329,0.174751,0.000000,0.000000,-0.309468
1430,01 02 08 13 23 24,0.02623755,0.53264351,-0.050960,0.944666,1.194220,-0.199715,0.000000,0.000000,0.191590
1431,02 06 10 13 24 33,0.02623753,0.59954908,0.713440,0.633794,1.653535,0.049929,0.000000,0.000000,0.760022
1432,04 06 07 10 12 24,0.02622814,0.52177571,-0.305760,0.612347,0.505247,0.424394,0.000000,0.000000,-0.460249
1433,07 12 13 18 23 33,0.02622799,0.46274073,-0.178360,-0.196805,-2.020987,1.048503,0.000000,0.000000,1.109694
1434,04 06 08 13 18 23,0.02621834,0.52663267,0.713440,0.949266,-1.102357,-0.074893,0.000000,0.000000,-0.272262
1435,01 02 10 13 18 24,0.02620786,0.67185480,1.223040,0.497399,2.342508,0.424394,0.000000,0.000000,0.072009
1436,01 02 04 07 12 18,0.02619581,0.61728134,0.458640,-0.331910,-0.183726,2.047078,0.000000,0.000000,-1.782613
1437,01 04 06 12 14 33,0.02618841,0.49983127,0.458640,0.660922,-1.561672,0.174751,0.000000,0.000000,0.186837
1438,13 14 22 23 24 33,0.02616078,0.41146236,-1.070160,0.940392,-0.643041,-0.199715,0.000000,0.000000,0.200120
1439,01 04 06 14 22 24,0.02615231,0.48349166,-0.305760,1.181035,0.275589,-0.449359,0.000000,0.000000,-0.042541
1440,02 04 07 08 14 24,0.02614528,0.56291693,-0.050960,0.308141,0.964562,0.798860,0.000000,0.000000,-0.374715
1441,02 04 12 14 23 33,0.02613194,0.43485077,-1.070160,-0.251591,-1.102357,1.173325,0.000000,0.000000,0.910996
1442,01 02 13 14 23 33,0.02604362,0.43630485,-0.815360,0.347032,-0.872699,0.424394,0.000000,0.000000,0.747873
1443,01 02 06 08 13 24,0.02602085,0.61889438,1.095640,1.223376,1.653535,-0.449359,0.000000,0.000000,-0.259183
1444,02 08 13 23 24 33,0.02600897,0.54296851,0.331240,0.529798,0.734904,0.049929,0.000000,0.000000,1.210425
1445,01 04 14 18 22 24,0.02600605,0.56612237,0.586040,0.629772,0.505247,0.174751,0.000000,0.000000,0.304871
1446,01 02 04 10 14 24,0.02599774,0.57797055,-0.050960,0.604922,1.883192,0.424394,0.000000,0.000000,-0.459807
1447,02 06 07 08 13 24,0.02593259,0.57417047,0.331240,0.751881,1.194220,0.174751,0.000000,0.000000,-0.274622
1448,01 02 06 07 12 13,0.02593112,0.53854721,-0.433160,0.672287,-0.413384,1.173325,0.000000,0.000000,-3.420870
1449,04 07 10 12 14 33,0.02590325,0.47960690,-0.305760,-0.068781,-1.332014,1.048503,0.000000,0.000000,0.465428
1450,02 04 08 14 24 33,0.02590119,0.61796584,1.095640,0.364768,0.964562,0.424394,0.000000,0.000000,0.644184
1451,02 06 12 13 23 33,0.02589530,0.44610431,-0.687960,0.192149,-0.872699,0.549216,0.000000,0.000000,1.007542
1452,01 02 07 13 14 23,0.02584527,0.38125594,-1.961960,0.290405,-0.872699,0.798860,0.000000,0.000000,-0.336576
1453,01 06 13 18 22 24,0.02582393,0.57737591,0.968240,1.073512,0.734904,-0.449359,0.000000,0.000000,0.409494
1454,01 02 04 06 14 24,0.02578706,0.55347100,-0.050960,0.863130,1.194220,0.174751,0.000000,0.000000,-0.814221
1455,07 10 12 13 23 33,0.02577323,0.40460956,-1.070160,0.096250,-1.561672,0.674038,0.000000,0.000000,0.996437
1456,02 06 07 13 14 33,0.02575281,0.47783181,-0.433160,0.154247,-0.872699,0.798860,0.000000,0.000000,0.283757
1457,01 06 13 14 22 33,0.02574827,0.45257638,0.076440,0.943647,-1.332014,-0.449359,0.000000,0.000000,1.003013
1458,02 04 07 12 14 23,0.02573465,0.37980186,-2.216760,-0.308218,-1.102357,1.547790,0.000000,0.000000,-0.202926
1459,06 07 13 14 22 33,0.02573002,0.40785246,-0.687960,0.472152,-1.791329,0.174751,0.000000,0.000000,0.997947
1460,02 04 12 18 23 24,0.02572865,0.55965030,-0.178360,-0.121726,0.964562,1.173325,0.000000,0.000000,0.246519
1461,04 06 08 10 13 23,0.02571915,0.46850150,-0.178360,1.242321,-0.643041,-0.449359,0.000000,0.000000,-0.392100
1462,01 04 06 08 12 24,0.02569723,0.59616993,1.223040,1.258556,0.505247,-0.449359,0.000000,0.000000,-0.470946
1463,01 07 10 12 13 23,0.02566039,0.39428457,-1.452360,0.511117,-1.102357,0.424394,0.000000,0.000000,-0.072979
1464,04 06 14 22 24 33,0.02565842,0.49381665,0.076440,0.766167,-0.183726,-0.199715,0.000000,0.000000,0.936986
1465,04 10 12 18 24 33,0.02560305,0.65945533,1.732640,0.117711,0.734904,0.674038,0.000000,0.000000,0.871285
1466,02 08 12 13 14 22,0.02560172,0.52013411,-0.178360,0.495529,0.045932,0.549216,0.000000,0.000000,-0.448667
1467,01 02 04 07 23 33,0.02559704,0.45628225,-0.942760,-0.328536,-1.102357,1.422969,0.000000,0.000000,0.310885
1468,10 12 13 18 22 24,0.02558859,0.60431795,0.713440,0.669615,1.194220,0.299572,0.000000,0.000000,-0.382093
1469,01 12 13 18 23 33,0.02554035,0.50746464,0.586040,0.274690,-1.561672,0.424394,0.000000,0.000000,1.010180
1470,04 06 07 14 22 24,0.02553095,0.43876774,-1.070160,0.709540,-0.183726,0.174751,0.000000,0.000000,-0.136960
1471,01 06 10 13 22 24,0.02550631,0.51924474,0.076440,1.366567,1.194220,-0.823824,0.000000,0.000000,0.316556
1472,04 07 14 18 22 24,0.02547419,0.52139846,-0.178360,0.158277,0.045932,0.798860,0.000000,0.000000,0.223713
1473,01 02 04 08 12 22,0.02546741,0.58483542,0.458640,0.291455,0.275589,0.923681,0.000000,0.000000,-0.837028
1474,02 04 06 12 23 24,0.02546596,0.47701959,-1.070160,0.429537,0.734904,0.549216,0.000000,0.000000,-0.161481
1475,02 07 08 10 13 24,0.02545433,0.59867001,0.331240,0.493673,1.883192,0.424394,0.000000,0.000000,-0.022276
1476,01 07 12 13 18 23,0.02539251,0.45241573,-0.560560,0.218063,-1.561672,0.798860,0.000000,0.000000,-0.066784
1477,01 02 13 14 18 33,0.02537206,0.60518644,1.223040,0.074480,-0.183726,0.798860,0.000000,0.000000,0.598792
1478,04 07 10 12 18 24,0.02534215,0.60440642,0.586040,0.061084,0.734904,1.048503,0.000000,0.000000,-0.222429
1479,01 02 04 10 12 22,0.02532005,0.55516512,-0.305760,0.116741,0.734904,1.173325,0.000000,0.000000,-0.924455
1480,01 02 04 07 18 33,0.02529987,0.62516383,1.095640,-0.601089,-0.413384,1.797434,0.000000,0.000000,0.217272
1481,07 10 12 13 18 33,0.02528680,0.57349114,0.968240,-0.176303,-0.872699,1.048503,0.000000,0.000000,0.874786
1482,04 07 08 12 14 33,0.02527445,0.50927720,0.458640,0.105933,-1.791329,0.798860,0.000000,0.000000,0.437866
1483,06 07 10 13 22 24,0.02524334,0.47452082,-0.687960,0.895072,0.734904,-0.199715,0.000000,0.000000,0.275233
1484,02 07 08 13 18 24,0.02521509,0.65680118,1.223040,0.200619,1.423877,0.798860,0.000000,0.000000,-0.011840
1485,02 07 10 13 14 33,0.02519220,0.50233136,-0.433160,-0.103961,-0.183726,1.048503,0.000000,0.000000,0.523902
1486,06 07 13 18 22 24,0.02514006,0.53265199,0.203840,0.602018,0.275589,0.174751,0.000000,0.000000,0.305813
1487,01 04 10 12 18 24,0.02508738,0.64913034,1.350440,0.532579,1.194220,0.424394,0.000000,0.000000,-0.257811
1488,04 07 10 14 22 24,0.02506409,0.46326729,-1.070160,0.451332,0.505247,0.424394,0.000000,0.000000,0.117073
1489,01 04 07 22 23 33,0.02505721,0.38630290,-1.197560,-0.010631,-2.020987,0.798860,0.000000,0.000000,0.948473
1490,01 04 06 07 22 33,0.02501675,0.47255377,-0.050960,0.268078,-1.561672,0.549216,0.000000,0.000000,0.523811
1491,02 10 12 13 14 22,0.02499546,0.49046381,-0.942760,0.320815,0.505247,0.798860,0.000000,0.000000,-0.604082
1492,01 02 04 08 14 24,0.02497106,0.60764085,0.713440,0.779636,1.423877,0.174751,0.000000,0.000000,-0.546317
1493,06 12 13 14 23 24,0.02492955,0.39104790,-1.324960,1.267414,-0.413384,-0.574180,0.000000,0.000000,-0.186346
1494,02 07 10 13 18 24,0.02492022,0.62713088,0.458640,0.025905,1.883192,1.048503,0.000000,0.000000,-0.121121
1495,01 10 12 13 23 33,0.02491928,0.44933348,-0.305760,0.567744,-1.102357,0.049929,0.000000,0.000000,0.872284
1496,07 08 12 13 14 22,0.02491623,0.45413982,-0.560560,0.657837,-1.332014,0.424394,0.000000,0.000000,-0.866442
1497,01 02 08 10 13 24,0.02490014,0.64339393,1.095640,0.965168,2.342508,-0.199715,0.000000,0.000000,-0.102019
1498,06 12 13 14 18 24,0.02488349,0.55992948,0.713440,0.994861,0.275589,-0.199715,0.000000,0.000000,-0.242756
1499,01 02 06 13 14 33,0.02487371,0.52255572,0.331240,0.625742,-0.413384,0.174751,0.000000,0.000000,0.155878
1500,01 04 10 14 22 24,0.02486584,0.50799121,-0.305760,0.922827,0.964562,-0.199715,0.000000,0.000000,0.090064
1501,01 04 10 12 14 33,0.02484127,0.52433082,0.458640,0.402714,-0.872699,0.424394,0.000000,0.000000,0.310455
1502,08 10 12 13 22 24,0.02481796,0.57585709,0.586040,1.137384,1.194220,-0.324537,0.000000,0.000000,-0.476549
1503,02 06 07 12 13 23,0.02479678,0.39105540,-1.834560,0.135522,-0.872699,0.923681,0.000000,0.000000,-0.210269
1504,07 13 14 18 22 33,0.02474353,0.49048318,0.203840,-0.079110,-1.561672,0.798860,0.000000,0.000000,1.220878
1505,01 02 08 13 18 24,0.02473624,0.70152510,1.987440,0.672113,1.883192,0.174751,0.000000,0.000000,-0.080419
1506,04 07 08 12 18 24,0.02469765,0.63407672,1.350440,0.235798,0.275589,0.798860,0.000000,0.000000,-0.252317
1507,04 08 10 13 18 23,0.02467745,0.55113221,0.713440,0.691058,-0.413384,0.174751,0.000000,0.000000,-0.177349
1508,02 08 10 13 24 33,0.02462420,0.65371892,1.477840,0.550300,1.883192,0.049929,0.000000,0.000000,0.909799
1509,02 10 13 18 24 33,0.02458941,0.68217979,1.605240,0.082532,1.883192,0.674038,0.000000,0.000000,0.884931
1510,01 04 08 10 12 24,0.02457024,0.62066948,1.223040,1.000348,1.194220,-0.199715,0.000000,0.000000,-0.314712
1511,07 10 13 14 22 33,0.02456712,0.43235201,-0.687960,0.213944,-1.102357,0.424394,0.000000,0.000000,1.148860
1512,04 08 10 12 24 33,0.02456118,0.63099447,1.605240,0.585480,0.734904,0.049929,0.000000,0.000000,0.736644
1513,01 06 08 13 22 24,0.02455734,0.54891504,0.840840,1.541281,0.734904,-1.073468,0.000000,0.000000,0.241559
1514,01 07 08 13 14 33,0.02454387,0.51073128,0.713440,0.704557,-1.561672,0.049929,0.000000,0.000000,0.179589
1515,01 08 12 13 23 33,0.02452851,0.47900378,0.458640,0.742458,-1.561672,-0.199715,0.000000,0.000000,0.879988
1516,01 02 12 13 14 18,0.02450409,0.59730394,0.586040,0.343659,0.045932,1.048503,0.000000,0.000000,-1.662420
1517,02 04 08 12 23 24,0.02446121,0.53118943,-0.305760,0.346043,0.964562,0.549216,0.000000,0.000000,0.078459
1518,01 13 18 22 23 24,0.02444084,0.49112504,-0.178360,0.794802,0.275589,-0.199715,0.000000,0.000000,0.623253
1519,04 06 07 08 12 24,0.02441057,0.55144601,0.458640,0.787061,0.045932,0.174751,0.000000,0.000000,-0.663932
1520,06 10 12 13 14 24,0.02440957,0.50179832,-0.178360,1.287916,0.734904,-0.574180,0.000000,0.000000,-0.358850
1521,07 08 12 13 23 33,0.02440814,0.43427986,-0.305760,0.270964,-2.020987,0.424394,0.000000,0.000000,0.859791
1522,01 10 12 13 18 33,0.02438576,0.61821506,1.732640,0.295192,-0.413384,0.424394,0.000000,0.000000,0.743656
1523,02 06 12 13 18 33,0.02436069,0.61498589,1.350440,-0.080403,-0.183726,0.923681,0.000000,0.000000,0.730599
1524,04 07 08 14 22 24,0.02434000,0.49293759,-0.305760,0.626046,0.045932,0.174751,0.000000,0.000000,0.075393
1525,01 10 13 18 22 24,0.02432980,0.60187545,0.968240,0.815304,1.423877,-0.199715,0.000000,0.000000,0.511335
1526,01 04 07 18 22 33,0.02427372,0.55518449,0.840840,-0.283184,-1.332014,1.173325,0.000000,0.000000,0.782811
1527,02 12 13 18 23 33,0.02425726,0.52873502,0.203840,-0.359113,-0.643041,1.173325,0.000000,0.000000,1.133943
1528,01 10 13 22 23 24,0.02423111,0.43299387,-1.070160,1.087857,0.734904,-0.574180,0.000000,0.000000,0.546299
1529,02 07 10 12 13 23,0.02420522,0.41555494,-1.834560,-0.122686,-0.183726,1.173325,0.000000,0.000000,0.025290
1530,06 10 13 22 24 33,0.02419542,0.52956973,0.458640,0.951699,0.734904,-0.574180,0.000000,0.000000,1.175043
1531,04 08 12 18 24 33,0.02418386,0.68912563,2.497040,0.292425,0.275589,0.424394,0.000000,0.000000,0.726625
1532,01 04 08 12 14 33,0.02413012,0.55400111,1.223040,0.577428,-1.332014,0.174751,0.000000,0.000000,0.270692
1533,01 02 06 12 13 23,0.02411319,0.43577931,-1.070160,0.607017,-0.413384,0.299572,0.000000,0.000000,-0.309182
1534,02 04 10 12 23 24,0.02411255,0.50151913,-1.070160,0.171329,1.423877,0.798860,0.000000,0.000000,-0.038793
1535,01 06 10 12 13 33,0.02411132,0.53558435,0.840840,0.846454,-0.643041,-0.199715,0.000000,0.000000,0.333914
1536,02 08 13 18 24 33,0.02409384,0.71185009,2.369640,0.257246,1.423877,0.424394,0.000000,0.000000,0.877107
1537,01 07 13 14 22 23,0.02408348,0.31127660,-2.216760,0.608310,-1.791329,0.174751,0.000000,0.000000,0.119975
1538,01 04 08 14 22 24,0.02405939,0.53766151,0.458640,1.097541,0.505247,-0.449359,0.000000,0.000000,0.036183
1539,01 13 14 18 22 33,0.02400166,0.53520709,0.968240,0.392385,-1.102357,0.174751,0.000000,0.000000,1.113329
1540,01 08 12 13 18 33,0.02397929,0.64788536,2.497040,0.469906,-0.872699,0.174751,0.000000,0.000000,0.749033
1541,06 13 18 22 24 33,0.02394391,0.58770090,1.350440,0.658645,0.275589,-0.199715,0.000000,0.000000,1.183663
1542,01 07 08 12 13 23,0.02393096,0.42395487,-0.687960,0.685831,-1.561672,0.174751,0.000000,0.000000,-0.263603
1543,04 07 08 10 12 24,0.02392604,0.57594556,0.458640,0.528853,0.734904,0.424394,0.000000,0.000000,-0.412516
1544,01 02 07 08 12 13,0.02391268,0.59271705,0.331240,0.588793,-0.183726,1.173325,0.000000,0.000000,-3.331111
1545,07 08 12 13 18 33,0.02390601,0.60316144,1.732640,-0.001589,-1.332014,0.798860,0.000000,0.000000,0.735814
1546,04 07 12 14 22 23,0.02389950,0.30982252,-2.471560,0.009687,-2.020987,0.923681,0.000000,0.000000,0.242758
1547,06 08 12 13 14 24,0.02384807,0.53146862,0.586040,1.462630,0.275589,-0.823824,0.000000,0.000000,-0.376442
1548,02 06 13 22 23 24,0.02381961,0.42976470,-1.452360,0.712262,0.964562,-0.074893,0.000000,0.000000,0.475991
1549,01 04 12 14 22 23,0.02380559,0.35454644,-1.707160,0.481182,-1.561672,0.299572,0.000000,0.000000,0.231208
1550,02 04 07 22 23 33,0.02375085,0.40757328,-1.579760,-0.644434,-1.102357,1.547790,0.000000,0.000000,1.068790
1551,02 10 12 13 23 33,0.02373970,0.47060385,-0.687960,-0.066059,-0.183726,0.798860,0.000000,0.000000,1.011384
1552,01 10 13 14 22 33,0.02372259,0.47707593,0.076440,0.685439,-0.643041,-0.199715,0.000000,0.000000,1.026102
1553,01 02 04 12 14 23,0.02372162,0.42452578,-1.452360,0.163277,-0.643041,0.923681,0.000000,0.000000,-0.498799
1554,01 08 13 22 23 24,0.02371356,0.46266417,-0.305760,1.262571,0.275589,-0.823824,0.000000,0.000000,0.535220
1555,04 10 14 22 24 33,0.02367475,0.51831620,0.076440,0.507959,0.505247,0.049929,0.000000,0.000000,0.966300
1556,02 04 06 08 10 13,0.02365463,0.63726369,0.840840,1.145282,0.734904,0.549216,0.000000,0.000000,-3.762765
1557,01 06 07 13 14 22,0.02364023,0.39752747,-1.070160,0.887020,-1.332014,-0.074893,0.000000,0.000000,-0.364361
1558,02 04 12 14 18 33,0.02361193,0.60373236,0.968240,-0.524144,-0.413384,1.547790,0.000000,0.000000,0.488063
1559,02 06 13 14 22 33,0.02359586,0.47384676,-0.305760,0.309844,-0.413384,0.299572,0.000000,0.000000,0.997984
1560,06 08 13 22 24 33,0.02359505,0.55924003,1.223040,1.126413,0.275589,-0.823824,0.000000,0.000000,1.151692
1561,04 14 18 22 24 33,0.02357261,0.57644737,0.968240,0.214904,0.045932,0.424394,0.000000,0.000000,0.997050
1562,02 07 12 13 18 23,0.02351558,0.47368611,-0.942760,-0.415740,-0.643041,1.547790,0.000000,0.000000,-0.031000
1563,01 02 12 13 18 23,0.02351298,0.51841003,-0.178360,0.055754,-0.183726,0.923681,0.000000,0.000000,-0.029023
1564,01 02 10 13 14 33,0.02350136,0.54705527,0.331240,0.367534,0.275589,0.424394,0.000000,0.000000,0.275761
1565,10 12 13 22 23 24,0.02340930,0.43543637,-1.324960,0.942168,0.505247,-0.074893,0.000000,0.000000,-0.655376
1566,02 07 08 13 14 33,0.02338941,0.53200165,0.331240,0.070753,-0.643041,0.798860,0.000000,0.000000,0.322409
1567,07 10 13 22 23 24,0.02336702,0.38826995,-1.834560,0.616362,0.275589,0.049929,0.000000,0.000000,0.415920
1568,02 08 12 13 23 33,0.02335208,0.50027415,0.076440,0.108655,-0.643041,0.549216,0.000000,0.000000,1.019552
1569,04 06 12 14 22 33,0.02334359,0.45112230,-0.178360,0.345024,-1.561672,0.299572,0.000000,0.000000,0.796791
1570,01 04 08 12 18 24,0.02330385,0.67880064,2.114840,0.707293,0.734904,0.174751,0.000000,0.000000,-0.456450
1571,01 08 13 18 22 24,0.02329640,0.63154575,1.732640,0.990018,0.964562,-0.449359,0.000000,0.000000,0.423830
1572,01 06 08 12 13 33,0.02327338,0.56525465,1.605240,1.021168,-1.102357,-0.449359,0.000000,0.000000,0.275368
1573,04 12 14 22 23 33,0.02325247,0.36487143,-1.324960,0.066314,-2.020987,0.549216,0.000000,0.000000,1.201960
1574,01 08 13 14 22 33,0.02320504,0.50674623,0.840840,0.860153,-1.102357,-0.449359,0.000000,0.000000,1.015023
1575,07 13 14 22 23 33,0.02320229,0.32160159,-1.834560,0.193443,-2.250645,0.424394,0.000000,0.000000,1.042124
1576,04 08 14 22 24 33,0.02320116,0.54798650,0.840840,0.682673,0.045932,-0.199715,0.000000,0.000000,0.961732
1577,01 04 07 08 22 33,0.02319141,0.52672362,0.713440,0.184584,-1.332014,0.549216,0.000000,0.000000,0.642178
1578,01 07 13 14 18 22,0.02318250,0.48015818,-0.178360,0.335758,-1.102357,0.549216,0.000000,0.000000,-0.063094
1579,06 07 10 12 13 33,0.02316826,0.49086043,0.076440,0.374959,-1.102357,0.424394,0.000000,0.000000,0.191834
1580,01 07 10 13 14 22,0.02315498,0.42202702,-1.070160,0.628812,-0.643041,0.174751,0.000000,0.000000,-0.113052
1581,04 14 22 23 24 33,0.02313275,0.40756578,-1.070160,0.487457,-0.643041,0.049929,0.000000,0.000000,0.981469
1582,01 04 07 10 22 33,0.02311794,0.49705332,-0.050960,0.009870,-0.872699,0.798860,0.000000,0.000000,0.565696
1583,07 08 13 14 22 33,0.02307525,0.46202231,0.076440,0.388658,-1.561672,0.174751,0.000000,0.000000,0.993431
1584,02 04 07 18 22 33,0.02305435,0.57645486,0.458640,-0.916987,-0.413384,1.922256,0.000000,0.000000,0.916015
1585,01 08 10 13 22 24,0.02287398,0.57341459,0.840840,1.283073,1.423877,-0.823824,0.000000,0.000000,0.315365
1586,12 13 18 22 23 24,0.02272256,0.49356754,-0.433160,0.649114,0.045932,0.299572,0.000000,0.000000,-0.711236
1587,06 07 13 22 23 24,0.02270134,0.36377041,-1.834560,0.874570,-0.413384,-0.199715,0.000000,0.000000,-0.005904
1588,01 02 08 13 14 33,0.02267289,0.57672557,1.095640,0.542248,-0.183726,0.174751,0.000000,0.000000,0.218618
1589,01 06 12 13 22 23,0.02261945,0.36579997,-1.324960,0.924922,-1.332014,-0.324537,0.000000,0.000000,0.187082
1590,02 07 13 14 22 23,0.02260633,0.33254698,-2.598960,-0.025493,-0.872699,0.923681,0.000000,0.000000,0.214988
1591,01 13 14 22 23 33,0.02259846,0.36632551,-1.070160,0.664937,-1.791329,-0.199715,0.000000,0.000000,0.955028
1592,06 13 22 23 24 33,0.02251866,0.41881932,-0.687960,0.931197,-0.413384,-0.574180,0.000000,0.000000,1.022093
1593,02 07 08 12 13 23,0.02247893,0.44522524,-1.070160,0.052028,-0.643041,0.923681,0.000000,0.000000,-0.164869
1594,06 12 13 18 22 33,0.02243945,0.54500654,1.095640,0.237502,-1.102357,0.299572,0.000000,0.000000,1.163527
1595,02 06 13 18 22 24,0.02241706,0.59864628,0.586040,0.439709,1.653535,0.299572,0.000000,0.000000,0.218613
1596,06 07 08 13 22 24,0.02239328,0.50419112,0.076440,1.069786,0.275589,-0.449359,0.000000,0.000000,-0.081415
1597,07 13 18 22 23 24,0.02238284,0.44640112,-0.942760,0.323308,-0.183726,0.424394,0.000000,0.000000,0.315992
1598,04 06 12 22 23 24,0.02235214,0.40704024,-1.324960,0.747442,-0.183726,-0.074893,0.000000,0.000000,0.094763
1599,02 04 14 22 23 24,0.02229291,0.41851117,-1.834560,0.268522,0.734904,0.549216,0.000000,0.000000,0.118201
1600,07 10 13 18 22 24,0.02225790,0.55715154,0.203840,0.343810,0.964562,0.424394,0.000000,0.000000,0.202014
1601,02 10 12 13 18 33,0.02223649,0.63948544,1.350440,-0.338611,0.505247,1.173325,0.000000,0.000000,0.739092
1602,01 04 07 18 23 24,0.02214585,0.49121351,-0.305760,0.186271,-0.183726,0.549216,0.000000,0.000000,0.479419
1603,01 07 10 12 13 14,0.02211856,0.47317849,-0.687960,0.799021,-0.872699,0.549216,0.000000,0.000000,-2.377946
1604,02 06 10 13 22 24,0.02211200,0.54051512,-0.305760,0.732764,2.112850,-0.074893,0.000000,0.000000,0.127534
1605,01 02 04 18 22 33,0.02204031,0.62117878,1.223040,-0.445492,0.045932,1.298147,0.000000,0.000000,0.768144
1606,02 06 10 12 13 33,0.02198089,0.55685472,0.458640,0.212651,0.275589,0.549216,0.000000,0.000000,0.332141
1607,01 02 08 12 13 23,0.02196580,0.48994916,-0.305760,0.523523,-0.183726,0.299572,0.000000,0.000000,-0.238529
1608,06 10 12 13 22 33,0.02195957,0.48687538,0.203840,0.530556,-0.643041,-0.074893,0.000000,0.000000,1.046549
1609,02 13 18 22 23 24,0.02195752,0.51239541,-0.560560,0.160999,1.194220,0.549216,0.000000,0.000000,0.569199
1610,06 12 13 22 23 33,0.02193079,0.37612496,-0.942760,0.510054,-1.791329,-0.074893,0.000000,0.000000,1.137753
1611,02 04 06 12 18 24,0.02191862,0.64590117,0.968240,0.156984,1.423877,0.923681,0.000000,0.000000,-0.736617
1612,02 04 07 10 22 33,0.02191112,0.51832370,-0.433160,-0.623933,0.045932,1.547790,0.000000,0.000000,0.700760
1613,02 04 06 12 14 33,0.02190169,0.52110164,0.076440,0.027119,-0.643041,0.923681,0.000000,0.000000,-0.134397
1614,02 08 12 13 18 33,0.02183316,0.66915573,2.114840,-0.163897,0.045932,0.923681,0.000000,0.000000,0.744934
1615,07 08 13 18 22 24,0.02180701,0.58682184,0.968240,0.518524,0.505247,0.174751,0.000000,0.000000,0.200810
1616,02 13 14 18 22 33,0.02180311,0.55647747,0.586040,-0.241418,-0.183726,0.923681,0.000000,0.000000,1.101464
1617,02 10 13 22 23 24,0.02178765,0.45426425,-1.452360,0.454054,1.653535,0.174751,0.000000,0.000000,0.498151
1618,04 12 14 18 22 33,0.02175056,0.53375301,0.713440,-0.206239,-1.332014,0.923681,0.000000,0.000000,0.929861
1619,02 04 06 07 22 33,0.02170286,0.49382415,-0.433160,-0.365725,-0.643041,1.298147,0.000000,0.000000,0.346705
1620,01 02 10 12 13 23,0.02166109,0.46027886,-1.070160,0.348809,0.275589,0.549216,0.000000,0.000000,-0.349268
1621,02 10 13 14 22 33,0.02156390,0.49834630,-0.305760,0.051636,0.275589,0.549216,0.000000,0.000000,1.020143
1622,08 12 13 14 23 24,0.02154208,0.44521775,-0.560560,1.183920,-0.183726,-0.574180,0.000000,0.000000,-0.299413
1623,08 12 13 14 18 24,0.02151172,0.61409933,1.477840,0.911367,0.505247,-0.199715,0.000000,0.000000,-0.353498
1624,04 06 07 18 24 33,0.02150305,0.58778937,1.223040,0.050114,-0.183726,0.549216,0.000000,0.000000,1.018218
1625,02 04 14 18 22 24,0.02149328,0.58739275,0.203840,-0.004031,1.423877,0.923681,0.000000,0.000000,-0.049852
1626,01 12 13 18 22 23,0.02145302,0.44843068,-0.433160,0.373659,-1.102357,0.299572,0.000000,0.000000,0.383353
1627,06 08 12 13 22 33,0.02145144,0.51654568,0.968240,0.705270,-1.102357,-0.324537,0.000000,0.000000,1.036865
1628,02 13 14 22 23 33,0.02136961,0.38759589,-1.452360,0.031134,-0.872699,0.549216,0.000000,0.000000,1.086826
1629,01 02 04 07 10 33,0.02132056,0.56703267,0.203840,-0.308035,0.045932,1.422969,0.000000,0.000000,-0.418156
1630,01 07 08 13 14 22,0.02131451,0.45169732,-0.305760,0.803526,-1.102357,-0.074893,0.000000,0.000000,-0.320127
1631,01 06 13 14 23 24,0.02131172,0.38860540,-1.070160,1.413103,-0.183726,-1.073468,0.000000,0.000000,0.357583
1632,04 10 12 14 22 33,0.02130535,0.47562185,-0.178360,0.086816,-0.872699,0.549216,0.000000,0.000000,0.818020
1633,02 08 13 22 23 24,0.02127324,0.48393455,-0.687960,0.628768,1.194220,-0.074893,0.000000,0.000000,0.487536
1634,08 10 13 22 24 33,0.02119733,0.58373958,1.223040,0.868205,0.964562,-0.574180,0.000000,0.000000,1.119664
1635,01 06 07 12 13 14,0.02118144,0.44867894,-0.687960,1.057229,-1.561672,0.299572,0.000000,0.000000,-2.839982
1636,02 06 07 13 14 22,0.02118059,0.41879785,-1.452360,0.253217,-0.413384,0.674038,0.000000,0.000000,-0.414908
1637,02 06 08 13 22 24,0.02116617,0.57018541,0.458640,0.907478,1.653535,-0.324537,0.000000,0.000000,0.053003
1638,07 08 10 13 22 24,0.02115801,0.52869067,0.076440,0.811578,0.964562,-0.199715,0.000000,0.000000,0.058777
1639,02 04 06 10 12 24,0.02115752,0.58777000,0.076440,0.450038,1.883192,0.549216,0.000000,0.000000,-0.895257
1640,02 06 08 12 13 33,0.02114609,0.58652502,1.223040,0.387365,-0.183726,0.299572,0.000000,0.000000,0.274060
1641,04 12 18 22 23 24,0.02106506,0.48967095,-0.433160,0.196179,0.045932,0.549216,0.000000,0.000000,0.273160
1642,08 13 18 22 24 33,0.02105063,0.64187074,2.114840,0.575151,0.505247,-0.199715,0.000000,0.000000,1.143811
1643,02 08 13 14 22 33,0.02104949,0.52801660,0.458640,0.226350,-0.183726,0.299572,0.000000,0.000000,1.009529
1644,04 08 12 22 23 24,0.02098923,0.46121009,-0.560560,0.663948,0.045932,-0.074893,0.000000,0.000000,0.281640
1645,02 04 07 08 22 33,0.02093106,0.54799400,0.331240,-0.449219,-0.413384,1.298147,0.000000,0.000000,0.621157
1646,04 08 12 14 22 33,0.02092400,0.50529215,0.586040,0.261530,-1.332014,0.299572,0.000000,0.000000,0.827119
1647,01 04 06 12 14 22,0.02090036,0.44079731,-0.560560,0.759892,-1.102357,0.049929,0.000000,0.000000,-0.617880
1648,10 13 18 22 24 33,0.02089862,0.61220045,1.350440,0.400437,0.964562,0.049929,0.000000,0.000000,1.055694
1649,02 04 08 12 14 33,0.02089693,0.57527149,0.840840,-0.056375,-0.413384,0.923681,0.000000,0.000000,0.105542
1650,01 04 07 10 23 24,0.02085325,0.43308234,-1.197560,0.479326,0.275589,0.174751,0.000000,0.000000,0.242034
1651,01 02 04 10 22 33,0.02074184,0.56304761,0.331240,-0.152438,0.505247,0.923681,0.000000,0.000000,0.529889
1652,02 07 13 14 18 22,0.02070401,0.50142856,-0.560560,-0.298045,-0.183726,1.298147,0.000000,0.000000,-0.116432
1653,02 10 13 18 22 24,0.02069840,0.62314583,0.586040,0.181501,2.342508,0.549216,0.000000,0.000000,0.287188
1654,02 07 10 13 14 22,0.02068906,0.44329739,-1.452360,-0.004991,0.275589,0.923681,0.000000,0.000000,-0.164530
1655,01 04 06 23 24 33,0.02066885,0.46363170,-0.050960,0.794161,-0.413384,-0.449359,0.000000,0.000000,0.946576
1656,04 07 10 23 24 33,0.02061945,0.44340733,-0.815360,0.064458,-0.183726,0.424394,0.000000,0.000000,1.260095
1657,02 04 06 14 22 24,0.02060171,0.50476204,-0.687960,0.547231,1.194220,0.299572,0.000000,0.000000,-0.551024
1658,02 04 10 12 18 24,0.02059660,0.67040072,0.968240,-0.101224,2.112850,1.173325,0.000000,0.000000,-0.609278
1659,01 06 10 12 13 22,0.02058729,0.47655039,-0.178360,0.945424,-0.183726,-0.324537,0.000000,0.000000,-0.209457
1660,02 04 10 12 14 33,0.02054827,0.54560119,0.076440,-0.231089,0.045932,1.173325,0.000000,0.000000,-0.011709
1661,01 02 06 13 14 22,0.02054593,0.46352176,-0.687960,0.724712,0.045932,0.049929,0.000000,0.000000,-0.506572
1662,04 06 12 18 22 24,0.02050493,0.57592182,0.713440,0.474889,0.505247,0.299572,0.000000,0.000000,-0.228493
1663,04 07 18 23 24 33,0.02050251,0.50153850,0.076440,-0.228596,-0.643041,0.798860,0.000000,0.000000,1.288653
1664,01 06 12 13 18 22,0.02049913,0.53468155,0.713440,0.652369,-0.643041,0.049929,0.000000,0.000000,-0.176637
1665,01 04 12 14 18 22,0.02048890,0.52342802,0.331240,0.208629,-0.872699,0.674038,0.000000,0.000000,-0.309756
1666,06 07 08 12 13 33,0.02042924,0.52053073,0.840840,0.549673,-1.561672,0.174751,0.000000,0.000000,-0.148363
1667,01 08 10 12 13 33,0.02042545,0.58975419,1.605240,0.762960,-0.413384,-0.199715,0.000000,0.000000,0.176638
1668,01 02 13 14 18 22,0.02042423,0.54615248,0.203840,0.173449,0.275589,0.674038,0.000000,0.000000,-0.155520
1669,01 04 06 18 24 33,0.02041350,0.63251329,1.987440,0.521608,0.275589,-0.074893,0.000000,0.000000,0.859160
1670,01 06 10 13 14 24,0.02040140,0.49935582,0.076440,1.433604,0.964562,-1.073468,0.000000,0.000000,0.127249
1671,01 06 13 14 18 24,0.02038906,0.55748698,0.968240,1.140550,0.505247,-0.699002,0.000000,0.000000,0.171302
1672,02 04 10 14 22 24,0.02036563,0.52926158,-0.687960,0.289023,1.883192,0.549216,0.000000,0.000000,-0.262799
1673,01 04 06 07 18 24,0.02034941,0.57746438,0.840840,0.464981,0.275589,0.299572,0.000000,0.000000,-0.205398
1674,04 10 12 22 23 24,0.02031390,0.43153979,-1.324960,0.489234,0.505247,0.174751,0.000000,0.000000,0.115992
1675,04 06 07 10 24 33,0.02029884,0.52965820,0.331240,0.343168,0.275589,0.174751,0.000000,0.000000,0.793927
1676,04 06 07 12 14 22,0.02021792,0.39607339,-1.324960,0.288397,-1.561672,0.674038,0.000000,0.000000,-0.721348
1677,02 04 06 08 12 24,0.02017175,0.61744030,0.840840,0.624752,1.423877,0.299572,0.000000,0.000000,-0.975707
1678,02 06 12 13 22 23,0.02016947,0.38707034,-1.707160,0.291119,-0.413384,0.424394,0.000000,0.000000,0.137966
1679,01 02 04 07 22 23,0.02016229,0.39724829,-1.961960,-0.229567,-0.643041,1.298147,0.000000,0.000000,-0.515566
1680,01 08 12 13 22 23,0.02011390,0.41996982,-0.560560,0.841428,-1.102357,-0.324537,0.000000,0.000000,0.204673
1681,01 02 04 06 22 33,0.02011062,0.53854807,0.331240,0.105770,-0.183726,0.674038,0.000000,0.000000,0.113172
1682,01 02 04 07 18 22,0.02007575,0.56612987,0.076440,-0.502119,0.045932,1.672612,0.000000,0.000000,-0.577973
1683,01 02 04 22 23 33,0.02000123,0.45229720,-0.815360,-0.172940,-0.643041,0.923681,0.000000,0.000000,0.515634
1684,01 13 14 18 23 24,0.01996137,0.47123611,-0.178360,0.861840,0.045932,-0.449359,0.000000,0.000000,0.526607
1685,04 06 07 23 24 33,0.01987683,0.41890779,-0.815360,0.322666,-0.872699,0.174751,0.000000,0.000000,0.826874
1686,02 04 08 12 18 24,0.01987288,0.70007101,1.732640,0.073490,1.653535,0.923681,0.000000,0.000000,-0.650902
1687,06 13 14 18 24 33,0.01984625,0.56781198,1.350440,0.725682,0.045932,-0.449359,0.000000,0.000000,1.143583
1688,06 10 13 14 24 33,0.01983700,0.50968081,0.458640,1.018737,0.505247,-0.823824,0.000000,0.000000,1.096330
1689,01 04 06 07 10 24,0.01979881,0.51933321,-0.050960,0.758036,0.734904,-0.074893,0.000000,0.000000,-0.332852
1690,07 08 13 22 23 24,0.01976180,0.41794025,-1.070160,0.791076,-0.183726,-0.199715,0.000000,0.000000,-0.052609
1691,01 04 10 23 24 33,0.01975526,0.48813125,-0.050960,0.535953,0.275589,-0.199715,0.000000,0.000000,1.134426
1692,04 07 10 12 14 22,0.01974373,0.42057294,-1.324960,0.030189,-0.872699,0.923681,0.000000,0.000000,-0.468401
1693,01 04 07 12 14 18,0.01972582,0.52741307,0.203840,0.053033,-1.332014,1.173325,0.000000,0.000000,-1.456594
1694,01 06 08 12 13 22,0.01971482,0.50622069,0.586040,1.120138,-0.643041,-0.574180,0.000000,0.000000,-0.273120
1695,10 12 13 14 18 24,0.01969462,0.58442903,0.713440,0.736653,0.964562,0.049929,0.000000,0.000000,-0.688303
1696,01 02 04 08 22 33,0.01963218,0.59271791,1.095640,0.022276,0.045932,0.674038,0.000000,0.000000,0.431087
1697,01 04 10 12 14 22,0.01962229,0.46529685,-0.560560,0.501684,-0.413384,0.299572,0.000000,0.000000,-0.484029
1698,08 13 22 23 24 33,0.01960967,0.47298916,0.076440,0.847703,-0.183726,-0.574180,0.000000,0.000000,0.979916
1699,01 04 18 23 24 33,0.01960464,0.54626242,0.840840,0.242898,-0.183726,0.174751,0.000000,0.000000,1.157993
1700,01 02 13 14 22 23,0.01960119,0.37727089,-1.834560,0.446002,-0.413384,0.299572,0.000000,0.000000,-0.227870
1701,02 04 07 18 23 24,0.01959759,0.51248388,-0.687960,-0.447532,0.734904,1.298147,0.000000,0.000000,0.415743
1702,01 02 04 07 10 22,0.01958615,0.50799870,-0.815360,-0.209065,0.505247,1.298147,0.000000,0.000000,-0.696392
1703,08 12 13 18 22 33,0.01958384,0.59917639,1.860040,0.154008,-0.872699,0.299572,0.000000,0.000000,1.129257
1704,02 04 08 14 22 24,0.01956233,0.55893188,0.076440,0.463737,1.423877,0.299572,0.000000,0.000000,-0.316215
1705,02 08 13 18 22 24,0.01954084,0.65281613,1.350440,0.356215,1.883192,0.299572,0.000000,0.000000,0.181289
1706,04 07 12 14 18 22,0.01949833,0.47870410,-0.433160,-0.262866,-1.332014,1.298147,0.000000,0.000000,-0.458875
1707,01 10 12 13 22 23,0.01948253,0.39029952,-1.324960,0.666714,-0.643041,-0.074893,0.000000,0.000000,0.045537
1708,02 08 10 13 22 24,0.01947652,0.59468496,0.458640,0.649270,2.342508,-0.074893,0.000000,0.000000,0.125878
1709,04 06 10 12 22 24,0.01946300,0.51779066,-0.178360,0.767943,0.964562,-0.074893,0.000000,0.000000,-0.428740
1710,10 13 22 23 24 33,0.01944196,0.44331886,-0.687960,0.672989,0.275589,-0.324537,0.000000,0.000000,0.889472
1711,01 06 08 13 14 24,0.01942732,0.52902612,0.840840,1.608318,0.505247,-1.323111,0.000000,0.000000,0.048531
1712,06 13 14 23 24 33,0.01937557,0.39893039,-0.687960,0.998235,-0.643041,-0.823824,0.000000,0.000000,1.123436
1713,01 04 06 07 23 24,0.01934085,0.40858279,-1.197560,0.737534,-0.413384,-0.074893,0.000000,0.000000,-0.305233
1714,10 12 13 18 22 33,0.01933959,0.56950609,1.095640,-0.020706,-0.413384,0.549216,0.000000,0.000000,1.027473
1715,01 10 13 14 23 24,0.01933627,0.41310495,-1.070160,1.154895,0.505247,-0.823824,0.000000,0.000000,0.388115
1716,01 07 08 12 13 14,0.01930419,0.50284879,0.076440,0.973735,-1.332014,0.299572,0.000000,0.000000,-2.729306
1717,01 10 12 13 18 22,0.01929598,0.55918110,0.713440,0.394161,0.045932,0.299572,0.000000,0.000000,-0.031687
1718,01 02 10 13 14 22,0.01924266,0.48802131,-0.687960,0.466504,0.734904,0.299572,0.000000,0.000000,-0.376455
1719,06 08 13 14 24 33,0.01921151,0.53935111,1.223040,1.193451,0.045932,-1.073468,0.000000,0.000000,1.069258
1720,02 04 12 14 22 23,0.01919304,0.37581681,-2.089360,-0.152621,-0.643041,1.048503,0.000000,0.000000,-0.138299
1721,06 07 10 13 14 24,0.01915710,0.45463190,-0.687960,0.962110,0.505247,-0.449359,0.000000,0.000000,-0.059461
1722,04 06 07 12 23 33,0.01913715,0.37621343,-1.070160,-0.098477,-2.250645,0.674038,0.000000,0.000000,0.920042
1723,04 07 08 18 24 33,0.01908589,0.64195922,1.987440,-0.033380,0.045932,0.549216,0.000000,0.000000,1.048904
1724,04 07 08 12 14 22,0.01908039,0.45024324,-0.560560,0.204903,-1.332014,0.674038,0.000000,0.000000,-0.501080
1725,08 12 13 22 23 33,0.01905948,0.43029481,-0.178360,0.426560,-1.561672,-0.074893,0.000000,0.000000,1.101157
1726,01 04 06 10 24 33,0.01904365,0.57438212,1.095640,0.814663,0.734904,-0.449359,0.000000,0.000000,0.610331
1727,02 04 08 10 12 24,0.01903848,0.64193985,0.840840,0.366544,2.112850,0.549216,0.000000,0.000000,-0.820403
1728,06 07 12 13 22 23,0.01901882,0.32107605,-2.089360,0.453427,-1.791329,0.299572,0.000000,0.000000,-0.348725
1729,02 07 10 12 13 14,0.01900600,0.49444886,-1.070160,0.165218,0.045932,1.298147,0.000000,0.000000,-2.525223
1730,01 10 13 14 18 24,0.01894516,0.58198653,0.968240,0.882342,1.194220,-0.449359,0.000000,0.000000,0.280584
1731,07 12 13 18 22 23,0.01893631,0.40370676,-1.197560,-0.097835,-1.561672,0.923681,0.000000,0.000000,0.008132
1732,02 12 13 18 22 23,0.01889325,0.46970106,-0.815360,-0.260144,-0.183726,1.048503,0.000000,0.000000,0.317972
1733,01 04 08 23 24 33,0.01888967,0.51780155,0.713440,0.710667,-0.183726,-0.449359,0.000000,0.000000,1.071783
1734,02 06 13 14 23 24,0.01888710,0.40987578,-1.452360,0.779299,0.734904,-0.324537,0.000000,0.000000,0.312225
1735,01 04 08 12 14 22,0.01887660,0.49496715,0.203840,0.676398,-0.872699,0.049929,0.000000,0.000000,-0.528909
1736,02 07 08 13 14 22,0.01885173,0.47296769,-0.687960,0.169723,-0.183726,0.674038,0.000000,0.000000,-0.371139
1737,08 10 12 13 14 24,0.01881964,0.55596816,0.586040,1.204421,0.964562,-0.574180,0.000000,0.000000,-0.798218
1738,01 04 07 14 23 33,0.01880836,0.36641398,-1.197560,0.056406,-2.250645,0.549216,0.000000,0.000000,0.589688
1739,01 08 13 14 23 24,0.01879361,0.44277525,-0.305760,1.329609,0.045932,-1.073468,0.000000,0.000000,0.373314
1740,04 07 08 23 24 33,0.01877953,0.47307763,-0.050960,0.239172,-0.643041,0.174751,0.000000,0.000000,1.053102
1741,06 07 13 14 18 24,0.01872386,0.51276307,0.203840,0.669055,0.045932,-0.074893,0.000000,0.000000,-0.077765
1742,01 04 07 08 23 24,0.01866095,0.46275264,-0.433160,0.654040,-0.183726,-0.074893,0.000000,0.000000,-0.017165
1743,01 02 07 13 14 18,0.01866056,0.55013753,0.076440,0.017853,-0.183726,1.173325,0.000000,0.000000,-1.450599
1744,10 12 13 14 23 24,0.01865260,0.41554745,-1.324960,1.009206,0.275589,-0.324537,0.000000,0.000000,-0.793094
1745,04 06 08 12 22 24,0.01863448,0.54746096,0.586040,0.942657,0.505247,-0.324537,0.000000,0.000000,-0.485891
1746,02 04 07 14 23 33,0.01857124,0.38768436,-1.579760,-0.577397,-1.332014,1.298147,0.000000,0.000000,0.868415
1747,07 10 13 14 23 24,0.01854754,0.36838103,-1.834560,0.683400,0.045932,-0.199715,0.000000,0.000000,0.268899
1748,07 10 12 13 22 23,0.01854162,0.34557560,-2.089360,0.195219,-1.102357,0.549216,0.000000,0.000000,-0.096224
1749,01 06 07 12 13 18,0.01851286,0.53866660,0.586040,0.496773,-1.102357,0.549216,0.000000,0.000000,-1.504695
1750,04 10 12 18 22 24,0.01849808,0.60042137,0.713440,0.216681,1.194220,0.549216,0.000000,0.000000,-0.202613
1751,06 07 12 13 18 22,0.01849154,0.48995763,-0.050960,0.180875,-1.102357,0.674038,0.000000,0.000000,-0.476429
1752,04 07 10 18 24 33,0.01848862,0.61228892,1.223040,-0.208094,0.505247,0.798860,0.000000,0.000000,0.894821
1753,02 06 07 12 13 14,0.01848437,0.46994931,-1.070160,0.423426,-0.643041,1.048503,0.000000,0.000000,-2.925705
1754,01 02 06 12 13 14,0.01840998,0.51467323,-0.305760,0.894921,-0.183726,0.424394,0.000000,0.000000,-2.934364
1755,12 13 14 18 23 24,0.01838123,0.47367861,-0.433160,0.716151,-0.183726,0.049929,0.000000,0.000000,-0.787416
1756,01 02 08 13 14 22,0.01837965,0.51769161,0.076440,0.641218,0.275589,0.049929,0.000000,0.000000,-0.438716
1757,01 07 10 12 13 18,0.01836817,0.56316615,0.586040,0.238565,-0.413384,0.798860,0.000000,0.000000,-1.202929
1758,01 08 12 13 18 22,0.01835483,0.58885140,1.477840,0.568875,-0.413384,0.049929,0.000000,0.000000,-0.105525
1759,02 04 07 10 23 24,0.01831755,0.45435272,-1.579760,-0.154477,1.194220,0.923681,0.000000,0.000000,0.180219
1760,07 08 10 12 13 33,0.01831417,0.54503028,0.840840,0.291465,-0.872699,0.424394,0.000000,0.000000,-0.138517
1761,01 04 07 08 18 24,0.01831028,0.63163422,1.605240,0.381487,0.505247,0.299572,0.000000,0.000000,-0.118703
1762,02 08 10 12 13 33,0.01829188,0.61102457,1.223040,0.129157,0.505247,0.549216,0.000000,0.000000,0.174400
1763,01 04 06 07 14 33,0.01823506,0.45266485,-0.050960,0.335116,-1.791329,0.299572,0.000000,0.000000,0.086083
1764,01 04 07 14 18 33,0.01819635,0.53529556,0.840840,-0.216146,-1.561672,0.923681,0.000000,0.000000,0.449431
1765,04 08 12 18 22 24,0.01810104,0.63009167,1.477840,0.391395,0.734904,0.299572,0.000000,0.000000,-0.195840
1766,04 06 12 14 23 24,0.01807785,0.38715132,-1.324960,0.814479,-0.413384,-0.324537,0.000000,0.000000,0.028514
1767,06 07 10 12 13 22,0.01800758,0.43182647,-0.942760,0.473929,-0.643041,0.299572,0.000000,0.000000,-0.594012
1768,07 13 14 18 23 24,0.01797872,0.42651220,-0.942760,0.390345,-0.413384,0.174751,0.000000,0.000000,0.230509
1769,08 10 12 13 22 33,0.01794248,0.54104523,0.968240,0.447062,-0.413384,-0.074893,0.000000,0.000000,0.840202
1770,04 07 08 10 24 33,0.01793080,0.58382805,1.095640,0.259674,0.505247,0.174751,0.000000,0.000000,0.831892
1771,04 06 08 10 13 14,0.01792112,0.54739542,0.586040,1.530225,-0.413384,-0.324537,0.000000,0.000000,-3.327636
1772,01 04 06 12 23 33,0.01790713,0.42093735,-0.305760,0.373018,-1.791329,0.049929,0.000000,0.000000,0.740174
1773,01 08 13 14 18 24,0.01788664,0.61165683,1.732640,1.057056,0.734904,-0.699002,0.000000,0.000000,0.189359
1774,06 07 13 14 23 24,0.01783162,0.34388148,-1.834560,0.941608,-0.643041,-0.449359,0.000000,0.000000,-0.160367
1775,01 08 10 13 14 24,0.01779419,0.55352567,0.840840,1.350110,1.194220,-1.073468,0.000000,0.000000,0.129779
1776,01 04 07 10 18 24,0.01776843,0.60196392,0.840840,0.206773,0.964562,0.549216,0.000000,0.000000,-0.264577
1777,01 06 07 13 18 33,0.01775692,0.54654910,1.223040,0.227594,-1.332014,0.299572,0.000000,0.000000,0.515932
1778,01 04 07 08 10 24,0.01774584,0.57350306,0.713440,0.674542,0.964562,-0.074893,0.000000,0.000000,-0.248209
1779,10 12 13 22 23 33,0.01774285,0.40062451,-0.942760,0.251846,-1.102357,0.174751,0.000000,0.000000,0.840498
1780,12 13 18 22 23 33,0.01771085,0.45875567,-0.050960,-0.041208,-1.561672,0.549216,0.000000,0.000000,0.881639
1781,02 08 12 13 22 23,0.01766078,0.44124019,-0.942760,0.207625,-0.183726,0.424394,0.000000,0.000000,0.155093
1782,01 04 06 07 12 23,0.01764176,0.36588844,-1.452360,0.316391,-1.791329,0.424394,0.000000,0.000000,-0.354204
1783,01 04 06 08 24 33,0.01759981,0.60405242,1.860040,0.989377,0.275589,-0.699002,0.000000,0.000000,0.462017
1784,01 04 10 18 24 33,0.01757735,0.65701283,1.987440,0.263400,0.964562,0.174751,0.000000,0.000000,0.762175
1785,01 02 04 14 23 33,0.01754352,0.43240827,-0.815360,-0.105902,-0.872699,0.674038,0.000000,0.000000,0.718517
1786,02 13 14 18 23 24,0.01749061,0.49250649,-0.560560,0.228037,0.964562,0.299572,0.000000,0.000000,0.474413
1787,13 18 22 23 24 33,0.01749049,0.50145003,0.203840,0.379935,-0.183726,0.049929,0.000000,0.000000,0.646238
1788,04 07 10 12 23 33,0.01748069,0.40071298,-1.070160,-0.356685,-1.561672,0.923681,0.000000,0.000000,0.997833
1789,04 06 07 12 18 33,0.01748019,0.54509501,0.968240,-0.371030,-1.561672,1.048503,0.000000,0.000000,0.624973
1790,04 12 14 18 23 24,0.01747394,0.46978203,-0.433160,0.263217,-0.183726,0.299572,0.000000,0.000000,0.308126
1791,02 04 10 23 24 33,0.01746352,0.50940163,-0.433160,-0.097850,1.194220,0.549216,0.000000,0.000000,1.108754
1792,01 06 07 13 23 33,0.01738354,0.37766751,-0.815360,0.500146,-2.020987,-0.074893,0.000000,0.000000,0.510201
1793,07 10 13 14 18 24,0.01735782,0.53726261,0.203840,0.410847,0.734904,0.174751,0.000000,0.000000,0.043052
1794,02 04 06 23 24 33,0.01732670,0.48490208,-0.433160,0.160358,0.505247,0.299572,0.000000,0.000000,0.765284
1795,02 04 18 23 24 33,0.01730034,0.56753279,0.458640,-0.390905,0.734904,0.923681,0.000000,0.000000,1.130460
1796,06 12 13 14 23 33,0.01723689,0.35623604,-0.942760,0.577092,-2.020987,-0.324537,0.000000,0.000000,1.009338
1797,02 06 07 13 23 33,0.01719564,0.39893789,-1.197560,-0.133657,-1.102357,0.674038,0.000000,0.000000,0.796219
1798,04 07 12 18 23 33,0.01718047,0.45884414,-0.178360,-0.649739,-2.020987,1.298147,0.000000,0.000000,0.999237
1799,01 06 12 13 14 23,0.01717907,0.34591105,-1.324960,0.991959,-1.561672,-0.574180,0.000000,0.000000,-0.051927
1800,02 04 06 18 24 33,0.01715834,0.65378366,1.605240,-0.112195,1.194220,0.674038,0.000000,0.000000,0.690755
1801,02 06 10 12 13 22,0.01714854,0.49782076,-0.560560,0.311621,0.734904,0.424394,0.000000,0.000000,-0.405063
1802,01 02 04 07 08 33,0.01710352,0.59670296,0.968240,-0.133321,-0.413384,1.173325,0.000000,0.000000,-0.977327
1803,02 06 12 13 18 22,0.01704781,0.55595193,0.331240,0.018566,0.275589,0.798860,0.000000,0.000000,-0.374103
1804,01 04 08 18 24 33,0.01703558,0.68668313,2.751840,0.438114,0.505247,-0.074893,0.000000,0.000000,0.747507
1805,02 10 12 13 22 23,0.01702627,0.41156989,-1.707160,0.032911,0.275589,0.674038,0.000000,0.000000,-0.004509
1806,02 06 10 13 14 24,0.01701965,0.52062619,-0.305760,0.799801,1.883192,-0.324537,0.000000,0.000000,-0.059912
1807,02 06 13 14 18 24,0.01699474,0.57875736,0.586040,0.506747,1.423877,0.049929,0.000000,0.000000,-0.017719
1808,02 04 07 14 18 33,0.01698954,0.55656594,0.458640,-0.849949,-0.643041,1.672612,0.000000,0.000000,0.584495
1809,08 13 14 18 24 33,0.01697809,0.62198182,2.114840,0.642188,0.275589,-0.449359,0.000000,0.000000,1.107452
1810,04 06 07 08 24 33,0.01696966,0.55932850,1.095640,0.517882,-0.183726,-0.074893,0.000000,0.000000,0.366295
1811,07 10 12 13 18 22,0.01695742,0.51445718,-0.050960,-0.077333,-0.413384,0.923681,0.000000,0.000000,-0.380514
1812,04 08 10 12 22 24,0.01695431,0.57196051,0.586040,0.684449,1.194220,-0.074893,0.000000,0.000000,-0.411614
1813,01 08 10 12 13 22,0.01693596,0.53072023,0.586040,0.861930,0.045932,-0.324537,0.000000,0.000000,-0.361617
1814,02 10 13 14 23 24,0.01690538,0.43437532,-1.452360,0.521091,1.423877,-0.074893,0.000000,0.000000,0.341827
1815,04 07 08 12 23 33,0.01688015,0.43038328,-0.305760,-0.181971,-2.020987,0.674038,0.000000,0.000000,0.974457
1816,08 10 13 14 24 33,0.01686403,0.56385066,1.223040,0.935243,0.734904,-0.823824,0.000000,0.000000,1.044672
1817,01 04 08 10 24 33,0.01686181,0.62855197,1.860040,0.731169,0.964562,-0.449359,0.000000,0.000000,0.675881
1818,10 13 14 18 24 33,0.01685119,0.59231152,1.350440,0.467474,0.734904,-0.199715,0.000000,0.000000,1.023056
1819,04 06 07 14 22 33,0.01684750,0.40395588,-0.687960,0.019218,-1.791329,0.424394,0.000000,0.000000,0.911935
1820,04 08 12 14 23 24,0.01674005,0.44132117,-0.560560,0.730985,-0.183726,-0.324537,0.000000,0.000000,0.219113
1821,01 02 04 07 08 22,0.01673486,0.53766900,-0.050960,-0.034351,0.045932,1.048503,0.000000,0.000000,-1.053223
1822,01 04 06 07 08 24,0.01671176,0.54900351,0.713440,0.932750,0.275589,-0.324537,0.000000,0.000000,-0.724611
1823,01 02 04 18 23 24,0.01667962,0.55720780,0.076440,0.023963,1.194220,0.674038,0.000000,0.000000,-0.014201
1824,01 07 08 12 13 18,0.01662304,0.59283645,1.350440,0.413279,-0.872699,0.549216,0.000000,0.000000,-1.395879
1825,02 04 08 23 24 33,0.01660107,0.53907193,0.331240,0.076864,0.734904,0.299572,0.000000,0.000000,1.046575
1826,02 06 07 13 18 33,0.01659932,0.56781947,0.840840,-0.406209,-0.413384,1.048503,0.000000,0.000000,0.658287
1827,01 02 04 07 14 23,0.01657282,0.37735936,-1.961960,-0.162529,-0.872699,1.048503,0.000000,0.000000,-0.480356
1828,01 02 04 06 07 22,0.01650901,0.48349916,-0.815360,0.049143,-0.183726,1.048503,0.000000,0.000000,-1.475480
1829,01 04 10 12 23 33,0.01650348,0.44543690,-0.305760,0.114810,-1.102357,0.299572,0.000000,0.000000,0.855419
1830,01 04 07 10 12 23,0.01649530,0.39038799,-1.452360,0.058183,-1.102357,0.674038,0.000000,0.000000,-0.200855
1831,08 13 14 23 24 33,0.01649171,0.45310024,0.076440,0.914741,-0.413384,-0.823824,0.000000,0.000000,1.084980
1832,04 07 14 22 23 33,0.01641005,0.31770501,-1.834560,-0.259492,-2.250645,0.674038,0.000000,0.000000,1.265793
1833,01 02 06 13 23 33,0.01640131,0.44366181,-0.433160,0.337838,-0.643041,0.049929,0.000000,0.000000,0.680899
1834,02 08 13 14 23 24,0.01636585,0.46404562,-0.687960,0.695805,0.964562,-0.324537,0.000000,0.000000,0.327491
1835,10 13 14 23 24 33,0.01634911,0.42342994,-0.687960,0.740027,0.045932,-0.574180,0.000000,0.000000,0.998258
1836,01 02 08 12 13 14,0.01629084,0.56884308,0.458640,0.811427,0.045932,0.424394,0.000000,0.000000,-2.859524
1837,02 06 08 12 13 22,0.01627920,0.52749106,0.203840,0.486335,0.275589,0.174751,0.000000,0.000000,-0.468261
1838,01 04 12 18 23 33,0.01627861,0.50356806,0.586040,-0.178245,-1.561672,0.674038,0.000000,0.000000,0.867987
1839,01 04 07 08 14 33,0.01627119,0.50683470,0.713440,0.251622,-1.561672,0.299572,0.000000,0.000000,0.183926
1840,01 02 04 06 07 33,0.01621206,0.54253312,0.203840,-0.049827,-0.643041,1.173325,0.000000,0.000000,-1.498197
1841,01 04 06 12 18 33,0.01620308,0.58981893,1.732640,0.100465,-1.102357,0.424394,0.000000,0.000000,0.438127
1842,02 07 08 12 13 14,0.01619477,0.52411916,-0.305760,0.339932,-0.413384,1.048503,0.000000,0.000000,-2.876119
1843,01 04 07 14 22 23,0.01615071,0.30738002,-2.216760,0.155376,-1.791329,0.424394,0.000000,0.000000,0.174673
1844,04 10 12 14 23 24,0.01608984,0.41165087,-1.324960,0.556271,0.275589,-0.074893,0.000000,0.000000,0.057185
1845,01 04 07 10 14 33,0.01608649,0.47716440,-0.050960,0.076908,-1.102357,0.549216,0.000000,0.000000,0.090966
1846,07 08 12 13 22 23,0.01608532,0.37524590,-1.324960,0.369933,-1.561672,0.299572,0.000000,0.000000,-0.394536
1847,02 06 08 13 14 24,0.01604870,0.55029649,0.458640,0.974515,1.423877,-0.574180,0.000000,0.000000,-0.138164
1848,02 04 07 12 14 18,0.01604314,0.54868345,-0.178360,-0.580771,-0.413384,1.922256,0.000000,0.000000,-1.688338
1849,02 06 07 12 13 18,0.01593607,0.55993698,0.203840,-0.137030,-0.183726,1.298147,0.000000,0.000000,-1.572597
1850,02 04 12 14 18 22,0.01593170,0.54469839,-0.050960,-0.425174,0.045932,1.422969,0.000000,0.000000,-0.671064
1851,06 12 13 18 23 24,0.01592173,0.48103556,-0.050960,0.706957,0.045932,-0.324537,0.000000,0.000000,0.209765
1852,01 02 04 14 18 33,0.01591472,0.60128986,1.223040,-0.378455,-0.183726,1.048503,0.000000,0.000000,0.427620
1853,01 12 13 14 18 23,0.01588750,0.42854176,-0.433160,0.440697,-1.332014,0.049929,0.000000,0.000000,0.125806
1854,04 07 10 12 18 33,0.01585513,0.56959456,0.968240,-0.629238,-0.872699,1.298147,0.000000,0.000000,0.707415
1855,07 08 13 14 18 24,0.01582513,0.56693291,0.968240,0.585561,0.275589,-0.074893,0.000000,0.000000,-0.118423
1856,01 02 13 18 23 33,0.01580582,0.52629252,0.458640,-0.213424,-0.413384,0.674038,0.000000,0.000000,0.961759
1857,02 04 06 10 24 33,0.01580105,0.59565250,0.713440,0.180860,1.653535,0.299572,0.000000,0.000000,0.443786
1858,06 12 13 14 18 33,0.01579647,0.52511762,1.095640,0.304539,-1.332014,0.049929,0.000000,0.000000,0.746349
1859,02 04 06 07 18 24,0.01579362,0.59873475,0.458640,-0.168822,1.194220,1.048503,0.000000,0.000000,-0.566496
1860,01 02 06 12 13 18,0.01577279,0.60466090,0.968240,0.334464,0.275589,0.674038,0.000000,0.000000,-1.594425
1861,01 02 06 13 18 33,0.01575790,0.61254339,1.605240,0.065285,0.045932,0.424394,0.000000,0.000000,0.535990
1862,01 04 06 18 22 24,0.01572708,0.57347933,0.968240,0.620578,0.734904,-0.199715,0.000000,0.000000,0.143575
1863,01 04 07 08 12 23,0.01571557,0.42005829,-0.687960,0.232897,-1.561672,0.424394,0.000000,0.000000,-0.250778
1864,01 04 06 14 22 33,0.01564265,0.44867980,0.076440,0.490713,-1.332014,-0.199715,0.000000,0.000000,0.735795
1865,02 04 06 12 23 33,0.01564050,0.44220772,-0.687960,-0.260785,-0.872699,0.798860,0.000000,0.000000,0.718222
1866,02 10 12 13 18 22,0.01562013,0.58045147,0.331240,-0.239642,0.964562,1.048503,0.000000,0.000000,-0.262418
1867,01 02 10 12 13 14,0.01558517,0.53917278,-0.305760,0.636713,0.505247,0.674038,0.000000,0.000000,-3.029668
1868,04 06 08 10 13 18,0.01557233,0.63738308,1.860040,0.969768,0.045932,-0.074893,0.000000,0.000000,-1.944968
1869,01 04 14 22 23 33,0.01556470,0.36242893,-1.070160,0.212003,-1.791329,0.049929,0.000000,0.000000,1.142915
1870,07 08 12 13 18 22,0.01554210,0.54412748,0.713440,0.097381,-0.872699,0.674038,0.000000,0.000000,-0.524602
1871,01 02 07 12 24 33,0.01551844,0.55110586,0.203840,-0.375630,0.734904,0.923681,0.000000,0.000000,0.795340
1872,04 07 18 22 23 24,0.01549481,0.44250454,-0.942760,-0.129627,-0.183726,0.674038,0.000000,0.000000,0.525471
1873,04 07 10 22 23 24,0.01544697,0.38437337,-1.834560,0.163428,0.275589,0.299572,0.000000,0.000000,0.472501
1874,06 07 13 18 22 33,0.01543571,0.49784013,0.586040,-0.088304,-1.332014,0.424394,0.000000,0.000000,1.203460
1875,01 07 08 13 18 33,0.01538410,0.60071894,1.987440,0.144100,-1.102357,0.299572,0.000000,0.000000,0.553189
1876,02 07 10 12 13 18,0.01537591,0.58443653,0.203840,-0.395238,0.505247,1.547790,0.000000,0.000000,-1.332386
1877,02 04 10 18 24 33,0.01537258,0.67828321,1.605240,-0.370403,1.883192,0.923681,0.000000,0.000000,0.749390
1878,01 04 18 22 23 24,0.01534765,0.48722846,-0.178360,0.341868,0.275589,0.049929,0.000000,0.000000,0.506030
1879,01 04 06 22 23 24,0.01534444,0.40459774,-1.070160,0.893130,0.045932,-0.574180,0.000000,0.000000,0.136472
1880,01 07 13 18 23 33,0.01533897,0.46029823,0.076440,-0.051116,-1.791329,0.549216,0.000000,0.000000,0.576374
1881,01 04 10 22 23 24,0.01533349,0.42909729,-1.070160,0.634922,0.734904,-0.324537,0.000000,0.000000,0.458051
1882,02 10 13 14 18 24,0.01532632,0.60325691,0.586040,0.248539,2.112850,0.299572,0.000000,0.000000,0.058298
1883,02 04 07 10 18 24,0.01531971,0.62323430,0.458640,-0.427030,1.883192,1.298147,0.000000,0.000000,-0.313505
1884,01 06 07 10 13 33,0.01531360,0.48841793,0.331240,0.520648,-0.872699,-0.074893,0.000000,0.000000,0.108064
1885,02 04 06 12 14 22,0.01530531,0.46206768,-0.942760,0.126088,-0.183726,0.798860,0.000000,0.000000,-1.132947
1886,06 10 12 13 23 24,0.01528501,0.42290440,-0.942760,1.000011,0.505247,-0.699002,0.000000,0.000000,0.069551
1887,02 04 06 07 10 24,0.01525558,0.54060359,-0.433160,0.124233,1.653535,0.674038,0.000000,0.000000,-0.692089
1888,01 02 04 10 23 24,0.01524432,0.49907663,-0.815360,0.317017,1.653535,0.299572,0.000000,0.000000,-0.272726
1889,04 07 08 12 18 33,0.01523889,0.59926486,1.732640,-0.454524,-1.332014,1.048503,0.000000,0.000000,0.681713
1890,06 07 08 12 13 22,0.01523403,0.46149677,-0.178360,0.648643,-1.102357,0.049929,0.000000,0.000000,-0.939326
1891,06 07 08 13 14 24,0.01522526,0.48430220,0.076440,1.136824,0.045932,-0.699002,0.000000,0.000000,-0.576379
1892,01 02 04 12 14 18,0.01517788,0.59340736,0.586040,-0.109276,0.045932,1.298147,0.000000,0.000000,-1.814166
1893,01 04 07 12 18 23,0.01516716,0.44851915,-0.560560,-0.234872,-1.561672,1.048503,0.000000,0.000000,-0.351741
1894,02 07 13 18 23 33,0.01513223,0.48156860,-0.305760,-0.684919,-0.872699,1.298147,0.000000,0.000000,0.859602
1895,07 08 10 13 14 24,0.01509690,0.50880175,0.076440,0.878616,0.734904,-0.449359,0.000000,0.000000,-0.272195
1896,02 04 07 08 23 24,0.01507171,0.48402302,-0.815360,0.020237,0.734904,0.674038,0.000000,0.000000,-0.235065
1897,01 07 10 13 18 33,0.01506412,0.57104864,1.223040,-0.030614,-0.643041,0.549216,0.000000,0.000000,0.440186
1898,02 04 12 18 23 33,0.01504983,0.52483844,0.203840,-0.812048,-0.643041,1.422969,0.000000,0.000000,0.999794
1899,04 06 07 18 22 24,0.01500925,0.52875541,0.203840,0.149083,0.275589,0.424394,0.000000,0.000000,0.034864
1900,01 07 08 13 23 33,0.01499502,0.43183736,-0.050960,0.416652,-1.791329,-0.074893,0.000000,0.000000,0.545131
1901,01 02 10 13 23 33,0.01497245,0.46816135,-0.433160,0.079630,0.045932,0.299572,0.000000,0.000000,0.792410
1902,02 04 06 07 14 33,0.01493373,0.47393523,-0.433160,-0.298687,-0.872699,1.048503,0.000000,0.000000,-0.089163
1903,07 08 13 14 23 24,0.01491720,0.39805133,-1.070160,0.858114,-0.413384,-0.449359,0.000000,0.000000,-0.203351
1904,02 04 07 10 14 33,0.01489224,0.49843477,-0.433160,-0.556895,-0.183726,1.298147,0.000000,0.000000,0.227891
1905,01 02 06 07 13 23,0.01488682,0.38861290,-1.579760,0.281211,-0.643041,0.424394,0.000000,0.000000,-0.598538
1906,04 06 12 14 18 24,0.01487025,0.55603290,0.713440,0.541927,0.275589,0.049929,0.000000,0.000000,-0.496288
1907,02 04 08 18 24 33,0.01483395,0.70795351,2.369640,-0.195689,1.423877,0.674038,0.000000,0.000000,0.735186
1908,01 04 10 12 18 33,0.01483082,0.61431848,1.732640,-0.157743,-0.413384,0.674038,0.000000,0.000000,0.558024
1909,02 04 07 08 18 24,0.01480803,0.65290460,1.223040,-0.252316,1.423877,1.048503,0.000000,0.000000,-0.323716
1910,06 07 10 13 22 33,0.01480631,0.43970896,-0.305760,0.204750,-0.872699,0.049929,0.000000,0.000000,1.064331
1911,02 07 08 13 23 33,0.01480398,0.45310774,-0.433160,-0.217151,-0.872699,0.674038,0.000000,0.000000,0.830685
1912,01 02 07 10 13 23,0.01480332,0.41311244,-1.579760,0.023003,0.045932,0.674038,0.000000,0.000000,-0.287709
1913,04 07 14 18 22 33,0.01478975,0.48658660,0.203840,-0.532044,-1.561672,1.048503,0.000000,0.000000,0.976155
1914,01 04 08 12 23 33,0.01476391,0.47510720,0.458640,0.289524,-1.561672,0.049929,0.000000,0.000000,0.663292
1915,06 08 12 13 23 24,0.01475176,0.45257470,-0.178360,1.174725,0.045932,-0.948646,0.000000,0.000000,0.056145
1916,02 06 12 13 14 23,0.01474165,0.36718142,-1.707160,0.358156,-0.643041,0.174751,0.000000,0.000000,-0.099182
1917,01 08 12 13 14 23,0.01469863,0.40008089,-0.560560,0.908465,-1.332014,-0.574180,0.000000,0.000000,-0.030615
1918,02 04 06 07 23 24,0.01469807,0.42985317,-1.579760,0.103731,0.505247,0.674038,0.000000,0.000000,-0.679218
1919,01 07 10 13 23 33,0.01465934,0.40216706,-0.815360,0.241938,-1.332014,0.174751,0.000000,0.000000,0.429803
1920,01 02 07 13 18 23,0.01464919,0.47124361,-0.687960,-0.270051,-0.413384,1.048503,0.000000,0.000000,-0.264661
1921,01 02 04 06 18 24,0.01461829,0.64345867,1.223040,0.302673,1.653535,0.424394,0.000000,0.000000,-0.738260
1922,04 07 08 14 22 33,0.01457162,0.45812573,0.076440,-0.064276,-1.561672,0.424394,0.000000,0.000000,0.963552
1923,02 08 12 13 18 22,0.01455482,0.61012177,1.095640,-0.064928,0.505247,0.798860,0.000000,0.000000,-0.354651
1924,01 04 08 22 23 24,0.01454492,0.45876759,-0.305760,0.809636,0.275589,-0.574180,0.000000,0.000000,0.406818
1925,02 07 10 13 23 33,0.01446516,0.42343744,-1.197560,-0.391865,-0.413384,0.923681,0.000000,0.000000,0.714891
1926,13 14 18 23 24 33,0.01445905,0.48156111,0.203840,0.446972,-0.413384,-0.199715,0.000000,0.000000,0.764121
1927,02 08 10 13 14 24,0.01440929,0.57479604,0.458640,0.716307,2.112850,-0.324537,0.000000,0.000000,-0.057847
1928,08 12 13 14 23 33,0.01439070,0.41040589,-0.178360,0.493598,-1.791329,-0.324537,0.000000,0.000000,0.976463
1929,01 02 10 13 18 33,0.01436044,0.63704294,1.605240,-0.192923,0.734904,0.674038,0.000000,0.000000,0.652152
1930,01 04 06 10 22 24,0.01435542,0.51534816,0.076440,0.913632,1.194220,-0.574180,0.000000,0.000000,-0.105521
1931,04 06 10 22 24 33,0.01434805,0.52567315,0.458640,0.498765,0.734904,-0.324537,0.000000,0.000000,0.946085
1932,02 04 08 12 14 22,0.01433509,0.51623753,-0.178360,0.042594,0.045932,0.798860,0.000000,0.000000,-0.887891
1933,01 02 04 10 18 24,0.01431275,0.66795822,1.223040,0.044465,2.342508,0.674038,0.000000,0.000000,-0.460327
1934,04 06 18 22 24 33,0.01431016,0.58380432,1.350440,0.205710,0.275589,0.049929,0.000000,0.000000,0.986355
1935,02 04 10 12 23 33,0.01423057,0.46670727,-0.687960,-0.518993,-0.183726,1.048503,0.000000,0.000000,0.832538
1936,02 07 08 13 18 33,0.01422337,0.62198932,1.605240,-0.489703,-0.183726,1.048503,0.000000,0.000000,0.695079
1937,04 07 10 14 22 33,0.01421077,0.42845543,-0.687960,-0.238990,-1.102357,0.674038,0.000000,0.000000,0.844496
1938,01 02 08 13 23 33,0.01417223,0.49783165,0.331240,0.254344,-0.413384,0.049929,0.000000,0.000000,0.739452
1939,02 06 07 10 13 33,0.01416856,0.50968831,-0.050960,-0.113155,0.045932,0.674038,0.000000,0.000000,0.252280
1940,01 02 04 07 10 12,0.01414416,0.55915017,-0.433160,-0.038856,0.275589,1.672612,0.000000,0.000000,-3.613983
1941,02 08 13 14 18 24,0.01414364,0.63292720,1.350440,0.423253,1.653535,0.049929,0.000000,0.000000,-0.051322
1942,01 10 12 13 14 23,0.01409238,0.37041059,-1.324960,0.733751,-0.872699,-0.324537,0.000000,0.000000,-0.186030
1943,01 06 13 22 23 33,0.01409176,0.37368246,-0.687960,0.655743,-1.561672,-0.574180,0.000000,0.000000,1.056300
1944,02 04 06 07 12 23,0.01404286,0.38715881,-1.834560,-0.317412,-0.872699,1.173325,0.000000,0.000000,-0.573535
1945,04 06 10 12 14 24,0.01403517,0.49790174,-0.178360,0.834981,0.734904,-0.324537,0.000000,0.000000,-0.665889
1946,02 04 07 08 14 33,0.01402340,0.52810507,0.331240,-0.382181,-0.643041,1.048503,0.000000,0.000000,0.164766
1947,02 04 10 12 14 22,0.01402097,0.48656723,-0.942760,-0.132120,0.505247,1.048503,0.000000,0.000000,-1.000026
1948,06 10 12 13 18 24,0.01399627,0.59178598,1.095640,0.727459,1.194220,-0.324537,0.000000,0.000000,-0.170966
1949,06 07 13 22 23 33,0.01398875,0.32895855,-1.452360,0.184248,-2.020987,0.049929,0.000000,0.000000,1.038674
1950,01 02 04 08 23 24,0.01398225,0.52874693,-0.050960,0.491731,1.194220,0.049929,0.000000,0.000000,-0.394109
1951,01 02 10 12 13 18,0.01397953,0.62916044,0.968240,0.076256,0.964562,0.923681,0.000000,0.000000,-1.536900
1952,01 02 04 06 10 24,0.01397760,0.58532750,0.331240,0.595727,2.112850,0.049929,0.000000,0.000000,-0.879062
1953,04 07 10 18 22 24,0.01395899,0.55325496,0.203840,-0.109125,0.964562,0.674038,0.000000,0.000000,0.202466
1954,02 04 07 10 12 23,0.01394680,0.41165836,-1.834560,-0.575620,-0.183726,1.422969,0.000000,0.000000,-0.264567
1955,02 07 10 13 18 33,0.01390025,0.59231902,0.840840,-0.664417,0.275589,1.298147,0.000000,0.000000,0.581611
1956,01 04 14 18 22 33,0.01389731,0.53131051,0.968240,-0.060550,-1.102357,0.424394,0.000000,0.000000,0.846300
1957,04 06 12 22 23 33,0.01387033,0.37222838,-0.942760,0.057120,-1.791329,0.174751,0.000000,0.000000,1.173532
1958,01 04 06 07 14 22,0.01383821,0.39363089,-1.070160,0.434086,-1.332014,0.174751,0.000000,0.000000,-0.586600
1959,01 06 07 13 22 23,0.01382560,0.31863355,-1.834560,0.599116,-1.561672,-0.199715,0.000000,0.000000,-0.038196
1960,04 06 07 10 22 24,0.01380323,0.47062424,-0.687960,0.442138,0.734904,0.049929,0.000000,0.000000,-0.189693
1961,01 04 10 18 22 24,0.01379842,0.59797887,0.968240,0.362370,1.423877,0.049929,0.000000,0.000000,0.181039
1962,04 07 08 18 22 24,0.01368329,0.58292525,0.968240,0.065589,0.505247,0.424394,0.000000,0.000000,0.227217
1963,01 02 04 08 18 24,0.01367148,0.69762852,1.987440,0.219179,1.883192,0.424394,0.000000,0.000000,-0.489737
1964,02 04 07 12 18 23,0.01366277,0.46978953,-0.942760,-0.868675,-0.643041,1.797434,0.000000,0.000000,-0.260764
1965,06 07 12 13 14 23,0.01365379,0.30118713,-2.089360,0.520465,-2.020987,0.049929,0.000000,0.000000,-0.576571
1966,01 02 04 10 14 33,0.01364760,0.54315869,0.331240,-0.085400,0.275589,0.674038,0.000000,0.000000,0.045856
1967,01 02 08 12 13 18,0.01364109,0.65883074,1.732640,0.250970,0.505247,0.674038,0.000000,0.000000,-1.521445
1968,02 07 08 12 13 18,0.01363391,0.61410682,0.968240,-0.220524,0.045932,1.298147,0.000000,0.000000,-1.524871
1969,02 04 08 10 24 33,0.01361607,0.64982234,1.477840,0.097366,1.883192,0.299572,0.000000,0.000000,0.508871
1970,06 13 14 18 22 24,0.01361572,0.50877801,0.331240,0.824652,0.505247,-0.574180,0.000000,0.000000,0.199234
1971,06 10 13 14 22 24,0.01359562,0.45064685,-0.560560,1.117706,0.964562,-0.948646,0.000000,0.000000,0.150374
1972,02 04 07 14 22 23,0.01358023,0.32865040,-2.598960,-0.478427,-0.872699,1.173325,0.000000,0.000000,0.107705
1973,02 04 08 12 23 33,0.01355082,0.49637757,0.076440,-0.344279,-0.643041,0.798860,0.000000,0.000000,0.797426
1974,01 02 08 13 18 33,0.01354453,0.66671323,2.369640,-0.018209,0.275589,0.424394,0.000000,0.000000,0.596869
1975,01 02 04 06 07 12,0.01350016,0.53465062,-0.433160,0.219352,-0.413384,1.422969,0.000000,0.000000,-4.032594
1976,02 08 10 12 13 22,0.01349406,0.55199061,0.203840,0.228127,0.964562,0.424394,0.000000,0.000000,-0.557687
1977,01 02 04 06 14 33,0.01349343,0.51865914,0.331240,0.172808,-0.413384,0.424394,0.000000,0.000000,-0.300185
1978,12 13 14 18 23 33,0.01348255,0.43886675,-0.050960,0.025829,-1.791329,0.299572,0.000000,0.000000,0.822204
1979,04 06 07 10 12 33,0.01347359,0.48696385,0.076440,-0.077975,-1.102357,0.674038,0.000000,0.000000,-0.014499
1980,06 08 12 13 18 24,0.01344732,0.62145628,1.860040,0.902173,0.734904,-0.574180,0.000000,0.000000,-0.186697
1981,07 12 13 14 18 23,0.01344614,0.38381784,-1.197560,-0.030798,-1.791329,0.674038,0.000000,0.000000,-0.238252
1982,01 04 06 12 22 23,0.01344536,0.36190339,-1.324960,0.471987,-1.332014,-0.074893,0.000000,0.000000,0.057872
1983,01 04 08 18 22 24,0.01344036,0.62764917,1.732640,0.537084,0.964562,-0.199715,0.000000,0.000000,0.193589
1984,01 06 07 08 13 33,0.01338808,0.51808823,1.095640,0.695362,-1.332014,-0.324537,0.000000,0.000000,-0.111611
1985,01 06 13 18 22 33,0.01337828,0.54256404,1.350440,0.383190,-0.872699,-0.199715,0.000000,0.000000,0.901008
1986,01 02 04 12 18 23,0.01337155,0.51451344,-0.178360,-0.397180,-0.183726,1.173325,0.000000,0.000000,-0.301546
1987,02 12 13 14 18 23,0.01334029,0.44981213,-0.815360,-0.193106,-0.413384,0.798860,0.000000,0.000000,0.062285
1988,02 04 06 08 24 33,0.01330367,0.62532280,1.477840,0.355574,1.194220,0.049929,0.000000,0.000000,0.139388
1989,01 04 06 07 12 14,0.01330180,0.44478236,-0.687960,0.604295,-1.561672,0.549216,0.000000,0.000000,-2.777415
1990,01 07 10 13 22 23,0.01328383,0.34313310,-1.834560,0.340908,-0.872699,0.049929,0.000000,0.000000,0.204740
1991,02 04 14 22 23 33,0.01326982,0.38369931,-1.452360,-0.421800,-0.872699,0.798860,0.000000,0.000000,1.116778
1992,01 07 13 18 22 23,0.01325590,0.40126427,-0.942760,0.047854,-1.332014,0.424394,0.000000,0.000000,0.246484
1993,01 02 04 06 23 24,0.01325160,0.47457709,-0.815360,0.575225,0.964562,0.049929,0.000000,0.000000,-0.891154
1994,01 04 10 14 22 33,0.01324298,0.47317935,0.076440,0.232505,-0.643041,0.049929,0.000000,0.000000,0.703477
1995,01 02 06 10 13 33,0.01322817,0.55441222,0.713440,0.358340,0.505247,0.049929,0.000000,0.000000,0.115321
1996,07 10 12 13 14 23,0.01322682,0.32568668,-2.089360,0.262257,-1.332014,0.299572,0.000000,0.000000,-0.316627
1997,02 04 07 08 10 24,0.01319947,0.59477343,0.331240,0.040739,1.883192,0.674038,0.000000,0.000000,-0.607912
1998,04 06 08 12 14 24,0.01318154,0.52757204,0.586040,1.009695,0.275589,-0.574180,0.000000,0.000000,-0.726761
1999,02 04 07 08 12 23,0.01317020,0.44132866,-1.070160,-0.400906,-0.643041,1.173325,0.000000,0.000000,-0.314025
2000,01 04 06 10 12 33,0.01316206,0.53168777,0.840840,0.393520,-0.643041,0.049929,0.000000,0.000000,-0.058291
2001,06 10 12 13 14 33,0.01314420,0.46698646,0.203840,0.597594,-0.872699,-0.324537,0.000000,0.000000,0.307525
2002,01 02 04 07 08 12,0.01312091,0.58882047,0.331240,0.135858,-0.183726,1.422969,0.000000,0.000000,-3.699984
2003,10 12 13 14 23 33,0.01309919,0.38073559,-0.942760,0.318884,-1.332014,-0.074893,0.000000,0.000000,0.719525
2004,01 04 08 12 18 33,0.01307555,0.64398878,2.497040,0.016971,-0.872699,0.424394,0.000000,0.000000,0.363571
2005,06 07 08 13 22 33,0.01304119,0.46937926,0.458640,0.379464,-1.332014,-0.199715,0.000000,0.000000,0.868420
2006,02 04 06 12 18 33,0.01296675,0.61108931,1.350440,-0.533338,-0.183726,1.173325,0.000000,0.000000,0.272512
2007,08 12 13 14 18 33,0.01296598,0.57928747,1.860040,0.221045,-1.102357,0.049929,0.000000,0.000000,0.715800
2008,04 10 12 14 18 24,0.01291364,0.58053245,0.713440,0.283719,0.964562,0.299572,0.000000,0.000000,-0.462965
2009,02 06 13 22 23 33,0.01290277,0.39495284,-1.070160,0.021940,-0.643041,0.174751,0.000000,0.000000,1.194003
2010,01 07 08 10 13 33,0.01285959,0.54258778,1.095640,0.437154,-0.643041,-0.074893,0.000000,0.000000,0.133293
2011,01 07 12 22 24 33,0.01284015,0.48112652,-0.050960,-0.057725,-0.183726,0.299572,0.000000,0.000000,1.116109
2012,07 08 10 12 13 22,0.01283998,0.48599632,-0.178360,0.390435,-0.413384,0.299572,0.000000,0.000000,-0.970812
2013,01 02 07 08 13 23,0.01283385,0.44278274,-0.815360,0.197717,-0.413384,0.424394,0.000000,0.000000,-0.513896
2014,01 06 08 13 22 33,0.01280949,0.51410318,1.223040,0.850959,-0.872699,-0.823824,0.000000,0.000000,0.836455
2015,01 02 04 06 12 23,0.01280594,0.43188273,-1.070160,0.154082,-0.413384,0.549216,0.000000,0.000000,-0.754426
2016,01 04 12 18 22 23,0.01279883,0.44453410,-0.433160,-0.079275,-1.102357,0.549216,0.000000,0.000000,0.331170
2017,07 10 13 22 23 33,0.01276933,0.35345809,-1.452360,-0.073960,-1.332014,0.299572,0.000000,0.000000,1.181215
2018,07 08 13 18 22 33,0.01276838,0.55200997,1.350440,-0.171798,-1.102357,0.424394,0.000000,0.000000,1.197084
2019,01 06 07 10 13 22,0.01268078,0.42938397,-0.687960,0.619618,-0.413384,-0.199715,0.000000,0.000000,-0.303273
2020,01 06 10 13 22 33,0.01267353,0.48443288,0.458640,0.676245,-0.413384,-0.574180,0.000000,0.000000,0.750715
2021,01 02 04 08 14 33,0.01264917,0.57282899,1.095640,0.089314,-0.183726,0.424394,0.000000,0.000000,-0.036467
2022,01 06 07 13 18 22,0.01264357,0.48751514,0.203840,0.326563,-0.872699,0.174751,0.000000,0.000000,-0.262903
2023,06 08 12 13 14 33,0.01261095,0.49665676,0.968240,0.772308,-1.332014,-0.574180,0.000000,0.000000,0.294120
2024,07 13 18 22 23 33,0.01251783,0.41158926,-0.560560,-0.367014,-1.791329,0.674038,0.000000,0.000000,1.189835
2025,04 08 12 14 18 24,0.01249147,0.61020275,1.477840,0.458433,0.505247,0.049929,0.000000,0.000000,-0.459914
2026,01 04 08 14 22 33,0.01246479,0.50284965,0.840840,0.407219,-1.102357,-0.199715,0.000000,0.000000,0.653783
2027,01 04 07 14 18 22,0.01243374,0.47626160,-0.178360,-0.117177,-1.102357,0.798860,0.000000,0.000000,-0.425594
2028,04 06 08 22 24 33,0.01241997,0.55534345,1.223040,0.673479,0.275589,-0.574180,0.000000,0.000000,0.726031
2029,02 04 06 14 22 33,0.01239691,0.46995017,-0.305760,-0.143090,-0.413384,0.549216,0.000000,0.000000,0.568785
2030,02 06 07 13 22 23,0.01236101,0.33990393,-2.216760,-0.034687,-0.643041,0.549216,0.000000,0.000000,0.058678
2031,04 06 22 23 24 33,0.01234914,0.41492274,-0.687960,0.478263,-0.413384,-0.324537,0.000000,0.000000,0.745408
2032,01 04 07 10 12 14,0.01225918,0.46928191,-0.687960,0.346087,-0.872699,0.798860,0.000000,0.000000,-2.608681
2033,02 08 12 13 14 23,0.01225807,0.42135127,-0.942760,0.274662,-0.413384,0.174751,0.000000,0.000000,-0.078335
2034,02 06 07 08 13 33,0.01224618,0.53935861,0.713440,0.061559,-0.413384,0.424394,0.000000,0.000000,0.033070
2035,04 06 12 18 22 33,0.01224264,0.54110996,1.095640,-0.215433,-1.102357,0.549216,0.000000,0.000000,0.882799
2036,04 07 10 12 22 23,0.01224237,0.34167902,-2.089360,-0.257715,-1.102357,0.798860,0.000000,0.000000,0.200483
2037,04 07 12 18 22 23,0.01222762,0.39981018,-1.197560,-0.550770,-1.561672,1.173325,0.000000,0.000000,0.244180
2038,01 04 08 10 22 24,0.01220812,0.56951801,0.840840,0.830138,1.423877,-0.574180,0.000000,0.000000,-0.034854
2039,01 04 06 08 12 33,0.01220140,0.56135807,1.605240,0.568234,-1.102357,-0.199715,0.000000,0.000000,-0.135019
2040,01 04 06 14 23 24,0.01214975,0.38470882,-1.070160,0.960168,-0.183726,-0.823824,0.000000,0.000000,0.230170
2041,01 02 06 08 13 33,0.01213445,0.58408252,1.477840,0.533054,0.045932,-0.199715,0.000000,0.000000,0.018879
2042,07 10 13 18 22 33,0.01213434,0.52233968,0.586040,-0.346512,-0.643041,0.674038,0.000000,0.000000,1.037552
2043,08 12 13 18 23 24,0.01211250,0.53520541,0.713440,0.623463,0.275589,-0.324537,0.000000,0.000000,0.034213
2044,01 04 10 12 22 23,0.01211078,0.38640294,-1.324960,0.213779,-0.643041,0.174751,0.000000,0.000000,0.183351
2045,01 04 06 08 22 24,0.01207496,0.54501846,0.840840,1.088346,0.734904,-0.823824,0.000000,0.000000,-0.377782
2046,07 08 10 13 22 33,0.01203418,0.49387881,0.458640,0.121256,-0.643041,0.049929,0.000000,0.000000,1.042428
2047,04 10 18 22 24 33,0.01202852,0.60830387,1.350440,-0.052498,0.964562,0.299572,0.000000,0.000000,0.971522
2048,01 10 13 22 23 33,0.01200957,0.39818201,-0.687960,0.397535,-0.872699,-0.324537,0.000000,0.000000,1.071016
2049,01 02 04 08 12 23,0.01199936,0.48605258,-0.305760,0.070588,-0.183726,0.549216,0.000000,0.000000,-0.485127
2050,01 04 07 08 12 14,0.01198769,0.49895220,0.076440,0.520801,-1.332014,0.549216,0.000000,0.000000,-2.583307
2051,01 02 04 08 10 24,0.01198756,0.63949735,1.095640,0.512233,2.342508,0.049929,0.000000,0.000000,-0.785096
2052,01 13 18 22 23 33,0.01195167,0.45631317,0.203840,0.104481,-1.332014,0.049929,0.000000,0.000000,1.108320
2053,01 04 07 08 14 22,0.01190887,0.44780074,-0.305760,0.350592,-1.102357,0.174751,0.000000,0.000000,-0.483640
2054,04 10 22 23 24 33,0.01189291,0.43942228,-0.687960,0.220055,0.275589,-0.074893,0.000000,0.000000,1.001018
2055,06 08 13 14 22 24,0.01187892,0.48031715,0.203840,1.292420,0.505247,-1.198289,0.000000,0.000000,-0.038364
2056,01 02 04 10 12 23,0.01184887,0.45638228,-1.070160,-0.104126,0.275589,0.798860,0.000000,0.000000,-0.573019
2057,02 07 10 13 22 23,0.01181296,0.36440348,-2.216760,-0.292895,0.045932,0.798860,0.000000,0.000000,0.300683
2058,01 02 06 13 22 23,0.01177948,0.38462785,-1.452360,0.436808,-0.183726,-0.074893,0.000000,0.000000,-0.025115
2059,04 10 12 22 23 33,0.01177558,0.39672793,-0.942760,-0.201088,-1.102357,0.424394,0.000000,0.000000,1.186388
2060,04 08 10 22 24 33,0.01177342,0.57984300,1.223040,0.415270,0.964562,-0.324537,0.000000,0.000000,0.953443
2061,02 07 13 18 22 23,0.01177247,0.42253464,-1.324960,-0.585950,-0.413384,1.173325,0.000000,0.000000,0.340567
2062,01 02 07 10 13 14,0.01176768,0.49200636,-0.815360,0.310907,0.275589,0.798860,0.000000,0.000000,-2.517681
2063,01 04 14 18 23 24,0.01176639,0.46733953,-0.178360,0.408906,0.045932,-0.199715,0.000000,0.000000,0.542457
2064,01 04 07 10 14 22,0.01175871,0.41813044,-1.070160,0.175878,-0.643041,0.424394,0.000000,0.000000,-0.571483
2065,04 12 18 22 23 33,0.01172988,0.45485909,-0.050960,-0.494143,-1.561672,0.798860,0.000000,0.000000,1.225501
2066,04 08 18 22 24 33,0.01172209,0.63797416,2.114840,0.122216,0.505247,0.049929,0.000000,0.000000,0.991720
2067,04 06 07 12 22 23,0.01171640,0.31717947,-2.089360,0.000493,-1.791329,0.549216,0.000000,0.000000,-0.200641
2068,02 07 08 10 13 33,0.01171142,0.56385815,0.713440,-0.196649,0.275589,0.674038,0.000000,0.000000,0.277044
2069,10 12 13 14 18 33,0.01169016,0.54961717,1.095640,0.046331,-0.643041,0.299572,0.000000,0.000000,0.461188
2070,02 04 14 18 22 33,0.01168941,0.55258089,0.586040,-0.694353,-0.183726,1.173325,0.000000,0.000000,0.833049
2071,04 06 07 08 12 33,0.01168427,0.51663415,0.840840,0.096739,-1.561672,0.424394,0.000000,0.000000,-0.213996
2072,02 10 12 13 14 23,0.01164868,0.39168097,-1.707160,0.099948,0.045932,0.424394,0.000000,0.000000,-0.234215
2073,04 06 07 22 23 24,0.01163259,0.35987383,-1.834560,0.421636,-0.413384,0.049929,0.000000,0.000000,-0.415812
2074,02 04 10 12 18 33,0.01158822,0.63558886,1.350440,-0.791546,0.505247,1.422969,0.000000,0.000000,0.391479
2075,04 07 08 22 23 24,0.01157072,0.41404367,-1.070160,0.338142,-0.183726,0.049929,0.000000,0.000000,-0.036181
2076,01 02 07 12 22 24,0.01157043,0.49207190,-0.815360,-0.276660,1.194220,0.798860,0.000000,0.000000,0.189153
2077,04 08 10 12 14 24,0.01155160,0.55207158,0.586040,0.751487,0.964562,-0.324537,0.000000,0.000000,-0.645041
2078,01 02 13 18 22 23,0.01154582,0.46725856,-0.560560,-0.114455,0.045932,0.549216,0.000000,0.000000,0.309349
2079,01 08 13 22 23 33,0.01152028,0.42785231,0.076440,0.572249,-1.332014,-0.574180,0.000000,0.000000,1.064123
2080,06 13 14 22 23 24,0.01150431,0.33989643,-1.707160,1.097204,-0.183726,-0.948646,0.000000,0.000000,-0.063991
2081,01 07 08 13 22 23,0.01147162,0.37280340,-1.070160,0.515622,-1.332014,-0.199715,0.000000,0.000000,0.001852
2082,04 07 08 10 22 24,0.01146973,0.52479409,0.076440,0.358644,0.964562,0.049929,0.000000,0.000000,-0.146612
2083,04 08 12 22 23 33,0.01142248,0.42639823,-0.178360,-0.026374,-1.561672,0.174751,0.000000,0.000000,1.199673
2084,04 06 14 23 24 33,0.01139729,0.39503381,-0.687960,0.545300,-0.643041,-0.574180,0.000000,0.000000,1.171390
2085,04 18 22 23 24 33,0.01139438,0.49755345,0.203840,-0.073000,-0.183726,0.299572,0.000000,0.000000,0.973040
2086,01 04 08 12 22 23,0.01139335,0.41607324,-0.560560,0.388493,-1.102357,-0.074893,0.000000,0.000000,0.142657
2087,04 06 10 12 22 33,0.01137011,0.48297880,0.203840,0.077621,-0.643041,0.174751,0.000000,0.000000,0.707649
2088,01 10 13 18 22 33,0.01132748,0.56706359,1.350440,0.124982,-0.183726,0.049929,0.000000,0.000000,0.920376
2089,04 08 22 23 24 33,0.01131123,0.46909258,0.076440,0.394769,-0.183726,-0.324537,0.000000,0.000000,0.980437
2090,07 08 13 22 23 33,0.01130572,0.38312839,-0.687960,0.100754,-1.791329,0.049929,0.000000,0.000000,1.029973
2091,04 07 14 18 23 24,0.01122512,0.42261562,-0.942760,-0.062589,-0.413384,0.424394,0.000000,0.000000,0.459903
2092,02 06 13 18 22 33,0.01121959,0.56383442,0.968240,-0.250613,0.045932,0.549216,0.000000,0.000000,0.895049
2093,04 07 08 10 12 33,0.01114323,0.54113370,0.840840,-0.161469,-0.872699,0.674038,0.000000,0.000000,0.029047
2094,02 04 06 07 08 24,0.01111499,0.57027389,0.331240,0.298947,1.194220,0.424394,0.000000,0.000000,-1.239933
2095,01 08 10 13 22 33,0.01106962,0.53860273,1.223040,0.592751,-0.183726,-0.574180,0.000000,0.000000,0.901888
2096,02 04 10 14 22 33,0.01104764,0.49444972,-0.305760,-0.401298,0.275589,0.798860,0.000000,0.000000,0.692087
2097,04 07 10 14 23 24,0.01104583,0.36448445,-1.834560,0.230465,0.045932,0.049929,0.000000,0.000000,0.387458
2098,01 02 04 14 22 23,0.01102481,0.37337431,-1.834560,-0.006933,-0.413384,0.549216,0.000000,0.000000,-0.268526
2099,01 04 08 10 12 33,0.01101790,0.58585761,1.605240,0.310026,-0.413384,0.049929,0.000000,0.000000,0.012841
2100,01 02 08 10 13 33,0.01095722,0.60858207,1.477840,0.274846,0.734904,0.049929,0.000000,0.000000,0.167670
2101,02 04 08 12 18 33,0.01089277,0.66525915,2.114840,-0.616832,0.045932,1.173325,0.000000,0.000000,0.354041
2102,01 04 10 14 23 24,0.01085700,0.40920837,-1.070160,0.701960,0.505247,-0.574180,0.000000,0.000000,0.361845
2103,01 08 13 18 22 33,0.01082249,0.59673389,2.114840,0.299696,-0.643041,-0.199715,0.000000,0.000000,0.911157
2104,02 10 13 22 23 33,0.01081430,0.41945239,-1.070160,-0.236268,0.045932,0.424394,0.000000,0.000000,1.207790
2105,07 08 12 13 14 23,0.01074540,0.35535698,-1.324960,0.436971,-1.791329,0.049929,0.000000,0.000000,-0.618661
2106,02 04 18 22 23 24,0.01074162,0.50849883,-0.560560,-0.291935,1.194220,0.798860,0.000000,0.000000,0.137489
2107,02 04 10 22 23 24,0.01074002,0.45036767,-1.452360,0.001119,1.653535,0.424394,0.000000,0.000000,0.091371
2108,01 06 07 08 13 22,0.01072072,0.45905427,0.076440,0.794332,-0.872699,-0.449359,0.000000,0.000000,-0.528064
2109,02 13 18 22 23 33,0.01071654,0.47758355,-0.178360,-0.529323,-0.413384,0.798860,0.000000,0.000000,1.239188
2110,01 02 04 06 08 24,0.01068142,0.61499780,1.095640,0.770441,1.653535,-0.199715,0.000000,0.000000,-1.301806
2111,02 07 12 22 24 33,0.01067205,0.50239689,-0.433160,-0.691528,0.734904,1.048503,0.000000,0.000000,1.108754
2112,02 06 08 13 22 33,0.01066651,0.53537355,0.840840,0.217156,0.045932,-0.074893,0.000000,0.000000,0.832822
2113,01 06 13 18 23 24,0.01060516,0.47859306,0.203840,0.852646,0.275589,-0.823824,0.000000,0.000000,0.502022
2114,06 08 10 12 13 24,0.01059412,0.56332512,0.968240,1.195227,1.194220,-0.948646,0.000000,0.000000,-0.655290
2115,04 06 08 12 22 33,0.01056985,0.51264910,0.968240,0.252335,-1.102357,-0.074893,0.000000,0.000000,0.654685
2116,04 07 08 12 22 23,0.01055061,0.37134932,-1.324960,-0.083001,-1.561672,0.549216,0.000000,0.000000,0.015440
2117,02 06 10 13 22 33,0.01052740,0.50570326,0.076440,0.042442,0.505247,0.174751,0.000000,0.000000,0.746617
2118,04 06 07 14 23 24,0.01046229,0.33998490,-1.834560,0.488673,-0.643041,-0.199715,0.000000,0.000000,-0.022195
2119,01 06 10 13 23 24,0.01045470,0.42046190,-0.687960,1.145700,0.734904,-1.198289,0.000000,0.000000,0.433848
2120,01 02 10 13 22 23,0.01041969,0.40912739,-1.452360,0.178600,0.505247,0.174751,0.000000,0.000000,0.096629
2121,02 08 13 22 23 33,0.01032815,0.44912268,-0.305760,-0.061554,-0.413384,0.174751,0.000000,0.000000,1.201362
2122,01 07 08 13 18 22,0.01030529,0.54168498,0.968240,0.243069,-0.643041,0.174751,0.000000,0.000000,-0.220529
2123,02 04 08 14 22 33,0.01027259,0.52412002,0.458640,-0.226584,-0.183726,0.549216,0.000000,0.000000,0.642858
2124,10 12 13 18 23 24,0.01026714,0.50553511,-0.050960,0.448749,0.734904,-0.074893,0.000000,0.000000,-0.304779
2125,01 07 08 10 13 22,0.01026131,0.48355382,0.076440,0.536124,-0.183726,-0.199715,0.000000,0.000000,-0.272927
2126,01 02 12 22 24 33,0.01023568,0.54712081,0.331240,-0.220033,1.194220,0.424394,0.000000,0.000000,1.046468
2127,02 06 07 10 13 22,0.01022741,0.45065435,-1.070160,-0.014185,0.505247,0.549216,0.000000,0.000000,-0.352890
2128,04 10 12 18 22 33,0.01017928,0.56560951,1.095640,-0.473641,-0.413384,0.798860,0.000000,0.000000,0.900307
2129,02 06 07 13 18 22,0.01017765,0.50878551,-0.178360,-0.307240,0.045932,0.923681,0.000000,0.000000,-0.314380
2130,02 04 06 18 22 24,0.01017019,0.59474970,0.586040,-0.013225,1.653535,0.549216,0.000000,0.000000,-0.365837
2131,01 02 06 07 13 14,0.01009051,0.46750681,-0.815360,0.569115,-0.413384,0.549216,0.000000,0.000000,-3.089359
2132,01 04 08 14 23 24,0.01005369,0.43887867,-0.305760,0.876674,0.045932,-0.823824,0.000000,0.000000,0.308429
2133,01 07 10 13 18 22,0.01001985,0.51201468,0.203840,0.068355,-0.183726,0.424394,0.000000,0.000000,-0.328415
2134,02 07 08 13 22 23,0.01000389,0.39407377,-1.452360,-0.118181,-0.413384,0.549216,0.000000,0.000000,0.098260
2135,02 04 08 22 23 24,0.00995459,0.48003796,-0.687960,0.175833,1.194220,0.174751,0.000000,0.000000,0.040603
2136,01 02 06 13 18 22,0.00992622,0.55350943,0.586040,0.164255,0.505247,0.299572,0.000000,0.000000,-0.349268
2137,02 04 07 14 18 22,0.00991860,0.49753198,-0.560560,-0.750980,-0.183726,1.547790,0.000000,0.000000,-0.484363
2138,04 06 14 18 24 33,0.00976311,0.56391539,1.350440,0.272748,0.045932,-0.199715,0.000000,0.000000,0.879694
2139,01 02 04 14 18 22,0.00974298,0.54225589,0.203840,-0.279485,0.275589,0.923681,0.000000,0.000000,-0.508019
2140,02 04 06 22 23 24,0.00970057,0.42586812,-1.452360,0.259327,0.964562,0.174751,0.000000,0.000000,-0.385828
2141,08 10 12 13 23 24,0.00966682,0.47707425,-0.178360,0.916517,0.734904,-0.699002,0.000000,0.000000,-0.374004
2142,04 06 07 08 22 24,0.00963743,0.50029454,0.076440,0.616852,0.275589,-0.199715,0.000000,0.000000,-0.741272
2143,04 06 07 14 18 24,0.00959522,0.50886649,0.203840,0.216121,0.045932,0.174751,0.000000,0.000000,-0.200241
2144,01 02 08 13 22 23,0.00958495,0.43879769,-0.687960,0.353314,0.045932,-0.074893,0.000000,0.000000,0.038555
2145,01 02 06 10 13 22,0.00953146,0.49537826,-0.305760,0.457309,0.964562,-0.074893,0.000000,0.000000,-0.453634
2146,01 06 08 13 23 24,0.00950887,0.45013220,0.076440,1.320414,0.275589,-1.447933,0.000000,0.000000,0.359317
2147,08 13 14 18 22 24,0.00945780,0.56294786,1.095640,0.741158,0.734904,-0.574180,0.000000,0.000000,-0.027978
2148,08 10 12 13 18 24,0.00945046,0.64595583,1.860040,0.643965,1.423877,-0.324537,0.000000,0.000000,-0.455645
2149,01 06 07 10 12 13,0.00941479,0.48053544,-0.305760,0.789827,-0.643041,0.174751,0.000000,0.000000,-2.898483
2150,04 10 14 23 24 33,0.00940734,0.41953336,-0.687960,0.287092,0.045932,-0.324537,0.000000,0.000000,1.199773
2151,01 04 06 14 18 24,0.00940413,0.55359040,0.968240,0.687615,0.505247,-0.449359,0.000000,0.000000,-0.226189
2152,04 06 07 12 18 22,0.00940214,0.48606105,-0.050960,-0.272060,-1.102357,0.923681,0.000000,0.000000,-0.593092
2153,04 06 07 10 14 24,0.00938095,0.45073532,-0.687960,0.509175,0.505247,-0.199715,0.000000,0.000000,-0.277867
2154,04 06 10 14 24 33,0.00935129,0.50578423,0.458640,0.565802,0.505247,-0.574180,0.000000,0.000000,0.772801
2155,02 04 10 18 22 24,0.00929193,0.61924925,0.586040,-0.271433,2.342508,0.798860,0.000000,0.000000,-0.172754
2156,04 07 08 14 23 24,0.00926820,0.39415475,-1.070160,0.405179,-0.413384,-0.199715,0.000000,0.000000,0.189694
2157,04 14 18 23 24 33,0.00926115,0.47766452,0.203840,-0.005962,-0.413384,0.049929,0.000000,0.000000,1.223997
2158,01 06 13 14 23 33,0.00925972,0.35379354,-0.687960,0.722781,-1.791329,-0.823824,0.000000,0.000000,0.907418
2159,02 04 07 10 14 22,0.00925613,0.43940081,-1.452360,-0.457925,0.275589,1.173325,0.000000,0.000000,-0.628392
2160,02 04 12 18 22 23,0.00923668,0.46580448,-0.815360,-0.713078,-0.183726,1.298147,0.000000,0.000000,0.117283
2161,06 07 13 14 23 33,0.00923206,0.30906962,-1.452360,0.251286,-2.250645,-0.199715,0.000000,0.000000,0.900957
2162,02 04 06 07 14 22,0.00922855,0.41490127,-1.452360,-0.199717,-0.413384,0.923681,0.000000,0.000000,-0.955678
2163,01 04 06 10 12 22,0.00920522,0.47265381,-0.178360,0.492489,-0.183726,-0.074893,0.000000,0.000000,-0.665785
2164,01 04 06 07 12 18,0.00917901,0.53477002,0.586040,0.043838,-1.102357,0.798860,0.000000,0.000000,-1.657573
2165,02 10 13 18 22 33,0.00916251,0.58833397,0.968240,-0.508821,0.734904,0.798860,0.000000,0.000000,0.913487
2166,06 07 10 13 23 24,0.00912563,0.37573798,-1.452360,0.674205,0.275589,-0.574180,0.000000,0.000000,0.234580
2167,06 10 13 23 24 33,0.00911137,0.43078689,-0.305760,0.730832,0.275589,-0.948646,0.000000,0.000000,1.287528
2168,01 10 13 18 23 24,0.00910475,0.50309261,0.203840,0.594438,0.964562,-0.574180,0.000000,0.000000,0.602931
2169,01 06 12 13 14 18,0.00908746,0.51479263,0.713440,0.719407,-0.872699,-0.199715,0.000000,0.000000,-1.300311
2170,01 04 06 12 18 22,0.00906557,0.53078497,0.713440,0.199435,-0.643041,0.299572,0.000000,0.000000,-0.640593
2171,08 10 13 14 22 24,0.00903097,0.50481670,0.203840,1.034212,1.194220,-0.948646,0.000000,0.000000,-0.137095
2172,02 04 08 18 22 24,0.00893702,0.64891955,1.350440,-0.096719,1.883192,0.549216,0.000000,0.000000,-0.159739
2173,04 08 14 23 24 33,0.00893688,0.44920366,0.076440,0.461806,-0.413384,-0.574180,0.000000,0.000000,1.195670
2174,02 08 10 13 22 33,0.00892035,0.55987310,0.840840,-0.041052,0.734904,0.174751,0.000000,0.000000,0.897324
2175,02 04 06 10 12 33,0.00888162,0.55295814,0.458640,-0.240284,0.275589,0.798860,0.000000,0.000000,-0.378595
2176,01 02 10 13 18 22,0.00887973,0.57800898,0.586040,-0.093953,1.194220,0.549216,0.000000,0.000000,-0.181108
2177,06 07 13 18 23 24,0.00885519,0.43386915,-0.560560,0.381151,-0.183726,-0.199715,0.000000,0.000000,0.240395
2178,02 04 06 12 22 23,0.00884537,0.38317376,-1.707160,-0.161816,-0.413384,0.674038,0.000000,0.000000,-0.309774
2179,04 08 10 12 22 33,0.00883316,0.53714865,0.968240,-0.005873,-0.413384,0.174751,0.000000,0.000000,0.720589
2180,02 04 06 10 22 24,0.00881110,0.53661854,-0.305760,0.279829,2.112850,0.174751,0.000000,0.000000,-0.613073
2181,04 06 12 14 23 33,0.00880699,0.35233946,-0.942760,0.124157,-2.020987,-0.074893,0.000000,0.000000,0.990383
2182,01 04 06 10 14 24,0.00880112,0.49545924,0.076440,0.980670,0.964562,-0.823824,0.000000,0.000000,-0.361408
2183,04 08 12 18 22 33,0.00875382,0.59527981,1.860040,-0.298927,-0.872699,0.549216,0.000000,0.000000,0.754716
2184,06 07 13 14 18 33,0.00872993,0.47795120,0.586040,-0.021267,-1.561672,0.174751,0.000000,0.000000,0.776979
2185,01 06 13 14 18 33,0.00871050,0.52267512,1.350440,0.450228,-1.102357,-0.449359,0.000000,0.000000,0.776464
2186,01 02 04 07 14 18,0.00868548,0.54624095,0.076440,-0.435082,-0.183726,1.422969,0.000000,0.000000,-1.698477
2187,02 08 13 18 22 33,0.00866066,0.61800427,1.732640,-0.334107,0.275589,0.549216,0.000000,0.000000,0.904733
2188,06 13 18 23 24 33,0.00865334,0.48891806,0.586040,0.437778,-0.183726,-0.574180,0.000000,0.000000,1.265552
2189,04 06 07 10 12 22,0.00857621,0.42792989,-0.942760,0.020994,-0.643041,0.549216,0.000000,0.000000,-0.761338
2190,06 08 13 23 24 33,0.00851414,0.46045719,0.458640,0.905546,-0.183726,-1.198289,0.000000,0.000000,1.264643
2191,04 06 08 14 24 33,0.00846516,0.53545453,1.223040,0.740516,0.045932,-0.823824,0.000000,0.000000,0.707114
2192,01 04 06 07 23 33,0.00841698,0.37377093,-0.815360,0.047212,-2.020987,0.174751,0.000000,0.000000,0.411738
2193,01 02 06 08 13 22,0.00840321,0.52504856,0.458640,0.632023,0.505247,-0.324537,0.000000,0.000000,-0.555192
2194,02 04 07 08 14 22,0.00835276,0.46907111,-0.687960,-0.283211,-0.183726,0.923681,0.000000,0.000000,-0.696633
2195,10 13 14 18 22 24,0.00832305,0.53327756,0.331240,0.566444,1.194220,-0.324537,0.000000,0.000000,-0.261690
2196,01 06 07 13 14 23,0.00832242,0.29874463,-1.834560,0.666154,-1.791329,-0.449359,0.000000,0.000000,-0.286508
2197,02 06 07 08 13 22,0.00827050,0.48032464,-0.305760,0.160529,0.045932,0.299572,0.000000,0.000000,-0.577216
2198,01 02 04 10 14 22,0.00825594,0.48412473,-0.687960,0.013569,0.734904,0.549216,0.000000,0.000000,-0.774211
2199,02 04 14 18 23 24,0.00822960,0.48860991,-0.560560,-0.224897,0.964562,0.549216,0.000000,0.000000,0.332327
2200,07 13 14 18 23 33,0.00822673,0.39170033,-0.560560,-0.299976,-2.020987,0.424394,0.000000,0.000000,1.121097
2201,01 04 06 08 12 22,0.00821003,0.50232411,0.586040,0.667203,-0.643041,-0.324537,0.000000,0.000000,-0.747630
2202,02 06 13 18 23 24,0.00817427,0.49986344,-0.178360,0.218843,1.194220,-0.074893,0.000000,0.000000,0.455733
2203,01 04 06 07 18 33,0.00815120,0.54265252,1.223040,-0.225341,-1.332014,0.549216,0.000000,0.000000,0.322776
2204,06 12 13 14 22 23,0.00812103,0.29720208,-1.961960,0.676061,-1.561672,-0.449359,0.000000,0.000000,-0.362481
2205,08 10 12 13 14 33,0.00809555,0.52115630,0.968240,0.514100,-0.643041,-0.324537,0.000000,0.000000,-0.051650
2206,08 13 14 22 23 24,0.00808544,0.39406628,-0.942760,1.013710,0.045932,-0.948646,0.000000,0.000000,-0.181710
2207,02 06 13 14 23 33,0.00808329,0.37506391,-1.070160,0.088978,-0.872699,-0.074893,0.000000,0.000000,1.046983
2208,01 08 13 18 23 24,0.00807450,0.53276291,0.968240,0.769152,0.505247,-0.823824,0.000000,0.000000,0.515892
2209,01 04 07 10 12 18,0.00806394,0.55926957,0.586040,-0.214370,-0.413384,1.048503,0.000000,0.000000,-1.499572
2210,07 10 13 14 23 33,0.00806288,0.33356917,-1.452360,-0.006922,-1.561672,0.049929,0.000000,0.000000,1.050940
2211,02 06 10 13 23 24,0.00803636,0.44173228,-1.070160,0.511897,1.653535,-0.449359,0.000000,0.000000,0.389420
2212,01 02 04 06 14 22,0.00803270,0.45962518,-0.687960,0.271777,0.045932,0.299572,0.000000,0.000000,-1.130485
2213,01 07 12 14 24 33,0.00795769,0.46123760,-0.050960,0.009313,-0.413384,0.049929,0.000000,0.000000,0.959758
2214,02 04 06 08 12 33,0.00792410,0.58262844,1.223040,-0.065570,-0.183726,0.549216,0.000000,0.000000,-0.454858
2215,01 04 07 18 23 33,0.00788241,0.45640165,0.076440,-0.504050,-1.791329,0.798860,0.000000,0.000000,0.701622
2216,02 04 08 12 22 23,0.00784689,0.43734361,-0.942760,-0.245310,-0.183726,0.674038,0.000000,0.000000,-0.068904
2217,04 07 10 12 18 22,0.00784615,0.51056060,-0.050960,-0.530268,-0.413384,1.173325,0.000000,0.000000,-0.500417
2218,01 07 10 13 14 23,0.00783089,0.32324418,-1.834560,0.407946,-1.102357,-0.199715,0.000000,0.000000,-0.036130
2219,01 08 10 13 23 24,0.00781923,0.47463175,0.076440,1.062206,0.964562,-1.198289,0.000000,0.000000,0.432192
2220,02 07 08 10 13 22,0.00780480,0.50482419,-0.305760,-0.097679,0.734904,0.549216,0.000000,0.000000,-0.323009
2221,01 04 10 12 18 22,0.00776239,0.55528452,0.713440,-0.058773,0.045932,0.549216,0.000000,0.000000,-0.510463
2222,06 07 10 13 18 24,0.00771852,0.54461957,0.586040,0.401653,0.964562,-0.199715,0.000000,0.000000,-0.023475
2223,01 04 06 08 14 24,0.00768856,0.52512954,0.840840,1.155384,0.505247,-1.073468,0.000000,0.000000,-0.460641
2224,06 08 13 18 24 33,0.00768708,0.62933877,2.497040,0.632994,0.505247,-0.823824,0.000000,0.000000,1.092526
2225,01 02 07 08 13 14,0.00765659,0.52167666,-0.050960,0.485621,-0.183726,0.549216,0.000000,0.000000,-3.061155
2226,02 04 07 18 23 33,0.00763901,0.47767202,-0.305760,-1.137854,-0.872699,1.547790,0.000000,0.000000,0.979419
2227,01 07 13 14 18 23,0.00762759,0.38137534,-0.942760,0.114891,-1.561672,0.174751,0.000000,0.000000,-0.020366
2228,07 10 13 14 18 33,0.00759215,0.50245075,0.586040,-0.279475,-0.872699,0.424394,0.000000,0.000000,0.931614
2229,01 13 14 18 23 33,0.00758523,0.43642425,0.203840,0.171518,-1.561672,-0.199715,0.000000,0.000000,1.028419
2230,02 04 06 14 23 24,0.00757512,0.40597920,-1.452360,0.326365,0.734904,-0.074893,0.000000,0.000000,-0.133719
2231,01 04 06 12 14 23,0.00754391,0.34201447,-1.324960,0.539025,-1.561672,-0.324537,0.000000,0.000000,-0.249445
2232,02 04 10 12 22 23,0.00750451,0.40767331,-1.707160,-0.420024,0.275589,0.923681,0.000000,0.000000,-0.185226
2233,01 02 06 07 13 18,0.00748472,0.55749448,0.458640,0.008658,0.045932,0.798860,0.000000,0.000000,-1.744769
2234,02 07 08 13 18 22,0.00742703,0.56295536,0.586040,-0.390734,0.275589,0.923681,0.000000,0.000000,-0.333096
2235,10 13 14 22 23 24,0.00740785,0.36439598,-1.707160,0.838996,0.505247,-0.699002,0.000000,0.000000,-0.347695
2236,02 04 07 10 12 14,0.00740582,0.49055228,-1.070160,-0.287716,0.045932,1.547790,0.000000,0.000000,-3.013866
2237,01 02 08 13 18 22,0.00740183,0.60767927,1.350440,0.080761,0.734904,0.299572,0.000000,0.000000,-0.334467
2238,02 04 06 07 12 14,0.00739804,0.46605273,-1.070160,-0.029508,-0.643041,1.298147,0.000000,0.000000,-3.338219
2239,02 04 10 14 23 24,0.00733276,0.43047874,-1.452360,0.068157,1.423877,0.174751,0.000000,0.000000,0.153576
2240,06 12 13 14 18 22,0.00729860,0.46608366,0.076440,0.403509,-0.872699,-0.074893,0.000000,0.000000,-0.533913
2241,01 02 08 10 13 22,0.00729506,0.54954811,0.458640,0.373815,1.194220,-0.074893,0.000000,0.000000,-0.396168
2242,01 04 07 08 12 18,0.00726851,0.58893987,1.350440,-0.039656,-0.872699,0.798860,0.000000,0.000000,-1.551821
2243,06 10 13 18 24 33,0.00724333,0.59966848,1.732640,0.458280,0.964562,-0.574180,0.000000,0.000000,0.961187
2244,04 06 12 18 23 24,0.00723811,0.47713898,-0.050960,0.254023,0.045932,-0.074893,0.000000,0.000000,0.153221
2245,01 10 13 14 23 33,0.00722776,0.37829309,-0.687960,0.464573,-1.102357,-0.574180,0.000000,0.000000,0.929578
2246,01 02 04 08 14 22,0.00722297,0.51379503,0.076440,0.188283,0.275589,0.299572,0.000000,0.000000,-0.861651
2247,06 08 10 13 24 33,0.00721100,0.57120761,1.605240,0.926048,0.964562,-1.198289,0.000000,0.000000,0.976111
2248,01 06 08 10 13 24,0.00719642,0.56088262,1.223040,1.340916,1.423877,-1.447933,0.000000,0.000000,-0.078748
2249,04 07 08 12 18 22,0.00719537,0.54023090,0.713440,-0.355554,-0.872699,0.923681,0.000000,0.000000,-0.531235
2250,04 12 14 18 23 33,0.00719512,0.43497017,-0.050960,-0.427105,-1.791329,0.549216,0.000000,0.000000,1.120662
2251,02 07 10 13 18 22,0.00713844,0.53328506,-0.178360,-0.565448,0.734904,1.173325,0.000000,0.000000,-0.441447
2252,02 04 07 08 12 14,0.00713746,0.52022258,-0.305760,-0.113002,-0.413384,1.298147,0.000000,0.000000,-2.988027
2253,01 04 08 10 12 22,0.00709560,0.52682365,0.586040,0.408995,0.045932,-0.074893,0.000000,0.000000,-0.589536
2254,02 06 08 13 23 24,0.00709367,0.47140257,-0.305760,0.686611,1.194220,-0.699002,0.000000,0.000000,0.315354
2255,04 07 08 10 14 24,0.00707256,0.50490517,0.076440,0.425681,0.734904,-0.199715,0.000000,0.000000,-0.231064
2256,07 10 13 18 23 24,0.00702344,0.45836870,-0.560560,0.122943,0.505247,0.049929,0.000000,0.000000,0.292216
2257,01 02 07 10 13 18,0.00702341,0.58199403,0.458640,-0.249550,0.734904,1.048503,0.000000,0.000000,-1.489912
2258,04 07 08 14 18 24,0.00701459,0.56303633,0.968240,0.132627,0.275589,0.174751,0.000000,0.000000,-0.193771
2259,06 07 10 13 14 33,0.00698483,0.41982004,-0.305760,0.271788,-1.102357,-0.199715,0.000000,0.000000,0.472555
2260,01 06 08 13 18 24,0.00698229,0.61901378,2.114840,1.047862,0.964562,-1.073468,0.000000,0.000000,-0.064591
2261,01 08 12 13 14 18,0.00696827,0.56896248,1.477840,0.635913,-0.643041,-0.199715,0.000000,0.000000,-1.225478
2262,04 06 07 12 14 23,0.00694698,0.29729055,-2.089360,0.067530,-2.020987,0.299572,0.000000,0.000000,-0.340245
2263,06 12 13 18 23 33,0.00690490,0.44622370,0.331240,0.016635,-1.561672,-0.074893,0.000000,0.000000,1.209270
2264,01 04 12 14 18 23,0.00689537,0.42464518,-0.433160,-0.012237,-1.332014,0.299572,0.000000,0.000000,0.023554
2265,01 06 10 13 14 33,0.00689005,0.46454396,0.458640,0.743282,-0.643041,-0.823824,0.000000,0.000000,0.460875
2266,01 06 10 13 18 24,0.00688714,0.58934348,1.350440,0.873148,1.423877,-0.823824,0.000000,0.000000,-0.144284
2267,01 10 12 13 14 18,0.00687786,0.53929218,0.713440,0.461199,-0.183726,0.049929,0.000000,0.000000,-1.304468
2268,02 06 07 13 14 23,0.00687039,0.32001501,-2.216760,0.032351,-0.872699,0.299572,0.000000,0.000000,-0.187774
2269,04 08 10 14 24 33,0.00680178,0.55995408,1.223040,0.482308,0.734904,-0.574180,0.000000,0.000000,0.783880
2270,01 02 04 06 12 14,0.00677032,0.51077665,-0.305760,0.441987,-0.183726,0.674038,0.000000,0.000000,-3.428854
2271,04 10 12 14 23 33,0.00676247,0.37683901,-0.942760,-0.134051,-1.332014,0.174751,0.000000,0.000000,1.010682
2272,04 06 07 08 12 22,0.00675235,0.45760019,-0.178360,0.195708,-1.102357,0.299572,0.000000,0.000000,-0.965951
2273,04 10 14 18 24 33,0.00674787,0.58841494,1.350440,0.014540,0.734904,0.049929,0.000000,0.000000,0.756179
2274,02 04 08 10 12 33,0.00673432,0.60712799,1.223040,-0.323778,0.505247,0.798860,0.000000,0.000000,-0.307928
2275,01 08 13 14 23 33,0.00671336,0.40796339,0.076440,0.639287,-1.561672,-0.823824,0.000000,0.000000,0.918963
2276,01 10 13 14 18 33,0.00670994,0.54717467,1.350440,0.192020,-0.413384,-0.199715,0.000000,0.000000,0.803275
2277,01 04 07 10 23 33,0.00670283,0.39827048,-0.815360,-0.210996,-1.332014,0.424394,0.000000,0.000000,0.480983
2278,04 07 10 14 18 24,0.00669457,0.53336603,0.203840,-0.042087,0.734904,0.424394,0.000000,0.000000,-0.306781
2279,01 04 08 10 14 24,0.00667893,0.54962908,0.840840,0.897176,1.194220,-0.823824,0.000000,0.000000,-0.287020
2280,02 04 08 10 22 24,0.00666066,0.59078838,0.458640,0.196335,2.342508,0.174751,0.000000,0.000000,-0.542871
2281,01 04 07 08 23 33,0.00665215,0.42794078,-0.050960,-0.036282,-1.791329,0.174751,0.000000,0.000000,0.539070
2282,01 02 04 18 23 33,0.00663439,0.52239594,0.458640,-0.666359,-0.413384,0.923681,0.000000,0.000000,0.832944
2283,07 08 13 14 23 33,0.00657415,0.36323947,-0.687960,0.167792,-2.020987,-0.199715,0.000000,0.000000,0.895976
2284,02 06 13 14 18 33,0.00656438,0.54394550,0.968240,-0.183575,-0.183726,0.299572,0.000000,0.000000,0.772365
2285,02 04 08 14 23 24,0.00653260,0.46014904,-0.687960,0.242871,0.964562,-0.074893,0.000000,0.000000,0.100625
2286,01 06 07 08 12 13,0.00649658,0.51020574,0.458640,0.964541,-1.102357,-0.074893,0.000000,0.000000,-3.265228
2287,02 04 07 10 23 33,0.00647200,0.41954086,-1.197560,-0.844799,-0.413384,1.173325,0.000000,0.000000,0.760640
2288,04 07 10 12 14 23,0.00646650,0.32179010,-2.089360,-0.190678,-1.332014,0.549216,0.000000,0.000000,-0.088229
2289,01 04 10 14 18 24,0.00645864,0.57808995,0.968240,0.429407,1.194220,-0.199715,0.000000,0.000000,-0.339371
2290,02 10 13 18 23 24,0.00644932,0.52436299,-0.178360,-0.039365,1.883192,0.174751,0.000000,0.000000,0.523378
2291,06 10 12 13 23 33,0.00643758,0.38809254,-0.560560,0.309689,-1.102357,-0.449359,0.000000,0.000000,1.094152
2292,06 10 12 13 14 22,0.00642671,0.40795250,-0.815360,0.696563,-0.413384,-0.449359,0.000000,0.000000,-0.708967
2293,04 08 12 14 23 33,0.00638426,0.40650930,-0.178360,0.040663,-1.791329,-0.074893,0.000000,0.000000,1.020246
2294,04 06 07 08 14 24,0.00638306,0.48040562,0.076440,0.683889,0.045932,-0.449359,0.000000,0.000000,-0.656417
2295,02 07 10 13 14 23,0.00637258,0.34451455,-2.216760,-0.225857,-0.183726,0.549216,0.000000,0.000000,0.061674
2296,02 13 14 18 23 33,0.00636265,0.45769463,-0.178360,-0.462285,-0.643041,0.549216,0.000000,0.000000,1.161147
2297,04 06 12 14 18 33,0.00631838,0.52122104,1.095640,-0.148395,-1.332014,0.299572,0.000000,0.000000,0.572103
2298,04 06 10 12 23 24,0.00629969,0.41900782,-0.942760,0.547077,0.505247,-0.449359,0.000000,0.000000,-0.031691
2299,04 07 08 10 12 22,0.00628038,0.48209974,-0.178360,-0.062500,-0.413384,0.549216,0.000000,0.000000,-0.712675
2300,04 08 14 18 24 33,0.00626172,0.61808524,2.114840,0.189254,0.275589,-0.199715,0.000000,0.000000,0.749751
2301,01 04 10 12 14 23,0.00625957,0.36651401,-1.324960,0.280817,-0.872699,-0.074893,0.000000,0.000000,-0.116524
2302,02 06 07 10 12 13,0.00621950,0.50180581,-0.687960,0.156024,0.275589,0.923681,0.000000,0.000000,-3.058018
2303,01 02 06 13 14 23,0.00621351,0.36473892,-1.452360,0.503845,-0.413384,-0.324537,0.000000,0.000000,-0.282730
2304,01 06 10 12 13 23,0.00618180,0.37776755,-0.942760,0.724557,-0.643041,-0.699002,0.000000,0.000000,0.003559
2305,01 08 13 14 18 33,0.00617984,0.57684497,2.114840,0.366734,-0.872699,-0.449359,0.000000,0.000000,0.790334
2306,01 04 07 08 18 33,0.00617477,0.59682236,1.987440,-0.308835,-1.102357,0.549216,0.000000,0.000000,0.418759
2307,01 02 04 08 12 14,0.00616662,0.56494650,0.458640,0.358493,0.045932,0.674038,0.000000,0.000000,-3.129497
2308,02 07 13 14 18 23,0.00615672,0.40264572,-1.324960,-0.518912,-0.643041,0.923681,0.000000,0.000000,0.075577
2309,08 10 13 23 24 33,0.00611014,0.48495674,0.458640,0.647338,0.505247,-0.948646,0.000000,0.000000,1.231684
2310,07 08 13 14 18 33,0.00608772,0.53212105,1.350440,-0.104761,-1.332014,0.174751,0.000000,0.000000,0.774325
2311,02 04 06 07 23 33,0.00607907,0.39504131,-1.197560,-0.586591,-1.102357,0.923681,0.000000,0.000000,0.379225
2312,02 10 13 14 23 33,0.00604505,0.39956346,-1.070160,-0.169231,-0.183726,0.174751,0.000000,0.000000,1.068212
2313,01 02 07 12 14 24,0.00601702,0.47218298,-0.815360,-0.209623,0.964562,0.549216,0.000000,0.000000,-0.066602
2314,01 07 08 13 14 23,0.00599356,0.35291448,-1.070160,0.582660,-1.561672,-0.449359,0.000000,0.000000,-0.242739
2315,04 07 12 14 18 23,0.00599030,0.37992126,-1.197560,-0.483732,-1.791329,0.923681,0.000000,0.000000,-0.112897
2316,01 04 07 10 18 33,0.00597752,0.56715206,1.223040,-0.483549,-0.643041,0.798860,0.000000,0.000000,0.323939
2317,01 04 08 12 18 22,0.00597258,0.58495482,1.477840,0.115941,-0.413384,0.299572,0.000000,0.000000,-0.710032
2318,01 06 08 13 14 33,0.00594422,0.49421426,1.223040,0.917996,-1.102357,-1.073468,0.000000,0.000000,0.386344
2319,06 08 12 13 23 33,0.00593259,0.41776284,0.203840,0.484403,-1.561672,-0.699002,0.000000,0.000000,1.084933
2320,01 06 12 13 18 23,0.00592648,0.43589871,-0.050960,0.431503,-1.102357,-0.324537,0.000000,0.000000,0.011614
2321,06 07 08 13 18 24,0.00591258,0.57428986,1.350440,0.576367,0.505247,-0.449359,0.000000,0.000000,-0.225433
2322,01 02 04 10 12 14,0.00586976,0.53527620,-0.305760,0.183779,0.505247,0.923681,0.000000,0.000000,-3.239075
2323,06 08 12 13 14 22,0.00585893,0.43762279,-0.050960,0.871277,-0.872699,-0.699002,0.000000,0.000000,-0.727489
2324,01 02 13 14 18 23,0.00585472,0.44736963,-0.560560,-0.047417,-0.183726,0.299572,0.000000,0.000000,0.033196
2325,04 07 08 12 14 23,0.00580631,0.35146040,-1.324960,-0.015964,-1.791329,0.299572,0.000000,0.000000,-0.120442
2326,04 06 07 18 22 33,0.00580548,0.49394355,0.586040,-0.541239,-1.332014,0.674038,0.000000,0.000000,1.006673
2327,02 07 12 14 24 33,0.00580214,0.48250797,-0.433160,-0.624490,0.505247,0.798860,0.000000,0.000000,0.954263
2328,08 13 18 23 24 33,0.00575691,0.54308790,1.350440,0.354284,0.045932,-0.574180,0.000000,0.000000,1.225235
2329,01 02 06 10 12 13,0.00571413,0.54652973,0.076440,0.627519,0.734904,0.299572,0.000000,0.000000,-3.130527
2330,01 08 10 13 18 24,0.00566959,0.64351333,2.114840,0.789654,1.653535,-0.823824,0.000000,0.000000,0.064130
2331,01 04 07 18 22 23,0.00566668,0.39736768,-0.942760,-0.405081,-1.332014,0.674038,0.000000,0.000000,0.352079
2332,01 04 08 14 18 24,0.00563963,0.60776025,1.732640,0.604121,0.734904,-0.449359,0.000000,0.000000,-0.395113
2333,10 13 18 23 24 33,0.00560176,0.51341761,0.586040,0.179570,0.505247,-0.324537,0.000000,0.000000,1.136652
2334,02 08 13 14 23 33,0.00553378,0.42923376,-0.305760,0.005483,-0.643041,-0.074893,0.000000,0.000000,1.058062
2335,01 02 04 07 18 23,0.00553136,0.46734703,-0.687960,-0.722986,-0.413384,1.298147,0.000000,0.000000,-0.385536
2336,02 06 12 13 14 18,0.00552213,0.53606300,0.331240,0.085604,0.045932,0.549216,0.000000,0.000000,-1.514667
2337,07 08 13 18 23 24,0.00551901,0.48803899,0.203840,0.297657,0.045932,-0.199715,0.000000,0.000000,0.134927
2338,01 04 08 12 14 23,0.00551701,0.39618431,-0.560560,0.455531,-1.332014,-0.324537,0.000000,0.000000,-0.160939
2339,02 04 06 08 22 24,0.00547710,0.56628883,0.458640,0.454543,1.653535,-0.074893,0.000000,0.000000,-1.041419
2340,04 06 08 12 23 24,0.00547432,0.44867812,-0.178360,0.721791,0.045932,-0.699002,0.000000,0.000000,-0.088376
2341,02 08 10 13 23 24,0.00539775,0.49590212,-0.305760,0.428403,1.883192,-0.449359,0.000000,0.000000,0.387299
2342,02 04 07 08 23 33,0.00536777,0.44921115,-0.433160,-0.670085,-0.872699,0.923681,0.000000,0.000000,0.662642
2343,01 07 08 10 12 13,0.00532256,0.53470529,0.458640,0.706333,-0.413384,0.174751,0.000000,0.000000,-3.115962
2344,08 10 13 18 24 33,0.00531448,0.65383832,2.497040,0.374786,1.194220,-0.574180,0.000000,0.000000,1.064219
2345,01 06 08 12 13 23,0.00531247,0.40743784,-0.178360,0.899271,-1.102357,-0.948646,0.000000,0.000000,-0.059638
2346,01 02 04 10 23 33,0.00531213,0.46426477,-0.433160,-0.373304,0.045932,0.549216,0.000000,0.000000,0.591164
2347,02 08 13 18 23 24,0.00529491,0.55403329,0.586040,0.135349,1.423877,-0.074893,0.000000,0.000000,0.417944
2348,01 02 12 14 24 33,0.00529043,0.52723189,0.331240,-0.152996,0.964562,0.174751,0.000000,0.000000,0.880814
2349,04 10 12 18 23 24,0.00522499,0.50163853,-0.050960,-0.004185,0.734904,0.174751,0.000000,0.000000,0.178171
2350,06 07 08 13 23 24,0.00522204,0.40540828,-0.687960,0.848919,-0.183726,-0.823824,0.000000,0.000000,-0.278152
2351,01 04 06 22 23 33,0.00518618,0.36978588,-0.687960,0.202809,-1.561672,-0.324537,0.000000,0.000000,0.966871
2352,06 07 08 10 13 24,0.00514539,0.51615870,0.458640,0.869421,0.964562,-0.823824,0.000000,0.000000,-0.384977
2353,01 02 07 08 13 18,0.00503824,0.61166433,1.223040,-0.074836,0.275589,0.798860,0.000000,0.000000,-1.718425
2354,07 08 10 13 23 24,0.00503717,0.42990783,-0.687960,0.590711,0.505247,-0.574180,0.000000,0.000000,0.017659
2355,01 02 04 07 10 23,0.00501797,0.40921586,-1.579760,-0.429931,0.045932,0.923681,0.000000,0.000000,-0.507478
2356,06 10 12 13 18 33,0.00496576,0.55697412,1.477840,0.037137,-0.413384,-0.074893,0.000000,0.000000,0.826512
2357,04 07 10 22 23 33,0.00494507,0.34956151,-1.452360,-0.526894,-1.332014,0.549216,0.000000,0.000000,1.251987
2358,02 04 06 14 18 24,0.00491648,0.57486078,0.586040,0.053812,1.423877,0.299572,0.000000,0.000000,-0.577191
2359,01 02 10 13 14 23,0.00490396,0.38923847,-1.452360,0.245637,0.275589,-0.074893,0.000000,0.000000,-0.153544
2360,04 07 18 22 23 33,0.00487989,0.40769268,-0.560560,-0.819949,-1.791329,0.923681,0.000000,0.000000,1.288212
2361,02 04 06 07 18 33,0.00484359,0.56392289,0.840840,-0.859144,-0.413384,1.298147,0.000000,0.000000,0.146600
2362,04 08 12 18 23 24,0.00483108,0.53130883,0.713440,0.170529,0.275589,-0.074893,0.000000,0.000000,0.185409
2363,02 04 07 10 18 33,0.00477699,0.58842244,0.840840,-1.117352,0.275589,1.547790,0.000000,0.000000,0.459933
2364,02 06 10 13 14 33,0.00475648,0.48581433,0.076440,0.109479,0.275589,-0.074893,0.000000,0.000000,0.458637
2365,01 10 12 13 18 23,0.00471705,0.46039826,-0.050960,0.173295,-0.413384,-0.074893,0.000000,0.000000,0.155634
2366,04 06 07 10 22 33,0.00471249,0.43581238,-0.305760,-0.248184,-0.872699,0.299572,0.000000,0.000000,0.798861
2367,07 08 10 13 18 24,0.00470243,0.59878941,1.350440,0.318159,1.194220,-0.199715,0.000000,0.000000,-0.081520
2368,01 04 06 18 22 33,0.00469709,0.53866746,1.350440,-0.069744,-0.872699,0.049929,0.000000,0.000000,0.844825
2369,01 02 06 08 12 13,0.00468440,0.57620003,0.840840,0.802233,0.275589,0.049929,0.000000,0.000000,-3.217488
2370,08 12 13 14 22 23,0.00467655,0.35137192,-1.197560,0.592567,-1.332014,-0.449359,0.000000,0.000000,-0.483994
2371,01 06 13 14 22 23,0.00462686,0.29475958,-1.707160,0.821750,-1.332014,-0.948646,0.000000,0.000000,0.199769
2372,02 10 13 14 18 33,0.00455753,0.56844505,0.968240,-0.441783,0.505247,0.549216,0.000000,0.000000,0.798245
2373,02 07 08 13 14 23,0.00453839,0.37418485,-1.452360,-0.051143,-0.643041,0.299572,0.000000,0.000000,-0.144470
2374,02 04 06 12 18 22,0.00452092,0.55205535,0.331240,-0.434368,0.275589,1.048503,0.000000,0.000000,-1.000040
2375,02 04 06 07 12 18,0.00445220,0.55604040,0.203840,-0.589965,-0.183726,1.547790,0.000000,0.000000,-2.044006
2376,06 08 12 13 18 33,0.00444507,0.58664442,2.242240,0.211851,-0.872699,-0.324537,0.000000,0.000000,0.814967
2377,06 13 14 18 22 33,0.00444447,0.47396615,0.713440,0.134330,-1.102357,-0.324537,0.000000,0.000000,1.175860
2378,01 02 04 06 23 33,0.00443259,0.43976523,-0.433160,-0.115096,-0.643041,0.299572,0.000000,0.000000,0.137658
2379,06 07 12 13 14 18,0.00440904,0.47006871,-0.050960,0.247912,-1.332014,0.424394,0.000000,0.000000,-1.995794
2380,02 04 07 10 12 18,0.00438754,0.58053995,0.203840,-0.848173,0.505247,1.797434,0.000000,0.000000,-1.730386
2381,01 04 07 10 22 23,0.00438531,0.33923652,-1.834560,-0.112027,-0.872699,0.299572,0.000000,0.000000,0.116358
2382,04 06 07 22 23 33,0.00435723,0.32506196,-1.452360,-0.268686,-2.020987,0.299572,0.000000,0.000000,0.841697
2383,02 04 06 10 14 24,0.00432603,0.51672961,-0.305760,0.346867,1.883192,-0.074893,0.000000,0.000000,-0.710550
2384,04 10 12 14 18 33,0.00430526,0.54572059,1.095640,-0.406603,-0.643041,0.549216,0.000000,0.000000,0.597053
2385,06 10 13 14 22 33,0.00425550,0.41583499,-0.178360,0.427384,-0.643041,-0.699002,0.000000,0.000000,1.101981
2386,01 08 10 13 14 33,0.00425458,0.51871380,1.223040,0.659788,-0.413384,-0.823824,0.000000,0.000000,0.459219
2387,01 04 06 07 10 33,0.00422213,0.48452135,0.331240,0.067714,-0.872699,0.174751,0.000000,0.000000,-0.305210
2388,01 02 04 08 23 33,0.00407832,0.49393507,0.331240,-0.198590,-0.413384,0.299572,0.000000,0.000000,0.473968
2389,06 07 12 13 18 23,0.00406768,0.39117479,-0.815360,-0.039992,-1.561672,0.299572,0.000000,0.000000,-0.266135
2390,01 04 10 22 23 33,0.00406205,0.39428543,-0.687960,-0.055400,-0.872699,-0.074893,0.000000,0.000000,1.123527
2391,08 12 13 18 23 33,0.00404615,0.50039355,1.095640,-0.066859,-1.332014,-0.074893,0.000000,0.000000,1.174534
2392,01 02 08 13 14 23,0.00404409,0.41890877,-0.687960,0.420351,-0.183726,-0.324537,0.000000,0.000000,-0.215339
2393,02 08 13 14 18 33,0.00403057,0.59811534,1.732640,-0.267069,0.045932,0.299572,0.000000,0.000000,0.785770
2394,04 06 14 22 23 24,0.00401929,0.33599985,-1.707160,0.644270,-0.183726,-0.699002,0.000000,0.000000,0.057040
2395,01 04 18 22 23 33,0.00396318,0.45241659,0.203840,-0.348454,-1.332014,0.299572,0.000000,0.000000,1.154761
2396,01 07 12 14 22 24,0.00396230,0.40220364,-1.070160,0.108282,0.045932,-0.074893,0.000000,0.000000,0.346551
2397,02 04 07 08 18 33,0.00392070,0.61809274,1.605240,-0.942638,-0.183726,1.298147,0.000000,0.000000,0.398668
2398,04 08 12 14 18 33,0.00391135,0.57539089,1.860040,-0.231889,-1.102357,0.299572,0.000000,0.000000,0.604291
2399,06 13 14 22 23 33,0.00388862,0.30508457,-1.324960,0.406882,-1.791329,-0.699002,0.000000,0.000000,1.143095
2400,02 06 08 10 13 24,0.00382408,0.58215299,0.840840,0.707113,2.342508,-0.699002,0.000000,0.000000,-0.264514
2401,02 06 08 13 14 33,0.00381379,0.51548463,0.840840,0.284193,-0.183726,-0.324537,0.000000,0.000000,0.384571
2402,10 12 13 18 23 33,0.00379876,0.47072325,0.331240,-0.241573,-0.872699,0.174751,0.000000,0.000000,1.072285
2403,04 08 10 12 23 24,0.00378786,0.47317767,-0.178360,0.463583,0.734904,-0.449359,0.000000,0.000000,-0.015029
2404,01 08 12 13 18 23,0.00377904,0.49006856,0.713440,0.348009,-0.872699,-0.324537,0.000000,0.000000,0.082261
2405,06 07 10 12 13 23,0.00375088,0.33304363,-1.707160,0.253062,-1.102357,-0.074893,0.000000,0.000000,-0.358952
2406,02 06 10 12 13 23,0.00375066,0.39903792,-1.324960,0.090754,0.275589,0.049929,0.000000,0.000000,-0.042765
2407,06 08 13 14 22 33,0.00362373,0.44550529,0.586040,0.602098,-1.102357,-0.948646,0.000000,0.000000,1.073979
2408,02 04 06 10 12 22,0.00361646,0.49392418,-0.560560,-0.141314,0.734904,0.674038,0.000000,0.000000,-1.179921
2409,02 06 08 13 18 24,0.00359739,0.64028416,1.732640,0.414058,1.883192,-0.324537,0.000000,0.000000,-0.252216
2410,02 04 07 08 12 18,0.00359525,0.61021024,0.968240,-0.673459,0.045932,1.547790,0.000000,0.000000,-1.782170
2411,01 02 04 10 18 33,0.00357002,0.63314636,1.605240,-0.645857,0.734904,0.923681,0.000000,0.000000,0.283480
2412,01 13 14 18 22 23,0.00353244,0.37739029,-0.815360,0.270488,-1.102357,-0.324537,0.000000,0.000000,0.406709
2413,02 06 10 13 18 24,0.00349910,0.61061386,0.968240,0.239344,2.342508,-0.074893,0.000000,0.000000,-0.332375
2414,04 07 08 18 22 33,0.00348554,0.54811339,1.350440,-0.624733,-1.102357,0.674038,0.000000,0.000000,1.051764
2415,02 06 12 13 18 23,0.00348278,0.45716909,-0.433160,-0.202300,-0.183726,0.424394,0.000000,0.000000,-0.036571
2416,01 02 04 06 18 33,0.00344097,0.60864681,1.605240,-0.387649,0.045932,0.674038,0.000000,0.000000,-0.058840
2417,01 04 06 10 22 33,0.00343847,0.48053630,0.458640,0.223310,-0.413384,-0.324537,0.000000,0.000000,0.612473
2418,04 14 18 22 23 24,0.00339679,0.41863056,-0.815360,0.093008,0.045932,-0.074893,0.000000,0.000000,0.333897
2419,07 10 12 13 14 18,0.00338242,0.49456826,-0.050960,-0.010296,-0.643041,0.674038,0.000000,0.000000,-1.824692
2420,02 04 12 14 18 23,0.00334577,0.44591555,-0.815360,-0.646040,-0.413384,1.048503,0.000000,0.000000,-0.188473
2421,06 10 13 22 23 24,0.00334017,0.37175293,-1.324960,0.829802,0.734904,-1.073468,0.000000,0.000000,0.411231
2422,01 02 04 06 12 18,0.00332640,0.60076431,0.968240,-0.118470,0.275589,0.923681,0.000000,0.000000,-2.208435
2423,13 14 18 22 23 24,0.00332361,0.42252714,-0.815360,0.545942,0.045932,-0.324537,0.000000,0.000000,-0.906905
2424,04 06 10 12 14 33,0.00330496,0.46308988,0.203840,0.144659,-0.872699,-0.074893,0.000000,0.000000,0.079772
2425,02 06 07 08 12 13,0.00330443,0.53147611,0.076440,0.330738,-0.183726,0.674038,0.000000,0.000000,-3.424298
2426,01 04 08 22 23 33,0.00330173,0.42395573,0.076440,0.119314,-1.332014,-0.324537,0.000000,0.000000,1.076481
2427,04 06 14 18 22 24,0.00325106,0.50488143,0.331240,0.371717,0.505247,-0.324537,0.000000,0.000000,-0.106362
2428,02 04 10 12 18 22,0.00321146,0.57655489,0.331240,-0.692576,0.964562,1.298147,0.000000,0.000000,-0.870840
2429,04 07 08 22 23 33,0.00321043,0.37923181,-0.687960,-0.352180,-1.791329,0.299572,0.000000,0.000000,1.060591
2430,07 08 10 13 14 33,0.00318113,0.47398989,0.458640,0.188294,-0.872699,-0.199715,0.000000,0.000000,0.297823
2431,04 10 14 22 23 24,0.00315509,0.36049940,-1.707160,0.386062,0.505247,-0.449359,0.000000,0.000000,0.252206
2432,02 04 07 18 22 23,0.00308992,0.41863806,-1.324960,-1.038884,-0.413384,1.422969,0.000000,0.000000,0.284181
2433,02 10 12 13 14 18,0.00308801,0.56056255,0.331240,-0.172604,0.734904,0.798860,0.000000,0.000000,-1.552090
2434,01 06 13 14 18 22,0.00308604,0.46364116,0.331240,0.549198,-0.643041,-0.574180,0.000000,0.000000,-0.078094
2435,06 07 08 13 14 33,0.00308124,0.44949034,0.458640,0.446502,-1.561672,-0.449359,0.000000,0.000000,-0.040178
2436,02 08 12 13 14 18,0.00305426,0.59023285,1.095640,0.002110,0.275589,0.549216,0.000000,0.000000,-1.491494
2437,01 04 06 07 22 23,0.00305130,0.31473697,-1.834560,0.146182,-1.561672,0.049929,0.000000,0.000000,-0.404480
2438,04 07 10 18 22 33,0.00304916,0.51844309,0.586040,-0.799447,-0.643041,0.923681,0.000000,0.000000,0.921517
2439,02 04 10 14 18 24,0.00302139,0.59936033,0.586040,-0.204396,2.112850,0.549216,0.000000,0.000000,-0.534754
2440,01 04 06 07 18 22,0.00299616,0.48361855,0.203840,-0.126371,-0.872699,0.424394,0.000000,0.000000,-0.462236
2441,02 04 06 12 14 23,0.00295648,0.36328484,-1.707160,-0.094778,-0.643041,0.424394,0.000000,0.000000,-0.615231
2442,08 12 13 14 18 22,0.00292449,0.52025351,0.840840,0.320015,-0.643041,-0.074893,0.000000,0.000000,-0.793153
2443,02 06 08 12 13 23,0.00288447,0.42870822,-0.560560,0.265468,-0.183726,-0.199715,0.000000,0.000000,-0.105498
2444,01 10 13 14 22 23,0.00288223,0.31925913,-1.707160,0.563542,-0.643041,-0.699002,0.000000,0.000000,0.264497
2445,04 06 10 12 18 24,0.00281514,0.58788940,1.095640,0.274524,1.194220,-0.074893,0.000000,0.000000,-0.597524
2446,01 02 07 22 24 33,0.00272533,0.49995440,-0.178360,-0.545839,0.964562,0.549216,0.000000,0.000000,1.011345
2447,06 13 18 22 23 24,0.00271409,0.42988410,-0.433160,0.536748,0.275589,-0.699002,0.000000,0.000000,0.364358
2448,01 06 10 13 14 22,0.00270041,0.40551000,-0.560560,0.842252,-0.183726,-0.948646,0.000000,0.000000,-0.181108
2449,04 08 14 22 23 24,0.00265010,0.39016970,-0.942760,0.560776,0.045932,-0.699002,0.000000,0.000000,0.242987
2450,02 04 06 08 12 22,0.00262440,0.52359448,0.203840,0.033400,0.275589,0.424394,0.000000,0.000000,-1.261301
2451,01 02 04 08 18 33,0.00258415,0.66281665,2.369640,-0.471143,0.275589,0.674038,0.000000,0.000000,0.203017
2452,07 10 12 13 18 23,0.00255892,0.41567434,-0.815360,-0.298200,-0.872699,0.549216,0.000000,0.000000,-0.166462
2453,01 04 06 07 10 22,0.00255679,0.42548739,-0.687960,0.166683,-0.413384,0.049929,0.000000,0.000000,-0.573212
2454,04 06 10 14 22 24,0.00254650,0.44675027,-0.560560,0.664772,0.964562,-0.699002,0.000000,0.000000,-0.256627
2455,01 02 04 08 12 18,0.00253551,0.65493416,1.732640,-0.201964,0.505247,0.923681,0.000000,0.000000,-1.936810
2456,01 08 10 12 13 23,0.00252733,0.43193739,-0.178360,0.641063,-0.413384,-0.699002,0.000000,0.000000,-0.149065
2457,02 04 08 12 18 22,0.00248147,0.60622519,1.095640,-0.517862,0.505247,1.048503,0.000000,0.000000,-0.913395
2458,04 06 08 12 14 33,0.00247958,0.49276017,0.968240,0.319373,-1.332014,-0.324537,0.000000,0.000000,0.023087
2459,08 10 12 13 23 33,0.00241735,0.44226239,0.203840,0.226195,-0.872699,-0.449359,0.000000,0.000000,0.887340
2460,01 02 04 10 12 18,0.00240072,0.62526386,0.968240,-0.376678,0.964562,1.173325,0.000000,0.000000,-2.022377
2461,04 07 08 10 22 33,0.00235073,0.48998223,0.458640,-0.331678,-0.643041,0.299572,0.000000,0.000000,0.837756
2462,01 04 07 08 22 23,0.00231403,0.36890682,-1.070160,0.062687,-1.332014,0.049929,0.000000,0.000000,-0.124912
2463,07 12 14 22 24 33,0.00228065,0.41252863,-0.687960,-0.306585,-0.413384,0.174751,0.000000,0.000000,1.150109
2464,01 02 08 10 12 13,0.00227782,0.60069958,0.840840,0.544025,0.964562,0.299572,0.000000,0.000000,-3.250831
2465,01 04 06 08 22 33,0.00224294,0.51020660,1.223040,0.398024,-0.872699,-0.574180,0.000000,0.000000,0.500949
2466,02 04 08 14 18 24,0.00220552,0.62903062,1.350440,-0.029682,1.653535,0.299572,0.000000,0.000000,-0.590030
2467,02 04 08 10 14 24,0.00220070,0.57089946,0.458640,0.263373,2.112850,-0.074893,0.000000,0.000000,-0.636626
2468,02 07 08 10 12 13,0.00218779,0.55597566,0.076440,0.072530,0.505247,0.923681,0.000000,0.000000,-3.266532
2469,02 06 13 14 22 23,0.00217374,0.31602995,-2.089360,0.187947,-0.413384,-0.199715,0.000000,0.000000,0.150189
2470,02 04 06 08 14 24,0.00215993,0.54639991,0.458640,0.521581,1.423877,-0.324537,0.000000,0.000000,-0.965867
2471,01 04 07 08 10 33,0.00214090,0.53869120,1.095640,-0.015780,-0.643041,0.174751,0.000000,0.000000,-0.224753
2472,01 04 10 18 22 33,0.00211905,0.56316701,1.350440,-0.327952,-0.183726,0.299572,0.000000,0.000000,0.786080
2473,02 08 10 13 14 33,0.00211787,0.53998418,0.840840,0.025985,0.505247,-0.074893,0.000000,0.000000,0.456516
2474,01 08 13 14 22 23,0.00211503,0.34892943,-0.942760,0.738256,-1.102357,-0.948646,0.000000,0.000000,0.216431
2475,02 10 12 13 18 23,0.00204882,0.48166863,-0.433160,-0.460508,0.505247,0.674038,0.000000,0.000000,0.074184
2476,01 02 04 07 08 23,0.00204252,0.43888616,-0.815360,-0.255217,-0.413384,0.674038,0.000000,0.000000,-0.882704
2477,02 04 08 12 14 23,0.00198312,0.41745469,-0.942760,-0.178272,-0.413384,0.424394,0.000000,0.000000,-0.370640
2478,04 06 08 12 18 24,0.00197406,0.61755970,1.860040,0.449238,0.734904,-0.324537,0.000000,0.000000,-0.656535
2479,02 08 10 13 18 24,0.00193287,0.66478370,1.732640,0.155850,2.572165,-0.074893,0.000000,0.000000,-0.175620
2480,02 04 06 22 23 33,0.00184718,0.39105626,-1.070160,-0.430995,-0.643041,0.424394,0.000000,0.000000,0.786044
2481,02 04 07 10 22 23,0.00182111,0.36050690,-2.216760,-0.745830,0.045932,1.048503,0.000000,0.000000,0.050320
2482,01 12 14 22 24 33,0.00180412,0.45725255,0.076440,0.164909,0.045932,-0.449359,0.000000,0.000000,1.081872
2483,02 04 10 22 23 33,0.00177344,0.41555580,-1.070160,-0.689203,0.045932,0.674038,0.000000,0.000000,1.098320
2484,01 02 04 06 07 23,0.00175615,0.38471632,-1.579760,-0.171723,-0.643041,0.674038,0.000000,0.000000,-1.313926
2485,10 12 13 14 22 23,0.00173007,0.32170163,-1.961960,0.417853,-0.872699,-0.199715,0.000000,0.000000,-0.986120
2486,01 06 08 13 14 22,0.00172005,0.43518030,0.203840,1.016966,-0.643041,-1.198289,0.000000,0.000000,-0.260756
2487,07 10 13 14 22 23,0.00170423,0.27453521,-2.471560,0.092047,-1.102357,-0.074893,0.000000,0.000000,0.087610
2488,02 04 10 12 14 23,0.00166585,0.38778439,-1.707160,-0.352986,0.045932,0.674038,0.000000,0.000000,-0.483240
2489,02 04 18 22 23 33,0.00166201,0.47368697,-0.178360,-0.982257,-0.413384,1.048503,0.000000,0.000000,1.127693
2490,01 10 13 14 18 22,0.00165470,0.48814071,0.331240,0.290990,0.045932,-0.324537,0.000000,0.000000,0.033049
2491,06 08 13 22 23 24,0.00165172,0.40142323,-0.560560,1.004516,0.275589,-1.323111,0.000000,0.000000,0.226679
2492,04 06 07 08 22 33,0.00163163,0.46548268,0.458640,-0.073470,-1.332014,0.049929,0.000000,0.000000,0.408018
2493,08 13 14 18 22 33,0.00158258,0.52813600,1.477840,0.050836,-0.872699,-0.324537,0.000000,0.000000,1.140660
2494,02 04 08 10 12 22,0.00150369,0.54809403,0.203840,-0.224808,0.964562,0.674038,0.000000,0.000000,-1.104137
2495,01 04 06 18 23 24,0.00149998,0.47469648,0.203840,0.399711,0.275589,-0.574180,0.000000,0.000000,0.383022
2496,10 13 14 18 22 33,0.00146197,0.49846570,0.713440,-0.123878,-0.413384,-0.074893,0.000000,0.000000,1.057194
2497,02 04 06 18 22 33,0.00144507,0.55993784,0.968240,-0.703547,0.045932,0.798860,0.000000,0.000000,0.676884
2498,01 04 08 18 22 33,0.00141640,0.59283731,2.114840,-0.153238,-0.643041,0.049929,0.000000,0.000000,0.747576
2499,07 13 14 18 22 23,0.00137878,0.33266637,-1.579760,-0.201007,-1.561672,0.299572,0.000000,0.000000,0.085276
2500,04 06 07 14 23 33,0.00134121,0.30517304,-1.452360,-0.201649,-2.250645,0.049929,0.000000,0.000000,0.961864
2501,01 02 04 07 10 14,0.00131603,0.48810978,-0.815360,-0.142027,0.275589,1.048503,0.000000,0.000000,-2.836165
2502,04 06 12 14 22 23,0.00130435,0.29330550,-1.961960,0.223127,-1.561672,-0.199715,0.000000,0.000000,-0.142433
2503,08 10 13 14 22 33,0.00128881,0.47000484,0.586040,0.343890,-0.413384,-0.699002,0.000000,0.000000,1.051254
2504,01 04 08 10 22 33,0.00126291,0.53470615,1.223040,0.139816,-0.183726,-0.324537,0.000000,0.000000,0.678954
2505,06 10 13 18 22 24,0.00124566,0.54063451,0.713440,0.557249,1.423877,-0.699002,0.000000,0.000000,0.051336
2506,01 06 10 12 13 14,0.00123909,0.45666146,-0.178360,1.012461,-0.413384,-0.574180,0.000000,0.000000,-2.508951
2507,01 06 07 13 14 18,0.00116910,0.46762621,0.203840,0.393601,-1.102357,-0.074893,0.000000,0.000000,-1.395879
2508,12 13 14 18 22 23,0.00116594,0.37983279,-1.070160,0.124799,-1.332014,0.174751,0.000000,0.000000,-1.023816
2509,06 07 10 13 14 22,0.00115854,0.36078608,-1.324960,0.370757,-0.643041,-0.324537,0.000000,0.000000,-0.411904
2510,07 08 12 13 18 23,0.00114673,0.44534464,-0.050960,-0.123486,-1.332014,0.299572,0.000000,0.000000,-0.310085
2511,06 07 13 14 18 22,0.00112327,0.41891724,-0.433160,0.077703,-1.102357,0.049929,0.000000,0.000000,-0.371248
2512,02 13 14 18 22 23,0.00103317,0.39866067,-1.197560,-0.363315,-0.183726,0.424394,0.000000,0.000000,0.350292
2513,02 04 08 22 23 33,0.00101627,0.44522610,-0.305760,-0.514489,-0.413384,0.424394,0.000000,0.000000,1.051739
2514,08 13 14 22 23 33,0.00101103,0.35925442,-0.560560,0.323388,-1.561672,-0.699002,0.000000,0.000000,1.105569
2515,06 07 13 14 22 23,0.00100739,0.25003566,-2.471560,0.350255,-1.791329,-0.324537,0.000000,0.000000,-0.338828
2516,10 12 13 14 18 22,0.00098711,0.49058321,0.076440,0.145301,-0.183726,0.174751,0.000000,0.000000,-1.145779
2517,02 08 12 13 18 23,0.00098665,0.51133893,0.331240,-0.285794,0.045932,0.424394,0.000000,0.000000,-0.017584
2518,06 07 08 12 13 23,0.00098046,0.36271393,-0.942760,0.427776,-1.561672,-0.324537,0.000000,0.000000,-0.703801
2519,01 04 07 08 18 22,0.00096331,0.53778840,0.968240,-0.209865,-0.643041,0.424394,0.000000,0.000000,-0.374611
2520,08 10 12 13 18 33,0.00096123,0.61114397,2.242240,-0.046357,-0.183726,-0.074893,0.000000,0.000000,0.622025
2521,04 12 14 18 22 23,0.00095637,0.37593621,-1.070160,-0.328135,-1.332014,0.424394,0.000000,0.000000,0.175096
2522,02 04 06 07 10 33,0.00092708,0.50579173,-0.050960,-0.566089,0.045932,0.923681,0.000000,0.000000,-0.479525
2523,07 08 12 13 14 18,0.00088530,0.52423856,0.713440,0.164418,-1.102357,0.424394,0.000000,0.000000,-2.129051
2524,10 13 14 22 23 33,0.00087472,0.32958412,-1.324960,0.148674,-1.102357,-0.449359,0.000000,0.000000,1.019777
2525,04 08 10 12 14 33,0.00079312,0.51725972,0.968240,0.061165,-0.643041,-0.074893,0.000000,0.000000,0.096433
2526,04 10 14 18 22 24,0.00073412,0.52938098,0.331240,0.113509,1.194220,-0.074893,0.000000,0.000000,-0.156053
2527,08 10 12 13 14 22,0.00071650,0.46212234,-0.050960,0.613069,-0.183726,-0.449359,0.000000,0.000000,-1.166156
2528,01 07 10 13 14 18,0.00070897,0.49212576,0.203840,0.135393,-0.413384,0.174751,0.000000,0.000000,-1.140850
2529,06 08 13 18 22 24,0.00059819,0.57030481,1.477840,0.731963,0.964562,-0.948646,0.000000,0.000000,0.021009
2530,01 08 13 14 18 22,0.00058991,0.51781101,1.095640,0.465704,-0.413384,-0.574180,0.000000,0.000000,-0.059107
2531,04 06 08 14 22 24,0.00056915,0.47642057,0.203840,0.839486,0.505247,-0.948646,0.000000,0.000000,-0.483980
2532,02 07 12 14 22 24,0.00056170,0.42347401,-1.452360,-0.525521,0.964562,0.674038,0.000000,0.000000,0.156599
2533,01 04 07 08 10 22,0.00051009,0.47965724,0.076440,0.083189,-0.183726,0.049929,0.000000,0.000000,-0.487639
2534,01 04 07 10 18 22,0.00042774,0.50811810,0.203840,-0.384579,-0.183726,0.674038,0.000000,0.000000,-0.519555
2535,01 06 08 12 13 14,0.00034151,0.48633176,0.586040,1.187175,-0.872699,-0.823824,0.000000,0.000000,-2.576335
2536,04 08 10 12 18 24,0.00031901,0.64205925,1.860040,0.191030,1.423877,-0.074893,0.000000,0.000000,-0.578537
2537,04 08 14 18 22 24,0.00021344,0.55905128,1.095640,0.288223,0.734904,-0.324537,0.000000,0.000000,-0.167598
2538,02 10 13 14 22 23,0.00020458,0.34052950,-2.089360,-0.070261,0.275589,0.049929,0.000000,0.000000,0.181651
2539,02 04 06 10 22 33,0.00019900,0.50180667,0.076440,-0.410493,0.505247,0.424394,0.000000,0.000000,0.446393
2540,01 02 04 18 22 23,0.00018475,0.46336198,-0.560560,-0.567389,0.045932,0.798860,0.000000,0.000000,-0.143866
2541,01 04 06 14 23 33,0.00014577,0.34989696,-0.687960,0.269846,-1.791329,-0.574180,0.000000,0.000000,0.787119
2542,01 04 06 10 23 24,0.00010454,0.41656532,-0.687960,0.692766,0.734904,-0.948646,0.000000,0.000000,0.130401
2543,01 08 10 13 14 22,0.00009948,0.45967984,0.203840,0.758758,0.045932,-0.948646,0.000000,0.000000,-0.177648
2544,02 08 10 12 13 23,0.00009305,0.45320777,-0.560560,0.007260,0.505247,0.049929,0.000000,0.000000,-0.195855
2545,04 06 10 23 24 33,0.00008834,0.42689031,-0.305760,0.277898,0.275589,-0.699002,0.000000,0.000000,1.180699
2546,04 08 10 14 22 24,0.00003153,0.50092012,0.203840,0.581278,1.194220,-0.699002,0.000000,0.000000,-0.240430
2547,01 04 06 07 08 33,0.00001765,0.51419165,1.095640,0.242428,-1.332014,-0.074893,0.000000,0.000000,-0.862520
2548,04 06 18 23 24 33,0.00001126,0.48502148,0.586040,-0.015156,-0.183726,-0.324537,0.000000,0.000000,1.215162
2549,04 08 12 14 22 23,-0.00002717,0.34747534,-1.197560,0.139633,-1.332014,-0.199715,0.000000,0.000000,0.049096
2550,06 08 10 13 22 24,-0.00006337,0.51217365,0.586040,1.025018,1.423877,-1.323111,0.000000,0.000000,-0.122885
2551,02 04 10 18 22 33,-0.00008257,0.58443739,0.968240,-0.961755,0.734904,1.048503,0.000000,0.000000,0.773759
2552,04 06 07 14 18 33,-0.00020910,0.47405462,0.586040,-0.474201,-1.561672,0.424394,0.000000,0.000000,0.682595
2553,01 02 07 12 22 33,-0.00024725,0.45726004,-0.433160,-0.966982,-0.413384,1.048503,0.000000,0.000000,0.773703
2554,01 04 06 07 08 22,-0.00028194,0.45515769,0.076440,0.341397,-0.872699,-0.199715,0.000000,0.000000,-0.928182
2555,01 02 04 06 07 14,-0.00028376,0.46361023,-0.815360,0.116181,-0.413384,0.798860,0.000000,0.000000,-3.396379
2556,04 07 10 18 23 24,-0.00028380,0.45447212,-0.560560,-0.329991,0.505247,0.299572,0.000000,0.000000,0.439587
2557,04 06 07 18 23 24,-0.00028394,0.42997257,-0.560560,-0.071783,-0.183726,0.049929,0.000000,0.000000,0.116365
2558,02 08 13 14 22 23,-0.00034123,0.37019980,-1.324960,0.104453,-0.183726,-0.199715,0.000000,0.000000,0.166385
2559,02 06 13 14 18 22,-0.00036842,0.48491154,-0.050960,-0.084606,0.275589,0.174751,0.000000,0.000000,-0.276026
2560,01 04 10 18 23 24,-0.00043496,0.49919603,0.203840,0.141503,0.964562,-0.324537,0.000000,0.000000,0.419555
2561,01 02 12 14 22 24,-0.00045268,0.46819793,-0.687960,-0.054026,1.423877,0.049929,0.000000,0.000000,0.008679
2562,01 04 06 07 14 23,-0.00048793,0.29484805,-1.834560,0.213219,-1.791329,-0.199715,0.000000,0.000000,-0.361828
2563,01 02 04 07 08 14,-0.00054199,0.51778008,-0.050960,0.032687,-0.183726,0.798860,0.000000,0.000000,-3.045839
2564,01 02 04 06 10 33,-0.00055089,0.55051564,0.713440,-0.094595,0.505247,0.299572,0.000000,0.000000,-0.696128
2565,06 12 13 18 22 23,-0.00065599,0.38718974,-0.687960,0.115605,-1.102357,-0.199715,0.000000,0.000000,0.067824
2566,04 10 12 14 22 23,-0.00067110,0.31780505,-1.961960,-0.035081,-0.872699,0.049929,0.000000,0.000000,-0.111901
2567,04 07 14 18 23 33,-0.00073538,0.38780375,-0.560560,-0.752911,-2.020987,0.674038,0.000000,0.000000,1.023293
2568,02 06 10 13 14 22,-0.00074148,0.42678037,-0.942760,0.208449,0.734904,-0.199715,0.000000,0.000000,-0.377179
2569,02 04 08 18 22 33,-0.00078209,0.61410769,1.732640,-0.787041,0.275589,0.798860,0.000000,0.000000,0.735721
2570,01 04 08 18 23 24,-0.00078987,0.52886633,0.968240,0.316217,0.505247,-0.574180,0.000000,0.000000,0.432570
2571,04 06 08 10 12 24,-0.00092346,0.55942854,0.968240,0.742293,1.194220,-0.699002,0.000000,0.000000,-1.131694
2572,04 07 08 14 23 33,-0.00093782,0.35934289,-0.687960,-0.285143,-2.020987,0.049929,0.000000,0.000000,1.013016
2573,13 14 18 22 23 33,-0.00095874,0.38771528,-0.433160,-0.144380,-1.561672,-0.074893,0.000000,0.000000,0.794027
2574,06 07 13 18 23 33,-0.00106854,0.39905729,-0.178360,-0.309171,-1.791329,0.049929,0.000000,0.000000,1.105540
2575,01 02 06 07 10 13,-0.00112328,0.49936331,-0.433160,0.301713,0.505247,0.424394,0.000000,0.000000,-3.065952
2576,01 07 08 13 14 18,-0.00114406,0.52179606,0.968240,0.310107,-0.872699,-0.074893,0.000000,0.000000,-1.349785
2577,02 04 07 08 10 33,-0.00115729,0.55996157,0.713440,-0.649583,0.275589,0.923681,0.000000,0.000000,-0.399534
2578,06 08 10 12 13 33,-0.00115933,0.52851326,1.350440,0.504905,-0.413384,-0.699002,0.000000,0.000000,-0.061225
2579,07 10 13 14 18 22,-0.00117555,0.44341679,-0.433160,-0.180505,-0.413384,0.299572,0.000000,0.000000,-0.388624
2580,01 02 04 10 22 23,-0.00123931,0.40523081,-1.452360,-0.274335,0.505247,0.424394,0.000000,0.000000,-0.400728
2581,08 10 13 22 23 24,-0.00125274,0.42592278,-0.560560,0.746308,0.964562,-1.073468,0.000000,0.000000,0.119575
2582,04 07 10 14 23 33,-0.00130180,0.32967259,-1.452360,-0.459857,-1.561672,0.299572,0.000000,0.000000,0.893495
2583,02 04 07 08 22 23,-0.00130370,0.39017719,-1.452360,-0.571116,-0.413384,0.798860,0.000000,0.000000,-0.347034
2584,07 08 10 12 13 23,-0.00138823,0.38721348,-0.942760,0.169568,-0.872699,-0.074893,0.000000,0.000000,-0.731529
2585,02 06 07 13 14 18,-0.00141082,0.48889659,-0.178360,-0.240202,-0.183726,0.674038,0.000000,0.000000,-1.464247
2586,02 12 14 22 24 33,-0.00144347,0.47852292,-0.305760,-0.468894,0.964562,0.299572,0.000000,0.000000,0.914589
2587,01 04 06 14 18 33,-0.00145163,0.51877854,1.350440,-0.002706,-1.102357,-0.199715,0.000000,0.000000,0.500873
2588,08 13 18 22 23 24,-0.00147208,0.48405394,0.331240,0.453254,0.505247,-0.699002,0.000000,0.000000,0.132960
2589,06 10 12 13 22 23,-0.00147243,0.32905858,-1.579760,0.408659,-0.643041,-0.574180,0.000000,0.000000,-0.099016
2590,06 10 13 14 23 24,-0.00149187,0.35186401,-1.324960,0.896840,0.505247,-1.323111,0.000000,0.000000,0.262350
2591,04 06 07 10 23 24,-0.00151375,0.37184140,-1.452360,0.221271,0.275589,-0.324537,0.000000,0.000000,-0.111717
2592,01 04 06 12 14 18,-0.00159589,0.51089605,0.713440,0.266472,-0.872699,0.049929,0.000000,0.000000,-1.653120
2593,01 02 06 13 14 18,-0.00161104,0.53362050,0.586040,0.231293,0.275589,0.049929,0.000000,0.000000,-1.491547
2594,04 07 08 18 23 24,-0.00161304,0.48414241,0.203840,-0.155277,0.045932,0.049929,0.000000,0.000000,0.308253
2595,01 04 14 18 23 33,-0.00161840,0.43252767,0.203840,-0.281416,-1.561672,0.049929,0.000000,0.000000,0.894834
2596,02 04 06 07 18 22,-0.00161978,0.50488893,-0.178360,-0.760174,0.045932,1.173325,0.000000,0.000000,-0.832244
2597,02 04 06 07 22 23,-0.00161998,0.33600735,-2.216760,-0.487622,-0.643041,0.798860,0.000000,0.000000,-0.782687
2598,06 07 10 13 23 33,-0.00168537,0.34092612,-1.070160,-0.016116,-1.332014,-0.324537,0.000000,0.000000,0.968271
2599,06 13 14 18 23 24,-0.00170259,0.40999517,-0.433160,0.603785,0.045932,-0.948646,0.000000,0.000000,0.277014
2600,02 06 08 13 14 22,-0.00171871,0.45645067,-0.178360,0.383163,0.275589,-0.449359,0.000000,0.000000,-0.456361
2601,07 08 13 14 22 23,-0.00193239,0.30420551,-1.707160,0.266761,-1.561672,-0.324537,0.000000,0.000000,-0.385570
2602,04 06 08 23 24 33,-0.00194815,0.45656061,0.458640,0.452612,-0.183726,-0.948646,0.000000,0.000000,0.944583
2603,04 06 10 18 24 33,-0.00197120,0.59577189,1.732640,0.005345,0.964562,-0.324537,0.000000,0.000000,0.825986
2604,02 04 08 10 22 33,-0.00197970,0.55597652,0.840840,-0.493987,0.734904,0.424394,0.000000,0.000000,0.512409
2605,06 08 12 13 22 23,-0.00201195,0.35872888,-0.815360,0.583373,-1.102357,-0.823824,0.000000,0.000000,-0.113352
2606,02 10 13 14 18 22,-0.00202429,0.50941108,-0.050960,-0.342814,0.964562,0.424394,0.000000,0.000000,-0.198148
2607,01 04 08 10 23 24,-0.00204590,0.47073517,0.076440,0.609272,0.964562,-0.948646,0.000000,0.000000,0.200603
2608,02 04 06 07 10 22,-0.00204659,0.44675776,-1.070160,-0.467120,0.505247,0.798860,0.000000,0.000000,-0.941360
2609,02 04 06 08 22 33,-0.00205006,0.53147697,0.840840,-0.235779,0.045932,0.174751,0.000000,0.000000,0.178785
2610,02 04 07 10 18 22,-0.00208112,0.52938848,-0.178360,-1.018382,0.734904,1.422969,0.000000,0.000000,-0.577393
2611,01 06 07 12 24 33,-0.00212371,0.46859455,0.331240,0.000118,-0.183726,-0.324537,0.000000,0.000000,0.827732
2612,02 04 06 14 23 33,-0.00212399,0.37116733,-1.070160,-0.363957,-0.872699,0.174751,0.000000,0.000000,0.764703
2613,01 04 07 14 18 23,-0.00212949,0.37747876,-0.942760,-0.338043,-1.561672,0.424394,0.000000,0.000000,-0.235947
2614,10 13 18 22 23 24,-0.00216224,0.45438364,-0.433160,0.278540,0.964562,-0.449359,0.000000,0.000000,-0.034885
2615,06 07 10 13 18 33,-0.00221889,0.50980770,0.968240,-0.288669,-0.643041,0.049929,0.000000,0.000000,0.839643
2616,07 08 13 14 18 22,-0.00224166,0.47308709,0.331240,-0.005791,-0.872699,0.049929,0.000000,0.000000,-0.480975
2617,04 06 07 10 14 33,-0.00225617,0.41592346,-0.305760,-0.181147,-1.102357,0.049929,0.000000,0.000000,0.333434
2618,01 04 10 14 23 33,-0.00226017,0.37439651,-0.687960,0.011638,-1.102357,-0.324537,0.000000,0.000000,0.753872
2619,08 10 13 18 22 24,-0.00227487,0.59480436,1.477840,0.473755,1.653535,-0.699002,0.000000,0.000000,-0.081444
2620,04 10 18 23 24 33,-0.00227666,0.50952102,0.586040,-0.273364,0.505247,-0.074893,0.000000,0.000000,1.199400
2621,01 02 07 14 24 33,-0.00228596,0.48006547,-0.178360,-0.478802,0.734904,0.299572,0.000000,0.000000,0.835908
2622,02 07 10 13 14 18,-0.00228644,0.51339614,-0.178360,-0.498410,0.505247,0.923681,0.000000,0.000000,-1.270772
2623,01 04 06 08 23 24,-0.00230008,0.44623562,0.076440,0.867480,0.275589,-1.198289,0.000000,0.000000,-0.160254
2624,04 06 12 18 23 33,-0.00230024,0.44232712,0.331240,-0.436299,-1.561672,0.174751,0.000000,0.000000,1.075461
2625,04 06 07 10 18 24,-0.00236683,0.54072298,0.586040,-0.051282,0.964562,0.049929,0.000000,0.000000,-0.287690
2626,01 02 04 08 22 23,-0.00238036,0.43490111,-0.687960,-0.099621,0.045932,0.174751,0.000000,0.000000,-0.504181
2627,01 04 07 08 14 23,-0.00242041,0.34901790,-1.070160,0.129725,-1.561672,-0.199715,0.000000,0.000000,-0.259333
2628,04 07 08 14 18 33,-0.00247243,0.52822447,1.350440,-0.557695,-1.332014,0.424394,0.000000,0.000000,0.736073
2629,04 08 10 23 24 33,-0.00248943,0.48106016,0.458640,0.194404,0.505247,-0.699002,0.000000,0.000000,1.187592
2630,01 06 10 12 13 18,-0.00250501,0.54664913,1.095640,0.452004,0.045932,-0.324537,0.000000,0.000000,-1.333004
2631,01 02 04 08 10 33,-0.00256919,0.60468549,1.477840,-0.178089,0.734904,0.299572,0.000000,0.000000,-0.606349
2632,01 04 07 10 14 23,-0.00257371,0.31934760,-1.834560,-0.044989,-1.102357,0.049929,0.000000,0.000000,-0.347642
2633,04 08 18 23 24 33,-0.00257995,0.53919132,1.350440,-0.098650,0.045932,-0.324537,0.000000,0.000000,1.220063
2634,02 04 07 08 18 22,-0.00259909,0.55905878,0.586040,-0.843668,0.275589,1.173325,0.000000,0.000000,-0.588535
2635,01 02 10 13 14 18,-0.00260730,0.55812005,0.586040,-0.026915,0.964562,0.299572,0.000000,0.000000,-1.315945
2636,04 06 12 14 18 22,-0.00261634,0.46218708,0.076440,-0.049426,-0.872699,0.174751,0.000000,0.000000,-0.772880
2637,04 06 08 18 24 33,-0.00262719,0.62544219,2.497040,0.180059,0.505247,-0.574180,0.000000,0.000000,0.794396
2638,01 08 10 12 13 14,-0.00268905,0.51083131,0.586040,0.928967,-0.183726,-0.574180,0.000000,0.000000,-2.702121
2639,01 06 07 10 13 23,-0.00269441,0.33060113,-1.452360,0.398751,-0.872699,-0.574180,0.000000,0.000000,-0.233919
2640,01 02 04 06 18 22,-0.00275065,0.54961285,0.586040,-0.288680,0.505247,0.549216,0.000000,0.000000,-0.997424
2641,06 07 08 13 14 22,-0.00277958,0.39045638,-0.560560,0.545471,-1.102357,-0.574180,0.000000,0.000000,-0.929752
2642,04 07 10 14 18 33,-0.00282071,0.49855417,0.586040,-0.732409,-0.872699,0.674038,0.000000,0.000000,0.618877
2643,01 04 06 07 10 12,-0.00282241,0.47663886,-0.305760,0.336893,-0.643041,0.424394,0.000000,0.000000,-3.481500
2644,01 04 10 12 14 18,-0.00284884,0.53539560,0.713440,0.008264,-0.183726,0.299572,0.000000,0.000000,-1.515548
2645,02 04 14 18 23 33,-0.00285033,0.45379805,-0.178360,-0.915219,-0.643041,0.798860,0.000000,0.000000,1.026176
2646,01 02 04 07 10 18,-0.00285539,0.57809745,0.458640,-0.702484,0.734904,1.298147,0.000000,0.000000,-1.723526
2647,01 06 07 13 18 23,-0.00289877,0.38873229,-0.560560,0.105697,-1.332014,-0.199715,0.000000,0.000000,-0.218315
2648,01 04 06 10 18 24,-0.00290899,0.58544690,1.350440,0.420213,1.423877,-0.574180,0.000000,0.000000,-0.365649
2649,02 06 10 12 13 14,-0.00291308,0.47793184,-0.560560,0.378658,0.505247,0.174751,0.000000,0.000000,-2.810252
2650,07 08 10 13 14 22,-0.00295867,0.41495593,-0.560560,0.287263,-0.413384,-0.324537,0.000000,0.000000,-0.633084
2651,01 02 04 06 22 23,-0.00299000,0.38073126,-1.452360,-0.016127,-0.183726,0.174751,0.000000,0.000000,-0.983297
2652,04 06 07 12 14 18,-0.00302954,0.46617213,-0.050960,-0.205022,-1.332014,0.674038,0.000000,0.000000,-1.867883
2653,01 04 08 14 23 33,-0.00303522,0.40406681,0.076440,0.186352,-1.561672,-0.574180,0.000000,0.000000,0.704642
2654,01 02 04 10 18 22,-0.00304364,0.57411239,0.586040,-0.546888,1.194220,0.798860,0.000000,0.000000,-0.717631
2655,04 06 10 12 23 33,-0.00306926,0.38419596,-0.560560,-0.143245,-1.102357,-0.199715,0.000000,0.000000,0.915646
2656,02 04 06 18 23 24,-0.00308093,0.49596686,-0.178360,-0.234092,1.194220,0.174751,0.000000,0.000000,0.018202
2657,01 06 13 18 23 33,-0.00311655,0.44378120,0.586040,0.162324,-1.332014,-0.574180,0.000000,0.000000,0.804483
2658,06 08 13 14 23 24,-0.00320544,0.38153431,-0.560560,1.071554,0.045932,-1.572755,0.000000,0.000000,0.074077
2659,02 08 13 14 18 22,-0.00321324,0.53908138,0.713440,-0.168100,0.505247,0.174751,0.000000,0.000000,-0.308698
2660,01 07 12 23 24 33,-0.00326309,0.38234368,-0.815360,-0.278591,-0.643041,-0.074893,0.000000,0.000000,1.077598
2661,01 02 04 06 10 22,-0.00328012,0.49148168,-0.305760,0.004375,0.964562,0.174751,0.000000,0.000000,-1.121748
2662,02 08 10 13 14 22,-0.00334556,0.48095022,-0.178360,0.124955,0.964562,-0.199715,0.000000,0.000000,-0.374184
2663,01 06 08 12 13 18,-0.00339004,0.57631943,1.860040,0.626719,-0.413384,-0.574180,0.000000,0.000000,-1.398528
2664,06 07 08 13 23 33,-0.00344735,0.37059642,-0.305760,0.158598,-1.791329,-0.574180,0.000000,0.000000,0.772825
2665,02 04 10 14 23 33,-0.00347954,0.39566688,-1.070160,-0.622165,-0.183726,0.424394,0.000000,0.000000,0.887075
2666,01 04 06 10 14 33,-0.00360554,0.46064738,0.458640,0.290348,-0.643041,-0.574180,0.000000,0.000000,0.135883
2667,01 04 06 08 18 24,-0.00363613,0.61511720,2.114840,0.594927,0.964562,-0.823824,0.000000,0.000000,-0.407782
2668,02 04 07 14 18 23,-0.00363701,0.39874914,-1.324960,-0.971846,-0.643041,1.173325,0.000000,0.000000,-0.145435
2669,06 10 13 14 18 24,-0.00366699,0.52074559,0.713440,0.624287,1.194220,-0.948646,0.000000,0.000000,-0.109487
2670,01 06 08 13 23 33,-0.00366963,0.41532034,0.458640,0.630092,-1.332014,-1.198289,0.000000,0.000000,0.742256
2671,01 02 04 08 18 22,-0.00369119,0.60378269,1.350440,-0.372174,0.734904,0.549216,0.000000,0.000000,-0.747971
2672,07 08 13 18 23 33,-0.00373900,0.45322713,0.586040,-0.392665,-1.561672,0.049929,0.000000,0.000000,1.098698
2673,02 06 08 12 13 14,-0.00380753,0.50760214,0.203840,0.553372,0.045932,-0.074893,0.000000,0.000000,-2.877171
2674,01 06 10 13 23 33,-0.00380874,0.38565004,-0.305760,0.455378,-0.872699,-0.948646,0.000000,0.000000,0.656051
2675,01 04 10 14 18 33,-0.00382618,0.54327809,1.350440,-0.260915,-0.413384,0.049929,0.000000,0.000000,0.472277
2676,01 04 06 07 08 12,-0.00383310,0.50630916,0.458640,0.511607,-1.102357,0.174751,0.000000,0.000000,-3.565640
2677,01 02 04 14 18 23,-0.00383486,0.44347305,-0.560560,-0.500352,-0.183726,0.549216,0.000000,0.000000,-0.172383
2678,01 02 07 08 10 13,-0.00384919,0.55353316,0.331240,0.218219,0.734904,0.424394,0.000000,0.000000,-3.081006
2679,04 06 10 12 14 22,-0.00384938,0.40405592,-0.815360,0.243629,-0.413384,-0.199715,0.000000,0.000000,-1.001442
2680,04 07 08 10 23 24,-0.00385039,0.42601125,-0.687960,0.137777,0.505247,-0.324537,0.000000,0.000000,-0.069101
2681,04 06 08 12 23 33,-0.00386637,0.41386626,0.203840,0.031469,-1.561672,-0.449359,0.000000,0.000000,0.863147
2682,01 07 10 12 24 33,-0.00389753,0.49309410,0.331240,-0.258090,0.505247,-0.074893,0.000000,0.000000,0.888136
2683,04 07 10 12 14 18,-0.00395147,0.49067168,-0.050960,-0.463230,-0.643041,0.923681,0.000000,0.000000,-1.681269
2684,02 04 10 18 23 24,-0.00396547,0.52046641,-0.178360,-0.492300,1.883192,0.424394,0.000000,0.000000,0.210355
2685,06 07 08 13 18 33,-0.00399657,0.53947800,1.732640,-0.113955,-1.102357,-0.199715,0.000000,0.000000,0.641871
2686,06 10 12 13 18 22,-0.00401038,0.49794016,0.458640,0.136106,0.045932,-0.199715,0.000000,0.000000,-0.524608
2687,02 04 07 10 14 23,-0.00406867,0.34061797,-2.216760,-0.678792,-0.183726,0.798860,0.000000,0.000000,-0.255269
2688,02 04 06 07 14 23,-0.00408998,0.31611842,-2.216760,-0.420584,-0.872699,0.549216,0.000000,0.000000,-0.581625
2689,04 06 07 12 18 23,-0.00409334,0.38727821,-0.815360,-0.492926,-1.561672,0.549216,0.000000,0.000000,-0.245254
2690,02 04 07 08 10 22,-0.00409642,0.50092761,-0.305760,-0.550614,0.734904,0.798860,0.000000,0.000000,-0.856252
2691,01 02 08 13 14 18,-0.00411031,0.58779035,1.350440,0.147799,0.505247,0.049929,0.000000,0.000000,-1.473025
2692,04 06 14 22 23 33,-0.00411792,0.30118799,-1.324960,-0.046052,-1.791329,-0.449359,0.000000,0.000000,1.186862
2693,02 07 08 13 14 18,-0.00413633,0.54306643,0.586040,-0.323696,0.045932,0.674038,0.000000,0.000000,-1.479242
2694,02 06 07 10 13 23,-0.00414016,0.35187150,-1.834560,-0.235052,0.045932,0.174751,0.000000,0.000000,-0.134255
2695,02 04 08 14 23 33,-0.00425145,0.42533718,-0.305760,-0.447451,-0.643041,0.174751,0.000000,0.000000,0.838311
2696,01 06 08 13 18 33,-0.00426595,0.58420192,2.497040,0.357540,-0.643041,-0.823824,0.000000,0.000000,0.604325
2697,02 06 07 12 24 33,-0.00426670,0.48986492,-0.050960,-0.633685,0.734904,0.424394,0.000000,0.000000,0.824098
2698,01 04 06 10 12 23,-0.00427224,0.37387097,-0.942760,0.271623,-0.643041,-0.449359,0.000000,0.000000,-0.315279
2699,02 06 13 18 23 33,-0.00429926,0.46505158,0.203840,-0.471479,-0.413384,0.174751,0.000000,0.000000,0.943117
2700,02 04 08 18 23 24,-0.00431724,0.55013671,0.586040,-0.317586,1.423877,0.174751,0.000000,0.000000,0.223835
2701,02 04 06 07 08 33,-0.00433094,0.53546202,0.713440,-0.391375,-0.413384,0.674038,0.000000,0.000000,-1.192920
2702,06 08 13 14 18 24,-0.00433957,0.55041589,1.477840,0.799001,0.734904,-1.198289,0.000000,0.000000,-0.143535
2703,01 07 12 18 24 33,-0.00435454,0.55122526,1.223040,-0.551144,0.045932,0.299572,0.000000,0.000000,0.866311
2704,02 06 07 13 18 23,-0.00435708,0.41000267,-0.942760,-0.528106,-0.413384,0.549216,0.000000,0.000000,-0.120511
2705,04 10 12 18 23 33,-0.00436987,0.46682667,0.331240,-0.694507,-0.872699,0.424394,0.000000,0.000000,1.092038
2706,07 10 13 18 23 33,-0.00437619,0.42355683,-0.178360,-0.567379,-1.102357,0.299572,0.000000,0.000000,0.938701
2707,01 06 10 13 18 33,-0.00438935,0.55453162,1.732640,0.182826,-0.183726,-0.574180,0.000000,0.000000,0.520445
2708,01 02 06 07 08 13,-0.00444404,0.52903361,0.331240,0.476427,0.045932,0.174751,0.000000,0.000000,-3.492335
2709,02 07 12 23 24 33,-0.00445522,0.40361405,-1.197560,-0.912395,0.275589,0.674038,0.000000,0.000000,1.214837
2710,07 08 10 13 23 33,-0.00446064,0.39509597,-0.305760,-0.099610,-1.102357,-0.324537,0.000000,0.000000,0.945903
2711,02 04 06 10 23 24,-0.00446381,0.43783569,-1.070160,0.058963,1.653535,-0.199715,0.000000,0.000000,-0.232558
2712,01 04 08 12 14 18,-0.00448914,0.56506589,1.477840,0.182978,-0.643041,0.049929,0.000000,0.000000,-1.692967
2713,01 07 08 12 24 33,-0.00450435,0.52276439,1.095640,-0.083376,0.045932,-0.324537,0.000000,0.000000,0.863829
2714,01 04 06 12 18 23,-0.00451541,0.43200213,-0.050960,-0.021432,-1.102357,-0.074893,0.000000,0.000000,-0.305423
2715,08 12 13 18 22 23,-0.00452222,0.44135959,0.076440,0.032111,-0.872699,-0.199715,0.000000,0.000000,-0.116173
2716,04 08 10 18 24 33,-0.00453327,0.64994174,2.497040,-0.078149,1.194220,-0.324537,0.000000,0.000000,0.835205
2717,04 10 12 14 18 22,-0.00456039,0.48668663,0.076440,-0.307634,-0.183726,0.424394,0.000000,0.000000,-0.737697
2718,01 04 06 14 22 23,-0.00456336,0.29086300,-1.707160,0.368816,-1.332014,-0.699002,0.000000,0.000000,0.068170
2719,06 08 12 13 18 22,-0.00456560,0.52761046,1.223040,0.310820,-0.413384,-0.449359,0.000000,0.000000,-0.541269
2720,01 02 07 12 23 24,-0.00458894,0.39328906,-1.579760,-0.497527,0.734904,0.424394,0.000000,0.000000,0.142326
2721,04 07 08 10 14 33,-0.00459281,0.47009331,0.458640,-0.264641,-0.872699,0.049929,0.000000,0.000000,0.376050
2722,01 04 08 14 18 33,-0.00461693,0.57294839,2.114840,-0.086200,-0.872699,-0.199715,0.000000,0.000000,0.420722
2723,04 07 08 12 14 18,-0.00462737,0.52034198,0.713440,-0.288516,-1.102357,0.674038,0.000000,0.000000,-1.715809
2724,01 02 06 13 18 23,-0.00463073,0.45472659,-0.178360,-0.056612,0.045932,-0.074893,0.000000,0.000000,-0.158691
2725,01 06 07 08 13 23,-0.00465132,0.36027143,-0.687960,0.573465,-1.332014,-0.823824,0.000000,0.000000,-0.458246
2726,04 07 08 10 18 24,-0.00468778,0.59489283,1.350440,-0.134776,1.194220,0.049929,0.000000,0.000000,-0.242748
2727,01 04 06 08 14 33,-0.00468984,0.49031768,1.223040,0.465062,-1.102357,-0.823824,0.000000,0.000000,0.040837
2728,01 04 14 18 22 23,-0.00469079,0.37349371,-0.815360,-0.182447,-1.102357,-0.074893,0.000000,0.000000,0.418373
2729,02 04 06 14 18 33,-0.00469109,0.54004892,0.968240,-0.636510,-0.183726,0.549216,0.000000,0.000000,0.334794
2730,04 06 08 12 14 22,-0.00470929,0.43372621,-0.050960,0.418343,-0.872699,-0.449359,0.000000,0.000000,-1.063244
2731,04 06 07 10 12 23,-0.00481575,0.32914705,-1.707160,-0.199872,-1.102357,0.174751,0.000000,0.000000,-0.398164
2732,02 06 08 13 23 33,-0.00483665,0.43659071,0.076440,-0.003711,-0.413384,-0.449359,0.000000,0.000000,0.883216
2733,01 04 07 08 10 12,-0.00483770,0.53080870,0.458640,0.253399,-0.413384,0.424394,0.000000,0.000000,-3.391276
2734,04 06 08 10 24 33,-0.00485152,0.56731103,1.605240,0.473114,0.964562,-0.948646,0.000000,0.000000,0.418973
2735,01 02 06 10 13 23,-0.00485833,0.39659542,-1.070160,0.236443,0.505247,-0.449359,0.000000,0.000000,-0.238292
2736,01 02 04 06 08 33,-0.00496451,0.58018594,1.477840,0.080119,0.045932,0.049929,0.000000,0.000000,-1.284423
2737,02 04 07 08 14 23,-0.00496891,0.37028827,-1.452360,-0.504078,-0.643041,0.549216,0.000000,0.000000,-0.323045
2738,07 08 10 13 18 33,-0.00497847,0.56397755,1.732640,-0.372163,-0.413384,0.049929,0.000000,0.000000,0.819600
2739,02 06 10 13 23 33,-0.00497889,0.40692041,-0.687960,-0.178425,0.045932,-0.199715,0.000000,0.000000,0.796546
2740,04 06 07 08 18 24,-0.00497931,0.57039328,1.350440,0.123432,0.505247,-0.199715,0.000000,0.000000,-0.609140
2741,01 04 08 10 18 24,-0.00504373,0.63961675,2.114840,0.336719,1.653535,-0.574180,0.000000,0.000000,-0.293121
2742,01 02 06 12 24 33,-0.00506890,0.53458884,0.713440,-0.162190,1.194220,-0.199715,0.000000,0.000000,0.707612
2743,06 08 10 13 14 24,-0.00508036,0.49228473,0.586040,1.092055,1.194220,-1.572755,0.000000,0.000000,-0.299168
2744,01 02 04 10 14 23,-0.00509109,0.38534189,-1.452360,-0.207297,0.275589,0.174751,0.000000,0.000000,-0.404380
2745,01 07 08 10 13 23,-0.00511701,0.38477098,-0.687960,0.315257,-0.643041,-0.574180,0.000000,0.000000,-0.204039
2746,01 10 13 18 23 33,-0.00517363,0.46828075,0.586040,-0.095884,-0.643041,-0.324537,0.000000,0.000000,0.822921
2747,01 02 04 06 07 18,-0.00519385,0.55359790,0.458640,-0.444276,0.045932,1.048503,0.000000,0.000000,-2.393177
2748,01 02 04 07 08 18,-0.00521004,0.60776774,1.223040,-0.527770,0.275589,1.048503,0.000000,0.000000,-2.006778
2749,04 06 07 08 14 33,-0.00522580,0.44559376,0.458640,-0.006433,-1.561672,-0.199715,0.000000,0.000000,-0.040931
2750,01 07 08 13 18 23,-0.00524019,0.44290214,0.203840,0.022203,-1.102357,-0.199715,0.000000,0.000000,-0.176406
2751,01 02 04 08 10 22,-0.00526388,0.54565153,0.458640,-0.079119,1.194220,0.174751,0.000000,0.000000,-1.026852
2752,01 04 06 08 12 23,-0.00526430,0.40354126,-0.178360,0.446337,-1.102357,-0.699002,0.000000,0.000000,-0.396659
2753,01 04 06 08 10 24,-0.00526981,0.55698604,1.223040,0.887981,1.423877,-1.198289,0.000000,0.000000,-0.695698
2754,01 07 14 22 24 33,-0.00529956,0.41008613,-0.433160,-0.160897,-0.183726,-0.324537,0.000000,0.000000,1.107000
2755,01 02 04 06 14 23,-0.00530805,0.36084234,-1.452360,0.050911,-0.413384,-0.074893,0.000000,0.000000,-0.759724
2756,04 07 14 18 22 23,-0.00530815,0.32876979,-1.579760,-0.653941,-1.561672,0.549216,0.000000,0.000000,0.324547
2757,01 08 10 12 13 18,-0.00538903,0.60081898,1.860040,0.368510,0.275589,-0.324537,0.000000,0.000000,-1.371485
2758,01 08 10 13 23 33,-0.00541579,0.43981989,0.458640,0.371884,-0.643041,-0.948646,0.000000,0.000000,0.806759
2759,01 07 10 13 18 23,-0.00552878,0.41323184,-0.560560,-0.152511,-0.643041,0.049929,0.000000,0.000000,-0.284758
2760,04 08 10 12 23 33,-0.00560934,0.43836580,0.203840,-0.226739,-0.872699,-0.199715,0.000000,0.000000,0.928121
2761,06 07 10 12 13 14,-0.00565361,0.41193755,-0.942760,0.540967,-0.872699,0.049929,0.000000,0.000000,-3.532489
2762,04 07 10 12 18 23,-0.00565561,0.41177776,-0.815360,-0.751134,-0.872699,0.798860,0.000000,0.000000,-0.153509
2763,04 06 14 18 22 33,-0.00566694,0.47006957,0.713440,-0.318605,-1.102357,-0.074893,0.000000,0.000000,0.907785
2764,01 06 07 10 13 14,-0.00567354,0.40949505,-0.687960,0.686655,-0.643041,-0.449359,0.000000,0.000000,-2.455519
2765,01 08 13 18 23 33,-0.00567547,0.49795105,1.350440,0.078830,-1.102357,-0.574180,0.000000,0.000000,0.814167
2766,06 07 10 12 13 18,-0.00567987,0.50192521,0.331240,-0.019490,-0.413384,0.299572,0.000000,0.000000,-1.805732
2767,04 06 10 12 18 33,-0.00568021,0.55307754,1.477840,-0.415798,-0.413384,0.174751,0.000000,0.000000,0.479239
2768,01 02 10 13 18 23,-0.00568350,0.47922613,-0.178360,-0.314820,0.734904,0.174751,0.000000,0.000000,0.008539
2769,01 02 06 07 12 24,-0.00569727,0.47953993,-0.433160,-0.218817,1.194220,0.174751,0.000000,0.000000,-0.440544
2770,04 07 10 14 22 23,-0.00573081,0.27063863,-2.471560,-0.360887,-1.102357,0.174751,0.000000,0.000000,0.216046
2771,01 04 08 10 14 33,-0.00575598,0.51481722,1.223040,0.206854,-0.413384,-0.574180,0.000000,0.000000,0.206085
2772,01 02 12 18 24 33,-0.00577912,0.61721955,1.605240,-0.713453,1.423877,0.424394,0.000000,0.000000,0.971473
2773,04 08 12 18 23 33,-0.00579220,0.49649697,1.095640,-0.519793,-1.332014,0.174751,0.000000,0.000000,0.946913
2774,01 04 10 12 18 23,-0.00582487,0.45650168,-0.050960,-0.279640,-0.413384,0.174751,0.000000,0.000000,-0.176223
2775,01 04 10 14 22 23,-0.00584356,0.31536255,-1.707160,0.110608,-0.643041,-0.449359,0.000000,0.000000,0.201705
2776,01 06 13 18 22 23,-0.00584888,0.38474724,-0.433160,0.261293,-0.872699,-0.699002,0.000000,0.000000,0.378403
2777,08 13 14 18 23 24,-0.00586365,0.46416502,0.331240,0.520291,0.275589,-0.948646,0.000000,0.000000,0.049337
2778,04 08 12 14 18 22,-0.00587088,0.51635693,0.840840,-0.132920,-0.643041,0.174751,0.000000,0.000000,-0.866254
2779,01 02 07 10 12 24,-0.00591069,0.50403948,-0.433160,-0.477025,1.883192,0.424394,0.000000,0.000000,-0.148963
2780,01 02 12 23 24 33,-0.00593885,0.44833797,-0.433160,-0.440900,0.734904,0.049929,0.000000,0.000000,0.997396
2781,02 04 06 07 08 22,-0.00593886,0.47642806,-0.305760,-0.292406,0.045932,0.549216,0.000000,0.000000,-1.452415
2782,01 08 10 13 18 33,-0.00598070,0.60870147,2.497040,0.099332,0.045932,-0.574180,0.000000,0.000000,0.673478
2783,01 02 06 08 13 23,-0.00598344,0.42626572,-0.305760,0.411157,0.045932,-0.699002,0.000000,0.000000,-0.339384
2784,01 06 07 12 22 24,-0.00600265,0.40956059,-0.687960,0.099088,0.275589,-0.449359,0.000000,0.000000,0.231778
2785,02 04 10 14 18 33,-0.00601524,0.56454846,0.968240,-0.894718,0.505247,0.798860,0.000000,0.000000,0.461817
2786,02 07 10 12 24 33,-0.00604680,0.51436447,-0.050960,-0.891893,1.423877,0.674038,0.000000,0.000000,0.883572
2787,08 10 13 14 23 24,-0.00605966,0.40603386,-0.560560,0.813346,0.734904,-1.323111,0.000000,0.000000,-0.025586
2788,02 06 10 12 13 18,-0.00606405,0.56791950,0.713440,-0.181799,0.964562,0.424394,0.000000,0.000000,-1.546431
2789,02 06 07 08 13 23,-0.00609393,0.38154180,-1.070160,-0.060338,-0.413384,-0.074893,0.000000,0.000000,-0.358116
2790,04 10 14 22 23 33,-0.00609532,0.32568754,-1.324960,-0.304260,-1.102357,-0.199715,0.000000,0.000000,1.217106
2791,01 02 04 08 14 23,-0.00612092,0.41501219,-0.687960,-0.032583,-0.183726,-0.074893,0.000000,0.000000,-0.491356
2792,06 12 13 14 18 23,-0.00615871,0.36730082,-0.687960,0.182642,-1.332014,-0.449359,0.000000,0.000000,-0.180420
2793,01 06 10 13 22 23,-0.00617906,0.32661608,-1.324960,0.554348,-0.413384,-1.073468,0.000000,0.000000,0.283604
2794,01 02 07 12 18 24,-0.00619690,0.56217064,0.458640,-0.770080,1.423877,0.798860,0.000000,0.000000,-0.145484
2795,04 06 10 14 22 33,-0.00625847,0.41193841,-0.178360,-0.025550,-0.643041,-0.449359,0.000000,0.000000,0.774266
2796,04 07 08 12 18 23,-0.00630325,0.44144806,-0.050960,-0.576420,-1.332014,0.549216,0.000000,0.000000,-0.183862
2797,04 08 10 12 14 22,-0.00632668,0.45822576,-0.050960,0.160135,-0.183726,-0.199715,0.000000,0.000000,-0.979664
2798,04 06 07 14 22 23,-0.00632691,0.24613908,-2.471560,-0.102679,-1.791329,-0.074893,0.000000,0.000000,-0.195467
2799,01 02 04 06 08 22,-0.00632799,0.52115198,0.458640,0.179089,0.505247,-0.074893,0.000000,0.000000,-1.507702
2800,04 14 18 22 23 33,-0.00633949,0.38381870,-0.433160,-0.597314,-1.561672,0.174751,0.000000,0.000000,1.226812
2801,02 10 13 18 23 33,-0.00636262,0.48955113,0.203840,-0.729687,0.275589,0.424394,0.000000,0.000000,0.960625
2802,01 04 08 10 12 23,-0.00638501,0.42804081,-0.178360,0.188129,-0.413384,-0.449359,0.000000,0.000000,-0.239495
2803,02 06 08 13 18 33,-0.00640266,0.60547230,2.114840,-0.276263,0.275589,-0.074893,0.000000,0.000000,0.601621
2804,10 12 13 18 22 23,-0.00642458,0.41168929,-0.687960,-0.142603,-0.413384,0.049929,0.000000,0.000000,-0.463610
2805,01 02 07 14 22 24,-0.00645404,0.42103151,-1.197560,-0.379832,1.194220,0.174751,0.000000,0.000000,0.197118
2806,04 06 08 12 18 33,-0.00649303,0.58274784,2.242240,-0.241084,-0.872699,-0.074893,0.000000,0.000000,0.424414
2807,02 07 12 18 24 33,-0.00651636,0.57249564,0.840840,-1.184947,0.964562,1.048503,0.000000,0.000000,0.859886
2808,10 13 14 18 23 24,-0.00652869,0.43449472,-0.433160,0.345577,0.734904,-0.699002,0.000000,0.000000,-0.114787
2809,02 06 10 13 18 33,-0.00652920,0.57580200,1.350440,-0.450977,0.734904,0.174751,0.000000,0.000000,0.517277
2810,06 10 13 22 23 33,-0.00655062,0.33694107,-0.942760,0.139480,-0.872699,-0.823824,0.000000,0.000000,1.281256
2811,02 07 08 10 13 23,-0.00656590,0.40604135,-1.070160,-0.318546,0.275589,0.174751,0.000000,0.000000,-0.104840
2812,04 08 14 22 23 33,-0.00657205,0.35535784,-0.560560,-0.129546,-1.561672,-0.449359,0.000000,0.000000,1.212073
2813,02 08 10 13 23 33,-0.00658908,0.46109026,0.076440,-0.261919,0.275589,-0.199715,0.000000,0.000000,0.946788
2814,01 02 10 12 24 33,-0.00659619,0.55908839,0.713440,-0.420398,1.883192,0.049929,0.000000,0.000000,0.804540
2815,06 07 12 22 24 33,-0.00661052,0.41988558,-0.305760,-0.315780,-0.183726,-0.199715,0.000000,0.000000,1.194421
2816,02 04 08 10 23 24,-0.00661739,0.49200554,-0.305760,-0.024531,1.883192,-0.199715,0.000000,0.000000,-0.162821
2817,04 06 07 08 12 23,-0.00663647,0.35881735,-0.942760,-0.025158,-1.561672,-0.074893,0.000000,0.000000,-0.602313
2818,02 07 08 12 24 33,-0.00665048,0.54403477,0.713440,-0.717179,0.964562,0.424394,0.000000,0.000000,0.859731
2819,01 04 08 14 22 23,-0.00665314,0.34503284,-0.942760,0.285322,-1.102357,-0.699002,0.000000,0.000000,0.147359
2820,02 08 10 12 13 14,-0.00671707,0.53210169,0.203840,0.295164,0.734904,0.174751,0.000000,0.000000,-2.985027
2821,01 07 12 22 23 24,-0.00673253,0.32330972,-1.834560,-0.179622,-0.183726,-0.199715,0.000000,0.000000,0.542313
2822,06 13 18 22 23 33,-0.00678957,0.39507224,-0.050960,-0.153574,-1.332014,-0.449359,0.000000,0.000000,1.291737
2823,06 10 12 13 14 23,-0.00679979,0.30916966,-1.579760,0.475697,-0.872699,-0.823824,0.000000,0.000000,-0.321280
2824,02 04 08 14 18 33,-0.00680285,0.59421876,1.732640,-0.720004,0.045932,0.549216,0.000000,0.000000,0.410727
2825,01 06 08 10 13 33,-0.00680301,0.52607076,1.605240,0.650594,-0.183726,-1.198289,0.000000,0.000000,0.182568
2826,02 04 06 10 14 33,-0.00683244,0.48191775,0.076440,-0.343455,0.275589,0.174751,0.000000,0.000000,-0.028336
2827,04 06 07 08 23 24,-0.00686038,0.40151170,-0.687960,0.395985,-0.183726,-0.574180,0.000000,0.000000,-0.838240
2828,02 08 13 18 23 33,-0.00686133,0.51922143,0.968240,-0.554973,-0.183726,0.174751,0.000000,0.000000,0.952336
2829,02 06 08 12 13 18,-0.00694594,0.59758980,1.477840,-0.007085,0.505247,0.174751,0.000000,0.000000,-1.611489
2830,04 06 18 22 23 24,-0.00704792,0.42598752,-0.433160,0.083813,0.275589,-0.449359,0.000000,0.000000,0.148046
2831,01 02 08 10 13 23,-0.00709788,0.45076527,-0.305760,0.152949,0.734904,-0.449359,0.000000,0.000000,-0.181290
2832,02 07 08 13 18 23,-0.00711084,0.46417252,-0.178360,-0.611600,-0.183726,0.549216,0.000000,0.000000,-0.139692
2833,04 07 08 10 12 23,-0.00711472,0.38331689,-0.942760,-0.283366,-0.872699,0.174751,0.000000,0.000000,-0.349967
2834,01 06 08 13 22 23,-0.00713117,0.35628638,-0.560560,0.729062,-0.872699,-1.323111,0.000000,0.000000,0.208142
2835,04 06 10 22 23 24,-0.00713563,0.36785635,-1.324960,0.376868,0.734904,-0.823824,0.000000,0.000000,0.089171
2836,08 10 12 13 22 23,-0.00714762,0.38322842,-0.815360,0.325165,-0.413384,-0.574180,0.000000,0.000000,-0.551016
2837,04 06 08 14 22 33,-0.00715088,0.44160871,0.586040,0.149164,-1.102357,-0.699002,0.000000,0.000000,0.707649
2838,06 08 13 22 23 33,-0.00715413,0.36661137,-0.178360,0.314194,-1.332014,-1.073468,0.000000,0.000000,1.257440
2839,01 02 08 13 18 23,-0.00715826,0.50889643,0.586040,-0.140106,0.275589,-0.074893,0.000000,0.000000,-0.144355
2840,08 10 13 14 18 24,-0.00716240,0.57491544,1.477840,0.540793,1.423877,-0.948646,0.000000,0.000000,-0.238546
2841,06 08 10 12 13 22,-0.00728028,0.46947929,0.331240,0.603875,0.045932,-0.823824,0.000000,0.000000,-0.989339
2842,01 02 08 12 24 33,-0.00728223,0.58875869,1.477840,-0.245684,1.423877,-0.199715,0.000000,0.000000,0.768498
2843,02 04 06 12 14 18,-0.00731122,0.53216642,0.331240,-0.367331,0.045932,0.798860,0.000000,0.000000,-2.186008
2844,01 10 13 18 22 23,-0.00733673,0.40924679,-0.433160,0.003085,-0.183726,-0.449359,0.000000,0.000000,0.481173
2845,06 08 12 13 14 23,-0.00736443,0.33883995,-0.815360,0.650411,-1.332014,-1.073468,0.000000,0.000000,-0.339337
2846,01 02 07 12 14 33,-0.00738131,0.43737112,-0.433160,-0.899945,-0.643041,0.798860,0.000000,0.000000,0.283770
2847,02 04 06 10 18 24,-0.00739036,0.60671728,0.968240,-0.213590,2.342508,0.174751,0.000000,0.000000,-0.715721
2848,02 07 10 13 18 23,-0.00740257,0.43450222,-0.942760,-0.786314,0.275589,0.798860,0.000000,0.000000,-0.248508
2849,02 07 14 22 24 33,-0.00747081,0.43135650,-0.815360,-0.794700,0.734904,0.424394,0.000000,0.000000,1.099180
2850,04 07 08 14 22 23,-0.00751472,0.30030893,-1.707160,-0.186173,-1.561672,-0.074893,0.000000,0.000000,0.017351
2851,06 07 08 10 13 33,-0.00751496,0.48134684,0.840840,0.179099,-0.643041,-0.574180,0.000000,0.000000,0.074728
2852,01 06 12 22 24 33,-0.00756418,0.46460950,0.458640,0.155715,0.275589,-0.823824,0.000000,0.000000,1.055496
2853,04 06 07 08 10 24,-0.00759432,0.51226212,0.458640,0.416487,0.964562,-0.574180,0.000000,0.000000,-1.042443
2854,01 04 08 12 18 23,-0.00761154,0.48617198,0.713440,-0.104926,-0.872699,-0.074893,0.000000,0.000000,-0.375327
2855,01 02 14 22 24 33,-0.00761548,0.47608042,-0.050960,-0.323205,1.194220,-0.199715,0.000000,0.000000,1.080109
2856,06 07 10 13 22 23,-0.00764750,0.28189216,-2.089360,0.082853,-0.872699,-0.449359,0.000000,0.000000,0.063687
2857,01 07 12 14 22 33,-0.00765207,0.36739177,-0.687960,-0.582040,-1.561672,0.174751,0.000000,0.000000,0.961223
2858,01 07 12 18 22 24,-0.00769703,0.49219130,0.203840,-0.452175,0.505247,0.174751,0.000000,0.000000,0.349833
2859,01 07 10 12 22 24,-0.00770740,0.43406014,-0.687960,-0.159120,0.964562,-0.199715,0.000000,0.000000,0.302415
2860,06 08 13 18 22 33,-0.00773354,0.53549295,1.860040,0.041641,-0.643041,-0.699002,0.000000,0.000000,1.122012
2861,06 07 13 18 22 23,-0.00773822,0.34002333,-1.197560,-0.210201,-1.332014,-0.074893,0.000000,0.000000,0.096129
2862,01 02 07 08 12 24,-0.00775024,0.53370978,0.331240,-0.302311,1.423877,0.174751,0.000000,0.000000,-0.355902
2863,04 06 07 14 18 22,-0.00790707,0.41502066,-0.433160,-0.375232,-1.102357,0.299572,0.000000,0.000000,-0.479159
2864,02 04 06 08 23 24,-0.00792197,0.46750599,-0.305760,0.233677,1.194220,-0.449359,0.000000,0.000000,-0.679298
2865,01 04 06 14 18 22,-0.00792715,0.45974458,0.331240,0.096263,-0.643041,-0.324537,0.000000,0.000000,-0.479771
2866,02 04 06 12 18 23,-0.00805244,0.45327250,-0.433160,-0.655235,-0.183726,0.674038,0.000000,0.000000,-0.515589
2867,02 08 10 13 18 33,-0.00812369,0.62997184,2.114840,-0.534472,0.964562,0.174751,0.000000,0.000000,0.669845
2868,06 10 13 18 22 33,-0.00817101,0.50582265,1.095640,-0.133073,-0.183726,-0.449359,0.000000,0.000000,0.991604
2869,04 08 10 12 18 33,-0.00820460,0.60724739,2.242240,-0.499292,-0.183726,0.174751,0.000000,0.000000,0.494040
2870,02 04 14 18 22 23,-0.00825609,0.39476409,-1.197560,-0.816250,-0.183726,0.674038,0.000000,0.000000,0.204021
2871,02 06 13 18 22 23,-0.00830828,0.40601762,-0.815360,-0.372510,0.045932,0.049929,0.000000,0.000000,0.327892
2872,01 04 06 07 14 18,-0.00834388,0.46372963,0.203840,-0.059333,-1.102357,0.174751,0.000000,0.000000,-1.575297
2873,01 07 08 12 22 24,-0.00834876,0.46373043,0.076440,0.015594,0.505247,-0.449359,0.000000,0.000000,0.272992
2874,01 08 13 18 22 23,-0.00837327,0.43891709,0.331240,0.177799,-0.643041,-0.699002,0.000000,0.000000,0.393204
2875,04 10 18 22 23 24,-0.00842835,0.45048706,-0.433160,-0.174395,0.964562,-0.199715,0.000000,0.000000,0.266732
2876,06 07 08 12 13 18,-0.00846598,0.53159551,1.095640,0.155224,-0.872699,0.049929,0.000000,0.000000,-2.152906
2877,06 08 10 13 22 33,-0.00848030,0.47736179,0.968240,0.334696,-0.183726,-1.073468,0.000000,0.000000,0.965496
2878,04 06 07 10 14 22,-0.00851930,0.35688950,-1.324960,-0.082177,-0.643041,-0.074893,0.000000,0.000000,-0.615745
2879,04 08 18 22 23 24,-0.00854793,0.48015736,0.331240,0.000319,0.505247,-0.449359,0.000000,0.000000,0.314613
2880,04 06 10 18 22 24,-0.00855232,0.53673793,0.713440,0.104315,1.423877,-0.449359,0.000000,0.000000,-0.170303
2881,02 04 10 12 14 18,-0.00857045,0.55666597,0.331240,-0.625539,0.734904,1.048503,0.000000,0.000000,-2.049365
2882,02 06 10 13 22 23,-0.00862590,0.34788645,-1.707160,-0.079455,0.505247,-0.324537,0.000000,0.000000,0.234953
2883,04 10 14 18 22 33,-0.00866961,0.49456912,0.713440,-0.576813,-0.413384,0.174751,0.000000,0.000000,0.786131
2884,08 10 12 13 18 22,-0.00867648,0.55211001,1.223040,0.052612,0.275589,-0.199715,0.000000,0.000000,-0.827107
2885,01 07 08 10 13 14,-0.00871536,0.46366489,0.076440,0.603161,-0.413384,-0.449359,0.000000,0.000000,-2.517379
2886,02 04 06 07 10 12,-0.00878317,0.49790923,-0.687960,-0.296911,0.275589,1.173325,0.000000,0.000000,-4.050749
2887,04 08 10 14 22 33,-0.00880170,0.46610825,0.586040,-0.109044,-0.413384,-0.449359,0.000000,0.000000,0.786276
2888,01 08 10 13 22 23,-0.00880825,0.38078592,-0.560560,0.470854,-0.183726,-1.073468,0.000000,0.000000,0.282878
2889,02 06 07 10 13 14,-0.00884032,0.43076542,-1.070160,0.052852,0.275589,0.299572,0.000000,0.000000,-2.610832
2890,02 04 06 10 12 23,-0.00885340,0.39514134,-1.324960,-0.362180,0.275589,0.299572,0.000000,0.000000,-0.680134
2891,02 06 08 10 13 33,-0.00892716,0.54734113,1.223040,0.016791,0.734904,-0.449359,0.000000,0.000000,0.181726
2892,01 04 06 10 14 22,-0.00892813,0.40161342,-0.560560,0.389317,-0.183726,-0.699002,0.000000,0.000000,-0.673951
2893,02 04 06 08 14 33,-0.00897028,0.51158805,0.840840,-0.168741,-0.183726,-0.074893,0.000000,0.000000,-0.279467
2894,06 07 08 12 13 14,-0.00897246,0.44160785,-0.178360,0.715681,-1.332014,-0.199715,0.000000,0.000000,-3.958590
2895,02 04 08 10 14 33,-0.00898603,0.53608760,0.840840,-0.426949,0.505247,0.174751,0.000000,0.000000,0.041401
2896,07 10 12 22 24 33,-0.00901653,0.44438513,-0.305760,-0.573988,0.505247,0.049929,0.000000,0.000000,1.161163
2897,02 04 08 12 14 18,-0.00915093,0.58633627,1.095640,-0.450825,0.275589,0.798860,0.000000,0.000000,-2.069769
2898,04 08 14 18 22 33,-0.00916204,0.52423942,1.477840,-0.402099,-0.872699,-0.074893,0.000000,0.000000,0.778772
2899,02 04 06 14 22 23,-0.00916650,0.31213337,-2.089360,-0.264987,-0.413384,0.049929,0.000000,0.000000,-0.299942
2900,02 07 12 22 23 24,-0.00916971,0.34458009,-2.216760,-0.813425,0.734904,0.549216,0.000000,0.000000,0.495094
2901,02 04 06 08 18 24,-0.00917104,0.63638758,1.732640,-0.038876,1.883192,-0.074893,0.000000,0.000000,-0.913938
2902,01 02 04 06 10 12,-0.00925798,0.54263315,0.076440,0.174584,0.734904,0.549216,0.000000,0.000000,-4.118731
2903,07 12 18 22 24 33,-0.00926706,0.50251629,0.586040,-0.867042,0.045932,0.424394,0.000000,0.000000,1.169929
2904,07 08 12 22 24 33,-0.00929354,0.47405543,0.458640,-0.399274,0.045932,-0.199715,0.000000,0.000000,1.185719
2905,02 08 10 12 13 18,-0.00929677,0.62208935,1.477840,-0.265293,1.194220,0.424394,0.000000,0.000000,-1.636570
2906,04 06 12 18 22 23,-0.00930458,0.38329316,-0.687960,-0.337330,-1.102357,0.049929,0.000000,0.000000,0.016469
2907,01 02 06 10 13 14,-0.00935849,0.47548934,-0.305760,0.524347,0.734904,-0.324537,0.000000,0.000000,-2.685238
2908,02 04 10 12 18 23,-0.00936818,0.47777205,-0.433160,-0.913443,0.505247,0.923681,0.000000,0.000000,-0.387319
2909,02 06 07 12 22 24,-0.00939069,0.43083096,-1.070160,-0.534715,1.194220,0.299572,0.000000,0.000000,0.043687
2910,02 04 10 14 22 23,-0.00939629,0.33663292,-2.089360,-0.523195,0.275589,0.299572,0.000000,0.000000,-0.010787
2911,02 04 08 10 18 24,-0.00952824,0.66088712,1.732640,-0.297084,2.572165,0.174751,0.000000,0.000000,-0.643658
2912,08 10 13 22 23 33,-0.00954557,0.39111092,-0.178360,0.055986,-0.643041,-0.823824,0.000000,0.000000,1.226342
2913,02 06 08 13 22 23,-0.00957487,0.37755675,-0.942760,0.095259,0.045932,-0.574180,0.000000,0.000000,0.159957
2914,07 10 13 18 22 23,-0.00958906,0.36452287,-1.197560,-0.468409,-0.643041,0.174751,0.000000,0.000000,0.145122
2915,04 06 07 18 23 33,-0.00961614,0.39516071,-0.178360,-0.762105,-1.791329,0.299572,0.000000,0.000000,1.069147
2916,04 08 10 22 23 24,-0.00967885,0.42202620,-0.560560,0.293374,0.964562,-0.823824,0.000000,0.000000,0.101180
2917,08 13 18 22 23 33,-0.00967971,0.44924208,0.713440,-0.237068,-1.102357,-0.449359,0.000000,0.000000,1.252350
2918,01 12 18 22 24 33,-0.00970591,0.54724021,1.350440,-0.395548,0.505247,-0.199715,0.000000,0.000000,1.107273
2919,01 06 07 08 13 14,-0.00977206,0.43916535,0.076440,0.861369,-1.102357,-0.699002,0.000000,0.000000,-2.997132
2920,01 10 12 22 24 33,-0.00977629,0.48910905,0.458640,-0.102493,0.964562,-0.574180,0.000000,0.000000,1.050965
2921,02 04 06 07 08 12,-0.00979072,0.52757953,0.076440,-0.122197,-0.183726,0.923681,0.000000,0.000000,-4.134424
2922,02 07 12 14 22 33,-0.00980448,0.38866215,-1.070160,-1.215843,-0.643041,0.923681,0.000000,0.000000,0.956194
2923,10 13 18 22 23 33,-0.00982859,0.41957178,-0.050960,-0.411782,-0.643041,-0.199715,0.000000,0.000000,1.164697
2924,02 04 06 08 12 23,-0.00984231,0.42481164,-0.560560,-0.187466,-0.183726,0.049929,0.000000,0.000000,-0.761049
2925,01 02 04 06 08 12,-0.00995763,0.57230345,0.840840,0.349298,0.275589,0.299572,0.000000,0.000000,-4.156789
2926,08 12 13 14 18 23,-0.00999983,0.42147067,0.076440,0.099148,-1.102357,-0.449359,0.000000,0.000000,-0.360697
2927,01 02 06 12 22 24,-0.01001173,0.47555488,-0.305760,-0.063221,1.653535,-0.324537,0.000000,0.000000,-0.045959
2928,04 06 14 18 23 24,-0.01001890,0.40609859,-0.433160,0.150851,0.045932,-0.699002,0.000000,0.000000,0.274887
2929,01 04 06 10 12 14,-0.01002021,0.45276488,-0.178360,0.559527,-0.413384,-0.324537,0.000000,0.000000,-2.947091
2930,02 10 13 18 22 23,-0.01002067,0.43051717,-0.815360,-0.630718,0.734904,0.299572,0.000000,0.000000,0.397397
2931,01 04 06 08 14 22,-0.01004696,0.43128371,0.203840,0.564031,-0.643041,-0.948646,0.000000,0.000000,-0.774114
2932,04 06 08 18 22 24,-0.01008127,0.56640823,1.477840,0.279029,0.964562,-0.699002,0.000000,0.000000,-0.331226
2933,08 10 13 18 22 33,-0.01009358,0.55999250,1.860040,-0.216567,0.045932,-0.449359,0.000000,0.000000,1.095566
2934,02 04 08 12 18 23,-0.01009504,0.50744235,0.331240,-0.738729,0.045932,0.674038,0.000000,0.000000,-0.429408
2935,01 08 12 22 24 33,-0.01013566,0.51877934,1.223040,0.072221,0.505247,-0.823824,0.000000,0.000000,1.063319
2936,04 06 08 22 23 24,-0.01015177,0.39752665,-0.560560,0.551582,0.275589,-1.073468,0.000000,0.000000,-0.292085
2937,02 04 08 14 22 23,-0.01020274,0.36630322,-1.324960,-0.348481,-0.183726,0.049929,0.000000,0.000000,-0.064667
2938,06 07 10 13 18 22,-0.01030383,0.45077374,-0.050960,-0.189700,-0.183726,-0.074893,0.000000,0.000000,-0.379442
2939,01 02 12 14 22 33,-0.01033503,0.43338607,-0.305760,-0.744348,-0.183726,0.299572,0.000000,0.000000,0.879953
2940,04 06 10 12 22 23,-0.01035907,0.32516200,-1.579760,-0.044275,-0.643041,-0.324537,0.000000,0.000000,-0.185638
2941,01 06 08 10 13 22,-0.01039611,0.46703679,0.586040,0.749564,0.275589,-1.323111,0.000000,0.000000,-0.371036
2942,01 02 12 18 22 24,-0.01039648,0.55818559,0.586040,-0.614483,1.883192,0.299572,0.000000,0.000000,0.266121
2943,01 06 07 10 13 18,-0.01044292,0.49948271,0.586040,0.126199,-0.183726,-0.199715,0.000000,0.000000,-1.431471
2944,04 07 08 14 18 22,-0.01048141,0.46919051,0.331240,-0.458726,-0.872699,0.299572,0.000000,0.000000,-0.471759
2945,04 06 10 14 23 24,-0.01049265,0.34796743,-1.324960,0.443905,0.505247,-1.073468,0.000000,0.000000,0.158818
2946,07 12 22 23 24 33,-0.01053771,0.33363471,-1.452360,-0.594490,-0.643041,0.049929,0.000000,0.000000,1.031264
2947,01 04 07 08 14 18,-0.01060621,0.51789948,0.968240,-0.142827,-0.872699,0.174751,0.000000,0.000000,-1.521671
2948,02 06 12 22 24 33,-0.01070825,0.48587987,0.076440,-0.478088,1.194220,-0.074893,0.000000,0.000000,0.903547
2949,01 04 06 18 23 33,-0.01071511,0.43988462,0.586040,-0.290611,-1.332014,-0.324537,0.000000,0.000000,0.908694
2950,04 06 07 10 23 33,-0.01073292,0.33702954,-1.070160,-0.469051,-1.332014,-0.074893,0.000000,0.000000,0.857810
2951,01 06 08 13 18 22,-0.01074877,0.52516796,1.477840,0.456509,-0.183726,-0.948646,0.000000,0.000000,-0.377402
2952,02 04 07 08 10 12,-0.01080161,0.55207908,0.076440,-0.380405,0.505247,1.173325,0.000000,0.000000,-3.960990
2953,04 07 08 10 14 22,-0.01082141,0.41105935,-0.560560,-0.165671,-0.413384,-0.074893,0.000000,0.000000,-0.568013
2954,01 06 10 13 18 22,-0.01083764,0.49549766,0.713440,0.281795,0.275589,-0.699002,0.000000,0.000000,-0.456165
2955,01 04 10 14 18 22,-0.01086008,0.48424413,0.331240,-0.161945,0.045932,-0.074893,0.000000,0.000000,-0.591093
2956,07 08 10 12 13 18,-0.01096148,0.55609506,1.095640,-0.102984,-0.183726,0.299572,0.000000,0.000000,-2.199422
2957,02 04 08 10 12 23,-0.01096930,0.44931119,-0.560560,-0.445674,0.505247,0.299572,0.000000,0.000000,-0.604816
2958,01 07 12 14 23 24,-0.01103194,0.30342079,-1.834560,-0.112584,-0.413384,-0.449359,0.000000,0.000000,0.472343
2959,01 04 06 08 12 14,-0.01104052,0.48243518,0.586040,0.734241,-0.872699,-0.574180,0.000000,0.000000,-3.032657
2960,01 04 08 10 14 22,-0.01104403,0.45578326,0.203840,0.305823,0.045932,-0.699002,0.000000,0.000000,-0.598632
2961,04 08 10 18 22 24,-0.01107985,0.59090778,1.477840,0.020821,1.653535,-0.449359,0.000000,0.000000,-0.155967
2962,01 12 22 23 24 33,-0.01108407,0.37835863,-0.687960,-0.122995,-0.183726,-0.574180,0.000000,0.000000,0.952681
2963,06 13 14 18 23 33,-0.01109322,0.37518331,-0.050960,-0.086537,-1.561672,-0.699002,0.000000,0.000000,1.221138
2964,01 02 06 08 13 14,-0.01109569,0.50515964,0.458640,0.699061,0.275589,-0.574180,0.000000,0.000000,-2.877013
2965,07 08 13 18 22 23,-0.01109977,0.39419317,-0.433160,-0.293695,-1.102357,-0.074893,0.000000,0.000000,-0.013097
2966,02 07 10 12 22 24,-0.01110171,0.45533051,-1.070160,-0.792923,1.883192,0.549216,0.000000,0.000000,0.113394
2967,02 07 12 18 22 24,-0.01110390,0.51346167,-0.178360,-1.085978,1.423877,0.923681,0.000000,0.000000,0.158951
2968,02 08 13 18 22 23,-0.01118136,0.46018746,-0.050960,-0.456004,0.275589,0.049929,0.000000,0.000000,0.291033
2969,04 06 08 12 22 23,-0.01119072,0.35483230,-0.815360,0.130439,-1.102357,-0.574180,0.000000,0.000000,-0.243254
2970,01 02 04 08 10 12,-0.01121035,0.59680300,0.840840,0.091090,0.964562,0.549216,0.000000,0.000000,-4.019183
2971,02 08 10 13 22 23,-0.01125824,0.40205630,-0.942760,-0.162949,0.734904,-0.324537,0.000000,0.000000,0.233762
2972,06 10 13 14 23 33,-0.01126964,0.31705215,-0.942760,0.206518,-1.102357,-1.073468,0.000000,0.000000,1.149120
2973,04 10 12 18 22 23,-0.01130515,0.40779271,-0.687960,-0.595538,-0.413384,0.299572,0.000000,0.000000,0.043280
2974,06 07 12 14 24 33,-0.01143019,0.39999666,-0.305760,-0.248742,-0.413384,-0.449359,0.000000,0.000000,1.047372
2975,01 06 13 14 18 23,-0.01148975,0.36485832,-0.433160,0.328331,-1.102357,-0.948646,0.000000,0.000000,0.109692
2976,01 06 07 12 14 24,-0.01150583,0.38967166,-0.687960,0.166126,0.045932,-0.699002,0.000000,0.000000,-0.016534
2977,04 06 07 08 14 22,-0.01152348,0.38655980,-0.560560,0.092537,-1.102357,-0.324537,0.000000,0.000000,-0.995226
2978,01 04 06 07 18 23,-0.01155452,0.38483571,-0.560560,-0.347238,-1.332014,0.049929,0.000000,0.000000,-0.270729
2979,06 07 08 13 22 23,-0.01155737,0.31156246,-1.324960,0.257567,-1.332014,-0.699002,0.000000,0.000000,-0.449975
2980,01 04 07 10 14 18,-0.01162586,0.48822918,0.203840,-0.317541,-0.413384,0.424394,0.000000,0.000000,-1.738332
2981,01 08 10 13 18 22,-0.01163970,0.54966751,1.477840,0.198301,0.505247,-0.699002,0.000000,0.000000,-0.186196
2982,01 06 10 13 14 23,-0.01164456,0.30672716,-1.324960,0.621385,-0.643041,-1.323111,0.000000,0.000000,0.040873
2983,04 07 10 14 18 22,-0.01167721,0.43952021,-0.433160,-0.633440,-0.413384,0.549216,0.000000,0.000000,-0.714516
2984,01 04 08 14 18 22,-0.01168536,0.51391443,1.095640,0.012769,-0.413384,-0.324537,0.000000,0.000000,-0.647765
2985,04 08 12 18 22 23,-0.01170533,0.43746301,0.076440,-0.420824,-0.872699,0.049929,0.000000,0.000000,0.049587
2986,01 02 07 12 14 22,-0.01170909,0.37833716,-1.452360,-0.800975,-0.183726,0.674038,0.000000,0.000000,-0.378680
2987,02 07 08 12 22 24,-0.01173993,0.48500081,-0.305760,-0.618209,1.423877,0.299572,0.000000,0.000000,0.084436
2988,01 02 08 10 13 14,-0.01174441,0.52965919,0.458640,0.440853,0.964562,-0.324537,0.000000,0.000000,-2.649922
2989,07 08 10 13 22 23,-0.01176132,0.33606201,-1.324960,-0.000641,-0.643041,-0.449359,0.000000,0.000000,-0.156991
2990,02 07 08 10 13 14,-0.01182164,0.48493527,-0.305760,-0.030642,0.505247,0.299572,0.000000,0.000000,-2.663726
2991,02 04 06 08 10 24,-0.01184884,0.57825641,0.840840,0.254178,2.342508,-0.449359,0.000000,0.000000,-1.356544
2992,10 12 13 14 18 23,-0.01187707,0.39180037,-0.687960,-0.075566,-0.643041,-0.199715,0.000000,0.000000,-0.704412
2993,06 08 13 14 23 33,-0.01189826,0.34672245,-0.178360,0.381232,-1.561672,-1.323111,0.000000,0.000000,1.121583
2994,01 04 06 10 23 33,-0.01199752,0.38175346,-0.305760,0.002444,-0.872699,-0.699002,0.000000,0.000000,0.672818
2995,01 04 06 07 10 23,-0.01201767,0.32670455,-1.452360,-0.054183,-0.872699,-0.324537,0.000000,0.000000,-0.385229
2996,04 07 08 18 23 33,-0.01203017,0.44933055,0.586040,-0.845599,-1.561672,0.299572,0.000000,0.000000,1.100298
2997,01 04 08 10 12 14,-0.01210472,0.50693473,0.586040,0.476033,-0.183726,-0.324537,0.000000,0.000000,-2.867121
2998,06 07 08 13 18 22,-0.01211604,0.48044404,0.713440,-0.014986,-0.643041,-0.324537,0.000000,0.000000,-0.582330
2999,01 02 08 12 22 24,-0.01219052,0.52972473,0.458640,-0.146715,1.883192,-0.324537,0.000000,0.000000,0.020043
3000,04 06 07 10 18 33,-0.01239653,0.50591112,0.968240,-0.741604,-0.643041,0.299572,0.000000,0.000000,0.561754
3001,01 06 07 08 13 18,-0.01241553,0.52915301,1.350440,0.300913,-0.643041,-0.449359,0.000000,0.000000,-1.658123
3002,01 07 08 10 13 18,-0.01244063,0.55365256,1.350440,0.042705,0.045932,-0.199715,0.000000,0.000000,-1.338641
3003,08 10 12 13 14 23,-0.01244986,0.36333950,-0.815360,0.392203,-0.643041,-0.823824,0.000000,0.000000,-0.769559
3004,01 06 12 14 24 33,-0.01245920,0.44472057,0.458640,0.222752,0.045932,-1.073468,0.000000,0.000000,0.897284
3005,02 06 07 08 13 14,-0.01246286,0.46043572,-0.305760,0.227566,-0.183726,0.049929,0.000000,0.000000,-3.081925
3006,04 06 08 14 23 24,-0.01246686,0.37763773,-0.560560,0.618619,0.045932,-1.323111,0.000000,0.000000,-0.068070
3007,04 07 10 18 23 33,-0.01246969,0.41966025,-0.178360,-1.020313,-1.102357,0.549216,0.000000,0.000000,0.969585
3008,02 04 06 14 18 22,-0.01247494,0.48101496,-0.050960,-0.537540,0.275589,0.424394,0.000000,0.000000,-0.839684
3009,01 02 10 12 22 24,-0.01252662,0.50005443,-0.305760,-0.321429,2.342508,-0.074893,0.000000,0.000000,-0.095348
3010,04 10 14 18 23 24,-0.01254211,0.43059814,-0.433160,-0.107357,0.734904,-0.449359,0.000000,0.000000,0.224266
3011,01 02 12 22 23 24,-0.01258553,0.38930401,-1.452360,-0.341930,1.194220,-0.074893,0.000000,0.000000,-0.008607
3012,01 06 08 13 14 23,-0.01262179,0.33639745,-0.560560,0.796099,-1.102357,-1.572755,0.000000,0.000000,-0.038309
3013,07 08 10 12 13 14,-0.01270606,0.46610739,-0.178360,0.457473,-0.643041,0.049929,0.000000,0.000000,-4.188533
3014,04 06 08 10 12 33,-0.01271460,0.52461667,1.350440,0.051971,-0.413384,-0.449359,0.000000,0.000000,-0.543212
3015,06 10 13 14 18 33,-0.01272575,0.48593373,1.095640,-0.066035,-0.413384,-0.699002,0.000000,0.000000,0.883805
3016,06 07 08 10 13 22,-0.01274471,0.42231288,-0.178360,0.278069,-0.183726,-0.699002,0.000000,0.000000,-0.721351
3017,04 08 10 12 22 23,-0.01286462,0.37933184,-0.815360,-0.127769,-0.413384,-0.324537,0.000000,0.000000,-0.168047
3018,04 06 07 10 12 14,-0.01292644,0.40804097,-0.942760,0.088032,-0.872699,0.299572,0.000000,0.000000,-3.380020
3019,02 10 12 22 24 33,-0.01292665,0.51037942,0.076440,-0.736296,1.883192,0.174751,0.000000,0.000000,0.898086
3020,01 10 13 14 18 23,-0.01292737,0.38935787,-0.433160,0.070123,-0.413384,-0.699002,0.000000,0.000000,0.219905
3021,02 12 18 22 24 33,-0.01295978,0.56851058,0.968240,-1.029351,1.423877,0.549216,0.000000,0.000000,0.939059
3022,07 12 14 23 24 33,-0.01297215,0.31374579,-1.452360,-0.527452,-0.872699,-0.199715,0.000000,0.000000,1.237594
3023,02 04 06 18 23 33,-0.01299116,0.46115500,0.203840,-0.924414,-0.413384,0.424394,0.000000,0.000000,0.885347
3024,06 10 13 18 23 24,-0.01300969,0.44185167,-0.050960,0.336383,0.964562,-1.073468,0.000000,0.000000,0.286597
3025,04 08 10 14 23 24,-0.01301076,0.40213728,-0.560560,0.360411,0.734904,-1.073468,0.000000,0.000000,0.174549
3026,02 06 07 10 13 18,-0.01301657,0.52075309,0.203840,-0.507604,0.734904,0.549216,0.000000,0.000000,-1.498909
3027,06 07 10 13 14 23,-0.01303765,0.26200324,-2.089360,0.149891,-1.102357,-0.699002,0.000000,0.000000,-0.167879
3028,04 08 14 18 23 24,-0.01305966,0.46026844,0.331240,0.067357,0.275589,-0.699002,0.000000,0.000000,0.213186
3029,02 04 06 07 14 18,-0.01307383,0.48500001,-0.178360,-0.693137,-0.183726,0.923681,0.000000,0.000000,-1.962196
3030,04 07 08 10 23 33,-0.01309782,0.39119939,-0.305760,-0.552545,-1.102357,-0.074893,0.000000,0.000000,0.896240
3031,01 07 10 12 14 24,-0.01316034,0.41417121,-0.687960,-0.092083,0.734904,-0.449359,0.000000,0.000000,0.061545
3032,01 02 07 18 24 33,-0.01320564,0.57005314,1.095640,-1.039258,1.194220,0.549216,0.000000,0.000000,0.948771
3033,02 08 12 22 24 33,-0.01328288,0.54004972,0.840840,-0.561582,1.423877,-0.074893,0.000000,0.000000,0.910906
3034,06 07 13 14 18 23,-0.01330374,0.32013440,-1.197560,-0.143164,-1.561672,-0.324537,0.000000,0.000000,-0.161419
3035,01 04 06 08 23 33,-0.01331721,0.41142376,0.458640,0.177158,-1.332014,-0.948646,0.000000,0.000000,0.542899
3036,01 07 12 14 18 24,-0.01335683,0.47230238,0.203840,-0.385137,0.275589,-0.074893,0.000000,0.000000,0.078317
3037,04 06 08 10 22 24,-0.01336408,0.50827707,0.586040,0.572083,1.423877,-1.073468,0.000000,0.000000,-0.863465
3038,02 12 22 23 24 33,-0.01336825,0.39962900,-1.070160,-0.756798,0.734904,0.174751,0.000000,0.000000,0.928130
3039,06 08 13 14 18 33,-0.01337008,0.51560403,1.860040,0.108679,-0.872699,-0.948646,0.000000,0.000000,0.853942
3040,07 08 10 13 18 22,-0.01337692,0.50494359,0.713440,-0.273194,0.045932,-0.074893,0.000000,0.000000,-0.445933
3041,01 04 10 18 23 33,-0.01339038,0.46438417,0.586040,-0.548819,-0.643041,-0.074893,0.000000,0.000000,0.835544
3042,01 12 14 23 24 33,-0.01343927,0.35846970,-0.687960,-0.055957,-0.413384,-0.823824,0.000000,0.000000,1.170752
3043,02 07 12 14 23 24,-0.01345656,0.32469117,-2.216760,-0.746387,0.505247,0.299572,0.000000,0.000000,0.426985
3044,02 04 06 10 14 22,-0.01346336,0.42288379,-0.942760,-0.244486,0.734904,0.049929,0.000000,0.000000,-1.032003
3045,07 12 14 18 24 33,-0.01355815,0.48262737,0.586040,-0.800005,-0.183726,0.174751,0.000000,0.000000,1.101190
3046,01 04 07 08 18 23,-0.01359050,0.43900556,0.203840,-0.430732,-1.102357,0.049929,0.000000,0.000000,-0.183569
3047,01 02 06 10 13 18,-0.01362363,0.56547700,0.968240,-0.036110,1.194220,-0.074893,0.000000,0.000000,-1.586484
3048,06 08 13 18 23 24,-0.01365402,0.47152197,0.713440,0.511097,0.505247,-1.323111,0.000000,0.000000,0.256734
3049,01 04 06 10 12 18,-0.01368899,0.54275255,1.095640,-0.000930,0.045932,-0.074893,0.000000,0.000000,-1.759985
3050,01 04 06 10 18 33,-0.01370823,0.55063504,1.732640,-0.270109,-0.183726,-0.324537,0.000000,0.000000,0.369785
3051,07 10 12 14 24 33,-0.01378596,0.42449621,-0.305760,-0.506950,0.275589,-0.199715,0.000000,0.000000,1.021557
3052,01 07 08 12 14 24,-0.01382682,0.44384151,0.076440,0.082631,0.275589,-0.699002,0.000000,0.000000,0.028401
3053,02 06 08 10 13 22,-0.01382859,0.48830717,0.203840,0.115760,1.194220,-0.574180,0.000000,0.000000,-0.565712
3054,01 02 04 06 14 18,-0.01389889,0.52972392,0.586040,-0.221642,0.275589,0.299572,0.000000,0.000000,-2.082069
3055,02 06 13 14 18 23,-0.01393659,0.38612870,-0.815360,-0.305472,-0.183726,-0.199715,0.000000,0.000000,0.061041
3056,04 06 07 08 23 33,-0.01393794,0.36669984,-0.305760,-0.294337,-1.791329,-0.324537,0.000000,0.000000,0.448573
3057,08 13 14 18 23 33,-0.01395825,0.42935316,0.713440,-0.170031,-1.332014,-0.699002,0.000000,0.000000,1.185472
3058,01 08 13 14 18 23,-0.01398902,0.41902817,0.331240,0.244837,-0.872699,-0.948646,0.000000,0.000000,0.128214
3059,01 04 07 08 10 23,-0.01406751,0.38087440,-0.687960,-0.137677,-0.643041,-0.324537,0.000000,0.000000,-0.300121
3060,01 12 14 18 24 33,-0.01407236,0.52735129,1.350440,-0.328510,0.275589,-0.449359,0.000000,0.000000,1.027372
3061,02 06 10 13 14 23,-0.01407885,0.32799753,-1.707160,-0.012418,0.275589,-0.574180,0.000000,0.000000,-0.005916
3062,10 13 14 18 23 33,-0.01408200,0.39968286,-0.050960,-0.344745,-0.872699,-0.449359,0.000000,0.000000,1.101541
3063,07 08 12 14 24 33,-0.01408810,0.45416650,0.458640,-0.332236,-0.183726,-0.449359,0.000000,0.000000,1.042392
3064,01 04 08 18 23 33,-0.01408990,0.49405447,1.350440,-0.374105,-1.102357,-0.324537,0.000000,0.000000,0.797506
3065,01 04 07 10 18 23,-0.01412921,0.40933526,-0.560560,-0.605446,-0.643041,0.299572,0.000000,0.000000,-0.328978
3066,06 08 10 13 23 24,-0.01414842,0.41339081,-0.178360,0.804151,0.964562,-1.697577,0.000000,0.000000,0.137606
3067,01 04 08 10 23 33,-0.01417622,0.43592331,0.458640,-0.081050,-0.643041,-0.699002,0.000000,0.000000,0.738834
3068,02 06 08 13 18 22,-0.01419381,0.54643833,1.095640,-0.177294,0.734904,-0.199715,0.000000,0.000000,-0.573938
3069,04 06 07 08 12 14,-0.01423891,0.43771126,-0.178360,0.262746,-1.332014,0.049929,0.000000,0.000000,-3.508870
3070,08 10 13 14 23 33,-0.01423946,0.37122199,-0.178360,0.123024,-0.872699,-1.073468,0.000000,0.000000,1.097927
3071,01 08 10 13 14 23,-0.01424864,0.36089700,-0.560560,0.537891,-0.413384,-1.323111,0.000000,0.000000,0.043869
3072,02 04 07 10 14 18,-0.01424873,0.50949955,-0.178360,-0.951345,0.505247,1.173325,0.000000,0.000000,-1.813061
3073,02 04 06 10 23 33,-0.01426101,0.40302383,-0.687960,-0.631359,0.045932,0.049929,0.000000,0.000000,0.651332
3074,01 02 04 10 14 18,-0.01427798,0.55422347,0.586040,-0.479850,0.964562,0.549216,0.000000,0.000000,-1.815033
3075,02 04 07 08 14 18,-0.01428261,0.53916985,0.586040,-0.776631,0.045932,0.923681,0.000000,0.000000,-1.752484
3076,02 06 10 13 18 22,-0.01428582,0.51676804,0.331240,-0.352008,1.194220,0.049929,0.000000,0.000000,-0.653166
3077,02 04 10 14 18 22,-0.01435747,0.50551450,-0.050960,-0.795748,0.964562,0.674038,0.000000,0.000000,-0.795386
3078,01 02 07 10 24 33,-0.01449776,0.51192197,0.203840,-0.746204,1.653535,0.174751,0.000000,0.000000,0.711457
3079,02 04 10 18 23 33,-0.01461603,0.48565455,0.203840,-1.182622,0.275589,0.674038,0.000000,0.000000,0.967817
3080,01 10 12 14 24 33,-0.01462108,0.46922012,0.458640,-0.035456,0.734904,-0.823824,0.000000,0.000000,0.900195
3081,04 06 07 10 12 18,-0.01466002,0.49802863,0.331240,-0.472425,-0.413384,0.549216,0.000000,0.000000,-1.906209
3082,04 06 10 12 18 22,-0.01468400,0.49404358,0.458640,-0.316828,0.045932,0.049929,0.000000,0.000000,-0.875977
3083,01 04 06 08 12 18,-0.01469675,0.57242285,1.860040,0.173784,-0.413384,-0.324537,0.000000,0.000000,-1.843691
3084,01 02 07 23 24 33,-0.01469778,0.40117155,-0.942760,-0.766706,0.505247,0.174751,0.000000,0.000000,0.777292
3085,01 06 08 10 12 13,-0.01470308,0.51818826,0.968240,0.919773,0.045932,-0.948646,0.000000,0.000000,-3.120471
3086,04 07 08 10 18 33,-0.01474574,0.56008097,1.732640,-0.825098,-0.413384,0.299572,0.000000,0.000000,0.602510
3087,01 02 06 08 13 18,-0.01476445,0.59514730,1.732640,0.138604,0.734904,-0.324537,0.000000,0.000000,-1.689903
3088,04 06 10 14 18 24,-0.01477263,0.51684901,0.713440,0.171353,1.194220,-0.699002,0.000000,0.000000,-0.524860
3089,01 04 06 08 18 33,-0.01477997,0.58030534,2.497040,-0.095395,-0.643041,-0.574180,0.000000,0.000000,0.276600
3090,02 06 07 12 14 24,-0.01488130,0.41094204,-1.070160,-0.467678,0.964562,0.049929,0.000000,0.000000,-0.202764
3091,01 02 06 07 24 33,-0.01496428,0.48742242,0.203840,-0.487996,0.964562,-0.074893,0.000000,0.000000,0.319140
3092,01 06 07 22 24 33,-0.01497962,0.41744308,-0.050960,-0.170091,0.045932,-0.699002,0.000000,0.000000,1.034435
3093,01 04 06 07 08 23,-0.01498056,0.35637485,-0.687960,0.120531,-1.332014,-0.574180,0.000000,0.000000,-0.758594
3094,01 04 06 18 22 23,-0.01498232,0.38085066,-0.433160,-0.191641,-0.872699,-0.449359,0.000000,0.000000,0.255217
3095,02 06 07 08 13 18,-0.01498604,0.55042339,0.968240,-0.332890,0.275589,0.299572,0.000000,0.000000,-1.725096
3096,01 08 12 14 24 33,-0.01500556,0.49889042,1.223040,0.139258,0.275589,-1.073468,0.000000,0.000000,0.908829
3097,02 06 08 13 14 23,-0.01505293,0.35766783,-0.942760,0.162296,-0.183726,-0.823824,0.000000,0.000000,-0.084634
3098,07 10 13 14 18 23,-0.01510434,0.34463395,-1.197560,-0.401372,-0.872699,-0.074893,0.000000,0.000000,-0.104983
3099,04 06 12 14 18 23,-0.01514526,0.36340424,-0.687960,-0.270292,-1.332014,-0.199715,0.000000,0.000000,-0.281844
3100,02 04 06 07 18 23,-0.01516284,0.40610609,-0.942760,-0.981041,-0.413384,0.798860,0.000000,0.000000,-0.491456
3101,02 04 08 14 18 22,-0.01517961,0.53518480,0.713440,-0.621034,0.505247,0.424394,0.000000,0.000000,-0.851592
3102,04 07 08 10 12 14,-0.01519715,0.46221081,-0.178360,0.004538,-0.643041,0.299572,0.000000,0.000000,-3.327636
3103,02 04 08 18 23 33,-0.01531241,0.51532484,0.968240,-1.007908,-0.183726,0.424394,0.000000,0.000000,0.930244
3104,01 02 04 08 14 18,-0.01532351,0.58389377,1.350440,-0.305136,0.505247,0.299572,0.000000,0.000000,-1.904333
3105,04 06 07 08 18 33,-0.01535361,0.53558142,1.732640,-0.566890,-1.102357,0.049929,0.000000,0.000000,0.189251
3106,02 07 08 10 13 18,-0.01542662,0.57492293,0.968240,-0.591098,0.964562,0.549216,0.000000,0.000000,-1.467168
3107,02 08 10 13 18 22,-0.01543657,0.57093788,1.095640,-0.435502,1.423877,0.049929,0.000000,0.000000,-0.434857
3108,01 02 08 10 13 18,-0.01543828,0.61964685,1.732640,-0.119604,1.423877,-0.074893,0.000000,0.000000,-1.466533
3109,04 06 08 12 18 22,-0.01553136,0.52371388,1.223040,-0.142114,-0.413384,-0.199715,0.000000,0.000000,-0.935918
3110,01 02 06 12 14 24,-0.01557770,0.45566596,-0.305760,0.003817,1.423877,-0.574180,0.000000,0.000000,-0.303574
3111,02 04 08 10 14 22,-0.01558240,0.47705364,-0.178360,-0.327980,0.964562,0.049929,0.000000,0.000000,-0.957149
3112,04 06 10 22 23 33,-0.01558918,0.33304449,-0.942760,-0.313454,-0.872699,-0.574180,0.000000,0.000000,1.172126
3113,02 06 12 14 24 33,-0.01559072,0.46599095,0.076440,-0.411051,0.964562,-0.324537,0.000000,0.000000,0.747196
3114,02 10 13 14 18 23,-0.01559874,0.41062824,-0.815360,-0.563680,0.505247,0.049929,0.000000,0.000000,0.137989
3115,02 04 06 07 10 23,-0.01561343,0.34797492,-1.834560,-0.687986,0.045932,0.424394,0.000000,0.000000,-0.604096
3116,04 06 18 22 23 33,-0.01561450,0.39117565,-0.050960,-0.606509,-1.332014,-0.199715,0.000000,0.000000,1.214256
3117,02 04 07 10 18 23,-0.01563046,0.43060564,-0.942760,-1.239249,0.275589,1.048503,0.000000,0.000000,-0.237535
3118,02 04 06 08 14 22,-0.01563573,0.45255409,-0.178360,-0.069772,0.275589,-0.199715,0.000000,0.000000,-1.288250
3119,01 04 06 07 10 14,-0.01566310,0.40559847,-0.687960,0.233721,-0.643041,-0.199715,0.000000,0.000000,-2.705543
3120,08 10 13 14 18 33,-0.01567989,0.54010358,1.860040,-0.149529,-0.183726,-0.699002,0.000000,0.000000,0.834938
3121,04 06 08 14 18 24,-0.01570585,0.54651931,1.477840,0.346067,0.734904,-0.948646,0.000000,0.000000,-0.597524
3122,02 12 14 23 24 33,-0.01571088,0.37974008,-1.070160,-0.689760,0.505247,-0.074893,0.000000,0.000000,1.148062
3123,01 02 12 14 23 24,-0.01573645,0.36941509,-1.452360,-0.274893,0.964562,-0.324537,0.000000,0.000000,0.091575
3124,01 04 08 10 12 18,-0.01578606,0.59692239,1.860040,-0.084424,0.275589,-0.074893,0.000000,0.000000,-1.681875
3125,01 04 08 10 18 33,-0.01587123,0.60480489,2.497040,-0.353603,0.045932,-0.324537,0.000000,0.000000,0.438127
3126,01 02 12 14 18 24,-0.01611907,0.53829667,0.586040,-0.547445,1.653535,0.049929,0.000000,0.000000,-0.014698
3127,02 04 07 08 18 23,-0.01614528,0.46027593,-0.178360,-1.064535,-0.183726,0.798860,0.000000,0.000000,-0.248212
3128,04 06 10 12 14 23,-0.01614749,0.30527307,-1.579760,0.022762,-0.872699,-0.574180,0.000000,0.000000,-0.476210
3129,06 08 10 13 14 33,-0.01628923,0.45747286,0.968240,0.401734,-0.413384,-1.323111,0.000000,0.000000,0.375580
3130,01 02 04 06 18 23,-0.01631594,0.45083001,-0.178360,-0.509546,0.045932,0.174751,0.000000,0.000000,-0.659928
3131,01 04 06 10 22 23,-0.01636653,0.32271950,-1.324960,0.101413,-0.413384,-0.823824,0.000000,0.000000,0.004259
3132,02 04 08 10 23 33,-0.01644285,0.45719368,0.076440,-0.714853,0.275589,0.049929,0.000000,0.000000,0.716883
3133,04 06 07 08 12 18,-0.01649644,0.52769893,1.095640,-0.297711,-0.872699,0.299572,0.000000,0.000000,-2.112683
3134,06 08 10 13 18 24,-0.01652523,0.58227239,1.860040,0.531599,1.653535,-1.323111,0.000000,0.000000,-0.264112
3135,08 10 13 18 23 24,-0.01653336,0.49602152,0.713440,0.252889,1.194220,-1.073468,0.000000,0.000000,0.153351
3136,02 07 10 12 14 24,-0.01654210,0.43544159,-1.070160,-0.725886,1.653535,0.299572,0.000000,0.000000,-0.125615
3137,01 02 04 10 18 23,-0.01661520,0.47532955,-0.178360,-0.767754,0.734904,0.424394,0.000000,0.000000,-0.381065
3138,01 07 10 22 24 33,-0.01662249,0.44194263,-0.050960,-0.428299,0.734904,-0.449359,0.000000,0.000000,1.114238
3139,01 02 07 12 23 33,-0.01662600,0.35847720,-1.197560,-1.187849,-0.872699,0.674038,0.000000,0.000000,0.694374
3140,02 04 06 08 23 33,-0.01663423,0.43269413,0.076440,-0.456645,-0.413384,-0.199715,0.000000,0.000000,0.365328
3141,07 08 13 14 18 23,-0.01664016,0.37430425,-0.433160,-0.226658,-1.332014,-0.324537,0.000000,0.000000,-0.266924
3142,01 07 18 22 24 33,-0.01666256,0.50007379,0.840840,-0.721353,0.275589,-0.074893,0.000000,0.000000,1.154184
3143,02 08 10 13 14 23,-0.01668606,0.38216738,-0.942760,-0.095912,0.505247,-0.574180,0.000000,0.000000,-0.003386
3144,04 06 08 10 14 24,-0.01671712,0.48838814,0.586040,0.639121,1.194220,-1.323111,0.000000,0.000000,-0.793228
3145,02 07 12 14 18 24,-0.01675114,0.49357275,-0.178360,-1.018940,1.194220,0.674038,0.000000,0.000000,-0.110704
3146,02 08 13 14 18 23,-0.01678455,0.44029854,-0.050960,-0.388966,0.045932,-0.199715,0.000000,0.000000,0.027904
3147,01 02 07 08 24 33,-0.01679225,0.54159227,0.968240,-0.571490,1.194220,-0.074893,0.000000,0.000000,0.437119
3148,04 07 10 18 22 23,-0.01682963,0.36062629,-1.197560,-0.921344,-0.643041,0.424394,0.000000,0.000000,0.302370
3149,04 06 07 18 22 23,-0.01684233,0.33612674,-1.197560,-0.663136,-1.332014,0.174751,0.000000,0.000000,-0.022712
3150,01 02 04 06 10 23,-0.01686919,0.39269884,-1.070160,-0.216492,0.505247,-0.199715,0.000000,0.000000,-0.787777
3151,01 04 10 18 22 23,-0.01690470,0.40535021,-0.433160,-0.449849,-0.183726,-0.199715,0.000000,0.000000,0.293610
3152,02 04 06 10 12 14,-0.01690623,0.47403526,-0.560560,-0.074276,0.505247,0.424394,0.000000,0.000000,-3.653419
3153,01 02 07 18 22 24,-0.01693179,0.51101918,0.076440,-0.940289,1.653535,0.424394,0.000000,0.000000,0.375454
3154,02 04 06 10 18 33,-0.01694142,0.57190542,1.350440,-0.903912,0.734904,0.424394,0.000000,0.000000,0.204636
3155,04 07 08 10 12 18,-0.01694329,0.55219848,1.095640,-0.555919,-0.183726,0.549216,0.000000,0.000000,-1.855686
3156,06 07 08 13 14 23,-0.01697264,0.29167354,-1.324960,0.324605,-1.561672,-0.948646,0.000000,0.000000,-0.685263
3157,04 06 08 12 14 23,-0.01700426,0.33494337,-0.815360,0.197476,-1.332014,-0.823824,0.000000,0.000000,-0.537547
3158,04 10 12 14 18 23,-0.01709559,0.38790379,-0.687960,-0.528500,-0.643041,0.049929,0.000000,0.000000,-0.247591
3159,07 08 10 13 14 23,-0.01712636,0.31617308,-1.324960,0.066397,-0.872699,-0.699002,0.000000,0.000000,-0.384837
3160,02 06 07 22 24 33,-0.01713830,0.43871346,-0.433160,-0.803894,0.964562,0.049929,0.000000,0.000000,1.028475
3161,04 08 10 12 18 22,-0.01717386,0.54821343,1.223040,-0.400322,0.275589,0.049929,0.000000,0.000000,-0.856059
3162,02 07 08 12 14 24,-0.01720543,0.46511189,-0.305760,-0.551172,1.194220,0.049929,0.000000,0.000000,-0.158294
3163,01 02 04 08 18 23,-0.01725961,0.50499985,0.586040,-0.593040,0.275589,0.174751,0.000000,0.000000,-0.410940
3164,01 04 08 18 22 23,-0.01726589,0.43502051,0.331240,-0.275135,-0.643041,-0.449359,0.000000,0.000000,0.305695
3165,04 08 10 14 18 24,-0.01727504,0.57101886,1.477840,0.087859,1.423877,-0.699002,0.000000,0.000000,-0.506803
3166,01 07 08 22 24 33,-0.01730673,0.47161293,0.713440,-0.253585,0.275589,-0.699002,0.000000,0.000000,1.078462
3167,02 12 14 18 24 33,-0.01731367,0.54862166,0.968240,-0.962313,1.194220,0.299572,0.000000,0.000000,0.861018
3168,01 02 07 12 18 33,-0.01736036,0.52735878,0.840840,-1.460401,-0.183726,1.048503,0.000000,0.000000,0.535990
3169,04 06 10 18 22 33,-0.01741380,0.50192607,1.095640,-0.586007,-0.183726,-0.199715,0.000000,0.000000,0.852217
3170,01 06 12 14 22 24,-0.01744940,0.38568661,-0.560560,0.321722,0.505247,-1.198289,0.000000,0.000000,0.136693
3171,06 10 12 13 18 23,-0.01746141,0.39915732,-0.305760,-0.084760,-0.413384,-0.574180,0.000000,0.000000,-0.170185
3172,06 10 12 13 14 18,-0.01747138,0.47805124,0.458640,0.203144,-0.183726,-0.449359,0.000000,0.000000,-1.951895
3173,01 04 06 07 08 14,-0.01750856,0.43526877,0.076440,0.408435,-1.102357,-0.449359,0.000000,0.000000,-2.913357
3174,04 06 08 22 23 33,-0.01752039,0.36271479,-0.178360,-0.138740,-1.332014,-0.823824,0.000000,0.000000,0.951607
3175,02 04 07 08 10 23,-0.01766641,0.40214477,-1.070160,-0.771480,0.275589,0.424394,0.000000,0.000000,-0.519453
3176,01 04 07 08 10 14,-0.01768468,0.45976831,0.076440,0.150227,-0.413384,-0.199715,0.000000,0.000000,-2.616249
3177,01 02 08 12 14 24,-0.01773137,0.50983580,0.458640,-0.079677,1.653535,-0.574180,0.000000,0.000000,-0.233851
3178,04 10 18 22 23 33,-0.01773527,0.41567520,-0.050960,-0.864717,-0.643041,0.049929,0.000000,0.000000,1.223259
3179,02 10 12 14 24 33,-0.01775888,0.49049050,0.076440,-0.669259,1.653535,-0.074893,0.000000,0.000000,0.749177
3180,01 06 07 12 22 33,-0.01787684,0.37474873,-0.305760,-0.591234,-1.332014,-0.199715,0.000000,0.000000,0.807956
3181,02 04 06 08 12 14,-0.01792340,0.50370556,0.203840,0.100438,0.045932,0.174751,0.000000,0.000000,-3.738519
3182,01 02 07 14 22 33,-0.01792712,0.38621965,-0.815360,-1.070154,-0.413384,0.424394,0.000000,0.000000,0.832721
3183,04 08 12 14 18 23,-0.01793009,0.41757409,0.076440,-0.353786,-1.102357,-0.199715,0.000000,0.000000,-0.305629
3184,01 02 06 22 24 33,-0.01799489,0.48343737,0.331240,-0.332399,1.423877,-0.574180,0.000000,0.000000,0.903932
3185,06 08 12 13 18 23,-0.01801349,0.42882762,0.458640,0.089954,-0.872699,-0.823824,0.000000,0.000000,-0.186381
3186,01 02 10 12 14 24,-0.01804236,0.48016550,-0.305760,-0.254391,2.112850,-0.324537,0.000000,0.000000,-0.345521
3187,06 08 12 13 14 18,-0.01805172,0.50772154,1.223040,0.377858,-0.643041,-0.699002,0.000000,0.000000,-1.972277
3188,04 06 07 10 22 23,-0.01806091,0.27799558,-2.089360,-0.370081,-0.872699,-0.199715,0.000000,0.000000,-0.249130
3189,02 08 12 14 24 33,-0.01814022,0.52016080,0.840840,-0.494545,1.194220,-0.324537,0.000000,0.000000,0.758276
3190,04 08 10 22 23 33,-0.01816066,0.38721434,-0.178360,-0.396948,-0.643041,-0.574180,0.000000,0.000000,1.179950
3191,04 07 08 18 22 23,-0.01816515,0.39029659,-0.433160,-0.746630,-1.102357,0.174751,0.000000,0.000000,0.170106
3192,04 08 18 22 23 33,-0.01819944,0.44534550,0.713440,-0.690003,-1.102357,-0.199715,0.000000,0.000000,1.220087
3193,01 02 07 10 22 24,-0.01822572,0.45288801,-0.815360,-0.647234,2.112850,0.049929,0.000000,0.000000,0.137873
3194,04 06 08 18 22 33,-0.01823067,0.53159637,1.860040,-0.411293,-0.643041,-0.449359,0.000000,0.000000,0.796791
3195,06 13 14 18 22 23,-0.01827402,0.31614935,-1.070160,0.012433,-1.102357,-0.823824,0.000000,0.000000,0.136004
3196,06 10 13 14 22 23,-0.01830668,0.25801819,-1.961960,0.305487,-0.643041,-1.198289,0.000000,0.000000,0.085283
3197,01 12 14 18 22 24,-0.01848250,0.46831733,0.331240,-0.229540,0.734904,-0.574180,0.000000,0.000000,0.352720
3198,01 04 08 10 22 23,-0.01851070,0.37688934,-0.560560,0.017919,-0.183726,-0.823824,0.000000,0.000000,0.075392
3199,04 06 08 10 12 22,-0.01857226,0.46558271,0.331240,0.150940,0.045932,-0.574180,0.000000,0.000000,-1.432319
3200,04 08 10 12 14 23,-0.01862793,0.35944292,-0.815360,-0.060732,-0.643041,-0.574180,0.000000,0.000000,-0.454897
3201,01 04 06 08 22 23,-0.01865013,0.35238980,-0.560560,0.276127,-0.872699,-1.073468,0.000000,0.000000,-0.268466
3202,01 12 14 22 23 24,-0.01871536,0.29943574,-1.707160,0.043012,0.045932,-0.948646,0.000000,0.000000,0.367807
3203,02 07 10 22 24 33,-0.01878746,0.46321300,-0.433160,-1.062102,1.653535,0.299572,0.000000,0.000000,1.107348
3204,06 07 12 14 22 24,-0.01879731,0.34096270,-1.324960,-0.149773,0.045932,-0.574180,0.000000,0.000000,-0.065366
3205,02 07 18 22 24 33,-0.01884009,0.52134417,0.458640,-1.355157,1.194220,0.674038,0.000000,0.000000,1.145433
3206,01 02 04 08 10 23,-0.01885609,0.44686869,-0.305760,-0.299986,0.734904,-0.199715,0.000000,0.000000,-0.693345
3207,02 06 08 10 12 13,-0.01887748,0.53945864,0.586040,0.285970,0.964562,-0.199715,0.000000,0.000000,-3.425064
3208,06 12 14 22 24 33,-0.01898811,0.39601161,-0.178360,-0.093146,0.045932,-0.948646,0.000000,0.000000,0.961428
3209,02 04 08 10 12 14,-0.01899388,0.52820511,0.203840,-0.157770,0.734904,0.424394,0.000000,0.000000,-3.573913
3210,01 07 12 22 23 33,-0.01905216,0.28849786,-1.452360,-0.869944,-1.791329,0.049929,0.000000,0.000000,1.052498
3211,02 04 06 08 18 33,-0.01906669,0.60157571,2.114840,-0.729198,0.275589,0.174751,0.000000,0.000000,-0.044634
3212,02 04 08 10 18 33,-0.01910756,0.62607526,2.114840,-0.987406,0.964562,0.424394,0.000000,0.000000,0.272512
3213,01 02 10 22 24 33,-0.01924266,0.50793692,0.331240,-0.590607,2.112850,-0.324537,0.000000,0.000000,1.042271
3214,01 07 22 23 24 33,-0.01925170,0.33119221,-1.197560,-0.448801,-0.413384,-0.449359,0.000000,0.000000,0.820180
3215,02 04 06 10 12 18,-0.01939805,0.56402292,0.713440,-0.634733,0.964562,0.674038,0.000000,0.000000,-2.291942
3216,01 02 06 07 22 24,-0.01943609,0.42838846,-0.815360,-0.389026,1.423877,-0.199715,0.000000,0.000000,-0.364648
3217,02 07 08 22 24 33,-0.01946856,0.49288330,0.331240,-0.887388,1.194220,0.049929,0.000000,0.000000,1.072037
3218,02 04 06 18 22 23,-0.01959173,0.40212104,-0.815360,-0.825444,0.045932,0.299572,0.000000,0.000000,-0.113825
3219,02 04 06 07 08 23,-0.01962986,0.37764522,-1.070160,-0.513272,-0.413384,0.174751,0.000000,0.000000,-1.133545
3220,01 07 10 12 22 33,-0.01963810,0.39924827,-0.305760,-0.849442,-0.643041,0.049929,0.000000,0.000000,0.870220
3221,01 02 18 22 24 33,-0.01971992,0.56606809,1.223040,-0.883662,1.653535,0.049929,0.000000,0.000000,1.017446
3222,01 07 12 18 22 33,-0.01979714,0.45737944,0.586040,-1.142496,-1.102357,0.424394,0.000000,0.000000,0.892541
3223,01 04 06 07 10 18,-0.01985963,0.49558613,0.586040,-0.326736,-0.183726,0.049929,0.000000,0.000000,-1.596625
3224,04 06 07 10 18 22,-0.01988167,0.44687716,-0.050960,-0.642634,-0.183726,0.174751,0.000000,0.000000,-0.568468
3225,01 04 06 08 10 33,-0.01988308,0.52217417,1.605240,0.197660,-0.183726,-0.948646,0.000000,0.000000,-0.525323
3226,01 06 07 14 24 33,-0.01994067,0.39755416,-0.050960,-0.103053,-0.183726,-0.948646,0.000000,0.000000,0.866439
3227,01 08 12 14 22 24,-0.01996124,0.43985646,0.203840,0.238228,0.734904,-1.198289,0.000000,0.000000,0.153354
3228,04 08 10 18 22 33,-0.01996959,0.55609592,1.860040,-0.669501,0.045932,-0.199715,0.000000,0.000000,0.862366
3229,01 02 08 22 24 33,-0.02000612,0.53760722,1.095640,-0.415893,1.653535,-0.574180,0.000000,0.000000,0.994759
3230,02 06 07 12 22 33,-0.02001669,0.39601910,-0.687960,-1.225037,-0.413384,0.549216,0.000000,0.000000,0.804787
3231,06 08 13 14 22 23,-0.02002652,0.28768849,-1.197560,0.480201,-1.102357,-1.447933,0.000000,0.000000,-0.103920
3232,01 02 04 06 08 23,-0.02004121,0.42236914,-0.305760,-0.041778,0.045932,-0.449359,0.000000,0.000000,-1.192125
3233,07 12 14 22 23 24,-0.02007151,0.25471183,-2.471560,-0.428482,-0.413384,-0.324537,0.000000,0.000000,0.164526
3234,01 02 06 07 12 33,-0.02012826,0.44472807,-0.050960,-0.909139,-0.413384,0.424394,0.000000,0.000000,-0.243165
3235,01 06 10 13 14 18,-0.02016108,0.47560874,0.713440,0.348833,0.045932,-0.948646,0.000000,0.000000,-1.270460
3236,01 02 07 22 23 24,-0.02017437,0.34213759,-1.961960,-0.667736,0.964562,0.049929,0.000000,0.000000,-0.055358
3237,04 06 14 18 23 33,-0.02021295,0.37128673,-0.050960,-0.539471,-1.561672,-0.449359,0.000000,0.000000,1.099982
3238,02 07 12 22 23 33,-0.02024115,0.30976823,-1.834560,-1.503747,-0.872699,0.798860,0.000000,0.000000,1.190202
3239,01 07 08 12 22 33,-0.02025121,0.42891857,0.458640,-0.674728,-1.102357,-0.199715,0.000000,0.000000,0.844983
3240,01 04 06 10 18 22,-0.02025282,0.49160108,0.713440,-0.171139,0.275589,-0.449359,0.000000,0.000000,-0.621092
3241,01 10 12 14 22 24,-0.02038064,0.41018616,-0.560560,0.063514,1.194220,-0.948646,0.000000,0.000000,0.025622
3242,04 07 08 10 22 23,-0.02039127,0.33216543,-1.324960,-0.453575,-0.643041,-0.199715,0.000000,0.000000,-0.205584
3243,01 02 07 10 12 33,-0.02039820,0.46922762,-0.050960,-1.167347,0.275589,0.674038,0.000000,0.000000,0.040044
3244,02 04 06 08 12 18,-0.02040266,0.59369322,1.477840,-0.460019,0.505247,0.424394,0.000000,0.000000,-2.375183
3245,04 06 08 10 22 33,-0.02043473,0.47346521,0.968240,-0.118239,-0.183726,-0.823824,0.000000,0.000000,0.424372
3246,02 07 22 23 24 33,-0.02045953,0.35246259,-1.579760,-1.082604,0.505247,0.299572,0.000000,0.000000,0.955093
3247,02 04 10 18 22 23,-0.02046371,0.42662059,-0.815360,-1.083652,0.734904,0.549216,0.000000,0.000000,0.080188
3248,02 04 06 07 10 14,-0.02050705,0.42686884,-1.070160,-0.400082,0.275589,0.549216,0.000000,0.000000,-3.109332
3249,06 08 10 12 13 23,-0.02056101,0.37069645,-0.433160,0.383008,-0.413384,-1.198289,0.000000,0.000000,-0.609686
3250,04 06 10 14 23 33,-0.02079193,0.31315557,-0.942760,-0.246417,-1.102357,-0.823824,0.000000,0.000000,0.968323
3251,02 04 08 18 22 23,-0.02082177,0.45629088,-0.050960,-0.908938,0.275589,0.299572,0.000000,0.000000,0.092738
3252,07 12 14 18 22 24,-0.02082820,0.42359341,-0.433160,-0.701035,0.275589,0.049929,0.000000,0.000000,0.002833
3253,01 02 06 12 22 33,-0.02083773,0.44074302,0.076440,-0.753542,0.045932,-0.074893,0.000000,0.000000,0.685510
3254,01 02 04 06 07 10,-0.02084991,0.49546673,-0.433160,-0.151222,0.505247,0.674038,0.000000,0.000000,-4.758551
3255,02 04 06 10 22 23,-0.02096339,0.34398987,-1.707160,-0.532390,0.505247,-0.074893,0.000000,0.000000,-0.362922
3256,01 04 06 08 18 22,-0.02098625,0.52127138,1.477840,0.003575,-0.183726,-0.699002,0.000000,0.000000,-0.664155
3257,01 06 08 13 14 18,-0.02115400,0.50527904,1.477840,0.523547,-0.413384,-1.198289,0.000000,0.000000,-1.351968
3258,01 02 07 12 22 23,-0.02118418,0.29944324,-2.216760,-1.088879,-0.413384,0.549216,0.000000,0.000000,-0.002210
3259,01 06 07 08 10 13,-0.02125273,0.47102185,0.458640,0.593967,-0.183726,-0.823824,0.000000,0.000000,-3.013263
3260,01 02 07 08 22 24,-0.02135681,0.48255831,-0.050960,-0.472520,1.653535,-0.199715,0.000000,0.000000,-0.260412
3261,07 10 12 14 22 24,-0.02136879,0.36546224,-1.324960,-0.407981,0.734904,-0.324537,0.000000,0.000000,-0.123138
3262,01 02 12 18 22 33,-0.02139202,0.52337373,0.968240,-1.304805,0.275589,0.549216,0.000000,0.000000,0.972473
3263,04 06 07 14 18 23,-0.02140568,0.31623782,-1.197560,-0.596098,-1.561672,-0.074893,0.000000,0.000000,-0.131786
3264,04 06 07 08 10 33,-0.02143805,0.47745026,0.840840,-0.273835,-0.643041,-0.324537,0.000000,0.000000,-0.758059
3265,02 04 08 10 12 18,-0.02149825,0.61819277,1.477840,-0.718227,1.194220,0.674038,0.000000,0.000000,-2.214298
3266,01 04 06 14 18 23,-0.02151127,0.36096174,-0.433160,-0.124603,-1.102357,-0.699002,0.000000,0.000000,-0.145066
3267,01 07 14 23 24 33,-0.02151264,0.31130329,-1.197560,-0.381763,-0.643041,-0.699002,0.000000,0.000000,1.052216
3268,01 02 04 06 10 14,-0.02156280,0.47159276,-0.305760,0.071413,0.734904,-0.074893,0.000000,0.000000,-3.263382
3269,04 06 08 14 23 33,-0.02168120,0.34282587,-0.178360,-0.071703,-1.561672,-1.073468,0.000000,0.000000,0.902171
3270,07 08 12 14 22 24,-0.02170546,0.39513254,-0.560560,-0.233267,0.275589,-0.574180,0.000000,0.000000,-0.107420
3271,01 02 12 22 23 33,-0.02174361,0.35449215,-1.070160,-1.032252,-0.413384,0.174751,0.000000,0.000000,0.969970
3272,02 07 10 12 22 33,-0.02178423,0.42051865,-0.687960,-1.483245,0.275589,0.798860,0.000000,0.000000,0.866121
3273,04 06 07 10 14 23,-0.02178711,0.25810666,-2.089360,-0.303044,-1.102357,-0.449359,0.000000,0.000000,-0.234177
3274,04 06 10 18 23 24,-0.02181600,0.43795509,-0.050960,-0.116552,0.964562,-0.823824,0.000000,0.000000,0.211876
3275,02 06 12 14 22 24,-0.02182597,0.40695699,-0.942760,-0.312081,1.423877,-0.449359,0.000000,0.000000,-0.197852
3276,08 12 14 22 24 33,-0.02186570,0.45018145,0.586040,-0.176640,0.275589,-0.948646,0.000000,0.000000,0.923902
3277,01 04 07 08 10 18,-0.02189377,0.54975598,1.350440,-0.410230,0.045932,0.049929,0.000000,0.000000,-1.509191
3278,02 07 12 18 22 33,-0.02195582,0.47864981,0.203840,-1.776300,-0.183726,1.173325,0.000000,0.000000,0.886582
3279,01 08 10 13 14 18,-0.02199470,0.52977858,1.477840,0.265339,0.275589,-0.948646,0.000000,0.000000,-1.153320
3280,08 10 12 13 18 23,-0.02206737,0.45332717,0.458640,-0.168254,-0.183726,-0.574180,0.000000,0.000000,-0.463774
3281,02 06 07 14 24 33,-0.02208680,0.41882453,-0.433160,-0.736856,0.734904,-0.199715,0.000000,0.000000,0.862341
3282,06 10 13 14 18 22,-0.02214021,0.42689977,0.076440,0.032935,0.045932,-0.823824,0.000000,0.000000,-0.532252
3283,01 06 07 12 23 24,-0.02216830,0.31077775,-1.452360,-0.121779,-0.183726,-0.823824,0.000000,0.000000,0.184021
3284,04 07 08 10 18 22,-0.02219634,0.50104701,0.713440,-0.726128,0.045932,0.174751,0.000000,0.000000,-0.522596
3285,01 04 06 07 08 18,-0.02220172,0.52525643,1.350440,-0.152022,-0.643041,-0.199715,0.000000,0.000000,-1.878017
3286,01 02 07 08 12 33,-0.02220949,0.49889792,0.713440,-0.992633,-0.183726,0.424394,0.000000,0.000000,-0.162708
3287,02 12 14 22 23 24,-0.02223202,0.32070612,-2.089360,-0.590791,0.964562,-0.199715,0.000000,0.000000,0.160659
3288,01 07 14 18 24 33,-0.02226411,0.48018487,0.840840,-0.654316,0.045932,-0.324537,0.000000,0.000000,0.891297
3289,01 04 06 10 14 23,-0.02228144,0.30283057,-1.324960,0.168451,-0.643041,-1.073468,0.000000,0.000000,-0.305051
3290,01 07 08 14 24 33,-0.02234334,0.45172400,0.713440,-0.186547,0.045932,-0.948646,0.000000,0.000000,0.899274
3291,06 08 13 14 18 22,-0.02234622,0.45657007,0.840840,0.207649,-0.413384,-1.073468,0.000000,0.000000,-0.497177
3292,01 02 10 12 22 33,-0.02235246,0.46524257,0.076440,-1.011750,0.734904,0.174751,0.000000,0.000000,0.784299
3293,01 04 08 10 18 22,-0.02238129,0.54577093,1.477840,-0.254633,0.505247,-0.449359,0.000000,0.000000,-0.547634
3294,02 07 08 12 22 33,-0.02239420,0.45018895,0.076440,-1.308531,-0.183726,0.549216,0.000000,0.000000,0.841350
3295,01 02 07 14 23 24,-0.02248925,0.32224867,-1.961960,-0.600699,0.734904,-0.199715,0.000000,0.000000,0.168686
3296,08 13 14 18 22 23,-0.02249209,0.37031920,-0.305760,-0.071061,-0.872699,-0.823824,0.000000,0.000000,-0.100119
3297,04 06 07 08 18 22,-0.02250043,0.47654746,0.713440,-0.467920,-0.643041,-0.074893,0.000000,0.000000,-0.890849
3298,01 04 06 08 10 22,-0.02250870,0.46314021,0.586040,0.296629,0.275589,-1.073468,0.000000,0.000000,-0.935593
3299,02 04 07 08 10 14,-0.02253176,0.48103869,-0.305760,-0.483576,0.505247,0.549216,0.000000,0.000000,-3.020503
3300,01 06 12 23 24 33,-0.02268831,0.36582666,-0.305760,-0.065152,-0.183726,-1.198289,0.000000,0.000000,1.162044
3301,01 07 10 14 24 33,-0.02270104,0.42205371,-0.050960,-0.361261,0.505247,-0.699002,0.000000,0.000000,0.780682
3302,02 07 14 23 24 33,-0.02270791,0.33257366,-1.579760,-1.015566,0.275589,0.049929,0.000000,0.000000,1.188990
3303,06 07 12 18 24 33,-0.02271713,0.48998432,0.968240,-0.809199,0.045932,-0.199715,0.000000,0.000000,1.105824
3304,06 07 10 13 14 18,-0.02277094,0.43088482,-0.050960,-0.122662,-0.413384,-0.324537,0.000000,0.000000,-1.659482
3305,06 07 12 23 24 33,-0.02280074,0.32110274,-1.070160,-0.536646,-0.643041,-0.574180,0.000000,0.000000,1.143023
3306,01 07 10 12 23 24,-0.02282265,0.33527729,-1.452360,-0.379987,0.505247,-0.574180,0.000000,0.000000,0.410278
3307,01 02 06 14 24 33,-0.02285442,0.46354845,0.331240,-0.265362,1.194220,-0.823824,0.000000,0.000000,0.750978
3308,01 07 12 18 23 24,-0.02291580,0.39340846,-0.560560,-0.673041,0.045932,-0.199715,0.000000,0.000000,0.442360
3309,08 10 13 14 22 23,-0.02293147,0.31218803,-1.197560,0.221993,-0.413384,-1.198289,0.000000,0.000000,-0.211097
3310,02 12 14 18 22 24,-0.02296885,0.48958770,-0.050960,-0.863343,1.653535,0.174751,0.000000,0.000000,0.001909
3311,01 02 04 07 08 10,-0.02299330,0.54963658,0.331240,-0.234716,0.734904,0.674038,0.000000,0.000000,-4.687304
3312,01 02 08 12 22 33,-0.02304478,0.49491286,0.840840,-0.837036,0.275589,-0.074893,0.000000,0.000000,0.747326
3313,06 08 10 13 14 22,-0.02307578,0.39843890,-0.050960,0.500703,0.045932,-1.447933,0.000000,0.000000,-0.651146
3314,02 04 08 10 22 23,-0.02311069,0.39815972,-0.942760,-0.615884,0.734904,-0.074893,0.000000,0.000000,-0.292254
3315,10 12 14 22 24 33,-0.02318861,0.42051115,-0.178360,-0.351354,0.734904,-0.699002,0.000000,0.000000,0.662312
3316,01 02 06 07 12 22,-0.02319389,0.38569411,-1.070160,-0.810169,0.045932,0.299572,0.000000,0.000000,-0.718624
3317,04 10 14 18 23 33,-0.02322191,0.39578628,-0.050960,-0.797679,-0.872699,-0.199715,0.000000,0.000000,0.977397
3318,06 07 10 12 24 33,-0.02325401,0.43185316,0.076440,-0.516145,0.505247,-0.574180,0.000000,0.000000,0.980402
3319,06 08 13 18 23 33,-0.02326181,0.43671011,1.095640,-0.179225,-1.102357,-1.073468,0.000000,0.000000,1.168686
3320,12 14 18 22 24 33,-0.02326351,0.47864232,0.713440,-0.644408,0.275589,-0.324537,0.000000,0.000000,0.697098
3321,04 06 07 08 22 23,-0.02328652,0.30766588,-1.324960,-0.195367,-1.332014,-0.449359,0.000000,0.000000,-0.957724
3322,04 06 10 14 18 33,-0.02329623,0.48203715,1.095640,-0.518969,-0.413384,-0.449359,0.000000,0.000000,0.547717
3323,04 08 10 14 23 33,-0.02333830,0.36732541,-0.178360,-0.329911,-0.872699,-0.823824,0.000000,0.000000,0.979868
3324,04 06 08 18 23 24,-0.02334181,0.46762539,0.713440,0.058162,0.505247,-1.073468,0.000000,0.000000,0.051419
3325,01 02 07 10 12 22,-0.02339475,0.41019366,-1.070160,-1.068377,0.734904,0.549216,0.000000,0.000000,-0.425182
3326,01 04 06 08 14 23,-0.02339713,0.33250087,-0.560560,0.343165,-1.102357,-1.323111,0.000000,0.000000,-0.404748
3327,02 04 06 07 08 14,-0.02340604,0.45653914,-0.305760,-0.225368,-0.183726,0.299572,0.000000,0.000000,-3.473230
3328,01 06 07 10 12 24,-0.02340842,0.42152816,-0.305760,-0.101277,0.964562,-0.823824,0.000000,0.000000,-0.095173
3329,08 10 12 13 14 18,-0.02342217,0.53222108,1.223040,0.119650,0.045932,-0.449359,0.000000,0.000000,-2.444725
3330,01 02 07 14 18 24,-0.02349041,0.49113025,0.076440,-0.873251,1.423877,0.174751,0.000000,0.000000,-0.029225
3331,01 02 04 08 10 14,-0.02352144,0.52576261,0.458640,-0.012081,0.964562,-0.074893,0.000000,0.000000,-3.164765
3332,01 02 07 12 18 22,-0.02353759,0.46832482,-0.178360,-1.361432,0.275589,0.923681,0.000000,0.000000,-0.400462
3333,01 02 14 18 24 33,-0.02355475,0.54617916,1.223040,-0.816624,1.423877,-0.199715,0.000000,0.000000,1.016305
3334,01 02 04 06 08 14,-0.02361739,0.50126306,0.458640,0.246127,0.275589,-0.324537,0.000000,0.000000,-3.502180
3335,10 13 14 18 22 23,-0.02368698,0.34064890,-1.070160,-0.245775,-0.413384,-0.574180,0.000000,0.000000,-0.342742
3336,01 02 06 07 14 24,-0.02369652,0.40849954,-0.815360,-0.321989,1.194220,-0.449359,0.000000,0.000000,-0.428844
3337,06 10 13 18 23 33,-0.02370242,0.40703981,0.331240,-0.353939,-0.643041,-0.823824,0.000000,0.000000,1.037812
3338,04 08 14 18 23 33,-0.02371120,0.42545658,0.713440,-0.622965,-1.332014,-0.449359,0.000000,0.000000,0.970504
3339,01 06 07 12 18 24,-0.02374487,0.47965933,0.586040,-0.394331,0.505247,-0.449359,0.000000,0.000000,-0.099137
3340,01 02 07 10 14 24,-0.02379258,0.43299909,-0.815360,-0.580197,1.883192,-0.199715,0.000000,0.000000,-0.119875
3341,01 02 14 23 24 33,-0.02389984,0.37729758,-0.815360,-0.544072,0.734904,-0.574180,0.000000,0.000000,1.014764
3342,04 07 08 14 18 23,-0.02398316,0.37040767,-0.433160,-0.679592,-1.332014,-0.074893,0.000000,0.000000,-0.124851
3343,06 08 10 13 23 33,-0.02399601,0.37857895,0.203840,0.113829,-0.643041,-1.447933,0.000000,0.000000,1.014030
3344,01 06 07 14 22 24,-0.02403968,0.33852020,-1.070160,-0.004084,0.275589,-1.073468,0.000000,0.000000,0.237883
3345,04 07 08 10 14 23,-0.02409235,0.31227650,-1.324960,-0.386538,-0.872699,-0.449359,0.000000,0.000000,-0.186910
3346,01 02 06 08 10 13,-0.02413728,0.53701614,0.840840,0.431659,1.194220,-0.699002,0.000000,0.000000,-3.124399
3347,01 07 12 14 23 33,-0.02414061,0.26860893,-1.452360,-0.802906,-2.020987,-0.199715,0.000000,0.000000,0.865628
3348,07 10 12 23 24 33,-0.02415635,0.34560229,-1.070160,-0.794854,0.045932,-0.324537,0.000000,0.000000,1.265385
3349,02 06 10 13 14 18,-0.02419611,0.49687911,0.331240,-0.284970,0.964562,-0.199715,0.000000,0.000000,-1.554405
3350,04 06 08 14 18 33,-0.02420120,0.51170745,1.860040,-0.344255,-0.872699,-0.699002,0.000000,0.000000,0.479239
3351,06 07 08 10 12 13,-0.02421755,0.47346435,0.203840,0.448278,-0.413384,-0.324537,0.000000,0.000000,-4.532431
3352,02 04 06 08 22 23,-0.02430052,0.37366017,-0.942760,-0.357676,0.045932,-0.324537,0.000000,0.000000,-0.791732
3353,01 06 10 12 24 33,-0.02432070,0.47657707,0.840840,-0.044650,0.964562,-1.198289,0.000000,0.000000,0.824732
3354,01 02 10 14 24 33,-0.02432733,0.48804800,0.331240,-0.523570,1.883192,-0.574180,0.000000,0.000000,0.855963
3355,02 08 12 14 22 24,-0.02434094,0.46112683,-0.178360,-0.395575,1.653535,-0.449359,0.000000,0.000000,-0.181656
3356,04 08 10 18 23 24,-0.02434667,0.49212494,0.713440,-0.200046,1.194220,-0.823824,0.000000,0.000000,0.225747
3357,01 04 08 10 14 23,-0.02440048,0.35700042,-0.560560,0.084957,-0.413384,-1.073468,0.000000,0.000000,-0.230197
3358,02 07 14 18 24 33,-0.02442908,0.50145525,0.458640,-1.288119,0.964562,0.424394,0.000000,0.000000,0.884408
3359,02 06 07 08 10 13,-0.02444174,0.49229222,0.076440,-0.039836,0.734904,-0.074893,0.000000,0.000000,-3.171867
3360,01 04 10 14 18 23,-0.02445047,0.38546129,-0.433160,-0.382811,-0.413384,-0.449359,0.000000,0.000000,-0.257318
3361,02 07 08 14 24 33,-0.02449261,0.47299438,0.331240,-0.820351,0.964562,-0.199715,0.000000,0.000000,0.894710
3362,01 07 08 12 23 24,-0.02451755,0.36494759,-0.687960,-0.205273,0.045932,-0.823824,0.000000,0.000000,0.224770
3363,07 12 18 23 24 33,-0.02455763,0.40373345,-0.178360,-1.087909,-0.413384,0.049929,0.000000,0.000000,1.251817
3364,02 06 07 12 23 24,-0.02458036,0.33204812,-1.834560,-0.755582,0.734904,-0.074893,0.000000,0.000000,0.140524
3365,02 04 06 07 10 18,-0.02458329,0.51685651,0.203840,-0.960539,0.734904,0.798860,0.000000,0.000000,-1.982593
3366,01 07 12 14 18 33,-0.02468983,0.43749052,0.586040,-1.075459,-1.332014,0.174751,0.000000,0.000000,0.734674
3367,04 07 10 14 18 23,-0.02470925,0.34073737,-1.197560,-0.854306,-0.872699,0.174751,0.000000,0.000000,-0.298019
3368,02 06 08 13 14 18,-0.02471304,0.52654941,1.095640,-0.110256,0.505247,-0.449359,0.000000,0.000000,-1.565395
3369,06 07 10 13 18 23,-0.02472456,0.35199090,-0.815360,-0.410566,-0.643041,-0.449359,0.000000,0.000000,-0.168683
3370,01 06 12 18 24 33,-0.02476514,0.53470824,1.732640,-0.337704,0.505247,-0.823824,0.000000,0.000000,0.804767
3371,06 07 14 22 24 33,-0.02476593,0.34884519,-0.687960,-0.418952,-0.183726,-0.823824,0.000000,0.000000,1.182986
3372,04 06 07 08 14 23,-0.02478814,0.28777696,-1.324960,-0.128330,-1.561672,-0.699002,0.000000,0.000000,-0.613193
3373,02 04 06 10 18 22,-0.02479433,0.51287145,0.331240,-0.804942,1.194220,0.299572,0.000000,0.000000,-0.980074
3374,01 06 08 10 13 23,-0.02479532,0.36825395,-0.178360,0.528697,-0.183726,-1.697577,0.000000,0.000000,-0.157089
3375,12 14 22 23 24 33,-0.02482284,0.30976074,-1.324960,-0.371855,-0.413384,-0.699002,0.000000,0.000000,0.515664
3376,02 07 10 14 24 33,-0.02485345,0.44332408,-0.433160,-0.995065,1.423877,0.049929,0.000000,0.000000,0.775653
3377,02 06 12 23 24 33,-0.02485641,0.38709703,-0.687960,-0.698955,0.734904,-0.449359,0.000000,0.000000,1.154689
3378,06 07 08 12 24 33,-0.02490181,0.46152346,0.840840,-0.341431,0.045932,-0.823824,0.000000,0.000000,0.801871
3379,01 10 12 23 24 33,-0.02490670,0.39032620,-0.305760,-0.323360,0.505247,-0.948646,0.000000,0.000000,1.156582
3380,01 06 07 12 14 33,-0.02496067,0.35485980,-0.305760,-0.524196,-1.561672,-0.449359,0.000000,0.000000,0.325466
3381,02 10 12 14 22 24,-0.02498173,0.43145654,-0.942760,-0.570289,2.112850,-0.199715,0.000000,0.000000,-0.342188
3382,01 12 18 23 24 33,-0.02498707,0.44845737,0.586040,-0.616414,0.045932,-0.574180,0.000000,0.000000,1.190557
3383,04 06 07 08 10 22,-0.02500421,0.41841630,-0.178360,-0.174866,-0.183726,-0.449359,0.000000,0.000000,-1.307674
3384,02 04 06 14 18 23,-0.02505144,0.38223211,-0.815360,-0.758406,-0.183726,0.049929,0.000000,0.000000,-0.355697
3385,01 07 14 22 23 24,-0.02505910,0.25226933,-2.216760,-0.282794,-0.183726,-0.823824,0.000000,0.000000,0.505521
3386,07 10 12 18 24 33,-0.02509803,0.51448387,0.968240,-1.067407,0.734904,0.049929,0.000000,0.000000,1.076288
3387,01 02 08 14 24 33,-0.02510552,0.51771830,1.095640,-0.348856,1.423877,-0.823824,0.000000,0.000000,0.806268
3388,01 06 08 12 24 33,-0.02512410,0.50624737,1.605240,0.130064,0.505247,-1.447933,0.000000,0.000000,0.771302
3389,01 02 06 12 23 24,-0.02519199,0.37677204,-1.070160,-0.284087,1.194220,-0.699002,0.000000,0.000000,0.052273
3390,02 04 06 08 10 33,-0.02521392,0.54344455,1.223040,-0.436144,0.734904,-0.199715,0.000000,0.000000,-1.001247
3391,01 07 14 18 22 24,-0.02522652,0.42115091,-0.178360,-0.555346,0.505247,-0.449359,0.000000,0.000000,0.431131
3392,01 06 07 08 12 24,-0.02523541,0.45119846,0.458640,0.073437,0.505247,-1.073468,0.000000,0.000000,-0.300252
3393,01 02 07 08 12 22,-0.02524059,0.43986396,-0.305760,-0.893663,0.275589,0.299572,0.000000,0.000000,-0.633051
3394,02 07 10 12 23 24,-0.02524099,0.35654767,-1.834560,-1.013790,1.423877,0.174751,0.000000,0.000000,0.365850
3395,01 08 12 23 24 33,-0.02526293,0.41999650,0.458640,-0.148646,0.045932,-1.198289,0.000000,0.000000,1.169402
3396,01 04 08 14 18 23,-0.02527262,0.41513159,0.331240,-0.208097,-0.872699,-0.699002,0.000000,0.000000,-0.313525
3397,01 06 08 13 18 23,-0.02531514,0.42638512,0.713440,0.235643,-0.643041,-1.323111,0.000000,0.000000,-0.188220
3398,02 07 12 14 23 33,-0.02531705,0.28987931,-1.834560,-1.436709,-1.102357,0.549216,0.000000,0.000000,1.005192
3399,02 07 12 18 23 24,-0.02534670,0.41467883,-0.942760,-1.306844,0.964562,0.549216,0.000000,0.000000,0.396072
3400,07 08 12 18 24 33,-0.02538760,0.54415417,1.732640,-0.892693,0.275589,-0.199715,0.000000,0.000000,1.098983
3401,01 06 10 13 18 23,-0.02540715,0.39671482,-0.050960,0.060929,-0.183726,-1.073468,0.000000,0.000000,-0.267448
3402,01 07 10 12 18 24,-0.02542450,0.50415888,0.586040,-0.652539,1.194220,-0.199715,0.000000,0.000000,-0.024779
3403,07 08 12 23 24 33,-0.02548691,0.37527259,-0.305760,-0.620140,-0.413384,-0.574180,0.000000,0.000000,1.133856
3404,06 08 10 13 18 33,-0.02549922,0.54746053,2.242240,-0.158723,0.045932,-1.073468,0.000000,0.000000,0.741738
3405,08 10 13 18 23 33,-0.02562813,0.46120966,1.095640,-0.437433,-0.413384,-0.823824,0.000000,0.000000,1.141309
3406,01 07 10 14 22 24,-0.02567430,0.36301974,-1.070160,-0.262292,0.964562,-0.823824,0.000000,0.000000,0.318909
3407,01 02 12 18 23 24,-0.02568653,0.45940275,-0.178360,-0.835349,1.423877,-0.074893,0.000000,0.000000,0.348087
3408,01 06 14 22 24 33,-0.02570075,0.39356911,0.076440,0.052543,0.275589,-1.447933,0.000000,0.000000,1.046852
3409,01 02 04 06 10 18,-0.02572793,0.56158042,0.968240,-0.489044,1.194220,0.174751,0.000000,0.000000,-2.149813
3410,01 02 22 23 24 33,-0.02573529,0.39718650,-0.815360,-0.611109,0.964562,-0.324537,0.000000,0.000000,0.175836
3411,01 02 07 08 14 24,-0.02575578,0.46266939,-0.050960,-0.405483,1.423877,-0.449359,0.000000,0.000000,-0.345132
3412,08 10 13 14 18 22,-0.02575591,0.48106962,0.840840,-0.050559,0.275589,-0.823824,0.000000,0.000000,-0.679132
3413,02 04 06 10 14 23,-0.02580905,0.32410095,-1.707160,-0.465352,0.275589,-0.324537,0.000000,0.000000,-0.513822
3414,04 08 10 14 18 33,-0.02582690,0.53620700,1.860040,-0.602463,-0.183726,-0.449359,0.000000,0.000000,0.561587
3415,01 02 12 14 23 33,-0.02583818,0.33460323,-1.070160,-0.965215,-0.643041,-0.074893,0.000000,0.000000,0.930347
3416,01 10 12 18 24 33,-0.02589546,0.55920779,1.732640,-0.595912,1.194220,-0.574180,0.000000,0.000000,0.960507
3417,02 08 10 13 14 18,-0.02590557,0.55104896,1.095640,-0.368464,1.194220,-0.199715,0.000000,0.000000,-1.418871
3418,01 02 07 12 14 23,-0.02604151,0.27955432,-2.216760,-1.021842,-0.643041,0.299572,0.000000,0.000000,-0.154838
3419,01 07 08 12 18 24,-0.02607841,0.53382918,1.350440,-0.477825,0.734904,-0.449359,0.000000,0.000000,-0.056063
3420,01 08 10 13 18 23,-0.02621236,0.45088467,0.713440,-0.022565,0.045932,-1.073468,0.000000,0.000000,0.002055
3421,06 07 08 13 14 18,-0.02624878,0.46055512,0.713440,0.052052,-0.872699,-0.574180,0.000000,0.000000,-2.109138
3422,01 07 08 14 22 24,-0.02640781,0.39269004,-0.305760,-0.087578,0.505247,-1.073468,0.000000,0.000000,0.275834
3423,06 07 08 13 18 23,-0.02653363,0.38166120,-0.050960,-0.235852,-1.102357,-0.699002,0.000000,0.000000,-0.371106
3424,04 06 14 18 22 23,-0.02655531,0.31225277,-1.070160,-0.440502,-1.102357,-0.574180,0.000000,0.000000,0.139066
3425,02 04 06 08 18 22,-0.02658129,0.54254175,1.095640,-0.630228,0.734904,0.049929,0.000000,0.000000,-1.179222
3426,02 04 07 08 10 18,-0.02662057,0.57102635,0.968240,-1.044033,0.964562,0.798860,0.000000,0.000000,-1.895625
3427,04 06 08 10 23 24,-0.02664840,0.40949423,-0.178360,0.351217,0.964562,-1.447933,0.000000,0.000000,-0.484345
3428,01 07 10 12 14 33,-0.02667170,0.37935935,-0.305760,-0.782404,-0.872699,-0.199715,0.000000,0.000000,0.395172
3429,02 06 07 10 12 24,-0.02677761,0.44279854,-0.687960,-0.735080,1.883192,-0.074893,0.000000,0.000000,-0.280474
3430,02 07 12 14 18 33,-0.02683596,0.45876089,0.203840,-1.709262,-0.413384,0.923681,0.000000,0.000000,0.730575
3431,01 07 08 10 12 24,-0.02688770,0.47569801,0.458640,-0.184771,1.194220,-0.823824,0.000000,0.000000,-0.221843
3432,02 04 08 10 18 22,-0.02692594,0.56704130,1.095640,-0.888436,1.423877,0.299572,0.000000,0.000000,-0.907081
3433,02 07 08 12 23 24,-0.02693275,0.38621797,-1.070160,-0.839076,0.964562,-0.074893,0.000000,0.000000,0.180807
3434,02 04 10 14 18 23,-0.02694025,0.40673166,-0.815360,-1.016615,0.505247,0.299572,0.000000,0.000000,-0.312330
3435,01 08 10 12 24 33,-0.02698442,0.53074692,1.605240,-0.128144,1.194220,-1.198289,0.000000,0.000000,0.818889
3436,06 07 08 10 13 23,-0.02699513,0.32353004,-0.942760,0.057202,-0.643041,-1.073468,0.000000,0.000000,-0.485361
3437,07 08 10 13 14 18,-0.02700216,0.48505467,0.713440,-0.206156,-0.183726,-0.324537,0.000000,0.000000,-1.897553
3438,06 07 12 14 22 33,-0.02702425,0.30615083,-0.942760,-0.840095,-1.561672,-0.324537,0.000000,0.000000,1.051163
3439,07 10 14 22 24 33,-0.02705458,0.37334474,-0.687960,-0.677160,0.505247,-0.574180,0.000000,0.000000,1.167116
3440,02 10 12 23 24 33,-0.02708108,0.41159658,-0.687960,-0.957163,1.423877,-0.199715,0.000000,0.000000,1.148297
3441,07 08 10 12 24 33,-0.02708596,0.48602300,0.840840,-0.599639,0.734904,-0.574180,0.000000,0.000000,0.801484
3442,02 06 07 12 14 33,-0.02708796,0.37613018,-0.687960,-1.158000,-0.643041,0.299572,0.000000,0.000000,0.324158
3443,02 06 07 12 18 24,-0.02712662,0.50092970,0.203840,-1.028134,1.423877,0.299572,0.000000,0.000000,-0.286298
3444,01 06 12 22 23 24,-0.02715256,0.30679270,-1.324960,0.033818,0.275589,-1.323111,0.000000,0.000000,0.479374
3445,04 06 10 12 18 23,-0.02720664,0.39526074,-0.305760,-0.537695,-0.413384,-0.324537,0.000000,0.000000,-0.384010
3446,02 06 08 10 13 23,-0.02722018,0.38952433,-0.560560,-0.105106,0.734904,-0.948646,0.000000,0.000000,-0.202484
3447,02 12 18 23 24 33,-0.02726496,0.46972774,0.203840,-1.250217,0.964562,0.174751,0.000000,0.000000,1.166937
3448,04 06 10 14 22 23,-0.02727243,0.25412161,-1.961960,-0.147447,-0.643041,-0.948646,0.000000,0.000000,-0.013060
3449,01 07 08 12 14 33,-0.02730992,0.40902965,0.458640,-0.607690,-1.332014,-0.449359,0.000000,0.000000,0.366214
3450,01 08 12 18 24 33,-0.02732407,0.58887808,2.497040,-0.421198,0.734904,-0.823824,0.000000,0.000000,0.814452
3451,07 14 18 22 24 33,-0.02734899,0.43147590,0.203840,-0.970214,0.045932,-0.199715,0.000000,0.000000,1.169380
3452,01 02 08 12 23 24,-0.02737392,0.43094189,-0.305760,-0.367581,1.423877,-0.699002,0.000000,0.000000,0.117810
3453,04 06 08 10 14 33,-0.02739082,0.45357628,0.968240,-0.051201,-0.413384,-1.073468,0.000000,0.000000,-0.039194
3454,01 02 12 14 18 33,-0.02740419,0.50348481,0.968240,-1.237767,0.045932,0.299572,0.000000,0.000000,0.648752
3455,02 06 07 14 22 24,-0.02743085,0.35979057,-1.452360,-0.637887,1.194220,-0.324537,0.000000,0.000000,0.049327
3456,02 08 12 23 24 33,-0.02743417,0.44126688,0.076440,-0.782449,0.964562,-0.449359,0.000000,0.000000,1.161582
3457,02 06 10 12 24 33,-0.02744594,0.49784745,0.458640,-0.678453,1.883192,-0.449359,0.000000,0.000000,0.675574
3458,07 08 14 22 24 33,-0.02745524,0.40301504,0.076440,-0.502446,0.045932,-0.823824,0.000000,0.000000,1.173354
3459,02 07 14 22 23 24,-0.02749942,0.27353970,-2.598960,-0.916597,0.734904,-0.074893,0.000000,0.000000,0.457837
3460,01 02 06 10 12 24,-0.02752743,0.48752246,0.076440,-0.263585,2.342508,-0.699002,0.000000,0.000000,-0.389198
3461,04 06 10 12 14 18,-0.02755086,0.47415466,0.458640,-0.249790,-0.183726,-0.199715,0.000000,0.000000,-2.215240
3462,01 02 04 08 10 18,-0.02769914,0.61575027,1.732640,-0.572538,1.423877,0.174751,0.000000,0.000000,-2.053056
3463,01 02 10 12 23 24,-0.02771316,0.40127159,-1.070160,-0.542295,1.883192,-0.449359,0.000000,0.000000,0.001954
3464,01 07 12 14 22 23,-0.02771680,0.20957497,-2.471560,-0.703937,-1.561672,-0.324537,0.000000,0.000000,0.314529
3465,02 06 08 13 18 23,-0.02775256,0.44765549,0.331240,-0.398160,0.275589,-0.574180,0.000000,0.000000,-0.235475
3466,02 04 08 14 18 23,-0.02775926,0.43640196,-0.050960,-0.841901,0.045932,0.049929,0.000000,0.000000,-0.368071
3467,07 08 10 13 18 23,-0.02776914,0.40616075,-0.050960,-0.494060,-0.413384,-0.449359,0.000000,0.000000,-0.230951
3468,01 14 18 22 24 33,-0.02777805,0.47619982,0.968240,-0.498719,0.505247,-0.823824,0.000000,0.000000,1.108175
3469,01 02 06 12 18 24,-0.02778534,0.54565362,0.968240,-0.556640,1.883192,-0.324537,0.000000,0.000000,-0.381526
3470,01 10 14 22 24 33,-0.02779550,0.41806865,0.076440,-0.205665,0.964562,-1.198289,0.000000,0.000000,1.059708
3471,02 06 10 13 18 23,-0.02784771,0.41798519,-0.433160,-0.572874,0.734904,-0.324537,0.000000,0.000000,-0.315168
3472,02 06 12 18 24 33,-0.02790295,0.55597861,1.350440,-0.971507,1.423877,-0.074893,0.000000,0.000000,0.653749
3473,02 04 08 10 14 23,-0.02793124,0.37827080,-0.942760,-0.548846,0.505247,-0.324537,0.000000,0.000000,-0.439433
3474,02 04 06 08 14 23,-0.02797829,0.35377125,-0.942760,-0.290638,-0.183726,-0.574180,0.000000,0.000000,-0.769604
3475,02 04 06 07 08 18,-0.02797892,0.54652680,0.968240,-0.785825,0.275589,0.549216,0.000000,0.000000,-2.420070
3476,01 02 06 12 14 33,-0.02798435,0.42085410,0.076440,-0.686505,-0.183726,-0.324537,0.000000,0.000000,0.193717
3477,01 02 06 14 22 24,-0.02801731,0.40451449,-0.687960,-0.166392,1.653535,-0.948646,0.000000,0.000000,-0.035196
3478,04 06 08 12 18 23,-0.02805086,0.42493104,0.458640,-0.362981,-0.872699,-0.574180,0.000000,0.000000,-0.443487
3479,01 06 12 14 22 33,-0.02807210,0.35087475,-0.178360,-0.368600,-1.102357,-0.948646,0.000000,0.000000,0.898284
3480,01 02 14 18 22 24,-0.02813756,0.48714520,0.203840,-0.717655,1.883192,-0.324537,0.000000,0.000000,0.316070
3481,02 06 08 12 24 33,-0.02824620,0.52751775,1.223040,-0.503739,1.423877,-0.699002,0.000000,0.000000,0.622610
3482,01 08 14 22 24 33,-0.02827852,0.44773895,0.840840,-0.030951,0.505247,-1.447933,0.000000,0.000000,1.053745
3483,01 02 04 06 08 18,-0.02827916,0.59125072,1.732640,-0.314330,0.734904,-0.074893,0.000000,0.000000,-2.462188
3484,04 06 08 12 14 18,-0.02842333,0.50382496,1.223040,-0.075076,-0.643041,-0.449359,0.000000,0.000000,-2.278902
3485,07 12 14 22 23 33,-0.02845911,0.21989996,-2.089360,-1.118804,-2.020987,-0.074893,0.000000,0.000000,1.257253
3486,04 06 08 10 18 24,-0.02847118,0.57837581,1.860040,0.078664,1.653535,-1.073468,0.000000,0.000000,-0.803981
3487,01 02 06 08 12 24,-0.02852262,0.51719275,0.840840,-0.088871,1.883192,-0.948646,0.000000,0.000000,-0.471043
3488,01 02 10 12 18 24,-0.02859099,0.57015317,0.968240,-0.814848,2.572165,-0.074893,0.000000,0.000000,-0.177685
3489,02 06 07 08 12 24,-0.02860147,0.47246884,0.076440,-0.560366,1.423877,-0.324537,0.000000,0.000000,-0.485087
3490,02 07 14 18 22 24,-0.02863653,0.44242128,-0.560560,-1.189149,1.423877,0.299572,0.000000,0.000000,0.239784
3491,01 06 08 10 13 14,-0.02873786,0.44714787,0.586040,0.816601,0.045932,-1.572755,0.000000,0.000000,-2.521422
3492,07 14 22 23 24 33,-0.02878995,0.26259432,-1.834560,-0.697661,-0.643041,-0.574180,0.000000,0.000000,1.005484
3493,02 07 10 12 14 33,-0.02880527,0.40062973,-0.687960,-1.416208,0.045932,0.549216,0.000000,0.000000,0.392934
3494,02 07 10 12 18 24,-0.02881253,0.52542925,0.203840,-1.286342,2.112850,0.549216,0.000000,0.000000,-0.212870
3495,02 06 14 22 24 33,-0.02884797,0.41483948,-0.305760,-0.581260,1.194220,-0.699002,0.000000,0.000000,0.894438
3496,01 02 07 18 22 33,-0.02892519,0.47620731,0.458640,-1.630611,0.045932,0.674038,0.000000,0.000000,0.933971
3497,01 04 06 08 10 12,-0.02892887,0.51429168,0.968240,0.466838,0.045932,-0.699002,0.000000,0.000000,-3.998105
3498,07 12 14 18 22 33,-0.02895993,0.38878155,-0.050960,-1.391357,-1.332014,0.299572,0.000000,0.000000,1.133468
3499,02 08 10 13 18 23,-0.02900161,0.47215504,0.331240,-0.656368,0.964562,-0.324537,0.000000,0.000000,-0.097325
3500,02 10 12 18 24 33,-0.02903954,0.58047816,1.350440,-1.229715,2.112850,0.174751,0.000000,0.000000,0.808559
3501,04 10 14 18 22 23,-0.02906597,0.33675232,-1.070160,-0.698710,-0.413384,-0.324537,0.000000,0.000000,0.090305
3502,02 07 10 14 22 24,-0.02907175,0.38429012,-1.452360,-0.896095,1.883192,-0.074893,0.000000,0.000000,0.129423
3503,01 12 14 22 23 33,-0.02909966,0.26462388,-1.324960,-0.647310,-1.561672,-0.699002,0.000000,0.000000,1.164715
3504,01 06 12 18 22 24,-0.02910245,0.47567428,0.713440,-0.238735,0.964562,-0.948646,0.000000,0.000000,0.140905
3505,01 12 18 22 23 24,-0.02910592,0.38942341,-0.433160,-0.517444,0.505247,-0.699002,0.000000,0.000000,0.559060
3506,01 06 10 12 22 24,-0.02912538,0.41754311,-0.178360,0.054320,1.423877,-1.323111,0.000000,0.000000,0.091627
3507,02 04 06 08 10 22,-0.02914787,0.48441059,0.203840,-0.337174,1.194220,-0.324537,0.000000,0.000000,-1.605349
3508,01 14 22 23 24 33,-0.02917191,0.30731824,-1.070160,-0.226167,-0.183726,-1.198289,0.000000,0.000000,0.951257
3509,01 06 07 12 14 22,-0.02921938,0.29582584,-1.324960,-0.425227,-1.102357,-0.574180,0.000000,0.000000,-0.326751
3510,04 06 08 14 22 23,-0.02925291,0.28379190,-1.197560,0.027267,-1.102357,-1.198289,0.000000,0.000000,-0.240878
3511,07 10 12 14 22 33,-0.02936747,0.33065038,-0.942760,-1.098303,-0.872699,-0.074893,0.000000,0.000000,1.027209
3512,01 02 10 14 22 24,-0.02942115,0.42901404,-0.687960,-0.424600,2.342508,-0.699002,0.000000,0.000000,0.080022
3513,06 07 12 18 22 24,-0.02943136,0.43095036,-0.050960,-0.710229,0.505247,-0.324537,0.000000,0.000000,0.089814
3514,02 07 08 12 14 33,-0.02944035,0.43030002,0.076440,-1.241494,-0.413384,0.299572,0.000000,0.000000,0.364441
3515,02 07 08 12 18 24,-0.02946331,0.55509955,0.968240,-1.111628,1.653535,0.299572,0.000000,0.000000,-0.243688
3516,04 08 14 18 22 23,-0.02958979,0.36642262,-0.305760,-0.523996,-0.872699,-0.574180,0.000000,0.000000,0.078295
3517,06 10 13 18 22 23,-0.02959369,0.34800585,-0.687960,-0.254969,-0.183726,-0.948646,0.000000,0.000000,0.143725
3518,07 08 12 14 22 33,-0.02967588,0.36032068,-0.178360,-0.923589,-1.332014,-0.324537,0.000000,0.000000,1.047113
3519,01 08 12 22 23 24,-0.02969265,0.36096254,-0.560560,-0.049676,0.505247,-1.323111,0.000000,0.000000,0.491849
3520,04 08 10 12 18 23,-0.02969964,0.44943058,0.458640,-0.621189,-0.183726,-0.324537,0.000000,0.000000,-0.364558
3521,01 12 14 18 22 33,-0.02973853,0.43350546,0.713440,-0.919862,-0.872699,-0.324537,0.000000,0.000000,1.020478
3522,04 08 10 14 22 23,-0.02978426,0.30829145,-1.197560,-0.230941,-0.413384,-0.948646,0.000000,0.000000,0.003602
3523,02 07 08 14 22 24,-0.02980212,0.41396042,-0.687960,-0.721381,1.423877,-0.324537,0.000000,0.000000,0.086812
3524,01 02 08 12 18 24,-0.02995157,0.59982347,1.732640,-0.640134,2.112850,-0.324537,0.000000,0.000000,-0.313663
3525,01 06 08 12 22 24,-0.02996331,0.44721341,0.586040,0.229034,0.964562,-1.572755,0.000000,0.000000,0.033081
3526,04 08 10 12 14 18,-0.03001559,0.52832450,1.223040,-0.333284,0.045932,-0.199715,0.000000,0.000000,-2.191601
3527,01 02 07 10 22 33,-0.03010609,0.41807615,-0.433160,-1.337556,0.505247,0.299572,0.000000,0.000000,0.713134
3528,02 08 10 12 24 33,-0.03011281,0.55201730,1.223040,-0.761947,2.112850,-0.449359,0.000000,0.000000,0.669266
3529,01 02 08 12 14 33,-0.03016629,0.47502394,0.840840,-0.769999,0.045932,-0.324537,0.000000,0.000000,0.259254
3530,02 07 12 14 22 23,-0.03016992,0.23084535,-2.853760,-1.337740,-0.643041,0.424394,0.000000,0.000000,0.264948
3531,01 02 06 07 22 33,-0.03020327,0.39357660,-0.433160,-1.079348,-0.183726,0.049929,0.000000,0.000000,0.375536
3532,01 10 12 14 22 33,-0.03022142,0.37537430,-0.178360,-0.626808,-0.413384,-0.699002,0.000000,0.000000,0.903056
3533,01 02 08 14 22 24,-0.03023387,0.45868434,0.076440,-0.249886,1.883192,-0.948646,0.000000,0.000000,0.025210
3534,01 02 07 22 23 33,-0.03023936,0.30732573,-1.579760,-1.358058,-0.643041,0.299572,0.000000,0.000000,0.788858
3535,06 08 13 18 22 23,-0.03024430,0.37767615,0.076440,-0.080255,-0.643041,-1.198289,0.000000,0.000000,0.112933
3536,02 07 08 10 12 24,-0.03026004,0.49696839,0.076440,-0.818574,2.112850,-0.074893,0.000000,0.000000,-0.407608
3537,06 10 12 22 24 33,-0.03029157,0.42786811,0.203840,-0.360548,0.964562,-1.073468,0.000000,0.000000,0.971552
3538,01 10 12 22 23 24,-0.03035856,0.33129224,-1.324960,-0.224390,0.964562,-1.073468,0.000000,0.000000,0.327596
3539,01 10 12 18 22 24,-0.03037467,0.50017383,0.713440,-0.496943,1.653535,-0.699002,0.000000,0.000000,0.275622
3540,01 02 14 22 23 24,-0.03040529,0.31826362,-1.834560,-0.445102,1.194220,-0.699002,0.000000,0.000000,0.029686
3541,06 07 10 12 22 24,-0.03043561,0.37281920,-0.942760,-0.417175,0.964562,-0.699002,0.000000,0.000000,-0.104851
3542,02 08 12 18 24 33,-0.03046501,0.61014846,2.114840,-1.055001,1.653535,-0.074893,0.000000,0.000000,0.662968
3543,01 02 10 12 14 33,-0.03050553,0.44535364,0.076440,-0.944713,0.505247,-0.074893,0.000000,0.000000,0.143398
3544,06 12 18 22 24 33,-0.03052954,0.48599927,1.095640,-0.653602,0.505247,-0.699002,0.000000,0.000000,0.982178
3545,02 06 12 22 23 24,-0.03056571,0.32806307,-1.707160,-0.599985,1.194220,-0.574180,0.000000,0.000000,0.287562
3546,01 08 12 14 22 33,-0.03061218,0.40504460,0.586040,-0.452094,-0.872699,-0.948646,0.000000,0.000000,0.910759
3547,01 07 12 14 18 22,-0.03065985,0.37845655,-0.433160,-0.976489,-0.872699,0.049929,0.000000,0.000000,-0.171079
3548,06 07 12 22 23 24,-0.03069859,0.26206878,-2.089360,-0.437677,-0.183726,-0.699002,0.000000,0.000000,-0.048344
3549,06 08 12 22 24 33,-0.03076516,0.45753840,0.968240,-0.185834,0.505247,-1.323111,0.000000,0.000000,0.966984
3550,06 12 22 23 24 33,-0.03081480,0.31711769,-0.942760,-0.381050,-0.183726,-1.073468,0.000000,0.000000,0.989502
3551,01 02 08 10 12 24,-0.03082365,0.54169230,0.840840,-0.347079,2.572165,-0.699002,0.000000,0.000000,-0.488747
3552,01 07 10 12 14 22,-0.03086133,0.32032539,-1.324960,-0.683435,-0.413384,-0.324537,0.000000,0.000000,-0.246811
3553,01 06 07 18 24 33,-0.03088547,0.48754182,1.223040,-0.663510,0.275589,-0.699002,0.000000,0.000000,0.975582
3554,02 14 18 22 24 33,-0.03090776,0.49747019,0.586040,-1.132522,1.423877,-0.074893,0.000000,0.000000,0.958356
3555,06 08 10 13 22 23,-0.03091841,0.31954499,-0.815360,0.212799,-0.183726,-1.572755,0.000000,0.000000,-0.032822
3556,02 10 14 22 24 33,-0.03094900,0.43933903,-0.305760,-0.839468,1.883192,-0.449359,0.000000,0.000000,0.906364
3557,06 08 10 12 13 18,-0.03096145,0.53957804,1.605240,0.110456,0.275589,-0.823824,0.000000,0.000000,-2.200128
3558,04 06 08 10 12 23,-0.03098825,0.36679987,-0.433160,-0.069926,-0.413384,-0.948646,0.000000,0.000000,-0.924552
3559,07 12 18 22 23 24,-0.03112719,0.34469949,-1.197560,-0.988939,0.045932,-0.074893,0.000000,0.000000,0.257240
3560,02 06 12 14 22 33,-0.03120048,0.37214513,-0.560560,-1.002403,-0.183726,-0.199715,0.000000,0.000000,0.748661
3561,07 10 12 22 23 24,-0.03121322,0.28656833,-2.089360,-0.695885,0.505247,-0.449359,0.000000,0.000000,0.198612
3562,01 08 12 18 22 24,-0.03128129,0.52984412,1.477840,-0.322229,1.194220,-0.948646,0.000000,0.000000,0.206900
3563,02 14 22 23 24 33,-0.03133193,0.32858861,-1.452360,-0.859970,0.734904,-0.449359,0.000000,0.000000,0.945101
3564,01 02 04 06 07 08,-0.03135454,0.52513703,0.331240,0.023492,0.045932,0.424394,0.000000,0.000000,-6.249247
3565,02 12 14 22 23 33,-0.03136814,0.28589426,-1.707160,-1.281113,-0.643041,0.049929,0.000000,0.000000,1.142490
3566,02 08 14 22 24 33,-0.03142887,0.46900933,0.458640,-0.664754,1.423877,-0.699002,0.000000,0.000000,0.900866
3567,01 06 12 14 23 24,-0.03146453,0.28690377,-1.324960,0.100856,0.045932,-1.572755,0.000000,0.000000,0.407544
3568,06 08 10 12 13 14,-0.03152907,0.44959037,0.331240,0.670912,-0.183726,-1.073468,0.000000,0.000000,-4.014869
3569,01 07 08 12 14 22,-0.03153409,0.34999569,-0.560560,-0.508721,-0.872699,-0.574180,0.000000,0.000000,-0.280886
3570,04 06 10 18 23 33,-0.03195354,0.40314323,0.331240,-0.806873,-0.643041,-0.574180,0.000000,0.000000,1.045344
3571,07 10 12 18 22 24,-0.03202795,0.45544991,-0.050960,-0.968437,1.194220,-0.074893,0.000000,0.000000,0.028322
3572,06 07 08 12 22 24,-0.03211795,0.40248949,-0.178360,-0.242461,0.505247,-0.948646,0.000000,0.000000,-0.288498
3573,01 06 07 10 24 33,-0.03212736,0.42941066,0.331240,-0.370456,0.734904,-1.073468,0.000000,0.000000,0.745710
3574,01 02 07 08 22 33,-0.03215225,0.44774645,0.331240,-1.162842,0.045932,0.049929,0.000000,0.000000,0.475586
3575,01 02 12 14 22 23,-0.03221875,0.27556926,-2.089360,-0.866245,-0.183726,-0.199715,0.000000,0.000000,-0.036230
3576,04 06 07 10 14 18,-0.03225217,0.42698824,-0.050960,-0.575596,-0.413384,-0.074893,0.000000,0.000000,-1.834195
3577,01 04 06 10 14 18,-0.03231898,0.47171216,0.713440,-0.104102,0.045932,-0.699002,0.000000,0.000000,-1.841730
3578,07 08 12 18 22 24,-0.03235206,0.48512021,0.713440,-0.793723,0.734904,-0.324537,0.000000,0.000000,0.045900
3579,01 06 07 23 24 33,-0.03240900,0.31866024,-0.815360,-0.390958,-0.413384,-1.073468,0.000000,0.000000,0.799452
3580,01 04 06 08 14 18,-0.03256833,0.50138246,1.477840,0.070612,-0.413384,-0.948646,0.000000,0.000000,-1.813075
3581,02 12 18 22 23 24,-0.03262886,0.41069378,-0.815360,-1.151248,1.423877,0.049929,0.000000,0.000000,0.350983
3582,02 06 07 12 14 22,-0.03265499,0.31709622,-1.707160,-1.059030,-0.183726,0.174751,0.000000,0.000000,-0.521892
3583,01 12 14 18 23 24,-0.03273471,0.36953448,-0.433160,-0.450407,0.275589,-0.948646,0.000000,0.000000,0.588445
3584,04 06 08 18 23 33,-0.03276727,0.43281353,1.095640,-0.632159,-1.102357,-0.823824,0.000000,0.000000,0.990383
3585,01 08 10 12 22 24,-0.03281125,0.47171296,0.586040,-0.029174,1.653535,-1.323111,0.000000,0.000000,-0.065649
3586,01 07 10 23 24 33,-0.03283415,0.34315979,-0.815360,-0.649166,0.275589,-0.823824,0.000000,0.000000,1.059665
3587,02 06 08 10 13 14,-0.03288376,0.46841825,0.203840,0.182798,0.964562,-0.823824,0.000000,0.000000,-2.821793
3588,02 12 14 18 22 33,-0.03288575,0.45477584,0.331240,-1.553665,0.045932,0.424394,0.000000,0.000000,0.868065
3589,01 07 18 23 24 33,-0.03291341,0.40129095,0.076440,-0.942220,-0.183726,-0.449359,0.000000,0.000000,1.093805
3590,02 06 07 18 24 33,-0.03303787,0.50881220,0.840840,-1.297313,1.194220,0.049929,0.000000,0.000000,0.970553
3591,02 08 12 22 23 24,-0.03310894,0.38223292,-0.942760,-0.683479,1.423877,-0.574180,0.000000,0.000000,0.299572
3592,04 06 10 14 18 22,-0.03314754,0.42300319,0.076440,-0.420000,0.045932,-0.574180,0.000000,0.000000,-0.933061
3593,08 10 13 18 22 23,-0.03317436,0.40217570,0.076440,-0.338463,0.045932,-0.948646,0.000000,0.000000,0.002035
3594,01 02 07 18 23 24,-0.03319153,0.41223633,-0.687960,-1.161155,1.194220,0.049929,0.000000,0.000000,0.313757
3595,04 06 08 14 18 22,-0.03320500,0.45267349,0.840840,-0.245286,-0.413384,-0.823824,0.000000,0.000000,-0.875977
3596,06 12 14 23 24 33,-0.03326180,0.29722876,-0.942760,-0.314012,-0.413384,-1.323111,0.000000,0.000000,1.193971
3597,01 02 06 12 14 22,-0.03330694,0.36182013,-0.942760,-0.587535,0.275589,-0.449359,0.000000,0.000000,-0.616117
3598,02 10 12 14 22 33,-0.03335608,0.39664468,-0.560560,-1.260611,0.505247,0.049929,0.000000,0.000000,0.752503
3599,04 06 07 10 18 23,-0.03337401,0.34809432,-0.815360,-0.863500,-0.643041,-0.199715,0.000000,0.000000,-0.220165
3600,08 12 18 22 24 33,-0.03341968,0.54016912,1.860040,-0.737096,0.734904,-0.699002,0.000000,0.000000,0.942791
3601,01 07 08 18 24 33,-0.03342313,0.54171167,1.987440,-0.747004,0.505247,-0.699002,0.000000,0.000000,0.988416
3602,01 02 12 14 18 22,-0.03343778,0.44445085,-0.050960,-1.138798,0.505247,0.174751,0.000000,0.000000,-0.266419
3603,02 06 12 18 22 24,-0.03348530,0.49694465,0.331240,-0.872538,1.883192,-0.199715,0.000000,0.000000,-0.194570
3604,02 06 10 12 22 24,-0.03349567,0.43881349,-0.560560,-0.579483,2.342508,-0.574180,0.000000,0.000000,-0.241988
3605,01 06 08 10 13 18,-0.03351353,0.53713554,1.860040,0.256144,0.505247,-1.323111,0.000000,0.000000,-1.498305
3606,02 06 07 23 24 33,-0.03359172,0.33993061,-1.197560,-1.024761,0.505247,-0.324537,0.000000,0.000000,0.938086
3607,07 08 12 22 23 24,-0.03363499,0.31623862,-1.324960,-0.521171,0.045932,-0.699002,0.000000,0.000000,-0.094584
3608,10 12 18 22 24 33,-0.03369847,0.51049882,1.095640,-0.911810,1.194220,-0.449359,0.000000,0.000000,0.835890
3609,01 02 06 18 24 33,-0.03370902,0.55353611,1.605240,-0.825819,1.653535,-0.574180,0.000000,0.000000,0.873483
3610,08 12 22 23 24 33,-0.03372064,0.37128753,-0.178360,-0.464544,0.045932,-1.073468,0.000000,0.000000,0.947789
3611,02 08 12 14 22 33,-0.03374370,0.42631497,0.203840,-1.085897,0.045932,-0.199715,0.000000,0.000000,0.760671
3612,02 10 12 22 23 24,-0.03377799,0.35256262,-1.707160,-0.858193,1.883192,-0.324537,0.000000,0.000000,0.134854
3613,01 04 06 10 18 23,-0.03383066,0.39281824,-0.050960,-0.392006,-0.183726,-0.823824,0.000000,0.000000,-0.285457
3614,06 07 12 14 23 24,-0.03387853,0.24217985,-2.089360,-0.370639,-0.413384,-0.948646,0.000000,0.000000,0.047539
3615,04 06 07 08 10 12,-0.03393626,0.46956776,0.203840,-0.004656,-0.413384,-0.074893,0.000000,0.000000,-4.742327
3616,01 08 12 14 23 24,-0.03397950,0.34107362,-0.560560,0.017362,0.275589,-1.572755,0.000000,0.000000,0.423740
3617,01 07 10 18 24 33,-0.03401098,0.51204137,1.223040,-0.921718,0.964562,-0.449359,0.000000,0.000000,0.835729
3618,02 07 10 23 24 33,-0.03402314,0.36443016,-1.197560,-1.282969,1.194220,-0.074893,0.000000,0.000000,1.197369
3619,02 07 18 23 24 33,-0.03411496,0.42256133,-0.305760,-1.576023,0.734904,0.299572,0.000000,0.000000,1.229648
3620,01 06 07 12 23 33,-0.03426188,0.27596589,-1.070160,-0.812101,-1.791329,-0.574180,0.000000,0.000000,0.727697
3621,02 06 07 10 24 33,-0.03426721,0.45068103,-0.050960,-1.004259,1.653535,-0.324537,0.000000,0.000000,0.742541
3622,02 07 10 12 14 22,-0.03430323,0.34159577,-1.707160,-1.317238,0.505247,0.424394,0.000000,0.000000,-0.442882
3623,02 06 08 12 22 24,-0.03433046,0.46848379,0.203840,-0.404769,1.883192,-0.823824,0.000000,0.000000,-0.300069
3624,08 10 12 22 24 33,-0.03434319,0.48203795,0.968240,-0.444042,1.194220,-1.073468,0.000000,0.000000,0.760088
3625,04 06 07 08 14 18,-0.03438686,0.45665854,0.713440,-0.400882,-0.872699,-0.324537,0.000000,0.000000,-2.084858
3626,01 02 07 14 23 33,-0.03439997,0.28743681,-1.579760,-1.291021,-0.872699,0.049929,0.000000,0.000000,0.739452
3627,01 06 07 08 24 33,-0.03440928,0.45908096,1.095640,-0.195742,0.275589,-1.323111,0.000000,0.000000,0.473233
3628,01 04 08 10 14 18,-0.03442233,0.52588200,1.477840,-0.187596,0.275589,-0.699002,0.000000,0.000000,-1.764551
3629,01 02 06 23 24 33,-0.03449466,0.38465453,-0.433160,-0.553266,0.964562,-0.948646,0.000000,0.000000,0.806675
3630,01 02 07 10 23 24,-0.03450925,0.35410517,-1.579760,-0.868101,1.653535,-0.324537,0.000000,0.000000,0.072651
3631,04 08 10 18 23 33,-0.03451246,0.45731308,1.095640,-0.890367,-0.413384,-0.574180,0.000000,0.000000,1.055028
3632,02 07 12 14 18 22,-0.03452350,0.39972693,-0.815360,-1.610292,0.045932,0.798860,0.000000,0.000000,-0.429635
3633,04 07 08 10 14 18,-0.03454172,0.48115809,0.713440,-0.659090,-0.183726,-0.074893,0.000000,0.000000,-1.784602
3634,01 06 07 18 22 24,-0.03454254,0.42850786,0.203840,-0.564541,0.734904,-0.823824,0.000000,0.000000,0.412498
3635,06 08 10 13 18 22,-0.03454444,0.48842657,1.223040,-0.059754,0.505247,-1.198289,0.000000,0.000000,-0.619615
3636,01 04 06 08 18 23,-0.03456095,0.42248854,0.713440,-0.217292,-0.643041,-1.073468,0.000000,0.000000,-0.328054
3637,01 06 10 12 14 24,-0.03459088,0.39765419,-0.178360,0.121357,1.194220,-1.572755,0.000000,0.000000,-0.151104
3638,04 06 08 10 14 22,-0.03461423,0.39454232,-0.050960,0.047769,0.045932,-1.198289,0.000000,0.000000,-1.130641
3639,01 07 08 10 24 33,-0.03461590,0.48358050,1.095640,-0.453950,0.964562,-1.073468,0.000000,0.000000,0.765822
3640,01 10 12 14 23 24,-0.03462029,0.31140332,-1.324960,-0.157352,0.734904,-1.323111,0.000000,0.000000,0.263208
3641,01 02 07 12 14 18,-0.03462081,0.44843590,-0.178360,-1.294394,0.045932,0.674038,0.000000,0.000000,-1.475474
3642,01 07 08 23 24 33,-0.03468348,0.37283009,-0.050960,-0.474452,-0.183726,-1.073468,0.000000,0.000000,0.851277
3643,01 06 12 14 18 24,-0.03477481,0.45578535,0.713440,-0.171697,0.734904,-1.198289,0.000000,0.000000,-0.132471
3644,06 12 14 18 24 33,-0.03483319,0.46611035,1.095640,-0.586565,0.275589,-0.948646,0.000000,0.000000,0.911579
3645,02 06 12 14 23 24,-0.03486512,0.30817415,-1.707160,-0.532948,0.964562,-0.823824,0.000000,0.000000,0.217592
3646,04 06 08 10 23 33,-0.03490416,0.37468237,0.203840,-0.339105,-0.643041,-1.198289,0.000000,0.000000,0.627915
3647,01 02 06 07 18 24,-0.03491143,0.49848720,0.458640,-0.882446,1.653535,-0.199715,0.000000,0.000000,-0.359719
3648,01 06 07 12 18 33,-0.03496484,0.44484747,0.968240,-1.084653,-1.102357,-0.199715,0.000000,0.000000,0.573965
3649,02 07 08 12 14 22,-0.03497284,0.37126606,-0.942760,-1.142524,0.045932,0.174751,0.000000,0.000000,-0.476491
3650,02 10 12 18 22 24,-0.03498205,0.52144420,0.331240,-1.130746,2.572165,0.049929,0.000000,0.000000,-0.093118
3651,01 02 07 14 18 33,-0.03502767,0.45631839,0.458640,-1.563573,-0.183726,0.424394,0.000000,0.000000,0.596869
3652,06 07 12 14 18 24,-0.03502836,0.41106144,-0.050960,-0.643192,0.275589,-0.574180,0.000000,0.000000,-0.172399
3653,10 12 22 23 24 33,-0.03507181,0.34161724,-0.942760,-0.639258,0.505247,-0.823824,0.000000,0.000000,0.682013
3654,06 10 12 14 24 33,-0.03507356,0.40797918,0.203840,-0.293510,0.734904,-1.323111,0.000000,0.000000,0.830085
3655,07 12 14 18 23 24,-0.03508983,0.32481057,-1.197560,-0.921902,-0.183726,-0.324537,0.000000,0.000000,0.237163
3656,01 02 06 10 24 33,-0.03510399,0.49540495,0.713440,-0.532764,2.112850,-0.948646,0.000000,0.000000,0.620932
3657,06 10 13 14 18 23,-0.03512153,0.32811693,-0.687960,-0.187932,-0.413384,-1.198289,0.000000,0.000000,-0.108240
3658,07 10 12 14 23 24,-0.03539961,0.26667940,-2.089360,-0.628847,0.275589,-0.699002,0.000000,0.000000,0.145387
3659,12 18 22 23 24 33,-0.03540677,0.39974840,-0.050960,-0.932312,0.045932,-0.449359,0.000000,0.000000,0.678270
3660,02 06 07 12 23 33,-0.03542575,0.29723626,-1.452360,-1.445904,-0.872699,0.174751,0.000000,0.000000,0.869122
3661,01 06 08 12 14 24,-0.03545393,0.42732449,0.586040,0.296071,0.734904,-1.822398,0.000000,0.000000,-0.213371
3662,01 02 08 12 14 22,-0.03545434,0.41598998,-0.178360,-0.671029,0.505247,-0.449359,0.000000,0.000000,-0.545463
3663,01 02 06 07 10 24,-0.03548714,0.44035604,-0.433160,-0.589391,2.112850,-0.574180,0.000000,0.000000,-0.490894
3664,01 02 07 10 18 24,-0.03549641,0.52298675,0.458640,-1.140654,2.342508,0.049929,0.000000,0.000000,-0.123186
3665,01 02 10 23 24 33,-0.03552561,0.40915408,-0.433160,-0.811474,1.653535,-0.699002,0.000000,0.000000,0.977137
3666,01 06 07 14 22 33,-0.03556927,0.30370834,-0.687960,-0.694406,-1.332014,-0.823824,0.000000,0.000000,0.865114
3667,06 08 12 14 24 33,-0.03557227,0.43764948,0.968240,-0.118796,0.275589,-1.572755,0.000000,0.000000,0.821797
3668,07 08 10 12 22 24,-0.03557447,0.42698904,-0.178360,-0.500669,1.194220,-0.699002,0.000000,0.000000,-0.477392
3669,02 07 08 18 24 33,-0.03557868,0.56298204,1.605240,-1.380807,1.423877,0.049929,0.000000,0.000000,0.982921
3670,01 02 10 18 24 33,-0.03560587,0.57803566,1.605240,-1.084027,2.342508,-0.324537,0.000000,0.000000,0.915660
3671,04 08 10 14 18 22,-0.03564367,0.47717304,0.840840,-0.503494,0.275589,-0.574180,0.000000,0.000000,-0.914074
3672,04 07 08 10 18 23,-0.03569181,0.40226417,-0.050960,-0.946994,-0.413384,-0.199715,0.000000,0.000000,-0.174758
3673,01 02 10 12 14 22,-0.03575904,0.38631968,-0.942760,-0.845743,0.964562,-0.199715,0.000000,0.000000,-0.656203
3674,01 06 07 10 22 24,-0.03578624,0.37037670,-0.687960,-0.271486,1.194220,-1.198289,0.000000,0.000000,0.182359
3675,06 08 13 14 18 23,-0.03579725,0.35778723,0.076440,-0.013218,-0.872699,-1.447933,0.000000,0.000000,-0.142754
3676,06 07 10 12 14 24,-0.03582576,0.35293027,-0.942760,-0.350137,0.734904,-0.948646,0.000000,0.000000,-0.336417
3677,02 07 08 23 24 33,-0.03586934,0.39410046,-0.433160,-1.108255,0.734904,-0.324537,0.000000,0.000000,0.989446
3678,01 04 08 10 18 23,-0.03596227,0.44698809,0.713440,-0.475500,0.045932,-0.823824,0.000000,0.000000,-0.212464
3679,04 06 07 08 18 23,-0.03598963,0.37776462,-0.050960,-0.688786,-1.102357,-0.449359,0.000000,0.000000,-0.542081
3680,01 10 12 14 18 24,-0.03599680,0.48028490,0.713440,-0.429905,1.423877,-0.948646,0.000000,0.000000,0.009688
3681,02 08 12 18 22 24,-0.03601283,0.55111450,1.095640,-0.956032,2.112850,-0.199715,0.000000,0.000000,-0.180234
3682,01 07 10 12 23 33,-0.03602942,0.30046543,-1.070160,-1.070309,-1.102357,-0.324537,0.000000,0.000000,0.789031
3683,01 02 18 23 24 33,-0.03604205,0.46728524,0.458640,-1.104528,1.194220,-0.324537,0.000000,0.000000,0.946506
3684,06 07 10 22 24 33,-0.03605747,0.38070169,-0.305760,-0.686354,0.734904,-0.948646,0.000000,0.000000,1.194875
3685,01 04 06 08 10 23,-0.03610719,0.36435737,-0.178360,0.075763,-0.183726,-1.447933,0.000000,0.000000,-0.603017
3686,01 07 18 22 23 24,-0.03614106,0.34225699,-0.942760,-0.843250,0.275589,-0.574180,0.000000,0.000000,0.594342
3687,08 12 14 23 24 33,-0.03614253,0.35139861,-0.178360,-0.397506,-0.183726,-1.323111,0.000000,0.000000,1.155980
3688,01 02 08 18 24 33,-0.03615391,0.60770596,2.369640,-0.909313,1.883192,-0.574180,0.000000,0.000000,0.900062
3689,06 07 18 22 24 33,-0.03616033,0.43883285,0.586040,-0.979408,0.275589,-0.574180,0.000000,0.000000,1.225518
3690,02 07 10 18 24 33,-0.03616966,0.53331174,0.840840,-1.555521,1.883192,0.299572,0.000000,0.000000,0.829769
3691,01 07 10 22 23 24,-0.03622658,0.28412583,-1.834560,-0.550196,0.734904,-0.948646,0.000000,0.000000,0.535790
3692,01 02 06 12 23 33,-0.03623737,0.34196018,-0.687960,-0.974409,-0.413384,-0.449359,0.000000,0.000000,0.751240
3693,02 12 14 18 23 24,-0.03624509,0.39080486,-0.815360,-1.084210,1.194220,-0.199715,0.000000,0.000000,0.382228
3694,01 07 12 18 23 33,-0.03629196,0.35859660,-0.178360,-1.363363,-1.561672,0.049929,0.000000,0.000000,0.796016
3695,06 08 10 13 14 23,-0.03629600,0.29965606,-0.815360,0.279837,-0.413384,-1.822398,0.000000,0.000000,-0.262528
3696,01 02 08 23 24 33,-0.03639748,0.43882438,0.331240,-0.636760,1.194220,-0.948646,0.000000,0.000000,0.913563
3697,06 07 08 10 13 14,-0.03645614,0.40242395,-0.178360,0.345107,-0.413384,-0.948646,0.000000,0.000000,-3.667271
3698,06 07 08 10 13 18,-0.03645727,0.49241162,1.095640,-0.215350,0.045932,-0.699002,0.000000,0.000000,-1.936792
3699,02 06 07 08 24 33,-0.03654599,0.48035133,0.713440,-0.829545,1.194220,-0.574180,0.000000,0.000000,0.470529
3700,01 02 06 08 24 33,-0.03655412,0.52507525,1.477840,-0.358050,1.653535,-1.198289,0.000000,0.000000,0.471688
3701,01 07 08 12 23 33,-0.03663938,0.33013573,-0.305760,-0.895595,-1.561672,-0.574180,0.000000,0.000000,0.764259
3702,01 07 10 12 18 33,-0.03670098,0.46934702,0.968240,-1.342861,-0.413384,0.049929,0.000000,0.000000,0.639950
3703,02 07 08 10 24 33,-0.03675889,0.50485088,0.713440,-1.087753,1.883192,-0.324537,0.000000,0.000000,0.762188
3704,01 07 10 18 22 24,-0.03676056,0.45300741,0.203840,-0.822749,1.423877,-0.574180,0.000000,0.000000,0.407093
3705,07 08 12 14 23 24,-0.03678981,0.29634970,-1.324960,-0.454133,-0.183726,-0.948646,0.000000,0.000000,0.005020
3706,01 02 12 18 23 33,-0.03690146,0.42459089,0.203840,-1.525671,-0.183726,0.174751,0.000000,0.000000,1.021937
3707,01 08 12 14 18 24,-0.03692853,0.50995520,1.477840,-0.255191,0.964562,-1.198289,0.000000,0.000000,-0.062755
3708,01 02 06 07 23 24,-0.03696097,0.32960562,-1.579760,-0.609893,0.964562,-0.574180,0.000000,0.000000,-0.613778
3709,02 04 06 10 14 18,-0.03697450,0.49298253,0.331240,-0.737905,0.964562,0.049929,0.000000,0.000000,-2.217602
3710,01 02 06 07 14 33,-0.03701008,0.37368768,-0.433160,-1.012311,-0.413384,-0.199715,0.000000,0.000000,-0.065913
3711,01 06 10 22 24 33,-0.03702996,0.42542561,0.458640,-0.214859,1.194220,-1.572755,0.000000,0.000000,1.053160
3712,01 06 18 22 24 33,-0.03703017,0.48355677,1.350440,-0.507914,0.734904,-1.198289,0.000000,0.000000,1.099011
3713,01 07 14 22 23 33,-0.03703413,0.21745747,-1.834560,-0.973116,-1.791329,-0.574180,0.000000,0.000000,1.066758
3714,01 07 08 18 22 24,-0.03704568,0.48267771,0.968240,-0.648035,0.964562,-0.823824,0.000000,0.000000,0.430448
3715,02 06 08 10 13 18,-0.03706629,0.55840591,1.477840,-0.377659,1.423877,-0.574180,0.000000,0.000000,-1.710801
3716,01 02 07 08 18 24,-0.03707419,0.55265705,1.223040,-0.965940,1.883192,-0.199715,0.000000,0.000000,-0.291342
3717,02 06 07 12 18 33,-0.03709841,0.46611784,0.586040,-1.718456,-0.183726,0.549216,0.000000,0.000000,0.571726
3718,01 02 07 10 14 33,-0.03716266,0.39818723,-0.433160,-1.270519,0.275589,0.049929,0.000000,0.000000,0.234683
3719,02 08 10 12 22 24,-0.03718467,0.49298333,0.203840,-0.662977,2.572165,-0.574180,0.000000,0.000000,-0.399729
3720,02 07 10 12 23 33,-0.03719957,0.32173581,-1.452360,-1.704112,-0.183726,0.424394,0.000000,0.000000,0.929525
3721,01 07 08 12 18 33,-0.03732665,0.49901731,1.732640,-1.168147,-0.872699,-0.199715,0.000000,0.000000,0.612853
3722,02 04 06 10 18 23,-0.03736456,0.41408861,-0.433160,-1.025809,0.734904,-0.074893,0.000000,0.000000,-0.495158
3723,02 08 12 14 23 24,-0.03738323,0.36234399,-0.942760,-0.616442,1.194220,-0.823824,0.000000,0.000000,0.233323
3724,01 02 08 10 24 33,-0.03740947,0.54957480,1.477840,-0.616258,2.342508,-0.948646,0.000000,0.000000,0.668165
3725,10 12 14 23 24 33,-0.03746858,0.32172831,-0.942760,-0.572220,0.275589,-1.073468,0.000000,0.000000,0.893925
3726,02 07 12 18 23 33,-0.03747467,0.37986697,-0.560560,-1.997166,-0.643041,0.798860,0.000000,0.000000,0.934650
3727,02 04 06 08 10 12,-0.03752558,0.53556206,0.586040,-0.166965,0.964562,0.049929,0.000000,0.000000,-4.957877
3728,06 07 08 12 14 24,-0.03753322,0.38260057,-0.178360,-0.175423,0.275589,-1.198289,0.000000,0.000000,-0.523786
3729,04 06 08 10 18 33,-0.03753747,0.54356395,2.242240,-0.611658,0.045932,-0.823824,0.000000,0.000000,0.188196
3730,07 10 12 14 18 24,-0.03757472,0.43556099,-0.050960,-0.901400,0.964562,-0.324537,0.000000,0.000000,-0.226449
3731,12 14 18 23 24 33,-0.03758753,0.37985948,-0.050960,-0.865275,-0.183726,-0.699002,0.000000,0.000000,0.922184
3732,01 02 06 07 12 23,-0.03764105,0.28691127,-1.834560,-1.031036,-0.413384,-0.074893,0.000000,0.000000,-0.511781
3733,08 12 14 18 24 33,-0.03769822,0.52028019,1.860040,-0.670059,0.505247,-0.948646,0.000000,0.000000,0.875913
3734,01 07 14 18 22 33,-0.03770043,0.38633905,0.203840,-1.245668,-1.102357,-0.199715,0.000000,0.000000,0.918458
3735,02 06 07 14 22 33,-0.03771226,0.32497871,-1.070160,-1.328209,-0.413384,-0.074893,0.000000,0.000000,0.861480
3736,01 02 10 12 23 33,-0.03775838,0.36645973,-0.687960,-1.232617,0.275589,-0.199715,0.000000,0.000000,0.849098
3737,02 07 08 12 23 33,-0.03780640,0.35140611,-0.687960,-1.529398,-0.643041,0.174751,0.000000,0.000000,0.905219
3738,01 06 07 22 23 24,-0.03781652,0.25962628,-1.834560,-0.291988,0.045932,-1.198289,0.000000,0.000000,-0.022966
3739,01 02 07 10 12 23,-0.03784820,0.31141082,-1.834560,-1.289244,0.275589,0.174751,0.000000,0.000000,-0.219269
3740,01 06 08 22 24 33,-0.03791078,0.45509590,1.223040,-0.040145,0.734904,-1.822398,0.000000,0.000000,0.988260
3741,07 08 12 14 18 24,-0.03792395,0.46523128,0.713440,-0.726686,0.505247,-0.574180,0.000000,0.000000,-0.212592
3742,02 06 07 18 22 24,-0.03794000,0.44977824,-0.178360,-1.198344,1.653535,-0.074893,0.000000,0.000000,0.223012
3743,10 12 14 18 24 33,-0.03795189,0.49060990,1.095640,-0.844773,0.964562,-0.699002,0.000000,0.000000,0.772734
3744,01 06 07 10 12 33,-0.03795244,0.38671630,0.076440,-0.791599,-0.643041,-0.574180,0.000000,0.000000,0.085461
3745,01 02 06 12 18 33,-0.03795713,0.51084176,1.350440,-1.246962,0.275589,-0.074893,0.000000,0.000000,0.446868
3746,01 07 08 14 22 33,-0.03796566,0.35787818,0.076440,-0.777900,-1.102357,-0.823824,0.000000,0.000000,0.898878
3747,02 10 12 14 23 24,-0.03802716,0.33267370,-1.707160,-0.791156,1.653535,-0.574180,0.000000,0.000000,0.072326
3748,01 02 07 12 18 23,-0.03809455,0.36954198,-0.942760,-1.582298,-0.183726,0.549216,0.000000,0.000000,-0.209885
3749,06 07 12 18 22 33,-0.03814403,0.39613850,0.331240,-1.400551,-1.102357,-0.074893,0.000000,0.000000,1.134380
3750,02 07 14 22 23 33,-0.03822626,0.23872784,-2.216760,-1.606919,-0.872699,0.174751,0.000000,0.000000,1.203997
3751,01 08 10 12 14 24,-0.03825163,0.45182404,0.586040,0.037863,1.423877,-1.572755,0.000000,0.000000,-0.304658
3752,02 04 06 08 14 18,-0.03827738,0.52265283,1.095640,-0.563191,0.505247,-0.199715,0.000000,0.000000,-2.345032
3753,01 07 10 14 22 33,-0.03831708,0.32820788,-0.687960,-0.952614,-0.643041,-0.574180,0.000000,0.000000,0.781217
3754,04 06 10 18 22 23,-0.03836497,0.34410927,-0.687960,-0.707904,-0.183726,-0.699002,0.000000,0.000000,0.074194
3755,01 02 06 18 22 24,-0.03842999,0.49450215,0.586040,-0.726849,2.112850,-0.699002,0.000000,0.000000,0.152781
3756,01 02 08 12 23 33,-0.03844756,0.39613002,0.076440,-1.057903,-0.183726,-0.449359,0.000000,0.000000,0.812591
3757,01 06 12 22 23 33,-0.03848051,0.27198083,-0.942760,-0.656504,-1.332014,-1.073468,0.000000,0.000000,1.136478
3758,01 02 06 14 22 33,-0.03849872,0.36970263,-0.305760,-0.856714,0.045932,-0.699002,0.000000,0.000000,0.747326
3759,04 06 07 08 10 23,-0.03851720,0.31963346,-0.942760,-0.395732,-0.643041,-0.823824,0.000000,0.000000,-0.962430
3760,06 07 12 22 23 33,-0.03857411,0.22725692,-1.707160,-1.127999,-1.791329,-0.449359,0.000000,0.000000,1.120249
3761,02 07 18 22 23 24,-0.03858765,0.36352737,-1.324960,-1.477053,1.194220,0.174751,0.000000,0.000000,0.545728
3762,02 07 10 22 23 24,-0.03866061,0.30539620,-2.216760,-1.183999,1.653535,-0.199715,0.000000,0.000000,0.489037
3763,08 10 13 14 18 23,-0.03867709,0.38228677,0.076440,-0.271426,-0.183726,-1.198289,0.000000,0.000000,-0.246210
3764,07 10 18 22 24 33,-0.03871965,0.46333240,0.586040,-1.237616,0.964562,-0.324537,0.000000,0.000000,1.169547
3765,01 02 07 08 10 24,-0.03872043,0.49452589,0.331240,-0.672885,2.342508,-0.574180,0.000000,0.000000,-0.581119
3766,01 06 07 12 22 23,-0.03875098,0.21693192,-2.089360,-0.713131,-1.332014,-0.699002,0.000000,0.000000,0.041346
3767,01 02 07 08 23 24,-0.03882118,0.38377547,-0.815360,-0.693387,1.194220,-0.574180,0.000000,0.000000,-0.500578
3768,06 07 08 22 24 33,-0.03883936,0.41037199,0.458640,-0.511640,0.275589,-1.198289,0.000000,0.000000,0.848325
3769,02 07 10 12 18 33,-0.03884083,0.49061739,0.586040,-1.976664,0.505247,0.798860,0.000000,0.000000,0.636781
3770,01 06 22 23 24 33,-0.03888852,0.31467519,-0.687960,-0.235361,0.045932,-1.572755,0.000000,0.000000,0.873277
3771,01 06 07 08 22 24,-0.03890478,0.40004699,0.076440,-0.096772,0.734904,-1.447933,0.000000,0.000000,-0.214065
3772,02 06 10 12 14 24,-0.03894861,0.41892457,-0.560560,-0.512446,2.112850,-0.823824,0.000000,0.000000,-0.482858
3773,07 08 18 22 24 33,-0.03895314,0.49300270,1.350440,-1.062902,0.505247,-0.574180,0.000000,0.000000,1.200551
3774,06 07 10 12 22 33,-0.03897889,0.33800733,-0.560560,-1.107497,-0.643041,-0.449359,0.000000,0.000000,0.964812
3775,02 04 08 10 14 18,-0.03908099,0.54715238,1.095640,-0.821399,1.194220,0.049929,0.000000,0.000000,-2.140888
3776,01 02 07 08 14 33,-0.03909759,0.42785753,0.331240,-1.095805,-0.183726,-0.199715,0.000000,0.000000,0.013613
3777,08 10 12 14 24 33,-0.03910007,0.46214903,0.968240,-0.377004,0.964562,-1.323111,0.000000,0.000000,0.622343
3778,02 06 12 14 18 24,-0.03914510,0.47705573,0.331240,-0.805500,1.653535,-0.449359,0.000000,0.000000,-0.466086
3779,02 04 06 08 18 23,-0.03914838,0.44375891,0.331240,-0.851095,0.275589,-0.324537,0.000000,0.000000,-0.693840
3780,02 06 07 10 22 24,-0.03917113,0.39164707,-1.070160,-0.905289,2.112850,-0.449359,0.000000,0.000000,-0.005267
3781,01 02 07 14 22 23,-0.03920551,0.22840285,-2.598960,-1.192051,-0.413384,-0.074893,0.000000,0.000000,0.006220
3782,01 02 14 18 22 33,-0.03925232,0.45233334,0.586040,-1.407977,0.275589,-0.074893,0.000000,0.000000,1.004760
3783,01 07 08 10 22 24,-0.03929692,0.42454654,0.076440,-0.354980,1.423877,-1.198289,0.000000,0.000000,0.051038
3784,01 07 12 18 22 23,-0.03936985,0.29956264,-1.197560,-1.264393,-1.102357,-0.074893,0.000000,0.000000,0.318742
3785,01 07 10 12 22 23,-0.03939277,0.24143147,-2.089360,-0.971339,-0.643041,-0.449359,0.000000,0.000000,0.269463
3786,01 10 18 22 24 33,-0.03942290,0.50805632,1.350440,-0.766122,1.423877,-0.948646,0.000000,0.000000,1.067721
3787,01 02 10 12 18 33,-0.03944674,0.53534131,1.350440,-1.505170,0.964562,0.174751,0.000000,0.000000,0.549377
3788,02 07 08 12 18 33,-0.03946336,0.52028769,1.350440,-1.801950,0.045932,0.549216,0.000000,0.000000,0.610149
3789,02 04 08 10 18 23,-0.03949930,0.46825846,0.331240,-1.109303,0.964562,-0.074893,0.000000,0.000000,-0.422630
3790,01 02 14 22 23 33,-0.03959163,0.28345176,-1.452360,-1.135424,-0.413384,-0.449359,0.000000,0.000000,1.004076
3791,01 02 06 07 08 24,-0.03963715,0.47002634,0.331240,-0.414677,1.653535,-0.823824,0.000000,0.000000,-1.040134
3792,01 02 07 08 12 23,-0.03969089,0.34108111,-1.070160,-1.114530,-0.183726,-0.074893,0.000000,0.000000,-0.426674
3793,01 08 10 22 24 33,-0.03972509,0.47959545,1.223040,-0.298353,1.423877,-1.572755,0.000000,0.000000,1.042665
3794,01 08 18 22 24 33,-0.03973875,0.53772662,2.114840,-0.591408,0.964562,-1.198289,0.000000,0.000000,1.086524
3795,01 06 07 08 12 33,-0.03975118,0.41638660,0.840840,-0.616885,-1.102357,-0.823824,0.000000,0.000000,-0.115431
3796,02 06 08 12 14 24,-0.03980852,0.44859486,0.203840,-0.337732,1.653535,-1.073468,0.000000,0.000000,-0.544660
3797,01 02 06 10 22 24,-0.03982676,0.43637099,-0.305760,-0.433795,2.572165,-1.073468,0.000000,0.000000,-0.100037
3798,07 10 22 23 24 33,-0.03985635,0.29445082,-1.452360,-0.965064,0.275589,-0.699002,0.000000,0.000000,1.050728
3799,02 07 14 18 22 33,-0.03986226,0.40760942,-0.178360,-1.879471,-0.183726,0.549216,0.000000,0.000000,0.912033
3800,04 06 08 18 22 23,-0.03989706,0.37377957,0.076440,-0.533190,-0.643041,-0.948646,0.000000,0.000000,-0.087193
3801,07 10 12 22 23 33,-0.03991717,0.25175646,-1.707160,-1.386207,-1.102357,-0.199715,0.000000,0.000000,1.244471
3802,07 08 10 22 24 33,-0.03992081,0.43487154,0.458640,-0.769848,0.964562,-0.948646,0.000000,0.000000,1.011306
3803,01 04 06 07 08 10,-0.03993475,0.46712527,0.458640,0.141033,-0.183726,-0.574180,0.000000,0.000000,-4.551101
3804,01 02 10 14 22 33,-0.03995907,0.39420218,-0.305760,-1.114922,0.734904,-0.449359,0.000000,0.000000,0.854172
3805,07 12 18 22 23 33,-0.04000054,0.30988763,-0.815360,-1.679261,-1.561672,0.174751,0.000000,0.000000,1.278002
3806,01 06 10 12 22 33,-0.04006441,0.38273125,0.203840,-0.636002,-0.183726,-1.073468,0.000000,0.000000,0.806351
3807,02 06 07 10 12 33,-0.04007345,0.40798668,-0.305760,-1.425402,0.275589,0.174751,0.000000,0.000000,0.085083
3808,01 06 07 14 23 24,-0.04008117,0.23973736,-1.834560,-0.224950,-0.183726,-1.447933,0.000000,0.000000,0.208520
3809,02 07 08 14 22 33,-0.04011179,0.37914856,-0.305760,-1.411703,-0.183726,-0.074893,0.000000,0.000000,0.894779
3810,01 07 08 22 23 24,-0.04011225,0.31379612,-1.070160,-0.375482,0.275589,-1.198289,0.000000,0.000000,0.025713
3811,01 02 08 12 18 33,-0.04015162,0.56501161,2.114840,-1.330456,0.505247,-0.074893,0.000000,0.000000,0.510544
3812,02 07 10 18 22 24,-0.04016429,0.47427778,-0.178360,-1.456552,2.342508,0.174751,0.000000,0.000000,0.216676
3813,02 06 10 22 24 33,-0.04017090,0.44669598,0.076440,-0.848662,2.112850,-0.823824,0.000000,0.000000,0.901676
3814,02 06 18 22 24 33,-0.04018367,0.50482715,0.968240,-1.141717,1.653535,-0.449359,0.000000,0.000000,0.945667
3815,01 06 12 18 22 33,-0.04021088,0.44086242,1.095640,-0.929057,-0.643041,-0.699002,0.000000,0.000000,0.830533
3816,02 06 07 22 23 24,-0.04024428,0.28089665,-2.216760,-0.925791,0.964562,-0.449359,0.000000,0.000000,-0.068789
3817,07 18 22 23 24 33,-0.04028352,0.35258198,-0.560560,-1.258118,-0.183726,-0.324537,0.000000,0.000000,1.033323
3818,02 07 08 18 22 24,-0.04044627,0.50394808,0.586040,-1.281838,1.883192,-0.074893,0.000000,0.000000,0.240497
3819,01 07 14 18 23 24,-0.04044843,0.32236807,-0.942760,-0.776213,0.045932,-0.823824,0.000000,0.000000,0.523193
3820,02 07 10 14 22 33,-0.04046635,0.34947826,-1.070160,-1.586417,0.275589,0.174751,0.000000,0.000000,0.776653
3821,01 02 10 18 22 24,-0.04047601,0.51900170,0.586040,-0.985057,2.801823,-0.449359,0.000000,0.000000,0.172857
3822,07 10 12 18 22 33,-0.04051237,0.42063805,0.331240,-1.658759,-0.413384,0.174751,0.000000,0.000000,1.106704
3823,01 10 22 23 24 33,-0.04051250,0.33917474,-0.687960,-0.493569,0.734904,-1.323111,0.000000,0.000000,0.955879
3824,02 10 12 14 18 24,-0.04059161,0.50155528,0.331240,-1.063708,2.342508,-0.199715,0.000000,0.000000,-0.357191
3825,01 12 18 22 23 33,-0.04060341,0.35461155,-0.050960,-1.207766,-1.102357,-0.449359,0.000000,0.000000,1.191047
3826,06 07 08 12 22 33,-0.04063297,0.36767763,0.203840,-0.932783,-1.102357,-0.699002,0.000000,0.000000,0.785351
3827,06 07 14 18 24 33,-0.04064241,0.41894393,0.586040,-0.912371,0.045932,-0.823824,0.000000,0.000000,1.128485
3828,02 06 12 22 23 33,-0.04064548,0.29325121,-1.324960,-1.290307,-0.413384,-0.324537,0.000000,0.000000,1.129588
3829,01 07 10 14 23 24,-0.04066539,0.26423690,-1.834560,-0.483158,0.505247,-1.198289,0.000000,0.000000,0.445166
3830,01 10 12 22 23 33,-0.04068635,0.29648038,-0.942760,-0.914712,-0.643041,-0.823824,0.000000,0.000000,1.132877
3831,01 04 06 08 10 14,-0.04071603,0.44325129,0.586040,0.363667,0.045932,-1.323111,0.000000,0.000000,-3.066064
3832,01 02 08 14 22 33,-0.04074353,0.42387247,0.458640,-0.940208,0.275589,-0.699002,0.000000,0.000000,0.803547
3833,07 08 12 18 22 33,-0.04080822,0.45030835,1.095640,-1.484045,-0.872699,-0.074893,0.000000,0.000000,1.128469
3834,01 02 07 14 18 22,-0.04082482,0.39728443,-0.560560,-1.464604,0.275589,0.299572,0.000000,0.000000,-0.283272
3835,01 02 08 18 22 24,-0.04084034,0.54867200,1.350440,-0.810343,2.342508,-0.699002,0.000000,0.000000,0.184477
3836,01 06 08 12 22 33,-0.04087409,0.41240155,0.968240,-0.461288,-0.643041,-1.323111,0.000000,0.000000,0.751991
3837,01 06 07 10 12 22,-0.04087993,0.32768234,-0.942760,-0.692629,-0.183726,-0.699002,0.000000,0.000000,-0.369532
3838,04 08 10 18 22 23,-0.04088936,0.39827912,0.076440,-0.791398,0.045932,-0.699002,0.000000,0.000000,0.088995
3839,01 02 06 22 23 24,-0.04091029,0.32562057,-1.452360,-0.454296,1.423877,-1.073468,0.000000,0.000000,-0.165097
3840,01 06 14 23 24 33,-0.04093472,0.29478627,-0.687960,-0.168323,-0.183726,-1.822398,0.000000,0.000000,1.137127
3841,07 08 10 12 14 24,-0.04093950,0.40710012,-0.178360,-0.433631,0.964562,-0.948646,0.000000,0.000000,-0.705237
3842,06 07 22 23 24 33,-0.04098120,0.26995127,-1.452360,-0.706856,-0.413384,-0.948646,0.000000,0.000000,0.560877
3843,06 07 10 14 24 33,-0.04101655,0.36081277,-0.305760,-0.619316,0.505247,-1.198289,0.000000,0.000000,1.027173
3844,01 02 06 10 12 33,-0.04102326,0.45271060,0.458640,-0.953907,0.734904,-0.449359,0.000000,0.000000,-0.053272
3845,02 06 08 22 24 33,-0.04104858,0.47636628,0.840840,-0.673948,1.653535,-1.073468,0.000000,0.000000,0.837242
3846,01 08 12 22 23 33,-0.04104886,0.32615068,-0.178360,-0.739998,-1.102357,-1.073468,0.000000,0.000000,1.144767
3847,01 06 07 14 18 24,-0.04105093,0.40861894,0.203840,-0.497503,0.505247,-1.073468,0.000000,0.000000,0.015262
3848,06 07 14 23 24 33,-0.04106599,0.25006235,-1.452360,-0.639818,-0.643041,-1.198289,0.000000,0.000000,1.115315
3849,06 12 14 22 23 24,-0.04107119,0.23819480,-1.961960,-0.215043,0.045932,-1.447933,0.000000,0.000000,0.015709
3850,02 06 22 23 24 33,-0.04107232,0.33594556,-1.070160,-0.869164,0.964562,-0.823824,0.000000,0.000000,0.863597
3851,01 06 07 12 18 22,-0.04107300,0.38581351,-0.050960,-0.985684,-0.643041,-0.324537,0.000000,0.000000,-0.352254
3852,01 07 08 12 22 23,-0.04109395,0.27110177,-1.324960,-0.796625,-1.102357,-0.699002,0.000000,0.000000,0.083025
3853,01 08 22 23 24 33,-0.04110360,0.36884503,0.076440,-0.318855,0.275589,-1.572755,0.000000,0.000000,0.933903
3854,02 06 07 12 22 23,-0.04119154,0.23820230,-2.471560,-1.346934,-0.413384,0.049929,0.000000,0.000000,-0.006374
3855,07 08 12 22 23 33,-0.04125400,0.28142676,-0.942760,-1.211493,-1.561672,-0.449359,0.000000,0.000000,1.112012
3856,01 06 07 10 14 24,-0.04130287,0.35048777,-0.687960,-0.204449,0.964562,-1.447933,0.000000,0.000000,-0.067946
3857,01 10 12 18 22 33,-0.04132864,0.46536196,1.095640,-1.187265,0.045932,-0.449359,0.000000,0.000000,0.988133
3858,01 02 06 07 14 22,-0.04144147,0.31465372,-1.452360,-0.913341,0.045932,-0.324537,0.000000,0.000000,-0.743713
3859,01 07 08 10 12 33,-0.04145998,0.44088615,0.840840,-0.875093,-0.413384,-0.574180,0.000000,0.000000,-0.045395
3860,01 02 07 10 14 22,-0.04152497,0.33915327,-1.452360,-1.171549,0.734904,-0.074893,0.000000,0.000000,-0.432883
3861,02 08 12 14 18 24,-0.04164751,0.53122558,1.095640,-0.888994,1.883192,-0.449359,0.000000,0.000000,-0.448029
3862,01 18 22 23 24 33,-0.04165524,0.39730590,0.203840,-0.786623,0.275589,-0.948646,0.000000,0.000000,0.832461
3863,04 06 08 10 12 14,-0.04171917,0.44569379,0.331240,0.217978,-0.183726,-0.823824,0.000000,0.000000,-4.294604
3864,02 04 06 08 10 23,-0.04173874,0.38562775,-0.560560,-0.558040,0.734904,-0.699002,0.000000,0.000000,-1.123492
3865,01 02 06 12 22 23,-0.04179036,0.28292622,-1.707160,-0.875439,0.045932,-0.574180,0.000000,0.000000,-0.092728
3866,04 06 08 10 12 18,-0.04180221,0.53568145,1.605240,-0.342479,0.275589,-0.574180,0.000000,0.000000,-2.576260
3867,02 07 12 18 22 23,-0.04182924,0.32083301,-1.579760,-1.898196,-0.183726,0.674038,0.000000,0.000000,0.268231
3868,02 07 10 12 22 23,-0.04183961,0.26270185,-2.471560,-1.605142,0.275589,0.299572,0.000000,0.000000,0.220813
3869,02 06 07 08 12 33,-0.04186905,0.43765698,0.458640,-1.250688,-0.183726,-0.074893,0.000000,0.000000,-0.115344
3870,01 02 06 08 12 33,-0.04199020,0.48238089,1.223040,-0.779193,0.275589,-0.699002,0.000000,0.000000,-0.130930
3871,01 02 06 07 12 14,-0.04200927,0.36580519,-1.070160,-0.743132,-0.183726,0.049929,0.000000,0.000000,-2.939179
3872,01 02 10 22 23 24,-0.04209527,0.35012012,-1.452360,-0.712504,2.112850,-0.823824,0.000000,0.000000,-0.017455
3873,01 02 06 08 22 24,-0.04211350,0.46604129,0.458640,-0.259081,2.112850,-1.323111,0.000000,0.000000,-0.373228
3874,01 02 12 18 22 23,-0.04215627,0.36555693,-0.815360,-1.426702,0.275589,0.049929,0.000000,0.000000,0.222143
3875,01 02 07 10 12 14,-0.04215990,0.39030473,-1.070160,-1.001340,0.505247,0.299572,0.000000,0.000000,-2.638294
3876,02 06 07 08 22 24,-0.04228653,0.42131737,-0.305760,-0.730575,1.653535,-0.699002,0.000000,0.000000,-0.401226
3877,07 10 14 23 24 33,-0.04230424,0.27456190,-1.452360,-0.898026,0.045932,-0.948646,0.000000,0.000000,1.255065
3878,06 12 14 18 22 24,-0.04240408,0.40707639,0.076440,-0.487595,0.734904,-1.073468,0.000000,0.000000,-0.231349
3879,01 02 18 22 23 24,-0.04244694,0.40825128,-0.560560,-1.005559,1.653535,-0.449359,0.000000,0.000000,-0.023674
3880,01 07 08 14 23 24,-0.04245244,0.29390720,-1.070160,-0.308444,0.045932,-1.447933,0.000000,0.000000,0.246006
3881,02 06 07 14 23 24,-0.04249637,0.26100773,-2.216760,-0.858753,0.734904,-0.699002,0.000000,0.000000,0.164558
3882,06 07 12 14 23 33,-0.04254310,0.20736799,-1.707160,-1.060961,-2.020987,-0.699002,0.000000,0.000000,1.099232
3883,02 07 08 22 23 24,-0.04254314,0.33506650,-1.452360,-1.009285,1.194220,-0.449359,0.000000,0.000000,-0.020575
3884,02 10 18 22 24 33,-0.04258267,0.52932669,0.968240,-1.399925,2.342508,-0.199715,0.000000,0.000000,0.913447
3885,02 08 10 12 14 24,-0.04261250,0.47309441,0.203840,-0.595940,2.342508,-0.823824,0.000000,0.000000,-0.636877
3886,07 14 18 23 24 33,-0.04264271,0.33269306,-0.560560,-1.191080,-0.413384,-0.574180,0.000000,0.000000,1.250803
3887,01 06 14 18 24 33,-0.04267158,0.46366785,1.350440,-0.440876,0.505247,-1.447933,0.000000,0.000000,0.830219
3888,02 07 08 10 22 24,-0.04268495,0.44581692,-0.305760,-0.988783,2.342508,-0.449359,0.000000,0.000000,-0.137053
3889,02 10 22 23 24 33,-0.04270258,0.36044511,-1.070160,-1.127372,1.653535,-0.574180,0.000000,0.000000,0.945269
3890,01 06 07 08 12 22,-0.04271320,0.35735264,-0.178360,-0.517915,-0.643041,-0.948646,0.000000,0.000000,-0.575541
3891,01 08 10 12 22 33,-0.04272186,0.43690110,0.968240,-0.719496,0.045932,-1.073468,0.000000,0.000000,0.801439
3892,01 07 10 12 18 22,-0.04274007,0.41031305,-0.050960,-1.243892,0.045932,-0.074893,0.000000,0.000000,-0.276036
3893,06 07 08 14 24 33,-0.04275650,0.39048306,0.458640,-0.444602,0.045932,-1.447933,0.000000,0.000000,0.834990
3894,01 08 12 18 22 33,-0.04276353,0.49503226,1.860040,-1.012551,-0.413384,-0.699002,0.000000,0.000000,0.841147
3895,07 08 10 12 22 33,-0.04280456,0.39217718,0.203840,-1.190991,-0.413384,-0.449359,0.000000,0.000000,0.786824
3896,02 10 12 22 23 33,-0.04285759,0.31775076,-1.324960,-1.548515,0.275589,-0.074893,0.000000,0.000000,1.125057
3897,02 08 10 22 24 33,-0.04286917,0.50086583,0.840840,-0.932156,2.342508,-0.823824,0.000000,0.000000,0.890717
3898,02 12 18 22 23 33,-0.04287817,0.37588192,-0.433160,-1.841569,-0.183726,0.299572,0.000000,0.000000,1.167891
3899,02 07 14 18 23 24,-0.04288247,0.34363844,-1.324960,-1.410016,0.964562,-0.074893,0.000000,0.000000,0.476439
3900,01 02 08 22 23 24,-0.04289012,0.37979042,-0.687960,-0.537790,1.653535,-1.073468,0.000000,0.000000,-0.069618
3901,02 08 18 22 24 33,-0.04289538,0.55899699,1.732640,-1.225211,1.883192,-0.449359,0.000000,0.000000,0.932715
3902,01 06 08 14 24 33,-0.04295994,0.43520698,1.223040,0.026892,0.505247,-2.072042,0.000000,0.000000,0.807212
3903,01 10 14 23 24 33,-0.04303575,0.31928581,-0.687960,-0.426531,0.505247,-1.572755,0.000000,0.000000,1.149053
3904,01 14 18 23 24 33,-0.04306235,0.37741698,0.203840,-0.719586,0.045932,-1.198289,0.000000,0.000000,1.190994
3905,01 02 06 14 23 24,-0.04307341,0.30573165,-1.452360,-0.387259,1.194220,-1.323111,0.000000,0.000000,0.081430
3906,02 07 10 14 23 24,-0.04308687,0.28550728,-2.216760,-1.116961,1.423877,-0.449359,0.000000,0.000000,0.400273
3907,02 06 14 23 24 33,-0.04310596,0.31605664,-1.070160,-0.802126,0.734904,-1.073468,0.000000,0.000000,1.129307
3908,01 06 10 14 24 33,-0.04312107,0.40553668,0.458640,-0.147822,0.964562,-1.822398,0.000000,0.000000,0.717744
3909,01 02 08 10 22 24,-0.04315438,0.49054084,0.458640,-0.517289,2.801823,-1.073468,0.000000,0.000000,-0.204237
3910,02 06 10 12 22 33,-0.04318651,0.40400163,-0.178360,-1.269805,0.734904,-0.324537,0.000000,0.000000,0.657659
3911,04 06 08 10 22 23,-0.04319242,0.31564840,-0.815360,-0.240135,-0.183726,-1.323111,0.000000,0.000000,-0.621293
3912,02 08 12 22 23 33,-0.04321696,0.34742106,-0.560560,-1.373801,-0.183726,-0.324537,0.000000,0.000000,1.137412
3913,01 06 07 08 14 24,-0.04325351,0.38015807,0.076440,-0.029735,0.505247,-1.697577,0.000000,0.000000,-0.291342
3914,01 06 10 12 23 24,-0.04326152,0.31876027,-0.942760,-0.166547,0.964562,-1.697577,0.000000,0.000000,0.344548
3915,02 08 22 23 24 33,-0.04329054,0.39011541,-0.305760,-0.952658,1.194220,-0.823824,0.000000,0.000000,0.923757
3916,07 08 14 18 24 33,-0.04331915,0.47311378,1.350440,-0.995865,0.275589,-0.823824,0.000000,0.000000,1.120713
3917,01 06 12 18 23 24,-0.04334211,0.37689144,-0.050960,-0.459601,0.505247,-1.323111,0.000000,0.000000,0.378491
3918,02 06 12 18 22 33,-0.04334554,0.46213279,0.713440,-1.562860,0.275589,0.049929,0.000000,0.000000,0.679980
3919,06 10 12 14 22 24,-0.04336643,0.34894522,-0.815360,-0.194541,1.194220,-1.447933,0.000000,0.000000,-0.419805
3920,01 07 08 12 18 22,-0.04340027,0.43998335,0.713440,-1.069178,-0.413384,-0.324537,0.000000,0.000000,-0.308250
3921,01 02 14 18 23 24,-0.04343075,0.38836236,-0.560560,-0.938521,1.423877,-0.699002,0.000000,0.000000,0.397571
3922,01 02 07 08 14 22,-0.04349444,0.36882356,-0.687960,-0.996835,0.275589,-0.324537,0.000000,0.000000,-0.659070
3923,01 08 14 23 24 33,-0.04351562,0.34895611,0.076440,-0.251817,0.045932,-1.822398,0.000000,0.000000,1.143555
3924,07 08 22 23 24 33,-0.04353512,0.32412112,-0.687960,-0.790350,-0.183726,-0.948646,0.000000,0.000000,0.571303
3925,02 07 08 12 22 23,-0.04353765,0.29237215,-1.707160,-1.430428,-0.183726,0.049929,0.000000,0.000000,0.034840
3926,01 06 07 12 14 23,-0.04355808,0.19704300,-2.089360,-0.646093,-1.561672,-0.948646,0.000000,0.000000,-0.103839
3927,02 18 22 23 24 33,-0.04356694,0.41857628,-0.178360,-1.420426,1.194220,-0.199715,0.000000,0.000000,0.863093
3928,01 06 12 14 23 33,-0.04358153,0.25209191,-0.942760,-0.589466,-1.561672,-1.323111,0.000000,0.000000,0.947748
3929,02 07 08 10 12 33,-0.04358413,0.46215652,0.458640,-1.508896,0.505247,0.174751,0.000000,0.000000,-0.046238
3930,01 07 08 10 14 24,-0.04373176,0.40465762,0.076440,-0.287943,1.194220,-1.447933,0.000000,0.000000,-0.038996
3931,01 07 08 14 18 24,-0.04375205,0.46278878,0.968240,-0.580997,0.734904,-1.073468,0.000000,0.000000,0.003879
3932,07 08 14 23 24 33,-0.04375844,0.30423219,-0.687960,-0.723312,-0.413384,-1.198289,0.000000,0.000000,1.105218
3933,07 08 10 14 24 33,-0.04379810,0.41498261,0.458640,-0.702810,0.734904,-1.198289,0.000000,0.000000,1.003875
3934,04 06 07 08 10 14,-0.04389558,0.39852737,-0.178360,-0.107828,-0.413384,-0.699002,0.000000,0.000000,-3.539486
3935,06 08 12 14 22 24,-0.04389967,0.37861552,-0.050960,-0.019827,0.734904,-1.697577,0.000000,0.000000,-0.433210
3936,07 10 14 18 24 33,-0.04396262,0.44344348,0.586040,-1.170579,0.734904,-0.574180,0.000000,0.000000,0.959786
3937,01 02 08 12 22 23,-0.04396601,0.33709606,-0.942760,-0.958933,0.275589,-0.574180,0.000000,0.000000,-0.026261
3938,02 06 08 12 22 33,-0.04399305,0.43367193,0.586040,-1.095091,0.275589,-0.574180,0.000000,0.000000,0.603764
3939,06 07 12 14 18 33,-0.04403062,0.37624958,0.331240,-1.333514,-1.332014,-0.324537,0.000000,0.000000,0.829266
3940,01 02 07 08 12 14,-0.04403085,0.41997503,-0.305760,-0.826626,0.045932,0.049929,0.000000,0.000000,-2.849885
3941,01 07 10 14 18 24,-0.04406266,0.43311849,0.203840,-0.755711,1.194220,-0.823824,0.000000,0.000000,-0.107735
3942,01 06 08 12 23 24,-0.04409632,0.34843057,-0.178360,0.008167,0.505247,-1.947220,0.000000,0.000000,0.286467
3943,01 02 10 12 22 23,-0.04429898,0.30742576,-1.707160,-1.133647,0.734904,-0.324537,0.000000,0.000000,-0.141187
3944,02 06 07 10 12 22,-0.04430926,0.34895272,-1.324960,-1.326432,0.734904,0.049929,0.000000,0.000000,-0.563742
3945,01 02 08 10 12 33,-0.04434774,0.50688044,1.223040,-1.037401,0.964562,-0.449359,0.000000,0.000000,-0.157007
3946,01 07 08 10 12 22,-0.04435293,0.38185219,-0.178360,-0.776123,0.045932,-0.699002,0.000000,0.000000,-0.495271
3947,02 06 07 14 18 24,-0.04443582,0.42988931,-0.178360,-1.131306,1.423877,-0.324537,0.000000,0.000000,-0.172364
3948,06 10 12 23 24 33,-0.04445228,0.32908526,-0.560560,-0.581414,0.505247,-1.447933,0.000000,0.000000,1.220832
3949,02 10 12 18 22 33,-0.04446958,0.48663234,0.713440,-1.821068,0.964562,0.299572,0.000000,0.000000,0.836650
3950,01 02 10 14 23 24,-0.04448353,0.33023120,-1.452360,-0.645467,1.883192,-1.073468,0.000000,0.000000,0.195718
3951,08 12 14 22 23 24,-0.04448692,0.29236465,-1.197560,-0.298537,0.275589,-1.447933,0.000000,0.000000,-0.101545
3952,07 12 14 18 23 33,-0.04449762,0.28999871,-0.815360,-1.612223,-1.791329,-0.074893,0.000000,0.000000,1.178745
3953,02 06 07 12 18 22,-0.04451490,0.40708388,-0.433160,-1.619487,0.275589,0.424394,0.000000,0.000000,-0.548325
3954,01 10 12 18 23 24,-0.04462061,0.40139098,-0.050960,-0.717809,1.194220,-1.073468,0.000000,0.000000,0.512278
3955,02 06 07 10 14 24,-0.04467521,0.37175815,-1.070160,-0.838252,1.883192,-0.699002,0.000000,0.000000,-0.253711
3956,01 08 10 14 24 33,-0.04473440,0.45970653,1.223040,-0.231316,1.194220,-1.822398,0.000000,0.000000,0.867521
3957,06 07 12 18 23 24,-0.04473711,0.33216752,-0.815360,-0.931096,0.045932,-0.699002,0.000000,0.000000,0.169455
3958,01 10 14 18 24 33,-0.04474122,0.48816740,1.350440,-0.699084,1.194220,-1.198289,0.000000,0.000000,0.846797
3959,01 02 06 14 18 24,-0.04477806,0.47461323,0.586040,-0.659811,1.883192,-0.948646,0.000000,0.000000,-0.220704
3960,06 12 18 23 24 33,-0.04484100,0.38721643,0.331240,-0.874469,0.045932,-1.073468,0.000000,0.000000,1.209125
3961,02 07 08 14 23 24,-0.04487078,0.31517758,-1.452360,-0.942247,0.964562,-0.699002,0.000000,0.000000,0.201578
3962,07 10 12 14 23 33,-0.04489260,0.23186754,-1.707160,-1.319169,-1.332014,-0.449359,0.000000,0.000000,1.074347
3963,01 04 06 08 10 18,-0.04491884,0.53323896,1.860040,-0.196790,0.505247,-1.073468,0.000000,0.000000,-1.958076
3964,06 08 12 23 24 33,-0.04492273,0.35875556,0.203840,-0.406700,0.045932,-1.697577,0.000000,0.000000,1.216730
3965,01 02 06 10 12 22,-0.04501463,0.39367663,-0.560560,-0.854938,1.194220,-0.574180,0.000000,0.000000,-0.665882
3966,01 06 12 14 18 33,-0.04511614,0.42097349,1.095640,-0.862019,-0.872699,-0.948646,0.000000,0.000000,0.670804
3967,01 02 06 12 18 22,-0.04512917,0.45180780,0.331240,-1.147992,0.734904,-0.199715,0.000000,0.000000,-0.636969
3968,01 12 14 18 23 33,-0.04517585,0.33472262,-0.050960,-1.140729,-1.332014,-0.699002,0.000000,0.000000,1.080626
3969,07 08 12 14 23 33,-0.04519787,0.26153784,-0.942760,-1.144455,-1.791329,-0.699002,0.000000,0.000000,1.094716
3970,04 06 10 14 18 23,-0.04520047,0.32422035,-0.687960,-0.640866,-0.413384,-0.948646,0.000000,0.000000,-0.371506
3971,01 07 10 12 14 23,-0.04520631,0.22154255,-2.089360,-0.904301,-0.872699,-0.699002,0.000000,0.000000,-0.024830
3972,02 10 14 23 24 33,-0.04521328,0.34055619,-1.070160,-1.060334,1.423877,-0.823824,0.000000,0.000000,1.140302
3973,02 14 18 23 24 33,-0.04521608,0.39868735,-0.178360,-1.353389,0.964562,-0.449359,0.000000,0.000000,1.185768
3974,01 07 12 14 18 23,-0.04523564,0.27967371,-1.197560,-1.197356,-1.332014,-0.324537,0.000000,0.000000,0.016707
3975,01 08 14 18 24 33,-0.04523679,0.51783769,2.114840,-0.524370,0.734904,-1.447933,0.000000,0.000000,0.838973
3976,01 02 08 14 23 24,-0.04529311,0.35990149,-0.687960,-0.470753,1.423877,-1.323111,0.000000,0.000000,0.141372
3977,01 02 07 18 23 33,-0.04531336,0.37742447,-0.305760,-1.851477,-0.413384,0.299572,0.000000,0.000000,0.853246
3978,01 02 06 10 14 24,-0.04540618,0.41648207,-0.305760,-0.366757,2.342508,-1.323111,0.000000,0.000000,-0.359645
3979,01 06 14 22 23 24,-0.04547599,0.23575230,-1.707160,-0.069354,0.275589,-1.947220,0.000000,0.000000,0.443047
3980,01 08 12 18 23 24,-0.04552408,0.43106128,0.713440,-0.543095,0.734904,-1.323111,0.000000,0.000000,0.444021
3981,06 07 10 12 23 24,-0.04563785,0.27403635,-1.707160,-0.638041,0.505247,-1.073468,0.000000,0.000000,-0.009875
3982,02 08 14 23 24 33,-0.04569001,0.37022649,-0.305760,-0.885620,0.964562,-1.073468,0.000000,0.000000,1.135270
3983,04 06 08 14 18 23,-0.04572764,0.35389065,0.076440,-0.466152,-0.872699,-1.198289,0.000000,0.000000,-0.384010
3984,02 06 12 14 23 33,-0.04573394,0.27336229,-1.324960,-1.223269,-0.643041,-0.574180,0.000000,0.000000,0.942719
3985,01 10 12 14 23 33,-0.04573713,0.27659146,-0.942760,-0.847674,-0.872699,-1.073468,0.000000,0.000000,0.951589
3986,02 06 14 18 24 33,-0.04581252,0.48493822,0.968240,-1.074679,1.423877,-0.699002,0.000000,0.000000,0.678736
3987,02 08 10 12 22 33,-0.04584710,0.45817147,0.586040,-1.353299,0.964562,-0.324537,0.000000,0.000000,0.652281
3988,01 07 08 12 14 23,-0.04587593,0.25121285,-1.324960,-0.729587,-1.332014,-0.948646,0.000000,0.000000,-0.058439
3989,02 08 12 18 22 33,-0.04590133,0.51630264,1.477840,-1.646354,0.505247,0.049929,0.000000,0.000000,0.690129
3990,01 02 10 12 18 22,-0.04592226,0.47630735,0.331240,-1.406200,1.423877,0.049929,0.000000,0.000000,-0.431267
3991,04 06 08 10 18 22,-0.04598288,0.48452999,1.223040,-0.512688,0.505247,-0.948646,0.000000,0.000000,-1.084294
3992,02 06 07 12 14 23,-0.04598608,0.21831338,-2.471560,-1.279896,-0.643041,-0.199715,0.000000,0.000000,-0.149699
3993,01 02 06 08 12 22,-0.04601611,0.42334693,0.203840,-0.680224,0.734904,-0.823824,0.000000,0.000000,-0.748657
3994,02 06 08 14 24 33,-0.04608519,0.45647736,0.840840,-0.606911,1.423877,-1.323111,0.000000,0.000000,0.658054
3995,01 02 06 07 12 18,-0.04611951,0.45579285,0.203840,-1.303589,0.275589,0.299572,0.000000,0.000000,-1.817476
3996,01 08 12 14 23 33,-0.04612476,0.30626176,-0.178360,-0.672960,-1.332014,-1.323111,0.000000,0.000000,0.959758
3997,02 06 07 08 12 22,-0.04613940,0.37862302,-0.560560,-1.151718,0.275589,-0.199715,0.000000,0.000000,-0.769286
3998,01 02 10 14 18 24,-0.04615677,0.49911278,0.586040,-0.918019,2.572165,-0.699002,0.000000,0.000000,-0.101765
3999,02 07 10 12 18 22,-0.04618825,0.43158343,-0.433160,-1.877695,0.964562,0.674038,0.000000,0.000000,-0.473037
4000,02 06 10 14 24 33,-0.04624945,0.42680706,0.076440,-0.781625,1.883192,-1.073468,0.000000,0.000000,0.568121
4001,07 10 12 18 23 24,-0.04628330,0.35666707,-0.815360,-1.189304,0.734904,-0.449359,0.000000,0.000000,0.263582
4002,01 02 07 10 12 18,-0.04629525,0.48029240,0.203840,-1.561797,0.964562,0.549216,0.000000,0.000000,-1.520312
4003,01 06 14 18 22 24,-0.04634690,0.40463389,0.331240,-0.341906,0.964562,-1.572755,0.000000,0.000000,0.264433
4004,07 10 12 14 18 33,-0.04634872,0.40074912,0.331240,-1.591722,-0.643041,-0.074893,0.000000,0.000000,0.809032
4005,06 10 12 18 24 33,-0.04637934,0.49796685,1.477840,-0.853967,1.194220,-1.073468,0.000000,0.000000,0.885746
4006,01 02 07 10 23 33,-0.04651805,0.31929331,-1.197560,-1.558423,0.045932,-0.074893,0.000000,0.000000,0.628886
4007,01 02 06 08 14 24,-0.04652502,0.44615236,0.458640,-0.192043,1.883192,-1.572755,0.000000,0.000000,-0.459807
4008,01 06 07 18 22 33,-0.04659246,0.39369600,0.586040,-1.254863,-0.872699,-0.574180,0.000000,0.000000,0.962642
4009,02 06 07 08 14 24,-0.04662270,0.40142845,-0.305760,-0.663538,1.423877,-0.948646,0.000000,0.000000,-0.476642
4010,02 06 10 12 23 24,-0.04665583,0.34003065,-1.324960,-0.800350,1.883192,-0.948646,0.000000,0.000000,0.155527
4011,01 02 06 12 14 23,-0.04666025,0.26303729,-1.707160,-0.808402,-0.183726,-0.823824,0.000000,0.000000,-0.247217
4012,07 08 12 14 18 33,-0.04666969,0.43041942,1.095640,-1.417008,-1.102357,-0.324537,0.000000,0.000000,0.827076
4013,08 12 14 18 22 24,-0.04668616,0.46124623,0.840840,-0.571089,0.964562,-1.073468,0.000000,0.000000,-0.476955
4014,02 06 12 18 23 24,-0.04674898,0.39816181,-0.433160,-1.093404,1.423877,-0.574180,0.000000,0.000000,0.187609
4015,01 02 06 07 23 33,-0.04679990,0.29479376,-1.197560,-1.300215,-0.643041,-0.324537,0.000000,0.000000,0.263929
4016,02 07 08 12 18 22,-0.04684531,0.46125373,0.331240,-1.702981,0.505247,0.424394,0.000000,0.000000,-0.504786
4017,01 06 10 12 18 24,-0.04684875,0.48764185,1.095640,-0.439099,1.653535,-1.323111,0.000000,0.000000,-0.236498
4018,06 08 12 18 24 33,-0.04686550,0.52763715,2.242240,-0.679253,0.734904,-1.323111,0.000000,0.000000,0.879318
4019,04 06 08 10 14 23,-0.04690606,0.29575948,-0.815360,-0.173098,-0.413384,-1.572755,0.000000,0.000000,-0.604480
4020,01 08 10 12 23 24,-0.04695053,0.37293012,-0.178360,-0.250041,1.194220,-1.697577,0.000000,0.000000,0.186807
4021,06 07 14 18 22 24,-0.04697655,0.35990997,-0.433160,-0.813401,0.505247,-0.948646,0.000000,0.000000,0.168786
4022,06 08 10 13 14 18,-0.04699899,0.46853764,1.223040,0.007284,0.275589,-1.447933,0.000000,0.000000,-1.897794
4023,06 07 10 12 14 33,-0.04700637,0.31811841,-0.560560,-1.040459,-0.872699,-0.699002,0.000000,0.000000,0.342517
4024,01 02 12 14 18 23,-0.04702818,0.34566801,-0.815360,-1.359664,0.045932,-0.199715,0.000000,0.000000,0.067355
4025,06 07 10 12 18 24,-0.04706463,0.44291794,0.331240,-0.910594,1.194220,-0.699002,0.000000,0.000000,-0.270844
4026,01 02 06 07 18 33,-0.04708138,0.46367534,0.840840,-1.572767,0.045932,0.049929,0.000000,0.000000,0.172641
4027,01 06 10 14 22 24,-0.04708914,0.34650272,-0.560560,-0.048852,1.423877,-1.947220,0.000000,0.000000,0.108586
4028,02 07 08 10 14 24,-0.04710723,0.42592800,-0.305760,-0.921746,2.112850,-0.699002,0.000000,0.000000,-0.225227
4029,01 06 10 12 14 33,-0.04711056,0.36284233,0.203840,-0.568965,-0.413384,-1.323111,0.000000,0.000000,0.329442
4030,02 07 08 14 18 24,-0.04714009,0.48405916,0.586040,-1.214800,1.653535,-0.324537,0.000000,0.000000,-0.184212
4031,01 14 18 22 23 24,-0.04714666,0.31838302,-0.815360,-0.620616,0.505247,-1.323111,0.000000,0.000000,0.564614
4032,01 10 12 14 18 33,-0.04724034,0.44547304,1.095640,-1.120227,-0.183726,-0.699002,0.000000,0.000000,0.679298
4033,01 02 07 10 18 33,-0.04725907,0.48817489,0.840840,-1.830976,0.734904,0.299572,0.000000,0.000000,0.469516
4034,01 02 08 12 18 22,-0.04728912,0.50597765,1.095640,-1.231486,0.964562,-0.199715,0.000000,0.000000,-0.568176
4035,01 10 14 22 23 24,-0.04728970,0.26025185,-1.707160,-0.327562,0.964562,-1.697577,0.000000,0.000000,0.497541
4036,06 07 10 14 22 24,-0.04736153,0.30177880,-1.324960,-0.520347,0.964562,-1.323111,0.000000,0.000000,0.065867
4037,10 12 14 22 23 24,-0.04740466,0.26269435,-1.961960,-0.473251,0.734904,-1.198289,0.000000,0.000000,-0.599412
4038,02 12 14 18 23 33,-0.04743805,0.35599300,-0.433160,-1.774532,-0.413384,0.049929,0.000000,0.000000,1.059331
4039,02 07 10 14 18 24,-0.04745383,0.45438886,-0.178360,-1.389514,2.112850,-0.074893,0.000000,0.000000,-0.296291
4040,02 06 08 12 23 24,-0.04748749,0.36970095,-0.560560,-0.625636,1.423877,-1.198289,0.000000,0.000000,0.097911
4041,02 04 06 08 10 14,-0.04759577,0.46452167,0.203840,-0.270136,0.964562,-0.574180,0.000000,0.000000,-3.771461
4042,02 04 06 07 08 10,-0.04760935,0.48839564,0.076440,-0.492771,0.734904,0.174751,0.000000,0.000000,-5.374259
4043,01 02 08 14 18 24,-0.04760951,0.52878308,1.350440,-0.743305,2.112850,-0.948646,0.000000,0.000000,-0.251396
4044,02 07 10 12 14 23,-0.04764059,0.24281292,-2.471560,-1.538104,0.045932,0.049929,0.000000,0.000000,-0.071620
4045,01 08 12 14 18 33,-0.04764367,0.47514334,1.860040,-0.945513,-0.643041,-0.948646,0.000000,0.000000,0.685140
4046,01 02 08 10 14 24,-0.04765201,0.47065191,0.458640,-0.450251,2.572165,-1.323111,0.000000,0.000000,-0.303574
4047,07 08 12 18 23 24,-0.04766095,0.38633737,-0.050960,-1.014590,0.275589,-0.699002,0.000000,0.000000,0.125075
4048,01 06 08 12 18 24,-0.04769925,0.51731215,1.860040,-0.264385,1.194220,-1.572755,0.000000,0.000000,-0.296904
4049,04 08 10 14 18 23,-0.04769974,0.37839019,0.076440,-0.724360,-0.183726,-0.948646,0.000000,0.000000,-0.352984
4050,01 06 07 10 22 33,-0.04772313,0.33556484,-0.305760,-0.961808,-0.413384,-0.948646,0.000000,0.000000,0.749248
4051,01 02 04 06 08 10,-0.04773181,0.53311956,0.840840,-0.021276,1.194220,-0.449359,0.000000,0.000000,-5.390039
4052,08 12 18 23 24 33,-0.04773428,0.44138628,1.095640,-0.957963,0.275589,-1.073468,0.000000,0.000000,1.169273
4053,04 06 07 08 10 18,-0.04775637,0.48851504,1.095640,-0.668285,0.045932,-0.449359,0.000000,0.000000,-2.380827
4054,02 07 08 10 12 22,-0.04778541,0.40312256,-0.560560,-1.409926,0.964562,0.049929,0.000000,0.000000,-0.689947
4055,02 08 10 14 24 33,-0.04786592,0.48097690,0.840840,-0.865119,2.112850,-1.073468,0.000000,0.000000,0.717433
4056,02 10 14 18 24 33,-0.04788844,0.50943777,0.968240,-1.332887,2.112850,-0.449359,0.000000,0.000000,0.694383
4057,02 10 12 14 23 33,-0.04789582,0.29786183,-1.324960,-1.481477,0.045932,-0.324537,0.000000,0.000000,0.945630
4058,01 06 07 22 23 33,-0.04793802,0.22481442,-1.452360,-0.982310,-1.561672,-0.948646,0.000000,0.000000,0.812878
4059,01 06 08 12 14 33,-0.04794536,0.39251263,0.968240,-0.394251,-0.872699,-1.572755,0.000000,0.000000,0.271361
4060,06 08 10 13 18 23,-0.04798919,0.38964373,0.458640,-0.280620,0.045932,-1.572755,0.000000,0.000000,-0.264262
4061,10 12 18 23 24 33,-0.04801621,0.41171598,0.331240,-1.132677,0.734904,-0.823824,0.000000,0.000000,1.061907
4062,01 06 08 14 22 24,-0.04801922,0.37617302,0.203840,0.125862,0.964562,-2.196864,0.000000,0.000000,0.036387
4063,01 08 14 22 23 24,-0.04802236,0.28992215,-0.942760,-0.152848,0.505247,-1.947220,0.000000,0.000000,0.454592
4064,02 07 12 14 18 23,-0.04809168,0.30094409,-1.579760,-1.831159,-0.413384,0.424394,0.000000,0.000000,-0.092567
4065,01 10 14 18 22 24,-0.04812921,0.42913343,0.331240,-0.600114,1.653535,-1.323111,0.000000,0.000000,0.323578
4066,01 06 12 14 22 23,-0.04815252,0.19305795,-1.961960,-0.490497,-1.102357,-1.447933,0.000000,0.000000,0.249264
4067,01 02 07 08 12 18,-0.04815364,0.50996270,0.968240,-1.387083,0.505247,0.299572,0.000000,0.000000,-1.730042
4068,02 06 12 14 18 33,-0.04823824,0.44224387,0.713440,-1.495822,0.045932,-0.199715,0.000000,0.000000,0.522112
4069,02 10 12 18 23 24,-0.04825201,0.42266136,-0.433160,-1.351612,2.112850,-0.324537,0.000000,0.000000,0.288131
4070,02 08 12 14 23 33,-0.04828030,0.32753213,-0.560560,-1.306763,-0.413384,-0.574180,0.000000,0.000000,0.954263
4071,01 02 08 10 12 22,-0.04830458,0.44784648,0.203840,-0.938432,1.423877,-0.574180,0.000000,0.000000,-0.764500
4072,02 07 08 12 14 23,-0.04830707,0.27248322,-1.707160,-1.363390,-0.413384,-0.199715,0.000000,0.000000,-0.104764
4073,06 10 14 22 24 33,-0.04832648,0.35682771,-0.178360,-0.463720,0.964562,-1.697577,0.000000,0.000000,0.977969
4074,06 07 08 12 23 24,-0.04837373,0.30370665,-0.942760,-0.463327,0.045932,-1.323111,0.000000,0.000000,-0.349607
4075,12 14 18 22 23 24,-0.04837633,0.32082552,-1.070160,-0.766305,0.275589,-0.823824,0.000000,0.000000,-0.697487
4076,02 08 14 18 24 33,-0.04838087,0.53910807,1.732640,-1.158173,1.653535,-0.699002,0.000000,0.000000,0.687025
4077,07 10 14 22 23 24,-0.04838146,0.21552794,-2.471560,-0.799056,0.505247,-1.073468,0.000000,0.000000,0.333431
4078,08 10 12 23 24 33,-0.04850704,0.38325511,0.203840,-0.664908,0.734904,-1.447933,0.000000,0.000000,1.008904
4079,01 07 10 22 23 33,-0.04851795,0.24931397,-1.452360,-1.240518,-0.872699,-0.699002,0.000000,0.000000,1.050162
4080,01 06 08 10 12 24,-0.04852109,0.45918099,0.968240,0.028669,1.653535,-1.947220,0.000000,0.000000,-0.464546
4081,10 12 14 18 22 24,-0.04853152,0.43157593,0.076440,-0.745803,1.423877,-0.823824,0.000000,0.000000,-0.815946
4082,01 07 18 22 23 33,-0.04854545,0.30744513,-0.560560,-1.533572,-1.332014,-0.324537,0.000000,0.000000,1.091968
4083,06 08 10 12 24 33,-0.04857641,0.46950598,1.350440,-0.386199,1.194220,-1.697577,0.000000,0.000000,0.579958
4084,06 14 18 22 24 33,-0.04860833,0.41495888,0.713440,-0.756774,0.505247,-1.323111,0.000000,0.000000,0.982094
4085,06 07 08 12 14 33,-0.04868557,0.34778871,0.203840,-0.865745,-1.332014,-0.948646,0.000000,0.000000,0.159335
4086,01 02 07 08 23 33,-0.04868837,0.34896361,-0.433160,-1.383709,-0.413384,-0.324537,0.000000,0.000000,0.372943
4087,02 06 07 18 22 33,-0.04874173,0.41496637,0.203840,-1.888666,0.045932,0.174751,0.000000,0.000000,0.958078
4088,06 12 14 22 23 33,-0.04875189,0.20338294,-1.579760,-0.905364,-1.561672,-1.198289,0.000000,0.000000,1.213165
4089,06 07 08 12 18 24,-0.04875953,0.47258824,1.095640,-0.735880,0.734904,-0.948646,0.000000,0.000000,-0.456351
4090,01 02 08 12 14 23,-0.04881078,0.31720714,-0.942760,-0.891896,0.045932,-0.823824,0.000000,0.000000,-0.177028
4091,07 14 18 22 23 24,-0.04883218,0.27365910,-1.579760,-1.092111,0.045932,-0.699002,0.000000,0.000000,0.312536
4092,02 06 14 22 23 24,-0.04889228,0.25702268,-2.089360,-0.703157,1.194220,-1.198289,0.000000,0.000000,0.250770
4093,06 08 14 22 24 33,-0.04892371,0.38649801,0.586040,-0.289006,0.505247,-1.947220,0.000000,0.000000,0.955084
4094,08 10 12 14 22 24,-0.04898461,0.40311507,-0.050960,-0.278035,1.423877,-1.447933,0.000000,0.000000,-0.863359
4095,01 07 08 18 22 33,-0.04903289,0.44786585,1.350440,-1.338357,-0.643041,-0.574180,0.000000,0.000000,0.989881
4096,06 07 14 22 23 24,-0.04904086,0.19102839,-2.471560,-0.540848,-0.183726,-1.323111,0.000000,0.000000,-0.087462
4097,06 14 22 23 24 33,-0.04906389,0.24607730,-1.324960,-0.484221,-0.183726,-1.697577,0.000000,0.000000,0.964187
4098,02 06 07 22 23 33,-0.04911760,0.24608479,-1.834560,-1.616113,-0.643041,-0.199715,0.000000,0.000000,0.951977
4099,01 02 10 12 14 23,-0.04911863,0.28753684,-1.707160,-1.066610,0.505247,-0.574180,0.000000,0.000000,-0.288233
4100,01 08 10 12 18 24,-0.04911984,0.54181170,1.860040,-0.522593,1.883192,-1.323111,0.000000,0.000000,-0.184169
4101,01 08 14 18 22 24,-0.04915947,0.45880373,1.095640,-0.425400,1.194220,-1.572755,0.000000,0.000000,0.236539
4102,01 12 14 18 22 23,-0.04916678,0.27568866,-1.070160,-1.041759,-0.872699,-0.823824,0.000000,0.000000,0.468082
4103,01 02 07 08 18 33,-0.04918145,0.51784519,1.605240,-1.656262,0.275589,0.049929,0.000000,0.000000,0.250306
4104,02 08 12 18 23 24,-0.04927965,0.45233166,0.331240,-1.176898,1.653535,-0.574180,0.000000,0.000000,0.201480
4105,08 10 12 18 24 33,-0.04936173,0.55213669,2.242240,-0.937461,1.423877,-1.073468,0.000000,0.000000,0.832693
4106,01 02 06 18 22 33,-0.04943171,0.45969029,0.968240,-1.417171,0.505247,-0.449359,0.000000,0.000000,0.858217
4107,01 07 10 18 22 33,-0.04945986,0.41819555,0.586040,-1.513071,-0.183726,-0.324537,0.000000,0.000000,0.861029
4108,01 02 07 18 22 23,-0.04967698,0.31839051,-1.324960,-1.752508,0.045932,0.174751,0.000000,0.000000,0.185487
4109,02 07 10 22 23 33,-0.04970380,0.27058434,-1.834560,-1.874321,0.045932,0.049929,0.000000,0.000000,1.188330
4110,01 08 10 14 22 24,-0.04972461,0.40067257,0.203840,-0.132346,1.653535,-1.947220,0.000000,0.000000,0.106930
4111,02 07 18 22 23 33,-0.04974387,0.32871550,-0.942760,-2.167375,-0.413384,0.424394,0.000000,0.000000,1.228276
4112,01 06 07 08 22 33,-0.04975673,0.36523513,0.458640,-0.787094,-0.872699,-1.198289,0.000000,0.000000,0.513560
4113,02 06 07 10 22 33,-0.04985984,0.35683521,-0.687960,-1.595611,0.505247,-0.199715,0.000000,0.000000,0.746545
4114,01 02 06 22 23 33,-0.04998360,0.29080871,-1.070160,-1.144618,-0.183726,-0.823824,0.000000,0.000000,0.826039
4115,06 07 08 14 22 24,-0.05019270,0.33144910,-0.560560,-0.345633,0.505247,-1.572755,0.000000,0.000000,-0.287982
4116,01 07 08 10 22 33,-0.05020539,0.38973468,0.458640,-1.045302,-0.183726,-0.948646,0.000000,0.000000,0.770290
4117,02 06 10 12 14 33,-0.05022011,0.38411270,-0.178360,-1.202768,0.505247,-0.574180,0.000000,0.000000,0.182611
4118,06 12 14 18 22 33,-0.05023811,0.37226452,0.458640,-1.177917,-0.872699,-0.823824,0.000000,0.000000,0.943391
4119,07 08 14 18 22 24,-0.05024908,0.41407982,0.331240,-0.896895,0.734904,-0.948646,0.000000,0.000000,0.072747
4120,01 07 08 22 23 33,-0.05026200,0.27898426,-0.687960,-1.065804,-1.332014,-0.948646,0.000000,0.000000,0.857371
4121,02 08 10 12 23 24,-0.05034798,0.39420049,-0.560560,-0.883844,2.112850,-0.948646,0.000000,0.000000,-0.002679
4122,02 10 12 14 18 33,-0.05036872,0.46674342,0.713440,-1.754030,0.734904,0.049929,0.000000,0.000000,0.529675
4123,02 14 18 22 23 24,-0.05054544,0.33965339,-1.197560,-1.254419,1.423877,-0.574180,0.000000,0.000000,0.374931
4124,06 10 12 14 22 33,-0.05065820,0.31413336,-0.433160,-0.884863,-0.413384,-1.198289,0.000000,0.000000,0.835271
4125,01 08 12 14 22 23,-0.05066121,0.24722780,-1.197560,-0.573991,-0.872699,-1.447933,0.000000,0.000000,0.266391
4126,07 10 14 18 22 24,-0.05068338,0.38440952,-0.433160,-1.071609,1.194220,-0.699002,0.000000,0.000000,-0.057192
4127,06 07 12 14 22 23,-0.05070589,0.14833403,-2.726360,-0.961991,-1.561672,-0.823824,0.000000,0.000000,-0.131388
4128,01 02 06 10 22 33,-0.05071546,0.40155913,0.076440,-1.124117,0.964562,-0.823824,0.000000,0.000000,0.622144
4129,02 06 14 18 22 24,-0.05073289,0.42590426,-0.050960,-0.975709,1.883192,-0.823824,0.000000,0.000000,-0.071508
4130,02 08 12 14 18 33,-0.05076891,0.49641371,1.477840,-1.579316,0.275589,-0.199715,0.000000,0.000000,0.535983
4131,07 08 10 12 23 24,-0.05077985,0.32820620,-0.942760,-0.721535,0.734904,-1.073468,0.000000,0.000000,-0.382881
4132,01 08 10 12 14 33,-0.05079957,0.41701218,0.968240,-0.652459,-0.183726,-1.323111,0.000000,0.000000,0.171701
4133,01 06 07 18 23 24,-0.05080857,0.32972502,-0.560560,-0.785407,0.275589,-1.198289,0.000000,0.000000,0.349871
4134,02 10 14 22 23 24,-0.05093052,0.28152223,-2.089360,-0.961365,1.883192,-0.948646,0.000000,0.000000,0.271999
4135,01 02 07 10 22 23,-0.05098346,0.26025935,-2.216760,-1.459453,0.505247,-0.199715,0.000000,0.000000,-0.053955
4136,01 02 06 07 10 33,-0.05103557,0.40554418,-0.050960,-1.279713,0.505247,-0.324537,0.000000,0.000000,-0.459066
4137,02 06 08 12 14 33,-0.05105176,0.41378300,0.586040,-1.028054,0.045932,-0.823824,0.000000,0.000000,0.124995
4138,01 02 10 18 22 33,-0.05107044,0.48418984,0.968240,-1.675379,1.194220,-0.199715,0.000000,0.000000,0.938635
4139,01 10 12 14 22 23,-0.05107748,0.21755750,-1.961960,-0.748705,-0.413384,-1.198289,0.000000,0.000000,0.139124
4140,07 08 10 12 18 24,-0.05113426,0.49708778,1.095640,-0.994088,1.423877,-0.699002,0.000000,0.000000,-0.484974
4141,06 08 12 14 22 33,-0.05116319,0.34380366,0.331240,-0.710149,-0.872699,-1.447933,0.000000,0.000000,0.826052
4142,02 07 08 18 22 33,-0.05118530,0.46913622,0.968240,-1.972160,0.275589,0.174751,0.000000,0.000000,0.984852
4143,02 06 10 12 18 24,-0.05121276,0.50891223,0.713440,-1.072903,2.572165,-0.574180,0.000000,0.000000,-0.569182
4144,01 02 10 22 23 33,-0.05122510,0.31530826,-1.070160,-1.402826,0.505247,-0.574180,0.000000,0.000000,0.965308
4145,08 10 14 22 24 33,-0.05132771,0.41099756,0.586040,-0.547214,1.194220,-1.697577,0.000000,0.000000,0.922125
4146,02 08 14 22 23 24,-0.05144179,0.31119253,-1.324960,-0.786651,1.423877,-1.198289,0.000000,0.000000,0.261849
4147,02 07 08 22 23 33,-0.05144472,0.30025464,-1.070160,-1.699607,-0.413384,-0.199715,0.000000,0.000000,0.996005
4148,07 08 10 14 22 24,-0.05144999,0.35594865,-0.560560,-0.603841,1.194220,-1.323111,0.000000,0.000000,-0.151054
4149,02 06 10 14 22 24,-0.05146257,0.36777310,-0.942760,-0.682655,2.342508,-1.198289,0.000000,0.000000,-0.225494
4150,08 14 18 22 24 33,-0.05150476,0.46912873,1.477840,-0.840268,0.734904,-1.323111,0.000000,0.000000,0.941777
4151,02 06 12 14 22 23,-0.05158162,0.21432833,-2.344160,-1.124300,-0.183726,-0.699002,0.000000,0.000000,0.055090
4152,02 07 10 18 22 33,-0.05161540,0.43946592,0.203840,-2.146874,0.734904,0.424394,0.000000,0.000000,0.855534
4153,06 07 08 10 12 24,-0.05161938,0.41445707,0.203840,-0.442826,1.194220,-1.323111,0.000000,0.000000,-0.925929
4154,08 12 14 22 23 33,-0.05162634,0.25755279,-0.815360,-0.988858,-1.332014,-1.198289,0.000000,0.000000,1.176104
4155,10 14 18 22 24 33,-0.05165991,0.43945843,0.713440,-1.014982,1.194220,-1.073468,0.000000,0.000000,0.853194
4156,02 04 06 08 10 18,-0.05167829,0.55450933,1.477840,-0.830593,1.423877,-0.324537,0.000000,0.000000,-2.645653
4157,01 02 18 22 23 33,-0.05168979,0.37343942,-0.178360,-1.695881,0.045932,-0.199715,0.000000,0.000000,0.942344
4158,07 12 14 18 22 23,-0.05169291,0.23096475,-1.834560,-1.513254,-1.332014,-0.199715,0.000000,0.000000,0.091465
4159,01 02 08 18 22 33,-0.05177937,0.51386014,1.732640,-1.500665,0.734904,-0.449359,0.000000,0.000000,0.899201
4160,07 08 10 12 14 33,-0.05186360,0.37228826,0.203840,-1.123953,-0.643041,-0.699002,0.000000,0.000000,0.011700
4161,02 06 07 08 22 33,-0.05189030,0.38650551,0.076440,-1.420897,0.045932,-0.449359,0.000000,0.000000,0.511322
4162,01 02 06 08 22 33,-0.05191726,0.43122943,0.840840,-0.949403,0.505247,-1.073468,0.000000,0.000000,0.509690
4163,08 14 22 23 24 33,-0.05197602,0.30024714,-0.560560,-0.567715,0.045932,-1.697577,0.000000,0.000000,0.921544
4164,01 07 10 18 23 24,-0.05197618,0.35422457,-0.560560,-1.043615,0.964562,-0.948646,0.000000,0.000000,0.500086
4165,07 08 14 22 23 24,-0.05198354,0.24519823,-1.707160,-0.624342,0.045932,-1.323111,0.000000,0.000000,-0.134632
4166,01 02 08 22 23 33,-0.05199169,0.34497856,-0.305760,-1.228112,0.045932,-0.823824,0.000000,0.000000,0.917331
4167,01 06 07 14 23 33,-0.05204840,0.20492549,-1.452360,-0.915272,-1.791329,-1.198289,0.000000,0.000000,0.770914
4168,02 06 08 12 18 24,-0.05206012,0.53858253,1.477840,-0.898189,2.112850,-0.823824,0.000000,0.000000,-0.629124
4169,01 06 07 10 23 24,-0.05207605,0.27159386,-1.452360,-0.492353,0.734904,-1.572755,0.000000,0.000000,0.116207
4170,01 06 12 14 18 22,-0.05208097,0.36193953,0.076440,-0.763049,-0.413384,-1.073468,0.000000,0.000000,-0.382332
4171,01 06 07 12 14 18,-0.05210598,0.36592458,-0.050960,-0.918646,-0.872699,-0.574180,0.000000,0.000000,-1.419824
4172,06 12 18 22 23 24,-0.05212060,0.32818247,-0.687960,-0.775499,0.505247,-1.198289,0.000000,0.000000,0.109352
4173,10 14 22 23 24 33,-0.05214687,0.27057684,-1.324960,-0.742429,0.505247,-1.447933,0.000000,0.000000,0.830636
4174,06 10 12 22 23 24,-0.05221919,0.27005130,-1.579760,-0.482445,0.964562,-1.572755,0.000000,0.000000,0.048864
4175,07 10 12 14 22 23,-0.05224605,0.17283358,-2.726360,-1.220199,-0.872699,-0.574180,0.000000,0.000000,-0.036367
4176,01 06 10 23 24 33,-0.05226251,0.32664276,-0.305760,-0.435726,0.734904,-1.947220,0.000000,0.000000,1.143645
4177,01 02 06 07 18 22,-0.05227096,0.40464138,-0.178360,-1.473798,0.505247,-0.074893,0.000000,0.000000,-0.617488
4178,01 06 10 12 14 22,-0.05229501,0.30380837,-0.815360,-0.469995,0.045932,-1.447933,0.000000,0.000000,-0.459925
4179,01 06 18 23 24 33,-0.05230190,0.38477393,0.586040,-0.728780,0.275589,-1.572755,0.000000,0.000000,1.183691
4180,02 07 08 10 22 33,-0.05234524,0.41100506,0.076440,-1.679105,0.734904,-0.199715,0.000000,0.000000,0.767122
4181,06 07 10 23 24 33,-0.05235611,0.28191885,-1.070160,-0.907220,0.275589,-1.323111,0.000000,0.000000,1.127416
4182,06 07 10 18 24 33,-0.05235788,0.45080043,0.968240,-1.179773,0.964562,-0.948646,0.000000,0.000000,1.077568
4183,02 06 08 14 22 24,-0.05238951,0.39744340,-0.178360,-0.507941,1.883192,-1.447933,0.000000,0.000000,-0.297227
4184,06 07 18 23 24 33,-0.05249816,0.34005001,-0.178360,-1.200275,-0.183726,-0.948646,0.000000,0.000000,1.152252
4185,01 06 07 14 18 33,-0.05264471,0.37380708,0.586040,-1.187825,-1.102357,-0.823824,0.000000,0.000000,0.632983
4186,02 12 14 18 22 23,-0.05270566,0.29695904,-1.452360,-1.675562,0.045932,-0.074893,0.000000,0.000000,0.257642
4187,06 08 12 22 23 24,-0.05272418,0.29972160,-0.815360,-0.307731,0.505247,-1.822398,0.000000,0.000000,0.039645
4188,01 02 06 07 10 22,-0.05273544,0.34651022,-1.070160,-1.180744,0.964562,-0.449359,0.000000,0.000000,-0.732185
4189,02 10 14 18 22 24,-0.05273973,0.45040381,-0.050960,-1.233917,2.572165,-0.574180,0.000000,0.000000,-0.045627
4190,01 02 07 10 18 22,-0.05284338,0.42914093,-0.178360,-1.732006,1.194220,0.174751,0.000000,0.000000,-0.379094
4191,02 06 08 10 12 24,-0.05286940,0.48045136,0.586040,-0.605134,2.572165,-1.198289,0.000000,0.000000,-0.794904
4192,10 12 14 22 23 33,-0.05294611,0.22788249,-1.579760,-1.163572,-0.872699,-0.948646,0.000000,0.000000,0.914979
4193,12 14 18 22 23 33,-0.05300845,0.28601365,-0.687960,-1.456627,-1.332014,-0.574180,0.000000,0.000000,0.951625
4194,01 02 08 10 22 33,-0.05301466,0.45572897,0.840840,-1.207611,1.194220,-0.823824,0.000000,0.000000,0.670308
4195,01 06 07 10 18 24,-0.05303182,0.44047544,0.586040,-0.764905,1.423877,-1.198289,0.000000,0.000000,-0.074978
4196,06 07 12 14 18 22,-0.05304129,0.31721562,-0.687960,-1.234544,-0.872699,-0.449359,0.000000,0.000000,-0.526970
4197,08 12 14 18 22 33,-0.05309686,0.42643437,1.223040,-1.261411,-0.643041,-0.823824,0.000000,0.000000,0.908656
4198,01 06 08 12 14 22,-0.05316434,0.33347867,-0.050960,-0.295281,-0.413384,-1.697577,0.000000,0.000000,-0.523123
4199,02 06 07 14 23 33,-0.05321541,0.22619587,-1.834560,-1.549075,-0.872699,-0.449359,0.000000,0.000000,0.911874
4200,02 06 07 18 23 24,-0.05323005,0.35099539,-0.942760,-1.419210,1.194220,-0.449359,0.000000,0.000000,0.304978
4201,01 06 08 23 24 33,-0.05325174,0.35631306,0.458640,-0.261012,0.275589,-2.196864,0.000000,0.000000,1.062684
4202,01 02 06 07 22 23,-0.05325679,0.23575980,-2.216760,-1.201245,-0.183726,-0.449359,0.000000,0.000000,-0.713956
4203,01 10 12 14 18 22,-0.05329039,0.38643908,0.076440,-1.021257,0.275589,-0.823824,0.000000,0.000000,-0.238313
4204,01 07 10 12 14 18,-0.05331362,0.39042413,-0.050960,-1.176854,-0.183726,-0.324537,0.000000,0.000000,-1.275539
4205,01 07 08 18 23 24,-0.05331484,0.38389487,0.203840,-0.868901,0.505247,-1.198289,0.000000,0.000000,0.367356
4206,10 12 14 18 22 33,-0.05334426,0.39676407,0.458640,-1.436125,-0.183726,-0.574180,0.000000,0.000000,0.806407
4207,07 08 12 14 22 23,-0.05364254,0.20250388,-1.961960,-1.045485,-1.332014,-0.823824,0.000000,0.000000,-0.177664
4208,06 07 12 18 23 33,-0.05366916,0.29735566,-0.433160,-1.621418,-1.561672,-0.449359,0.000000,0.000000,1.181518
4209,01 02 06 18 23 24,-0.05371062,0.39571931,-0.178360,-0.947715,1.653535,-1.073468,0.000000,0.000000,0.236143
4210,06 07 10 12 14 22,-0.05382746,0.25908445,-1.579760,-0.941490,-0.413384,-0.823824,0.000000,0.000000,-0.689326
4211,02 08 10 12 18 24,-0.05383254,0.56308208,1.477840,-1.156397,2.801823,-0.574180,0.000000,0.000000,-0.568513
4212,06 07 08 18 24 33,-0.05386769,0.48047073,1.732640,-1.005059,0.505247,-1.198289,0.000000,0.000000,0.919480
4213,02 08 14 18 22 24,-0.05389415,0.48007411,0.713440,-1.059203,2.112850,-0.823824,0.000000,0.000000,-0.151061
4214,02 08 10 12 14 33,-0.05391226,0.43828255,0.586040,-1.286262,0.734904,-0.574180,0.000000,0.000000,0.024404
4215,01 02 06 14 23 33,-0.05399245,0.27091979,-1.070160,-1.077581,-0.413384,-1.073468,0.000000,0.000000,0.799116
4216,01 07 08 12 14 18,-0.05399894,0.42009443,0.713440,-1.002140,-0.643041,-0.574180,0.000000,0.000000,-1.311474
4217,07 10 18 23 24 33,-0.05400708,0.36454956,-0.178360,-1.458483,0.505247,-0.699002,0.000000,0.000000,1.251901
4218,06 10 12 18 22 24,-0.05401931,0.43893289,0.458640,-0.754998,1.653535,-1.198289,0.000000,0.000000,-0.267415
4219,01 06 08 18 24 33,-0.05403346,0.52519465,2.497040,-0.533564,0.964562,-1.822398,0.000000,0.000000,0.897284
4220,02 08 12 14 22 23,-0.05409345,0.26849817,-1.579760,-1.207794,0.045932,-0.699002,0.000000,0.000000,0.071752
4221,02 08 10 14 22 24,-0.05410118,0.42194294,-0.178360,-0.766149,2.572165,-1.198289,0.000000,0.000000,-0.227615
4222,01 07 14 18 23 33,-0.05419840,0.28755621,-0.560560,-1.466535,-1.561672,-0.574180,0.000000,0.000000,0.821468
4223,01 08 12 14 18 22,-0.05422841,0.41610938,0.840840,-0.846543,-0.183726,-1.073468,0.000000,0.000000,-0.311686
4224,01 02 07 08 10 33,-0.05429711,0.45971403,0.713440,-1.363207,0.734904,-0.324537,0.000000,0.000000,-0.553477
4225,06 07 10 12 23 33,-0.05440051,0.23922449,-1.324960,-1.328363,-1.102357,-0.823824,0.000000,0.000000,1.027286
4226,02 07 10 18 23 24,-0.05440394,0.37549494,-0.942760,-1.677418,1.883192,-0.199715,0.000000,0.000000,0.454262
4227,01 06 10 18 24 33,-0.05442473,0.49552435,1.732640,-0.708278,1.423877,-1.572755,0.000000,0.000000,0.773720
4228,01 02 07 08 18 22,-0.05442744,0.45881123,0.586040,-1.557292,0.734904,-0.074893,0.000000,0.000000,-0.548181
4229,02 06 10 23 24 33,-0.05442747,0.34791314,-0.687960,-1.069529,1.653535,-1.198289,0.000000,0.000000,1.136756
4230,01 07 08 14 23 33,-0.05444793,0.25909534,-0.687960,-0.998766,-1.561672,-1.198289,0.000000,0.000000,0.804214
4231,02 06 18 23 24 33,-0.05447943,0.40604430,0.203840,-1.362583,1.194220,-0.823824,0.000000,0.000000,1.174940
4232,02 06 07 10 23 24,-0.05448497,0.29286423,-1.834560,-1.126156,1.653535,-0.823824,0.000000,0.000000,0.073175
4233,06 08 12 18 22 24,-0.05454000,0.46860318,1.223040,-0.580284,1.194220,-1.447933,0.000000,0.000000,-0.278960
4234,01 06 07 08 18 24,-0.05459704,0.47014574,1.350440,-0.590191,0.964562,-1.447933,0.000000,0.000000,-0.241274
4235,01 02 14 18 23 33,-0.05467394,0.35355050,-0.178360,-1.628843,-0.183726,-0.449359,0.000000,0.000000,1.067234
4236,08 10 12 14 22 33,-0.05467843,0.36830321,0.331240,-0.968357,-0.183726,-1.198289,0.000000,0.000000,0.628459
4237,01 10 18 23 24 33,-0.05470091,0.40927348,0.586040,-0.986988,0.964562,-1.323111,0.000000,0.000000,1.151471
4238,01 06 07 10 14 33,-0.05472946,0.31567591,-0.305760,-0.894770,-0.643041,-1.198289,0.000000,0.000000,0.278239
4239,02 10 12 14 22 23,-0.05473110,0.23882787,-2.344160,-1.382508,0.505247,-0.449359,0.000000,0.000000,-0.088315
4240,14 18 22 23 24 33,-0.05476273,0.32870801,-0.433160,-1.035484,0.045932,-1.073468,0.000000,0.000000,0.488970
4241,02 06 07 14 18 33,-0.05478142,0.39507745,0.203840,-1.821628,-0.183726,-0.074893,0.000000,0.000000,0.630279
4242,01 07 10 14 23 33,-0.05480249,0.22942504,-1.452360,-1.173480,-1.102357,-0.948646,0.000000,0.000000,0.686088
4243,01 08 10 23 24 33,-0.05496077,0.38081261,0.458640,-0.519220,0.964562,-1.947220,0.000000,0.000000,1.132686
4244,01 08 18 23 24 33,-0.05501362,0.43894378,1.350440,-0.812274,0.505247,-1.572755,0.000000,0.000000,1.170738
4245,01 07 08 14 18 33,-0.05502854,0.42797692,1.350440,-1.271319,-0.872699,-0.823824,0.000000,0.000000,0.668608
4246,01 02 06 10 23 24,-0.05513118,0.33758815,-1.070160,-0.654661,2.112850,-1.447933,0.000000,0.000000,-0.020199
4247,07 08 10 18 24 33,-0.05515198,0.50497028,1.732640,-1.263267,1.194220,-0.948646,0.000000,0.000000,1.052409
4248,01 02 07 08 22 23,-0.05517438,0.28992965,-1.452360,-1.284739,0.045932,-0.449359,0.000000,0.000000,-0.609255
4249,01 06 08 10 24 33,-0.05523878,0.46706348,1.605240,-0.240510,1.423877,-2.196864,0.000000,0.000000,0.672830
4250,07 08 18 23 24 33,-0.05529412,0.39421986,0.586040,-1.283769,0.045932,-0.948646,0.000000,0.000000,1.126820
4251,01 06 07 10 12 23,-0.05533965,0.22889950,-1.707160,-0.913496,-0.643041,-1.073468,0.000000,0.000000,-0.164550
4252,01 07 10 14 18 33,-0.05536741,0.39830662,0.586040,-1.446033,-0.413384,-0.574180,0.000000,0.000000,0.552807
4253,02 07 14 18 23 33,-0.05538425,0.30882658,-0.942760,-2.100338,-0.643041,0.174751,0.000000,0.000000,0.959637
4254,01 02 07 14 18 23,-0.05538491,0.29850159,-1.324960,-1.685470,-0.183726,-0.074893,0.000000,0.000000,-0.093160
4255,02 06 08 23 24 33,-0.05541356,0.37758344,0.076440,-0.894815,1.194220,-1.447933,0.000000,0.000000,1.056260
4256,01 02 10 14 23 33,-0.05545908,0.29541933,-1.070160,-1.335789,0.275589,-0.823824,0.000000,0.000000,0.905031
4257,01 07 08 10 18 24,-0.05547326,0.49464528,1.350440,-0.848399,1.653535,-1.198289,0.000000,0.000000,-0.047889
4258,01 06 10 12 23 33,-0.05547661,0.28394841,-0.560560,-0.856869,-0.643041,-1.447933,0.000000,0.000000,0.870220
4259,06 07 08 12 14 22,-0.05554120,0.28875475,-0.815360,-0.766776,-0.872699,-1.073468,0.000000,0.000000,-0.877624
4260,08 12 18 22 23 24,-0.05554889,0.38235231,0.076440,-0.858993,0.734904,-1.198289,0.000000,0.000000,-0.009762
4261,01 07 08 10 23 24,-0.05558987,0.32576370,-0.687960,-0.575847,0.964562,-1.572755,0.000000,0.000000,-0.015579
4262,01 02 06 14 18 33,-0.05560555,0.43980137,0.968240,-1.350133,0.275589,-0.699002,0.000000,0.000000,0.510544
4263,02 07 08 14 23 33,-0.05561808,0.28036572,-1.070160,-1.632569,-0.643041,-0.449359,0.000000,0.000000,0.944708
4264,01 06 07 12 18 23,-0.05563623,0.28703067,-0.815360,-1.206550,-1.102357,-0.699002,0.000000,0.000000,-0.162608
4265,02 06 07 12 14 18,-0.05566189,0.38719496,-0.433160,-1.552449,0.045932,0.174751,0.000000,0.000000,-1.632785
4266,06 12 14 18 23 24,-0.05568660,0.30829355,-0.687960,-0.708462,0.275589,-1.447933,0.000000,0.000000,0.148040
4267,01 06 12 18 23 33,-0.05572660,0.34207958,0.331240,-1.149923,-1.102357,-1.073468,0.000000,0.000000,0.879066
4268,02 07 08 18 23 24,-0.05573946,0.40516524,-0.178360,-1.502704,1.423877,-0.449359,0.000000,0.000000,0.321998
4269,01 02 10 18 23 24,-0.05576292,0.42021886,-0.178360,-1.205923,2.342508,-0.823824,0.000000,0.000000,0.255289
4270,01 02 06 07 14 23,-0.05576447,0.21587088,-2.216760,-1.134208,-0.413384,-0.699002,0.000000,0.000000,-0.518475
4271,01 02 06 12 14 18,-0.05581575,0.43191888,0.331240,-1.080954,0.505247,-0.449359,0.000000,0.000000,-1.653217
4272,01 02 07 10 14 23,-0.05585425,0.24037043,-2.216760,-1.392416,0.275589,-0.449359,0.000000,0.000000,-0.208576
4273,01 08 10 12 14 22,-0.05594948,0.35797821,-0.050960,-0.553489,0.275589,-1.447933,0.000000,0.000000,-0.612550
4274,01 02 07 08 10 22,-0.05596246,0.40068006,-0.305760,-1.264238,1.194220,-0.449359,0.000000,0.000000,-0.821480
4275,02 07 10 14 23 33,-0.05597578,0.25069542,-1.834560,-1.807283,-0.183726,-0.199715,0.000000,0.000000,0.826117
4276,06 07 10 12 18 33,-0.05601037,0.40810608,0.713440,-1.600916,-0.413384,-0.449359,0.000000,0.000000,0.739193
4277,07 10 12 18 23 33,-0.05604378,0.32185521,-0.433160,-1.879626,-0.872699,-0.199715,0.000000,0.000000,1.152912
4278,01 08 10 18 24 33,-0.05605061,0.54969419,2.497040,-0.791772,1.653535,-1.572755,0.000000,0.000000,0.921637
4279,06 07 08 12 23 33,-0.05605145,0.26889479,-0.560560,-1.153649,-1.561672,-1.073468,0.000000,0.000000,0.848290
4280,06 07 08 10 24 33,-0.05605434,0.42233956,0.840840,-0.712005,0.964562,-1.572755,0.000000,0.000000,0.549640
4281,06 07 14 18 22 33,-0.05606303,0.32509811,-0.050960,-1.503723,-1.102357,-0.699002,0.000000,0.000000,1.157971
4282,07 10 12 14 18 22,-0.05611122,0.34171516,-0.687960,-1.492752,-0.183726,-0.199715,0.000000,0.000000,-0.658590
4283,01 02 08 18 23 24,-0.05612411,0.44988916,0.586040,-1.031209,1.883192,-1.073468,0.000000,0.000000,0.267373
4284,01 06 07 08 10 24,-0.05619304,0.41201457,0.458640,-0.297137,1.423877,-1.822398,0.000000,0.000000,-0.523609
4285,07 08 10 23 24 33,-0.05622259,0.33608869,-0.305760,-0.990714,0.505247,-1.323111,0.000000,0.000000,0.943381
4286,01 02 08 14 23 33,-0.05624041,0.32508963,-0.305760,-1.161075,-0.183726,-1.073468,0.000000,0.000000,0.854871
4287,01 06 08 12 23 33,-0.05628315,0.31361871,0.203840,-0.682155,-1.102357,-1.697577,0.000000,0.000000,0.816325
4288,01 02 06 07 08 33,-0.05630301,0.43521448,0.713440,-1.104999,0.045932,-0.574180,0.000000,0.000000,-1.173857
4289,06 07 08 23 24 33,-0.05630310,0.31158915,-0.305760,-0.732506,-0.183726,-1.572755,0.000000,0.000000,0.608254
4290,07 08 12 18 23 33,-0.05633649,0.35152550,0.331240,-1.704912,-1.332014,-0.449359,0.000000,0.000000,1.175142
4291,01 06 07 08 23 24,-0.05637543,0.30126415,-0.687960,-0.317639,0.275589,-1.822398,0.000000,0.000000,-0.455161
4292,02 06 07 10 18 24,-0.05641043,0.46174581,0.203840,-1.398708,2.342508,-0.449359,0.000000,0.000000,-0.261674
4293,06 10 12 14 23 24,-0.05641813,0.25016238,-1.579760,-0.415407,0.734904,-1.822398,0.000000,0.000000,-0.006221
4294,01 06 14 22 23 33,-0.05645935,0.20094044,-1.324960,-0.759676,-1.332014,-1.697577,0.000000,0.000000,1.151204
4295,07 08 12 14 18 22,-0.05646673,0.37138546,0.076440,-1.318038,-0.643041,-0.449359,0.000000,0.000000,-0.645663
4296,02 06 12 14 18 22,-0.05651140,0.38320991,-0.305760,-1.396853,0.505247,-0.324537,0.000000,0.000000,-0.724857
4297,01 06 18 22 23 24,-0.05652436,0.32573997,-0.433160,-0.629811,0.734904,-1.697577,0.000000,0.000000,0.536844
4298,06 07 14 22 23 33,-0.05657179,0.15621653,-2.089360,-1.231170,-1.791329,-1.073468,0.000000,0.000000,1.132183
4299,06 07 10 14 22 33,-0.05661689,0.26696694,-0.942760,-1.210669,-0.643041,-1.073468,0.000000,0.000000,1.030033
4300,01 02 06 07 08 22,-0.05663713,0.37618052,-0.305760,-1.006030,0.505247,-0.699002,0.000000,0.000000,-1.244635
4301,01 06 10 22 23 24,-0.05664974,0.26760880,-1.324960,-0.336756,1.194220,-2.072042,0.000000,0.000000,0.472386
4302,01 06 07 08 14 33,-0.05665184,0.34534621,0.458640,-0.720056,-1.102357,-1.447933,0.000000,0.000000,0.059030
4303,02 06 10 12 14 22,-0.05671288,0.32507874,-1.197560,-1.103798,0.964562,-0.699002,0.000000,0.000000,-0.800590
4304,01 06 07 14 22 23,-0.05678487,0.14589153,-2.471560,-0.816303,-1.332014,-1.323111,0.000000,0.000000,0.047916
4305,01 10 12 18 23 33,-0.05685064,0.36657912,0.331240,-1.408131,-0.413384,-0.823824,0.000000,0.000000,1.035737
4306,02 06 07 10 14 33,-0.05685361,0.33694629,-0.687960,-1.528574,0.275589,-0.449359,0.000000,0.000000,0.277396
4307,02 10 18 23 24 33,-0.05688472,0.43054385,0.203840,-1.620791,1.883192,-0.574180,0.000000,0.000000,1.141790
4308,01 07 14 18 22 23,-0.05689620,0.22852225,-1.579760,-1.367565,-1.102357,-0.699002,0.000000,0.000000,0.400504
4309,06 08 12 14 23 24,-0.05694824,0.27983268,-0.815360,-0.240693,0.275589,-2.072042,0.000000,0.000000,-0.019161
4310,01 02 10 14 18 33,-0.05704079,0.46430092,0.968240,-1.608341,0.964562,-0.449359,0.000000,0.000000,0.621110
4311,01 02 06 10 18 24,-0.05710373,0.50646973,0.968240,-0.927214,2.801823,-1.073468,0.000000,0.000000,-0.362025
4312,02 08 10 23 24 33,-0.05712888,0.40208299,0.076440,-1.153023,1.883192,-1.198289,0.000000,0.000000,1.125331
4313,01 06 10 12 18 33,-0.05713357,0.45282999,1.477840,-1.129421,0.045932,-1.073468,0.000000,0.000000,0.575150
4314,02 06 08 18 24 33,-0.05716498,0.54646502,2.114840,-1.167367,1.883192,-1.073468,0.000000,0.000000,0.747196
4315,02 07 08 14 18 33,-0.05716839,0.44924730,0.968240,-1.905122,0.045932,-0.074893,0.000000,0.000000,0.665439
4316,01 06 07 08 12 23,-0.05716978,0.25856980,-0.942760,-0.738782,-1.102357,-1.323111,0.000000,0.000000,-0.370093
4317,01 07 08 10 14 33,-0.05718660,0.36984576,0.458640,-0.978264,-0.413384,-1.198289,0.000000,0.000000,0.303003
4318,02 08 18 23 24 33,-0.05719429,0.46021415,0.968240,-1.446077,1.423877,-0.823824,0.000000,0.000000,1.161523
4319,02 07 10 12 14 18,-0.05728500,0.41169451,-0.433160,-1.810657,0.734904,0.424394,0.000000,0.000000,-1.550055
4320,01 07 10 12 18 23,-0.05730958,0.31153021,-0.815360,-1.464758,-0.413384,-0.449359,0.000000,0.000000,-0.087320
4321,01 07 10 14 22 23,-0.05735653,0.17039108,-2.471560,-1.074511,-0.643041,-1.073468,0.000000,0.000000,0.286422
4322,10 12 18 22 23 24,-0.05742250,0.35268202,-0.687960,-1.033707,1.194220,-0.948646,0.000000,0.000000,-0.352940
4323,02 07 10 14 18 33,-0.05751039,0.41957700,0.203840,-2.079836,0.505247,0.174751,0.000000,0.000000,0.549174
4324,01 02 06 08 23 24,-0.05754207,0.36725845,-0.305760,-0.479947,1.653535,-1.697577,0.000000,0.000000,-0.311785
4325,02 06 10 18 24 33,-0.05755939,0.51679472,1.350440,-1.342081,2.342508,-0.823824,0.000000,0.000000,0.623167
4326,02 06 08 12 14 22,-0.05757907,0.35474904,-0.433160,-0.929084,0.505247,-0.948646,0.000000,0.000000,-0.863322
4327,01 02 06 07 10 12,-0.05760954,0.39766169,-0.687960,-1.010534,0.734904,-0.074893,0.000000,0.000000,-3.565640
4328,01 02 10 12 14 18,-0.05761528,0.45641842,0.331240,-1.339162,1.194220,-0.199715,0.000000,0.000000,-1.596623
4329,02 06 10 12 23 33,-0.05762274,0.30521879,-0.942760,-1.490672,0.275589,-0.699002,0.000000,0.000000,0.866121
4330,06 07 08 12 18 33,-0.05767701,0.43777637,1.477840,-1.426202,-0.872699,-0.699002,0.000000,0.000000,0.557872
4331,02 06 07 10 12 23,-0.05776137,0.25016988,-2.089360,-1.547299,0.275589,-0.324537,0.000000,0.000000,-0.209479
4332,06 08 10 12 22 24,-0.05777496,0.41047202,0.331240,-0.287229,1.653535,-1.822398,0.000000,0.000000,-0.804112
4333,01 02 06 10 14 33,-0.05778458,0.38167020,0.076440,-1.057079,0.734904,-1.073468,0.000000,0.000000,0.141832
4334,07 10 14 22 23 33,-0.05779748,0.18071607,-2.089360,-1.489378,-1.102357,-0.823824,0.000000,0.000000,1.273794
4335,01 02 07 08 14 23,-0.05782058,0.27004072,-1.452360,-1.217702,-0.183726,-0.699002,0.000000,0.000000,-0.434298
4336,01 02 06 08 18 24,-0.05783715,0.53614003,1.732640,-0.752500,2.342508,-1.323111,0.000000,0.000000,-0.405088
4337,01 02 08 14 18 33,-0.05783781,0.49397122,1.732640,-1.433627,0.505247,-0.699002,0.000000,0.000000,0.568625
4338,08 10 12 22 23 24,-0.05786564,0.32422115,-0.815360,-0.565939,1.194220,-1.572755,0.000000,0.000000,-0.398877
4339,02 06 12 18 23 33,-0.05788528,0.36334995,-0.050960,-1.783726,-0.183726,-0.324537,0.000000,0.000000,0.873107
4340,02 10 12 14 18 22,-0.05794535,0.40770946,-0.305760,-1.655061,1.194220,-0.074893,0.000000,0.000000,-0.614102
4341,01 02 08 12 14 18,-0.05795058,0.48608872,1.095640,-1.164448,0.734904,-0.449359,0.000000,0.000000,-1.580703
4342,01 06 08 12 18 33,-0.05795581,0.48250029,2.242240,-0.954707,-0.413384,-1.323111,0.000000,0.000000,0.518930
4343,01 07 08 12 18 23,-0.05796664,0.34120051,-0.050960,-1.290044,-0.872699,-0.699002,0.000000,0.000000,-0.119068
4344,02 07 08 12 14 18,-0.05796718,0.44136481,0.331240,-1.635943,0.275589,0.174751,0.000000,0.000000,-1.585525
4345,02 06 07 08 18 24,-0.05797251,0.49141611,0.968240,-1.223994,1.883192,-0.699002,0.000000,0.000000,-0.427505
4346,02 07 08 10 23 24,-0.05800193,0.34703408,-1.070160,-1.209650,1.883192,-0.823824,0.000000,0.000000,-0.059076
4347,02 06 07 12 18 23,-0.05807051,0.30830104,-1.197560,-1.840353,-0.183726,0.049929,0.000000,0.000000,-0.209398
4348,07 14 18 22 23 33,-0.05807933,0.23884724,-1.197560,-1.782433,-1.561672,-0.449359,0.000000,0.000000,1.277918
4349,01 06 14 18 22 33,-0.05811104,0.36982203,0.713440,-1.032228,-0.643041,-1.323111,0.000000,0.000000,0.856915
4350,01 08 10 12 23 33,-0.05813720,0.33811826,0.203840,-0.940363,-0.413384,-1.447933,0.000000,0.000000,0.864843
4351,01 06 10 18 22 24,-0.05816912,0.43649039,0.713440,-0.609309,1.883192,-1.697577,0.000000,0.000000,0.197700
4352,07 08 10 12 23 33,-0.05822932,0.29339434,-0.560560,-1.411857,-0.872699,-0.823824,0.000000,0.000000,0.848833
4353,01 08 12 18 23 33,-0.05828238,0.39624942,1.095640,-1.233417,-0.872699,-1.073468,0.000000,0.000000,0.889216
4354,04 06 08 10 14 18,-0.05834082,0.46464106,1.223040,-0.445650,0.275589,-1.198289,0.000000,0.000000,-2.348161
4355,02 06 08 10 24 33,-0.05835774,0.48833386,1.223040,-0.874313,2.342508,-1.447933,0.000000,0.000000,0.524603
4356,06 07 08 14 22 33,-0.05836312,0.29663724,-0.178360,-1.035955,-1.102357,-1.323111,0.000000,0.000000,0.836920
4357,01 06 07 14 18 22,-0.05837278,0.31477312,-0.433160,-1.088855,-0.643041,-0.948646,0.000000,0.000000,-0.236925
4358,02 06 08 12 23 33,-0.05842614,0.33488908,-0.178360,-1.315958,-0.183726,-0.948646,0.000000,0.000000,0.812692
4359,01 02 08 10 23 24,-0.05846194,0.39175799,-0.305760,-0.738155,2.342508,-1.447933,0.000000,0.000000,-0.124865
4360,06 07 10 18 22 24,-0.05847919,0.39176647,-0.050960,-1.080803,1.423877,-1.073468,0.000000,0.000000,0.149400
4361,01 02 06 10 12 23,-0.05848896,0.29489379,-1.324960,-1.075804,0.734904,-0.948646,0.000000,0.000000,-0.314911
4362,04 06 08 10 18 23,-0.05849924,0.38574715,0.458640,-0.733555,0.045932,-1.323111,0.000000,0.000000,-0.591398
4363,01 10 14 22 23 33,-0.05854782,0.22543999,-1.324960,-1.017884,-0.643041,-1.447933,0.000000,0.000000,1.164991
4364,01 06 08 14 22 33,-0.05858540,0.34136116,0.586040,-0.564460,-0.643041,-1.947220,0.000000,0.000000,0.806351
4365,08 10 12 18 22 24,-0.05859338,0.49310273,1.223040,-0.838492,1.883192,-1.198289,0.000000,0.000000,-0.556280
4366,01 06 08 22 23 24,-0.05861863,0.29727910,-0.560560,-0.162042,0.734904,-2.321686,0.000000,0.000000,0.246286
4367,02 06 14 22 23 33,-0.05862745,0.22221082,-1.707160,-1.393479,-0.413384,-0.948646,0.000000,0.000000,1.143849
4368,01 06 08 18 22 24,-0.05865081,0.46616068,1.477840,-0.434595,1.423877,-1.947220,0.000000,0.000000,0.191932
4369,01 14 18 22 23 33,-0.05867241,0.28357116,-0.433160,-1.310938,-1.102357,-1.073468,0.000000,0.000000,1.192414
4370,01 02 06 12 18 23,-0.05870701,0.35302496,-0.433160,-1.368859,0.275589,-0.574180,0.000000,0.000000,-0.301333
4371,07 08 14 18 22 33,-0.05873350,0.37926795,0.713440,-1.587217,-0.872699,-0.699002,0.000000,0.000000,1.151130
4372,01 06 10 14 22 33,-0.05874025,0.31169086,-0.178360,-0.739174,-0.183726,-1.697577,0.000000,0.000000,0.717813
4373,02 06 07 08 14 33,-0.05877285,0.36661659,0.076440,-1.353860,-0.183726,-0.699002,0.000000,0.000000,0.058652
4374,02 06 07 08 23 24,-0.05878121,0.32253453,-1.070160,-0.951442,1.194220,-1.073468,0.000000,0.000000,-0.497729
4375,01 07 08 10 12 23,-0.05881579,0.28306935,-0.942760,-0.996990,-0.413384,-1.073468,0.000000,0.000000,-0.290754
4376,01 10 18 22 23 24,-0.05885430,0.35023952,-0.433160,-0.888019,1.423877,-1.447933,0.000000,0.000000,0.514857
4377,02 07 08 10 18 24,-0.05885502,0.51591566,0.968240,-1.482202,2.572165,-0.449359,0.000000,0.000000,-0.235049
4378,01 02 06 08 14 33,-0.05887516,0.41134050,0.840840,-0.882365,0.275589,-1.323111,0.000000,0.000000,0.045856
4379,07 08 10 12 14 22,-0.05899821,0.31325430,-0.815360,-1.024984,-0.183726,-0.823824,0.000000,0.000000,-1.066591
4380,02 08 12 14 18 22,-0.05900753,0.43737975,0.458640,-1.480347,0.734904,-0.324537,0.000000,0.000000,-0.705870
4381,02 10 12 18 23 33,-0.05901560,0.38784950,-0.050960,-2.041934,0.505247,-0.074893,0.000000,0.000000,1.028847
4382,01 06 07 10 14 22,-0.05902270,0.25664195,-1.324960,-0.795801,-0.183726,-1.323111,0.000000,0.000000,-0.379094
4383,01 08 14 22 23 33,-0.05903397,0.25511029,-0.560560,-0.843170,-1.102357,-1.697577,0.000000,0.000000,1.158562
4384,01 07 08 14 22 23,-0.05914986,0.20006138,-1.707160,-0.899797,-1.102357,-1.323111,0.000000,0.000000,0.086332
4385,02 08 10 18 24 33,-0.05918841,0.57096457,2.114840,-1.425575,2.572165,-0.823824,0.000000,0.000000,0.770619
4386,01 08 18 22 23 24,-0.05920154,0.37990981,0.331240,-0.713305,0.964562,-1.697577,0.000000,0.000000,0.529008
4387,02 06 07 14 22 23,-0.05922857,0.16716191,-2.853760,-1.450106,-0.413384,-0.574180,0.000000,0.000000,-0.000270
4388,07 08 14 22 23 33,-0.05925795,0.21038637,-1.324960,-1.314664,-1.561672,-1.073468,0.000000,0.000000,1.123016
4389,02 07 08 10 14 33,-0.05931389,0.39111613,0.076440,-1.612068,0.505247,-0.449359,0.000000,0.000000,0.301695
4390,02 07 14 18 22 23,-0.05935873,0.24979262,-1.961960,-2.001368,-0.183726,0.049929,0.000000,0.000000,0.349528
4391,01 02 08 10 18 24,-0.05936211,0.56063958,1.732640,-1.010708,3.031480,-1.073468,0.000000,0.000000,-0.307815
4392,07 10 14 18 22 33,-0.05937068,0.34959766,-0.050960,-1.761931,-0.413384,-0.449359,0.000000,0.000000,0.991133
4393,07 08 10 14 22 33,-0.05939216,0.32113679,-0.178360,-1.294163,-0.413384,-1.073468,0.000000,0.000000,1.007665
4394,01 02 06 08 12 23,-0.05948730,0.32456409,-0.560560,-0.901090,0.275589,-1.198289,0.000000,0.000000,-0.397221
4395,01 02 06 08 10 24,-0.05949595,0.47800886,0.840840,-0.459445,2.801823,-1.697577,0.000000,0.000000,-0.696726
4396,08 12 14 18 23 24,-0.05949897,0.36246339,0.076440,-0.791956,0.505247,-1.447933,0.000000,0.000000,-0.027978
4397,01 02 10 12 18 23,-0.05950638,0.37752451,-0.433160,-1.627067,0.964562,-0.324537,0.000000,0.000000,-0.096562
4398,02 06 07 08 10 24,-0.05955596,0.43328495,0.076440,-0.930940,2.342508,-1.073468,0.000000,0.000000,-0.707979
4399,06 10 12 14 18 24,-0.05957864,0.41904396,0.458640,-0.687960,1.423877,-1.447933,0.000000,0.000000,-0.524046
4400,02 06 07 08 12 23,-0.05958836,0.27984017,-1.324960,-1.372585,-0.183726,-0.574180,0.000000,0.000000,-0.414557
4401,01 06 07 10 12 14,-0.05959484,0.30779342,-0.942760,-0.625592,-0.413384,-0.948646,0.000000,0.000000,-2.575202
4402,02 07 10 12 18 23,-0.05975014,0.33280059,-1.197560,-2.098561,0.505247,0.299572,0.000000,0.000000,-0.135040
4403,01 08 10 12 18 33,-0.05977846,0.50699984,2.242240,-1.212915,0.275589,-1.073468,0.000000,0.000000,0.572099
4404,01 02 06 14 22 23,-0.05979280,0.21188583,-2.089360,-0.978611,0.045932,-1.198289,0.000000,0.000000,-0.081500
4405,01 06 12 18 22 23,-0.05979929,0.28304561,-0.687960,-1.050954,-0.643041,-1.198289,0.000000,0.000000,0.254407
4406,02 07 10 14 22 23,-0.05980651,0.19166146,-2.853760,-1.708314,0.275589,-0.324537,0.000000,0.000000,0.237307
4407,07 08 10 12 18 33,-0.05982348,0.46227592,1.477840,-1.684410,-0.183726,-0.449359,0.000000,0.000000,0.563066
4408,01 06 10 12 22 23,-0.05983478,0.22491445,-1.579760,-0.757899,-0.183726,-1.572755,0.000000,0.000000,0.203268
4409,01 02 14 18 22 23,-0.05989422,0.29451654,-1.197560,-1.529873,0.275589,-0.574180,0.000000,0.000000,0.272557
4410,02 06 18 22 23 24,-0.05994693,0.34701034,-0.815360,-1.263614,1.653535,-0.948646,0.000000,0.000000,0.343636
4411,07 10 18 22 23 24,-0.05998373,0.30551560,-1.197560,-1.359513,0.964562,-0.823824,0.000000,0.000000,0.345166
4412,06 10 18 22 24 33,-0.05998527,0.44681538,1.095640,-1.024176,1.423877,-1.447933,0.000000,0.000000,0.981331
4413,01 02 08 10 14 33,-0.06005866,0.43584005,0.840840,-1.140573,0.964562,-1.073468,0.000000,0.000000,0.193717
4414,02 06 10 22 23 24,-0.06005975,0.28887918,-1.707160,-0.970559,2.112850,-1.323111,0.000000,0.000000,0.281039
4415,06 08 12 14 18 24,-0.06012444,0.44871426,1.223040,-0.513246,0.964562,-1.697577,0.000000,0.000000,-0.539312
4416,06 10 22 23 24 33,-0.06013657,0.27793380,-0.942760,-0.751624,0.734904,-1.822398,0.000000,0.000000,1.008501
4417,06 07 18 22 23 24,-0.06015421,0.28101605,-1.197560,-1.101305,0.275589,-1.073468,0.000000,0.000000,-0.003292
4418,01 10 14 18 22 33,-0.06016812,0.39432157,0.713440,-1.290436,0.045932,-1.073468,0.000000,0.000000,0.875353
4419,06 07 10 22 23 24,-0.06017694,0.22288489,-2.089360,-0.808251,0.734904,-1.447933,0.000000,0.000000,-0.052541
4420,06 10 12 22 23 33,-0.06021623,0.23523944,-1.197560,-1.172767,-0.643041,-1.323111,0.000000,0.000000,1.199453
4421,01 02 06 07 08 12,-0.06021968,0.42733198,0.076440,-0.835820,0.275589,-0.324537,0.000000,0.000000,-3.886745
4422,02 06 10 12 18 33,-0.06024939,0.47410037,1.095640,-1.763224,0.964562,-0.324537,0.000000,0.000000,0.427388
4423,02 08 10 12 23 33,-0.06028647,0.35938863,-0.178360,-1.574166,0.505247,-0.699002,0.000000,0.000000,0.860279
4424,06 12 18 22 23 33,-0.06028704,0.29337061,-0.305760,-1.465821,-1.102357,-0.948646,0.000000,0.000000,1.234845
4425,01 08 10 14 22 33,-0.06034730,0.36586071,0.586040,-0.822668,0.045932,-1.697577,0.000000,0.000000,0.868521
4426,01 08 10 22 23 24,-0.06037015,0.32177865,-0.560560,-0.420250,1.423877,-2.072042,0.000000,0.000000,0.309994
4427,02 08 10 12 14 22,-0.06037049,0.37924859,-0.433160,-1.187292,1.194220,-0.699002,0.000000,0.000000,-0.953679
4428,02 07 08 12 18 23,-0.06040406,0.36247089,-0.433160,-1.923847,0.045932,0.049929,0.000000,0.000000,-0.166323
4429,06 08 18 22 24 33,-0.06041534,0.47648568,1.860040,-0.849462,0.964562,-1.697577,0.000000,0.000000,0.983211
4430,02 08 12 18 23 33,-0.06044421,0.41751980,0.713440,-1.867220,0.045932,-0.324537,0.000000,0.000000,0.882791
4431,06 18 22 23 24 33,-0.06052388,0.33606496,-0.050960,-1.044678,0.275589,-1.447933,0.000000,0.000000,0.997002
4432,01 06 14 18 23 24,-0.06058969,0.30585105,-0.433160,-0.562773,0.505247,-1.947220,0.000000,0.000000,0.501553
4433,01 08 14 18 22 33,-0.06066997,0.42399187,1.477840,-1.115722,-0.413384,-1.323111,0.000000,0.000000,0.866599
4434,01 06 08 12 22 23,-0.06067585,0.25458475,-0.815360,-0.583185,-0.643041,-1.822398,0.000000,0.000000,0.144257
4435,06 08 12 22 23 33,-0.06069296,0.26490974,-0.433160,-0.998053,-1.102357,-1.572755,0.000000,0.000000,1.194421
4436,02 10 14 22 23 33,-0.06072221,0.24671037,-1.707160,-1.651687,0.275589,-0.699002,0.000000,0.000000,1.156705
4437,01 08 10 18 22 24,-0.06081715,0.49066023,1.477840,-0.692803,2.112850,-1.697577,0.000000,0.000000,0.194183
4438,02 14 18 22 23 33,-0.06082301,0.30484153,-0.815360,-1.944741,-0.183726,-0.324537,0.000000,0.000000,1.187653
4439,06 07 08 18 22 24,-0.06086196,0.42143677,0.713440,-0.906089,0.964562,-1.323111,0.000000,0.000000,-0.138019
4440,01 02 08 12 18 23,-0.06087010,0.40719480,0.331240,-1.452353,0.505247,-0.574180,0.000000,0.000000,-0.233006
4441,01 06 08 10 22 24,-0.06091461,0.40802952,0.586040,-0.141540,1.883192,-2.321686,0.000000,0.000000,-0.189339
4442,01 06 07 08 14 22,-0.06097961,0.28631225,-0.560560,-0.621087,-0.643041,-1.572755,0.000000,0.000000,-0.603420
4443,01 10 12 18 22 23,-0.06106523,0.30754516,-0.687960,-1.309162,0.045932,-0.948646,0.000000,0.000000,0.390054
4444,01 07 08 14 18 22,-0.06106763,0.36894296,0.331240,-1.172349,-0.413384,-0.948646,0.000000,0.000000,-0.247378
4445,02 06 08 12 18 33,-0.06106849,0.50377067,1.860040,-1.588510,0.505247,-0.574180,0.000000,0.000000,0.371633
4446,01 06 10 14 23 24,-0.06110112,0.24771988,-1.324960,-0.269718,0.964562,-2.321686,0.000000,0.000000,0.379902
4447,01 02 10 14 22 23,-0.06119036,0.23638537,-2.089360,-1.236819,0.734904,-0.948646,0.000000,0.000000,0.034648
4448,02 08 14 22 23 33,-0.06120522,0.27638066,-0.942760,-1.476973,-0.183726,-0.948646,0.000000,0.000000,1.150742
4449,02 07 08 10 12 23,-0.06124065,0.30433972,-1.324960,-1.630793,0.505247,-0.324537,0.000000,0.000000,-0.336149
4450,02 06 14 18 22 33,-0.06124884,0.39109240,0.331240,-1.666031,0.275589,-0.574180,0.000000,0.000000,0.705897
4451,06 07 12 18 22 23,-0.06133366,0.23832170,-1.452360,-1.522448,-1.102357,-0.574180,0.000000,0.000000,0.024723
4452,10 12 14 18 23 24,-0.06134747,0.33279309,-0.687960,-0.966670,0.964562,-1.198289,0.000000,0.000000,-0.367434
4453,01 07 10 14 18 22,-0.06137196,0.33927266,-0.433160,-1.347063,0.045932,-0.699002,0.000000,0.000000,-0.358062
4454,01 02 07 08 10 12,-0.06138898,0.45183153,0.076440,-1.094028,0.964562,-0.074893,0.000000,0.000000,-3.736780
4455,06 08 10 22 24 33,-0.06139556,0.41835451,0.968240,-0.556408,1.423877,-2.072042,0.000000,0.000000,0.792106
4456,01 07 08 10 14 22,-0.06144530,0.31081180,-0.560560,-0.879295,0.045932,-1.323111,0.000000,0.000000,-0.349214
4457,01 06 07 08 12 14,-0.06145323,0.33746372,-0.178360,-0.450878,-0.872699,-1.198289,0.000000,0.000000,-2.784932
4458,02 07 08 14 22 23,-0.06159670,0.22133175,-2.089360,-1.533600,-0.183726,-0.574180,0.000000,0.000000,0.037681
4459,02 06 08 14 22 33,-0.06170750,0.36263153,0.203840,-1.198263,0.275589,-1.198289,0.000000,0.000000,0.657659
4460,01 02 08 10 12 23,-0.06178204,0.34906364,-0.560560,-1.159298,0.964562,-0.948646,0.000000,0.000000,-0.413995
4461,06 10 12 18 22 33,-0.06179683,0.40412102,0.840840,-1.445319,0.045932,-0.948646,0.000000,0.000000,0.915697
4462,02 06 07 14 18 22,-0.06181782,0.33604349,-0.815360,-1.722658,0.275589,-0.199715,0.000000,0.000000,-0.433461
4463,02 06 10 14 22 33,-0.06186549,0.33296124,-0.560560,-1.372977,0.734904,-0.948646,0.000000,0.000000,0.568656
4464,06 08 22 23 24 33,-0.06189857,0.30760409,-0.178360,-0.576910,0.275589,-2.072042,0.000000,0.000000,0.813053
4465,01 08 12 18 22 23,-0.06197499,0.33721546,0.076440,-1.134448,-0.413384,-1.198289,0.000000,0.000000,0.320868
4466,01 02 08 14 22 23,-0.06200622,0.26605567,-1.324960,-1.062105,0.275589,-1.198289,0.000000,0.000000,-0.020628
4467,02 06 08 22 23 24,-0.06202551,0.31854948,-0.942760,-0.795845,1.653535,-1.572755,0.000000,0.000000,0.055404
4468,01 06 08 14 23 24,-0.06202807,0.27739018,-0.560560,-0.095004,0.505247,-2.571329,0.000000,0.000000,0.308168
4469,08 10 12 14 23 24,-0.06203946,0.30433223,-0.815360,-0.498901,0.964562,-1.822398,0.000000,0.000000,-0.450241
4470,01 06 08 10 12 33,-0.06210170,0.42436913,1.350440,-0.661653,0.045932,-1.697577,0.000000,0.000000,-0.141178
4471,01 02 06 14 18 22,-0.06211561,0.38076741,-0.050960,-1.251164,0.734904,-0.823824,0.000000,0.000000,-0.475217
4472,06 07 14 18 23 24,-0.06228543,0.26112713,-1.197560,-1.034268,0.045932,-1.323111,0.000000,0.000000,0.247961
4473,06 08 12 18 22 33,-0.06228926,0.43379132,1.605240,-1.270605,-0.413384,-1.198289,0.000000,0.000000,0.908339
4474,06 07 10 12 22 23,-0.06235047,0.18019053,-2.344160,-1.229394,-0.643041,-0.948646,0.000000,0.000000,-0.171803
4475,01 10 14 18 23 24,-0.06237829,0.33035059,-0.433160,-0.820981,1.194220,-1.697577,0.000000,0.000000,0.559768
4476,06 07 10 14 23 24,-0.06243961,0.20299596,-2.089360,-0.741213,0.505247,-1.697577,0.000000,0.000000,0.179238
4477,02 06 07 10 14 22,-0.06245517,0.27791233,-1.707160,-1.429604,0.734904,-0.574180,0.000000,0.000000,-0.573769
4478,02 10 18 22 23 24,-0.06250140,0.37150989,-0.815360,-1.521822,2.342508,-0.699002,0.000000,0.000000,0.288385
4479,02 06 10 18 22 24,-0.06254882,0.45776076,0.331240,-1.243112,2.801823,-0.948646,0.000000,0.000000,-0.137310
4480,07 08 10 18 22 24,-0.06258021,0.44593632,0.713440,-1.164297,1.653535,-1.073468,0.000000,0.000000,-0.069382
4481,06 10 14 23 24 33,-0.06259703,0.25804487,-0.942760,-0.684586,0.505247,-2.072042,0.000000,0.000000,1.210977
4482,02 08 18 22 23 24,-0.06262725,0.40118019,-0.050960,-1.347108,1.883192,-0.948646,0.000000,0.000000,0.335335
4483,02 08 10 12 18 33,-0.06289742,0.52827021,1.860040,-1.846718,1.194220,-0.324537,0.000000,0.000000,0.423872
4484,07 10 12 18 22 23,-0.06289894,0.26282125,-1.452360,-1.780656,-0.413384,-0.324537,0.000000,0.000000,0.116023
4485,06 14 18 23 24 33,-0.06292293,0.31617604,-0.050960,-0.977641,0.045932,-1.697577,0.000000,0.000000,1.208576
4486,01 06 07 18 23 33,-0.06298691,0.29491316,-0.178360,-1.475729,-1.332014,-0.948646,0.000000,0.000000,0.880987
4487,08 10 18 22 24 33,-0.06299905,0.50098523,1.860040,-1.107670,1.653535,-1.447933,0.000000,0.000000,0.923627
4488,02 06 08 18 22 24,-0.06302738,0.48743106,1.095640,-1.068398,2.342508,-1.198289,0.000000,0.000000,-0.142613
4489,01 02 06 10 14 22,-0.06314171,0.32263624,-0.942760,-0.958109,1.194220,-1.198289,0.000000,0.000000,-0.673118
4490,06 08 10 12 14 24,-0.06315256,0.39058310,0.331240,-0.220191,1.423877,-2.072042,0.000000,0.000000,-1.033818
4491,08 12 18 22 23 33,-0.06317405,0.34754045,0.458640,-1.549315,-0.872699,-0.948646,0.000000,0.000000,1.195923
4492,06 08 14 23 24 33,-0.06319112,0.28771517,-0.178360,-0.509872,0.045932,-2.321686,0.000000,0.000000,1.188557
4493,07 08 18 22 23 24,-0.06320040,0.33518590,-0.433160,-1.184799,0.505247,-1.073468,0.000000,0.000000,-0.065798
4494,02 06 12 18 22 23,-0.06323467,0.30431599,-1.070160,-1.684757,0.275589,-0.449359,0.000000,0.000000,0.059303
4495,02 06 10 12 22 23,-0.06325759,0.24618482,-1.961960,-1.391702,0.734904,-0.823824,0.000000,0.000000,0.010024
4496,02 10 14 18 22 33,-0.06331220,0.41559195,0.331240,-1.924239,0.964562,-0.324537,0.000000,0.000000,0.723404
4497,01 08 14 18 23 24,-0.06340540,0.36002089,0.331240,-0.646267,0.734904,-1.947220,0.000000,0.000000,0.473194
4498,10 12 18 22 23 33,-0.06344970,0.31787015,-0.305760,-1.724029,-0.413384,-0.699002,0.000000,0.000000,1.089488
4499,02 08 10 14 22 33,-0.06347568,0.38713108,0.203840,-1.456471,0.964562,-0.948646,0.000000,0.000000,0.718898
4500,01 02 10 14 18 22,-0.06348177,0.40526696,-0.050960,-1.509372,1.423877,-0.574180,0.000000,0.000000,-0.354417
4501,01 08 10 12 22 23,-0.06351751,0.27908430,-0.815360,-0.841393,0.045932,-1.572755,0.000000,0.000000,0.046457
4502,08 18 22 23 24 33,-0.06356682,0.39023481,0.713440,-1.128172,0.505247,-1.447933,0.000000,0.000000,0.934978
4503,01 02 06 07 14 18,-0.06363612,0.38475246,-0.178360,-1.406760,0.275589,-0.324537,0.000000,0.000000,-1.734270
4504,01 07 08 10 12 14,-0.06369020,0.36196327,-0.178360,-0.709086,-0.183726,-0.948646,0.000000,0.000000,-2.793146
4505,02 06 07 10 12 14,-0.06373759,0.32906379,-1.324960,-1.259395,0.505247,-0.199715,0.000000,0.000000,-2.875108
4506,01 08 10 14 23 24,-0.06373973,0.30188973,-0.560560,-0.353212,1.194220,-2.321686,0.000000,0.000000,0.377780
4507,01 06 07 10 12 18,-0.06375530,0.39778108,0.331240,-1.186048,0.045932,-0.699002,0.000000,0.000000,-1.460941
4508,02 08 10 22 23 24,-0.06378330,0.34304903,-0.942760,-1.054053,2.342508,-1.323111,0.000000,0.000000,0.118182
4509,02 08 14 18 22 33,-0.06381091,0.44526225,1.095640,-1.749525,0.505247,-0.574180,0.000000,0.000000,0.715116
4510,06 07 08 10 12 33,-0.06386091,0.37964521,0.586040,-1.133148,-0.413384,-1.073468,0.000000,0.000000,-0.404173
4511,10 18 22 23 24 33,-0.06390483,0.36056451,-0.050960,-1.302886,0.964562,-1.198289,0.000000,0.000000,0.819305
4512,02 06 14 18 23 24,-0.06399971,0.32712142,-0.815360,-1.196576,1.423877,-1.198289,0.000000,0.000000,0.310206
4513,02 06 08 12 22 23,-0.06409553,0.27585512,-1.197560,-1.216988,0.275589,-1.073468,0.000000,0.000000,-0.048522
4514,06 07 08 10 22 24,-0.06410709,0.36330560,-0.178360,-0.613035,1.423877,-1.697577,0.000000,0.000000,-0.664677
4515,08 10 12 14 18 24,-0.06412759,0.47321381,1.223040,-0.771454,1.653535,-1.447933,0.000000,0.000000,-0.809190
4516,01 06 07 10 23 33,-0.06414137,0.23678199,-1.070160,-1.182675,-0.872699,-1.323111,0.000000,0.000000,0.664069
4517,02 06 07 18 23 33,-0.06416021,0.31618353,-0.560560,-2.109532,-0.413384,-0.199715,0.000000,0.000000,1.021017
4518,01 06 10 12 18 22,-0.06416747,0.39379603,0.458640,-1.030452,0.505247,-1.198289,0.000000,0.000000,-0.488220
4519,08 10 22 23 24 33,-0.06422273,0.33210364,-0.178360,-0.835118,0.964562,-1.822398,0.000000,0.000000,0.791921
4520,08 10 12 22 23 33,-0.06426472,0.28940929,-0.433160,-1.256261,-0.413384,-1.323111,0.000000,0.000000,0.988455
4521,01 02 06 10 12 14,-0.06426518,0.37378771,-0.560560,-0.787900,0.964562,-0.823824,0.000000,0.000000,-2.950909
4522,01 02 06 08 14 22,-0.06426682,0.35230654,-0.178360,-0.783395,0.734904,-1.447933,0.000000,0.000000,-0.774211
4523,07 08 12 18 22 23,-0.06428287,0.29249154,-0.687960,-1.605942,-0.872699,-0.574180,0.000000,0.000000,-0.023414
4524,06 08 10 12 22 33,-0.06429815,0.37566016,0.713440,-0.977551,0.045932,-1.572755,0.000000,0.000000,0.564834
4525,02 06 07 08 14 22,-0.06440895,0.30758262,-0.942760,-1.254890,0.275589,-0.823824,0.000000,0.000000,-0.797631
4526,01 02 07 10 14 18,-0.06444925,0.40925201,-0.178360,-1.664968,0.964562,-0.074893,0.000000,0.000000,-1.531538
4527,07 10 14 18 23 24,-0.06446902,0.28562668,-1.197560,-1.292476,0.734904,-1.073468,0.000000,0.000000,0.247657
4528,02 06 10 14 23 24,-0.06449857,0.26899026,-1.707160,-0.903522,1.883192,-1.572755,0.000000,0.000000,0.190415
4529,02 07 08 14 18 22,-0.06451580,0.39021334,-0.050960,-1.806152,0.505247,-0.199715,0.000000,0.000000,-0.444379
4530,06 07 10 14 18 24,-0.06466182,0.37187755,-0.050960,-1.013766,1.194220,-1.323111,0.000000,0.000000,-0.199575
4531,06 07 10 12 18 22,-0.06468092,0.34907211,-0.305760,-1.501946,0.045932,-0.574180,0.000000,0.000000,-0.566652
4532,02 10 12 18 22 23,-0.06472514,0.32881554,-1.070160,-1.942965,0.964562,-0.199715,0.000000,0.000000,0.161685
4533,08 10 12 18 22 33,-0.06477294,0.45829087,1.605240,-1.528813,0.275589,-0.948646,0.000000,0.000000,0.863575
4534,06 08 14 18 24 33,-0.06479391,0.45659675,1.860040,-0.782425,0.734904,-1.947220,0.000000,0.000000,0.901513
4535,06 12 14 18 23 33,-0.06479669,0.27348168,-0.305760,-1.398784,-1.332014,-1.198289,0.000000,0.000000,1.133727
4536,01 02 06 18 23 33,-0.06484078,0.36090745,0.203840,-1.638037,0.045932,-0.823824,0.000000,0.000000,0.922551
4537,01 06 07 10 18 33,-0.06485099,0.40566358,0.968240,-1.455227,-0.183726,-0.948646,0.000000,0.000000,0.509351
4538,02 07 08 10 14 22,-0.06488092,0.33208217,-0.942760,-1.513098,0.964562,-0.574180,0.000000,0.000000,-0.544354
4539,01 02 08 14 18 22,-0.06494078,0.43493725,0.713440,-1.334658,0.964562,-0.823824,0.000000,0.000000,-0.504978
4540,01 06 08 12 18 22,-0.06502424,0.42346633,1.223040,-0.855738,0.045932,-1.447933,0.000000,0.000000,-0.549557
4541,06 07 08 12 22 23,-0.06509263,0.20986083,-1.579760,-1.054680,-1.102357,-1.198289,0.000000,0.000000,-0.512465
4542,02 08 10 18 22 24,-0.06519999,0.51193061,1.095640,-1.326606,3.031480,-0.948646,0.000000,0.000000,-0.141292
4543,02 06 08 10 12 33,-0.06520182,0.44563950,0.968240,-1.295456,0.964562,-0.948646,0.000000,0.000000,-0.286615
4544,06 10 12 14 23 33,-0.06520422,0.21535052,-1.197560,-1.105729,-0.872699,-1.572755,0.000000,0.000000,1.027468
4545,02 07 10 14 18 22,-0.06523247,0.36054304,-0.815360,-1.980866,0.964562,0.049929,0.000000,0.000000,-0.616152
4546,06 10 14 18 24 33,-0.06524080,0.42692646,1.095640,-0.957139,1.194220,-1.697577,0.000000,0.000000,0.769709
4547,02 06 08 10 22 24,-0.06527862,0.42929990,0.203840,-0.775343,2.801823,-1.572755,0.000000,0.000000,-0.522023
4548,06 08 10 14 24 33,-0.06528541,0.39846559,0.968240,-0.489370,1.194220,-2.321686,0.000000,0.000000,0.782814
4549,01 02 06 08 12 14,-0.06529178,0.40345801,0.203840,-0.613186,0.505247,-1.073468,0.000000,0.000000,-3.037406
4550,02 06 07 10 23 33,-0.06530210,0.25805237,-1.452360,-1.816478,0.045932,-0.574180,0.000000,0.000000,0.805959
4551,07 08 10 22 23 24,-0.06535033,0.27705473,-1.324960,-0.891745,0.964562,-1.447933,0.000000,0.000000,-0.430198
4552,01 06 08 10 14 24,-0.06536201,0.38814060,0.586040,-0.074503,1.653535,-2.571329,0.000000,0.000000,-0.281234
4553,01 06 08 14 18 24,-0.06536975,0.44627176,1.477840,-0.367557,1.194220,-2.196864,0.000000,0.000000,-0.236498
4554,01 02 08 10 14 22,-0.06538125,0.37680609,-0.178360,-1.041603,1.423877,-1.198289,0.000000,0.000000,-0.616117
4555,02 06 08 14 23 24,-0.06542238,0.29866055,-0.942760,-0.728808,1.423877,-1.822398,0.000000,0.000000,0.119147
4556,01 06 10 14 18 24,-0.06548378,0.41660146,0.713440,-0.542271,1.653535,-1.947220,0.000000,0.000000,-0.318989
4557,01 07 08 18 23 33,-0.06552144,0.34908301,0.586040,-1.559223,-1.102357,-0.948646,0.000000,0.000000,0.894286
4558,07 08 14 18 23 24,-0.06556111,0.31529697,-0.433160,-1.117762,0.275589,-1.323111,0.000000,0.000000,0.151457
4559,02 06 07 08 12 14,-0.06559285,0.35873409,-0.560560,-1.084681,0.045932,-0.449359,0.000000,0.000000,-3.084372
4560,01 06 07 08 12 18,-0.06560114,0.42745138,1.095640,-1.011334,-0.413384,-0.948646,0.000000,0.000000,-1.668811
4561,08 10 14 23 24 33,-0.06560140,0.31221472,-0.178360,-0.768080,0.734904,-2.072042,0.000000,0.000000,1.154668
4562,01 06 10 12 14 23,-0.06566087,0.20502553,-1.579760,-0.690862,-0.413384,-1.822398,0.000000,0.000000,-0.092886
4563,01 06 12 14 18 23,-0.06567764,0.26315669,-0.687960,-0.983916,-0.872699,-1.447933,0.000000,0.000000,-0.049488
4564,06 08 12 14 23 33,-0.06570607,0.24502082,-0.433160,-0.931015,-1.332014,-1.822398,0.000000,0.000000,1.018714
4565,02 08 12 18 22 23,-0.06575906,0.35848584,-0.305760,-1.768251,0.505247,-0.449359,0.000000,0.000000,0.074104
4566,08 14 18 23 24 33,-0.06582250,0.37034588,0.713440,-1.061135,0.275589,-1.697577,0.000000,0.000000,1.167794
4567,01 07 10 18 23 33,-0.06595154,0.31941271,-0.178360,-1.733937,-0.643041,-0.699002,0.000000,0.000000,0.764969
4568,10 14 18 23 24 33,-0.06598079,0.34067559,-0.050960,-1.235849,0.734904,-1.447933,0.000000,0.000000,1.078746
4569,01 06 08 10 12 22,-0.06598946,0.36533517,0.331240,-0.562683,0.505247,-1.822398,0.000000,0.000000,-0.738439
4570,02 10 14 18 23 24,-0.06601283,0.35162097,-0.815360,-1.454784,2.112850,-0.948646,0.000000,0.000000,0.335156
4571,01 02 07 08 14 18,-0.06602208,0.43892231,0.586040,-1.490254,0.505247,-0.324537,0.000000,0.000000,-1.698961
4572,01 02 06 10 23 33,-0.06614831,0.30277629,-0.687960,-1.344983,0.505247,-1.198289,0.000000,0.000000,0.682954
4573,06 07 08 22 23 24,-0.06616026,0.25255519,-1.324960,-0.633537,0.275589,-1.697577,0.000000,0.000000,-0.873392
4574,01 06 07 08 23 33,-0.06629913,0.26645229,-0.305760,-1.007961,-1.332014,-1.572755,0.000000,0.000000,0.409987
4575,06 07 08 14 23 24,-0.06632431,0.23266626,-1.324960,-0.566499,0.045932,-1.947220,0.000000,0.000000,-0.330696
4576,06 07 08 12 18 22,-0.06638210,0.37874241,0.458640,-1.327232,-0.413384,-0.823824,0.000000,0.000000,-0.753090
4577,01 08 10 12 18 22,-0.06643227,0.44796588,1.223040,-1.113946,0.734904,-1.198289,0.000000,0.000000,-0.434960
4578,06 07 08 14 18 24,-0.06644887,0.40154784,0.713440,-0.839052,0.734904,-1.572755,0.000000,0.000000,-0.398735
4579,06 07 12 14 18 23,-0.06648918,0.21843277,-1.452360,-1.455411,-1.332014,-0.823824,0.000000,0.000000,-0.172083
4580,01 06 08 12 14 23,-0.06652707,0.23469583,-0.815360,-0.516148,-0.872699,-2.072042,0.000000,0.000000,-0.155618
4581,07 08 10 14 23 24,-0.06653121,0.25716581,-1.324960,-0.824707,0.734904,-1.697577,0.000000,0.000000,-0.038148
4582,01 02 10 18 23 33,-0.06657674,0.38540700,0.203840,-1.896245,0.734904,-0.574180,0.000000,0.000000,0.988564
4583,01 07 08 10 23 33,-0.06662677,0.29095184,-0.305760,-1.266169,-0.643041,-1.323111,0.000000,0.000000,0.684646
4584,02 07 08 18 23 33,-0.06669787,0.37035338,0.203840,-2.193026,-0.183726,-0.199715,0.000000,0.000000,1.033850
4585,01 08 10 14 18 24,-0.06670446,0.47077131,1.477840,-0.625765,1.883192,-1.947220,0.000000,0.000000,-0.111040
4586,01 06 07 08 18 33,-0.06676081,0.43533387,1.732640,-1.280513,-0.643041,-1.198289,0.000000,0.000000,0.292002
4587,01 02 06 07 18 23,-0.06681849,0.30585854,-0.942760,-1.694664,0.045932,-0.449359,0.000000,0.000000,-0.425516
4588,01 10 12 14 18 23,-0.06689335,0.28765624,-0.687960,-1.242124,-0.183726,-1.198289,0.000000,0.000000,0.093602
4589,02 08 10 12 22 23,-0.06694346,0.30035467,-1.197560,-1.475196,0.964562,-0.823824,0.000000,0.000000,-0.147252
4590,02 06 07 10 18 33,-0.06698142,0.42693395,0.586040,-2.089030,0.734904,-0.199715,0.000000,0.000000,0.507578
4591,06 07 10 12 14 23,-0.06704454,0.16030161,-2.344160,-1.162356,-0.872699,-1.198289,0.000000,0.000000,-0.300243
4592,02 07 10 18 23 33,-0.06713111,0.34068308,-0.560560,-2.367740,0.275589,0.049929,0.000000,0.000000,0.904068
4593,02 08 10 14 23 24,-0.06714032,0.32316010,-0.942760,-0.987016,2.112850,-1.572755,0.000000,0.000000,0.187829
4594,02 08 14 18 23 24,-0.06716411,0.38129127,-0.050960,-1.280070,1.653535,-1.198289,0.000000,0.000000,0.230188
4595,08 10 14 18 24 33,-0.06717279,0.48109630,1.860040,-1.040633,1.423877,-1.697577,0.000000,0.000000,0.872276
4596,01 07 08 10 12 18,-0.06721575,0.45195093,1.095640,-1.269542,0.275589,-0.699002,0.000000,0.000000,-1.584820
4597,01 06 07 18 22 23,-0.06728145,0.23587920,-1.197560,-1.376759,-0.872699,-1.073468,0.000000,0.000000,0.223461
4598,01 02 08 18 23 33,-0.06728253,0.41507730,0.968240,-1.721531,0.275589,-0.823824,0.000000,0.000000,0.949595
4599,06 10 12 18 23 24,-0.06729555,0.34015004,-0.305760,-0.975864,1.194220,-1.572755,0.000000,0.000000,0.112904
4600,02 06 07 10 12 18,-0.06730493,0.41905146,-0.050960,-1.819851,0.964562,0.049929,0.000000,0.000000,-1.672972
4601,01 02 06 07 10 23,-0.06730677,0.24772738,-1.834560,-1.401610,0.505247,-0.823824,0.000000,0.000000,-0.543737
4602,01 07 08 10 18 33,-0.06732069,0.45983342,1.732640,-1.538721,0.045932,-0.948646,0.000000,0.000000,0.532254
4603,01 02 07 10 18 23,-0.06739720,0.33035809,-0.942760,-1.952872,0.734904,-0.199715,0.000000,0.000000,-0.188052
4604,06 07 08 10 14 24,-0.06742246,0.34341668,-0.178360,-0.545997,1.194220,-1.947220,0.000000,0.000000,-0.588858
4605,02 06 07 08 23 33,-0.06745673,0.28772267,-0.687960,-1.641764,-0.413384,-0.823824,0.000000,0.000000,0.552342
4606,01 02 06 08 23 33,-0.06747427,0.33244658,0.076440,-1.170269,0.045932,-1.447933,0.000000,0.000000,0.552105
4607,07 08 10 12 22 23,-0.06751783,0.23436038,-1.579760,-1.312888,-0.413384,-0.948646,0.000000,0.000000,-0.548566
4608,06 10 12 14 18 33,-0.06764573,0.38423210,0.840840,-1.378282,-0.183726,-1.198289,0.000000,0.000000,0.616165
4609,08 12 14 18 23 33,-0.06765858,0.32765153,0.458640,-1.482278,-1.102357,-1.198289,0.000000,0.000000,1.098527
4610,07 08 10 14 18 24,-0.06768104,0.42604739,0.713440,-1.097260,1.423877,-1.323111,0.000000,0.000000,-0.258086
4611,01 02 08 10 12 14,-0.06770464,0.42795756,0.203840,-0.871394,1.194220,-0.823824,0.000000,0.000000,-3.071678
4612,02 07 08 10 12 14,-0.06777245,0.38323364,-0.560560,-1.342889,0.734904,-0.199715,0.000000,0.000000,-3.084087
4613,02 07 08 10 23 33,-0.06779064,0.31222222,-0.687960,-1.899972,0.275589,-0.574180,0.000000,0.000000,0.826071
4614,06 07 10 18 22 33,-0.06779106,0.35695461,0.331240,-1.771125,-0.183726,-0.823824,0.000000,0.000000,1.105193
4615,06 08 12 18 23 24,-0.06781309,0.36982034,0.458640,-0.801150,0.734904,-1.822398,0.000000,0.000000,0.101824
4616,01 08 12 14 18 23,-0.06782823,0.31732654,0.076440,-1.067410,-0.643041,-1.447933,0.000000,0.000000,0.020694
4617,01 02 06 10 18 33,-0.06787471,0.47165787,1.350440,-1.617536,1.194220,-0.823824,0.000000,0.000000,0.377596
4618,10 12 14 18 23 33,-0.06790911,0.29798123,-0.305760,-1.656992,-0.643041,-0.948646,0.000000,0.000000,0.995813
4619,01 02 06 10 12 18,-0.06792141,0.46377538,0.713440,-1.348357,1.423877,-0.574180,0.000000,0.000000,-1.761943
4620,01 06 18 22 23 33,-0.06793709,0.29092811,-0.050960,-1.320132,-0.872699,-1.447933,0.000000,0.000000,1.181389
4621,01 06 10 22 23 33,-0.06794944,0.23279694,-0.942760,-1.027078,-0.413384,-1.822398,0.000000,0.000000,1.133677
4622,06 07 10 22 23 33,-0.06802420,0.18807303,-1.707160,-1.498573,-0.872699,-1.198289,0.000000,0.000000,1.120238
4623,06 07 18 22 23 33,-0.06811450,0.24620419,-0.815360,-1.791627,-1.332014,-0.823824,0.000000,0.000000,1.152742
4624,06 08 12 14 18 33,-0.06816328,0.41390240,1.605240,-1.203568,-0.643041,-1.447933,0.000000,0.000000,0.605085
4625,01 07 10 18 22 23,-0.06843651,0.26037875,-1.197560,-1.634967,-0.183726,-0.823824,0.000000,0.000000,0.375536
4626,01 02 08 10 23 33,-0.06845065,0.35694613,0.076440,-1.428477,0.734904,-1.198289,0.000000,0.000000,0.730652
4627,01 06 07 10 22 23,-0.06853771,0.17774803,-2.089360,-1.083705,-0.413384,-1.447933,0.000000,0.000000,-0.008539
4628,02 06 10 12 18 22,-0.06859162,0.41506641,0.076440,-1.664255,1.423877,-0.449359,0.000000,0.000000,-0.829814
4629,06 07 08 12 14 23,-0.06875514,0.18997191,-1.579760,-0.987642,-1.332014,-1.447933,0.000000,0.000000,-0.488076
4630,07 08 10 12 18 22,-0.06880755,0.40324196,0.458640,-1.585440,0.275589,-0.574180,0.000000,0.000000,-0.789227
4631,01 06 08 22 23 33,-0.06883340,0.26246724,-0.178360,-0.852364,-0.872699,-2.072042,0.000000,0.000000,1.068312
4632,02 06 07 08 18 33,-0.06888810,0.45660425,1.350440,-1.914316,0.275589,-0.449359,0.000000,0.000000,0.290694
4633,01 02 06 08 12 18,-0.06893544,0.49344567,1.477840,-1.173643,0.964562,-0.823824,0.000000,0.000000,-1.846579
4634,01 02 06 08 18 33,-0.06895274,0.50132817,2.114840,-1.442822,0.734904,-1.073468,0.000000,0.000000,0.283480
4635,01 02 07 08 18 23,-0.06897812,0.36002839,-0.178360,-1.778158,0.275589,-0.449359,0.000000,0.000000,-0.356674
4636,07 10 12 14 18 23,-0.06906090,0.24293232,-1.452360,-1.713619,-0.643041,-0.574180,0.000000,0.000000,-0.229890
4637,02 06 10 12 14 23,-0.06907113,0.22629590,-1.961960,-1.324665,0.505247,-1.073468,0.000000,0.000000,-0.284269
4638,02 06 12 14 18 23,-0.06910046,0.28442707,-1.070160,-1.617719,0.045932,-0.699002,0.000000,0.000000,-0.242732
4639,02 06 07 08 12 18,-0.06914762,0.44872176,0.713440,-1.645137,0.505247,-0.199715,0.000000,0.000000,-1.880376
4640,08 10 12 14 23 33,-0.06922759,0.26952037,-0.433160,-1.189223,-0.643041,-1.572755,0.000000,0.000000,0.820191
4641,01 08 10 12 14 23,-0.06931849,0.25919537,-0.815360,-0.774356,-0.183726,-1.822398,0.000000,0.000000,-0.245975
4642,06 10 14 22 23 24,-0.06938428,0.19901091,-1.961960,-0.585617,0.964562,-2.196864,0.000000,0.000000,0.184149
4643,06 07 08 10 12 22,-0.06938532,0.32061125,-0.433160,-1.034178,0.045932,-1.198289,0.000000,0.000000,-1.243908
4644,07 08 12 14 18 23,-0.06941327,0.27260262,-0.687960,-1.538905,-1.102357,-0.823824,0.000000,0.000000,-0.216498
4645,02 06 08 12 18 22,-0.06944525,0.44473671,0.840840,-1.489541,0.964562,-0.699002,0.000000,0.000000,-0.890686
4646,02 07 08 10 18 33,-0.06945426,0.48110380,1.350440,-2.172524,0.964562,-0.199715,0.000000,0.000000,0.530016
4647,07 10 18 22 23 33,-0.06945627,0.27070374,-0.815360,-2.049835,-0.643041,-0.574180,0.000000,0.000000,1.277156
4648,06 07 08 18 22 33,-0.06946175,0.38662491,1.095640,-1.596411,-0.643041,-1.073468,0.000000,0.000000,0.923271
4649,06 14 18 22 23 24,-0.06954055,0.25714208,-1.070160,-0.878671,0.505247,-1.822398,0.000000,0.000000,0.206879
4650,01 06 08 18 22 33,-0.06964636,0.43134882,1.860040,-1.124917,-0.183726,-1.697577,0.000000,0.000000,0.898284
4651,02 06 08 10 14 24,-0.06971346,0.40941097,0.203840,-0.708306,2.572165,-1.822398,0.000000,0.000000,-0.612057
4652,02 06 07 18 22 23,-0.06973143,0.25714957,-1.579760,-2.010563,0.045932,-0.324537,0.000000,0.000000,0.174346
4653,02 06 08 14 18 24,-0.06973375,0.46754214,1.095640,-1.001360,2.112850,-1.447933,0.000000,0.000000,-0.569182
4654,01 07 08 18 22 23,-0.06978145,0.29004904,-0.433160,-1.460253,-0.643041,-1.073468,0.000000,0.000000,0.241877
4655,02 06 10 14 18 24,-0.06985093,0.43787184,0.331240,-1.176074,2.572165,-1.198289,0.000000,0.000000,-0.652138
4656,01 06 10 18 22 33,-0.06987674,0.40167853,1.095640,-1.299631,0.275589,-1.447933,0.000000,0.000000,0.798555
4657,02 06 08 12 14 23,-0.06993418,0.25596620,-1.197560,-1.149951,0.045932,-1.323111,0.000000,0.000000,-0.346536
4658,02 06 10 22 23 33,-0.07011127,0.25406732,-1.324960,-1.660881,0.505247,-1.073468,0.000000,0.000000,1.127252
4659,02 06 18 22 23 33,-0.07011147,0.31219848,-0.433160,-1.953936,0.045932,-0.699002,0.000000,0.000000,1.173104
4660,01 02 08 10 18 33,-0.07016136,0.52582772,2.114840,-1.701030,1.423877,-0.823824,0.000000,0.000000,0.427620
4661,01 10 18 22 23 33,-0.07016893,0.31542766,-0.050960,-1.578340,-0.183726,-1.198289,0.000000,0.000000,1.173934
4662,01 02 06 18 22 23,-0.07019920,0.30187349,-0.815360,-1.539068,0.505247,-0.948646,0.000000,0.000000,0.107407
4663,01 06 07 10 18 22,-0.07036623,0.34662962,-0.050960,-1.356258,0.275589,-1.073468,0.000000,0.000000,-0.329026
4664,02 06 08 10 12 22,-0.07039791,0.38660554,-0.050960,-1.196486,1.423877,-1.073468,0.000000,0.000000,-1.077708
4665,01 02 07 08 10 23,-0.07053692,0.30189722,-1.070160,-1.485104,0.734904,-0.823824,0.000000,0.000000,-0.633497
4666,02 10 12 14 18 23,-0.07054070,0.30892661,-1.070160,-1.875927,0.734904,-0.449359,0.000000,0.000000,-0.132907
4667,07 08 10 18 22 33,-0.07057888,0.41112445,1.095640,-1.854619,0.045932,-0.823824,0.000000,0.000000,1.080965
4668,01 08 10 22 23 33,-0.07064143,0.28696679,-0.178360,-1.110572,-0.183726,-1.822398,0.000000,0.000000,1.123648
4669,01 08 18 22 23 33,-0.07064253,0.34509795,0.713440,-1.403626,-0.643041,-1.447933,0.000000,0.000000,1.169367
4670,02 07 08 10 12 18,-0.07076851,0.47322130,0.713440,-1.903345,1.194220,0.049929,0.000000,0.000000,-1.797316
4671,01 06 08 10 22 33,-0.07083141,0.37321766,0.968240,-0.831862,0.275589,-2.072042,0.000000,0.000000,0.676833
4672,02 07 10 18 22 23,-0.07089277,0.28164912,-1.579760,-2.268771,0.734904,-0.074893,0.000000,0.000000,0.325491
4673,07 08 18 22 23 33,-0.07090418,0.30037404,-0.050960,-1.875121,-1.102357,-0.823824,0.000000,0.000000,1.128239
4674,06 08 10 12 23 24,-0.07094455,0.31168918,-0.433160,-0.508096,1.194220,-2.196864,0.000000,0.000000,-0.407993
4675,02 06 07 10 22 23,-0.07097513,0.19901841,-2.471560,-1.717508,0.505247,-0.699002,0.000000,0.000000,-0.055794
4676,01 02 06 07 10 14,-0.07098045,0.32662129,-1.070160,-1.113706,0.734904,-0.699002,0.000000,0.000000,-2.868237
4677,02 06 08 22 23 33,-0.07099208,0.28373762,-0.560560,-1.486167,0.045932,-1.323111,0.000000,0.000000,1.062353
4678,06 08 14 22 23 24,-0.07106959,0.22868121,-1.197560,-0.410903,0.505247,-2.446507,0.000000,0.000000,0.000062
4679,01 02 08 10 12 18,-0.07119879,0.51794522,1.477840,-1.431851,1.653535,-0.574180,0.000000,0.000000,-1.858701
4680,02 08 10 12 18 22,-0.07120511,0.46923625,0.840840,-1.747749,1.653535,-0.449359,0.000000,0.000000,-0.828215
4681,01 02 06 07 08 23,-0.07133261,0.27739768,-1.070160,-1.226896,0.045932,-1.073468,0.000000,0.000000,-1.074582
4682,02 08 10 14 18 24,-0.07142030,0.49204169,1.095640,-1.259568,2.801823,-1.198289,0.000000,0.000000,-0.495849
4683,01 08 10 18 22 33,-0.07149635,0.45584837,1.860040,-1.383125,0.505247,-1.447933,0.000000,0.000000,0.947402
4684,06 07 14 18 23 33,-0.07159130,0.22631527,-0.815360,-1.724589,-1.561672,-1.073468,0.000000,0.000000,1.204644
4685,02 08 12 14 18 23,-0.07159973,0.33859691,-0.305760,-1.701213,0.275589,-0.699002,0.000000,0.000000,-0.224210
4686,01 02 06 10 22 23,-0.07160853,0.24374233,-1.707160,-1.246013,0.964562,-1.323111,0.000000,0.000000,-0.147271
4687,06 07 08 10 22 33,-0.07162813,0.32849374,0.203840,-1.303357,-0.183726,-1.447933,0.000000,0.000000,0.556434
4688,08 10 12 14 18 33,-0.07165340,0.43840195,1.605240,-1.461776,0.045932,-1.198289,0.000000,0.000000,0.411213
4689,01 06 07 08 10 33,-0.07182624,0.37720271,0.840840,-0.987459,-0.183726,-1.572755,0.000000,0.000000,-0.504340
4690,06 07 08 22 23 33,-0.07186592,0.21774332,-0.942760,-1.323859,-1.332014,-1.447933,0.000000,0.000000,0.616673
4691,08 10 12 18 23 24,-0.07187276,0.39431989,0.458640,-1.059358,1.423877,-1.572755,0.000000,0.000000,-0.176427
4692,07 08 10 22 23 33,-0.07188441,0.24224287,-0.942760,-1.582067,-0.643041,-1.198289,0.000000,0.000000,0.937134
4693,01 06 07 08 18 22,-0.07193773,0.37629991,0.713440,-1.181544,-0.183726,-1.323111,0.000000,0.000000,-0.496252
4694,01 07 08 10 22 23,-0.07204525,0.23191788,-1.324960,-1.167199,-0.183726,-1.447933,0.000000,0.000000,-0.139395
4695,06 07 10 14 23 33,-0.07213260,0.16818410,-1.707160,-1.431535,-1.102357,-1.447933,0.000000,0.000000,1.078567
4696,07 08 10 12 14 23,-0.07218679,0.21447146,-1.579760,-1.245850,-0.643041,-1.198289,0.000000,0.000000,-0.673285
4697,02 07 08 18 22 23,-0.07223457,0.31131942,-0.815360,-2.094057,0.275589,-0.324537,0.000000,0.000000,0.192296
4698,01 02 10 18 22 23,-0.07223894,0.32637304,-0.815360,-1.797276,1.194220,-0.699002,0.000000,0.000000,0.128414
4699,06 12 14 18 22 23,-0.07226118,0.21444772,-1.324960,-1.299814,-0.872699,-1.323111,0.000000,0.000000,0.006564
4700,02 10 18 22 23 33,-0.07234960,0.33669803,-0.433160,-2.212144,0.734904,-0.449359,0.000000,0.000000,1.164719
4701,01 06 10 18 23 24,-0.07240563,0.33770755,-0.050960,-0.830175,1.423877,-2.072042,0.000000,0.000000,0.435751
4702,06 08 14 18 22 24,-0.07243387,0.39756279,0.840840,-0.683455,1.194220,-2.072042,0.000000,0.000000,-0.251647
4703,01 02 08 18 22 23,-0.07260642,0.35604334,-0.050960,-1.622562,0.734904,-0.948646,0.000000,0.000000,0.139568
4704,06 10 14 18 22 24,-0.07267160,0.36789249,0.076440,-0.858169,1.653535,-1.822398,0.000000,0.000000,-0.352463
4705,01 06 07 08 22 23,-0.07271606,0.20741833,-1.324960,-0.908991,-0.872699,-1.697577,0.000000,0.000000,-0.561978
4706,02 08 10 12 14 23,-0.07273188,0.28046575,-1.197560,-1.408159,0.734904,-1.073468,0.000000,0.000000,-0.437824
4707,02 06 08 18 22 33,-0.07277474,0.45261920,1.477840,-1.758720,0.734904,-0.948646,0.000000,0.000000,0.748661
4708,01 07 08 10 18 22,-0.07280140,0.40079946,0.713440,-1.439752,0.505247,-1.073468,0.000000,0.000000,-0.301006
4709,02 08 10 22 23 33,-0.07280639,0.30823716,-0.560560,-1.744375,0.734904,-1.073468,0.000000,0.000000,1.116758
4710,02 08 18 22 23 33,-0.07282005,0.36636833,0.331240,-2.037430,0.275589,-0.699002,0.000000,0.000000,1.160616
4711,01 06 08 18 23 24,-0.07288419,0.36737784,0.713440,-0.655461,0.964562,-2.321686,0.000000,0.000000,0.430448
4712,01 06 07 14 18 23,-0.07293915,0.21599027,-1.197560,-1.309722,-1.102357,-1.323111,0.000000,0.000000,-0.047744
4713,02 06 10 18 22 33,-0.07300826,0.42294890,0.713440,-1.933434,1.194220,-0.699002,0.000000,0.000000,0.648467
4714,06 10 12 14 22 23,-0.07323608,0.15631656,-2.216760,-1.006760,-0.413384,-1.697577,0.000000,0.000000,-0.183752
4715,06 08 10 12 18 24,-0.07334103,0.48057076,1.605240,-0.780648,1.883192,-1.822398,0.000000,0.000000,-0.812624
4716,01 06 07 10 14 23,-0.07335826,0.15785911,-2.089360,-1.016667,-0.643041,-1.697577,0.000000,0.000000,-0.155717
4717,06 08 10 12 14 33,-0.07336975,0.35577124,0.713440,-0.910513,-0.183726,-1.822398,0.000000,0.000000,-0.212151
4718,01 06 07 08 10 22,-0.07342251,0.31816875,-0.178360,-0.888489,0.275589,-1.697577,0.000000,0.000000,-0.762109
4719,08 14 18 22 23 24,-0.07360257,0.31131192,-0.305760,-0.962165,0.734904,-1.822398,0.000000,0.000000,-0.006125
4720,01 06 14 18 23 33,-0.07362989,0.27103918,-0.050960,-1.253095,-1.102357,-1.697577,0.000000,0.000000,0.904983
4721,06 07 10 14 18 33,-0.07363581,0.33706569,0.331240,-1.704088,-0.413384,-1.073468,0.000000,0.000000,0.806275
4722,06 08 10 14 22 24,-0.07364735,0.33943163,-0.050960,-0.390401,1.653535,-2.446507,0.000000,0.000000,-0.477309
4723,01 02 07 08 10 14,-0.07370949,0.38079114,-0.305760,-1.197200,0.964562,-0.699002,0.000000,0.000000,-2.883757
4724,06 08 12 14 22 23,-0.07377246,0.18598686,-1.452360,-0.832046,-0.872699,-1.947220,0.000000,0.000000,-0.197623
4725,06 07 10 18 23 24,-0.07378179,0.29298363,-0.815360,-1.301670,0.964562,-1.447933,0.000000,0.000000,0.229506
4726,02 06 07 10 18 22,-0.07380499,0.36789999,-0.433160,-1.990061,1.194220,-0.324537,0.000000,0.000000,-0.524632
4727,06 07 08 14 23 33,-0.07387569,0.19785440,-0.942760,-1.256821,-1.561672,-1.697577,0.000000,0.000000,0.885919
4728,01 02 06 07 08 14,-0.07388886,0.35629159,-0.305760,-0.938992,0.275589,-0.948646,0.000000,0.000000,-3.233531
4729,01 02 06 08 22 23,-0.07389841,0.27341262,-0.942760,-1.071299,0.505247,-1.572755,0.000000,0.000000,-0.420927
4730,02 06 07 08 10 33,-0.07394097,0.39847309,0.458640,-1.621262,0.734904,-0.823824,0.000000,0.000000,-0.503787
4731,02 06 08 10 22 33,-0.07394723,0.39448803,0.586040,-1.465665,1.194220,-1.323111,0.000000,0.000000,0.529071
4732,08 10 14 22 23 24,-0.07398033,0.25318076,-1.197560,-0.669111,1.194220,-2.196864,0.000000,0.000000,-0.107973
4733,01 02 06 08 10 33,-0.07408096,0.44319700,1.223040,-1.149767,1.194220,-1.447933,0.000000,0.000000,-0.522164
4734,01 06 08 14 23 33,-0.07408856,0.24257832,-0.178360,-0.785326,-1.102357,-2.321686,0.000000,0.000000,0.856745
4735,01 06 10 14 23 33,-0.07424654,0.21290802,-0.942760,-0.960040,-0.643041,-2.072042,0.000000,0.000000,0.767742
4736,07 08 14 18 23 33,-0.07426491,0.28048511,-0.050960,-1.808083,-1.332014,-1.073468,0.000000,0.000000,1.197338
4737,06 10 18 23 24 33,-0.07429359,0.34803254,0.331240,-1.245043,0.964562,-1.822398,0.000000,0.000000,1.208744
4738,01 02 06 10 18 22,-0.07445384,0.41262391,0.331240,-1.518566,1.653535,-0.948646,0.000000,0.000000,-0.618399
4739,02 07 08 10 22 23,-0.07448581,0.25318825,-1.707160,-1.801002,0.734904,-0.699002,0.000000,0.000000,-0.187115
4740,02 08 10 18 22 33,-0.07463101,0.47711875,1.477840,-2.016928,1.423877,-0.699002,0.000000,0.000000,0.796849
4741,06 08 18 23 24 33,-0.07472052,0.37770284,1.095640,-1.070329,0.505247,-2.072042,0.000000,0.000000,1.211089
4742,07 10 14 18 23 33,-0.07490523,0.25081482,-0.815360,-1.982798,-0.872699,-0.823824,0.000000,0.000000,1.036876
4743,07 08 10 14 23 33,-0.07491101,0.22235395,-0.942760,-1.515029,-0.872699,-1.447933,0.000000,0.000000,1.055734
4744,01 02 08 10 22 23,-0.07493301,0.29791217,-0.942760,-1.329507,1.194220,-1.323111,0.000000,0.000000,-0.251006
4745,01 08 10 18 23 24,-0.07505680,0.39187739,0.713440,-0.913669,1.653535,-2.072042,0.000000,0.000000,0.431769
4746,02 06 07 08 22 23,-0.07515034,0.22868871,-1.707160,-1.542794,0.045932,-0.948646,0.000000,0.000000,-0.608768
4747,01 06 10 12 14 18,-0.07516278,0.37390711,0.458640,-0.963414,0.275589,-1.447933,0.000000,0.000000,-1.550208
4748,01 02 06 07 10 18,-0.07516442,0.41660896,0.203840,-1.674163,1.194220,-0.449359,0.000000,0.000000,-1.757458
4749,01 06 08 10 23 24,-0.07517178,0.30924668,-0.178360,-0.362407,1.423877,-2.696151,0.000000,0.000000,0.045653
4750,10 14 18 22 23 24,-0.07517792,0.28164163,-1.070160,-1.136879,1.194220,-1.572755,0.000000,0.000000,-0.305113
4751,01 02 06 08 18 22,-0.07519354,0.44229421,1.095640,-1.343852,1.194220,-1.198289,0.000000,0.000000,-0.662391
4752,01 06 07 08 14 23,-0.07531203,0.18752941,-1.324960,-0.841953,-1.102357,-1.947220,0.000000,0.000000,-0.379578
4753,02 06 07 08 18 22,-0.07537335,0.39757029,0.331240,-1.815347,0.734904,-0.574180,0.000000,0.000000,-0.691393
4754,02 06 07 14 18 23,-0.07537658,0.23726065,-1.579760,-1.943525,-0.183726,-0.574180,0.000000,0.000000,-0.094999
4755,06 07 08 14 18 33,-0.07539461,0.36673598,1.095640,-1.529374,-0.872699,-1.323111,0.000000,0.000000,0.611301
4756,01 07 08 14 18 23,-0.07563714,0.27016012,-0.433160,-1.393216,-0.872699,-1.323111,0.000000,0.000000,-0.058662
4757,01 06 08 14 18 33,-0.07565456,0.41145990,1.860040,-1.057879,-0.413384,-1.947220,0.000000,0.000000,0.575150
4758,06 08 10 23 24 33,-0.07566155,0.31957167,0.203840,-0.777275,0.964562,-2.446507,0.000000,0.000000,1.025790
4759,01 10 14 18 23 33,-0.07569325,0.29553873,-0.050960,-1.511303,-0.413384,-1.447933,0.000000,0.000000,0.922491
4760,01 02 06 14 18 23,-0.07569659,0.28198457,-0.815360,-1.472030,0.275589,-1.198289,0.000000,0.000000,-0.140047
4761,02 06 07 10 14 23,-0.07578312,0.17912949,-2.471560,-1.650470,0.275589,-0.948646,0.000000,0.000000,-0.201112
4762,01 07 08 10 14 23,-0.07578400,0.21202896,-1.324960,-1.100161,-0.413384,-1.697577,0.000000,0.000000,-0.126302
4763,02 06 14 18 23 33,-0.07579172,0.29230956,-0.433160,-1.886898,-0.183726,-0.948646,0.000000,0.000000,0.898558
4764,01 06 10 14 18 33,-0.07579685,0.38178960,1.095640,-1.232593,0.045932,-1.697577,0.000000,0.000000,0.488473
4765,02 06 10 18 23 24,-0.07580936,0.35897792,-0.433160,-1.463978,2.342508,-1.323111,0.000000,0.000000,0.245335
4766,01 08 10 14 23 33,-0.07585673,0.26707787,-0.178360,-1.043534,-0.413384,-2.072042,0.000000,0.000000,0.917984
4767,01 07 10 14 18 23,-0.07594461,0.24048982,-1.197560,-1.567930,-0.413384,-1.073468,0.000000,0.000000,-0.169811
4768,01 06 08 12 14 18,-0.07604467,0.40357741,1.223040,-0.788700,-0.183726,-1.697577,0.000000,0.000000,-1.615266
4769,01 08 14 18 23 33,-0.07619196,0.32520903,0.713440,-1.336589,-0.872699,-1.697577,0.000000,0.000000,0.914202
4770,08 10 14 18 22 24,-0.07619527,0.42206234,0.840840,-0.941663,1.883192,-1.822398,0.000000,0.000000,-0.485709
4771,02 06 08 14 23 33,-0.07623468,0.26384869,-0.560560,-1.419129,-0.183726,-1.572755,0.000000,0.000000,0.852646
4772,02 07 08 10 18 22,-0.07624329,0.42206984,0.331240,-2.073555,1.423877,-0.324537,0.000000,0.000000,-0.497077
4773,02 06 08 18 23 24,-0.07628478,0.38864822,0.331240,-1.289264,1.883192,-1.572755,0.000000,0.000000,0.240497
4774,06 10 12 18 23 33,-0.07634912,0.30533818,0.076440,-1.666186,-0.413384,-1.323111,0.000000,0.000000,1.106964
4775,02 06 10 14 23 33,-0.07639581,0.23417840,-1.324960,-1.593843,0.275589,-1.323111,0.000000,0.000000,0.763178
4776,07 08 10 14 18 33,-0.07639853,0.39123553,1.095640,-1.787582,-0.183726,-1.073468,0.000000,0.000000,0.785768
4777,01 02 06 10 14 23,-0.07649187,0.22385340,-1.707160,-1.178976,0.734904,-1.572755,0.000000,0.000000,-0.303753
4778,08 12 14 18 22 23,-0.07660340,0.26861757,-0.560560,-1.383308,-0.643041,-1.323111,0.000000,0.000000,-0.247952
4779,06 08 10 18 24 33,-0.07663302,0.48845325,2.242240,-1.049827,1.653535,-2.072042,0.000000,0.000000,0.832279
4780,01 02 08 10 18 22,-0.07670595,0.46679375,1.095640,-1.602060,1.883192,-0.948646,0.000000,0.000000,-0.563258
4781,01 02 06 08 10 22,-0.07674112,0.38416304,0.203840,-1.050798,1.653535,-1.572755,0.000000,0.000000,-0.937551
4782,06 08 12 18 23 33,-0.07683841,0.33500848,0.840840,-1.491472,-0.872699,-1.572755,0.000000,0.000000,1.100071
4783,02 06 07 08 10 22,-0.07684557,0.33943912,-0.560560,-1.522292,1.194220,-0.948646,0.000000,0.000000,-0.955389
4784,01 06 14 18 22 23,-0.07704060,0.21200522,-1.070160,-1.154125,-0.643041,-1.822398,0.000000,0.000000,0.378400
4785,01 02 10 14 18 23,-0.07706903,0.30648412,-0.815360,-1.730238,0.964562,-0.948646,0.000000,0.000000,-0.020177
4786,01 06 08 10 18 24,-0.07709723,0.47812826,1.860040,-0.634959,2.112850,-2.321686,0.000000,0.000000,-0.289196
4787,06 07 08 18 23 24,-0.07721811,0.32265393,-0.050960,-1.126956,0.505247,-1.697577,0.000000,0.000000,-0.213998
4788,08 10 18 23 24 33,-0.07731051,0.40220238,1.095640,-1.328537,1.194220,-1.822398,0.000000,0.000000,1.150574
4789,01 08 10 14 18 33,-0.07739135,0.43595945,1.860040,-1.316087,0.275589,-1.697577,0.000000,0.000000,0.641041
4790,01 02 06 08 14 23,-0.07761385,0.25352370,-0.942760,-1.004262,0.275589,-1.822398,0.000000,0.000000,-0.404380
4791,02 06 07 08 14 23,-0.07773376,0.20879978,-1.707160,-1.475756,-0.183726,-1.198289,0.000000,0.000000,-0.424508
4792,01 06 10 12 18 23,-0.07775787,0.29501319,-0.305760,-1.251318,0.045932,-1.572755,0.000000,0.000000,-0.154445
4793,06 07 10 12 14 18,-0.07776323,0.32918319,-0.305760,-1.434909,-0.183726,-0.823824,0.000000,0.000000,-1.937835
4794,01 06 10 14 22 23,-0.07779540,0.15387406,-1.961960,-0.861071,-0.183726,-2.196864,0.000000,0.000000,0.220692
4795,01 06 08 10 14 33,-0.07782518,0.35332874,0.968240,-0.764825,0.045932,-2.321686,0.000000,0.000000,0.207685
4796,02 10 14 18 23 33,-0.07786136,0.31680911,-0.433160,-2.145106,0.505247,-0.699002,0.000000,0.000000,0.915136
4797,07 08 10 18 23 24,-0.07788595,0.34715347,-0.050960,-1.385164,1.194220,-1.447933,0.000000,0.000000,0.010259
4798,02 08 10 14 23 33,-0.07800914,0.28834824,-0.560560,-1.677338,0.505247,-1.323111,0.000000,0.000000,0.912955
4799,01 08 10 12 14 18,-0.07804994,0.42807696,1.223040,-1.046908,0.505247,-1.447933,0.000000,0.000000,-1.589153
4800,06 10 12 14 18 22,-0.07805500,0.32519814,-0.178360,-1.279312,0.275589,-1.323111,0.000000,0.000000,-0.947276
4801,02 07 08 14 18 23,-0.07807770,0.29143050,-0.815360,-2.027019,0.045932,-0.574180,0.000000,0.000000,-0.106382
4802,06 10 14 22 23 33,-0.07809340,0.16419905,-1.579760,-1.275939,-0.643041,-1.947220,0.000000,0.000000,1.229241
4803,06 07 10 12 18 23,-0.07812253,0.25028927,-1.070160,-1.722813,-0.413384,-0.948646,0.000000,0.000000,-0.210834
4804,02 07 08 10 14 23,-0.07821201,0.23329933,-1.707160,-1.733965,0.505247,-0.948646,0.000000,0.000000,-0.172162
4805,02 08 14 18 23 33,-0.07835692,0.34647941,0.331240,-1.970392,0.045932,-0.948646,0.000000,0.000000,0.907312
4806,06 14 18 22 23 33,-0.07836270,0.22233022,-0.687960,-1.568993,-1.102357,-1.572755,0.000000,0.000000,1.235226
4807,01 02 07 08 10 18,-0.07837887,0.47077881,0.968240,-1.757657,1.423877,-0.449359,0.000000,0.000000,-1.844893
4808,02 08 10 18 23 24,-0.07846367,0.41314777,0.331240,-1.547472,2.572165,-1.323111,0.000000,0.000000,0.240887
4809,10 12 14 18 22 23,-0.07850890,0.23894727,-1.324960,-1.558022,-0.183726,-1.073468,0.000000,0.000000,-0.595854
4810,01 02 08 14 18 23,-0.07852490,0.33615441,-0.050960,-1.555524,0.505247,-1.198289,0.000000,0.000000,-0.170273
4811,06 07 08 10 14 33,-0.07854655,0.30860482,0.203840,-1.236319,-0.413384,-1.697577,0.000000,0.000000,0.098449
4812,02 06 08 10 23 24,-0.07855981,0.33051705,-0.560560,-0.996210,2.342508,-1.947220,0.000000,0.000000,-0.142438
4813,01 02 06 07 08 18,-0.07856947,0.44627926,0.968240,-1.499449,0.734904,-0.699002,0.000000,0.000000,-2.196331
4814,06 08 12 14 18 22,-0.07860708,0.35486844,0.586040,-1.104598,-0.183726,-1.572755,0.000000,0.000000,-0.963473
4815,01 06 08 12 18 23,-0.07861150,0.32468349,0.458640,-1.076604,-0.413384,-1.822398,0.000000,0.000000,-0.215317
4816,06 08 14 22 23 33,-0.07869378,0.19386935,-0.815360,-1.101225,-1.102357,-2.196864,0.000000,0.000000,1.205890
4817,01 06 08 14 22 23,-0.07872862,0.18354436,-1.197560,-0.686357,-0.643041,-2.446507,0.000000,0.000000,0.148029
4818,01 02 08 10 14 23,-0.07873456,0.27802325,-0.942760,-1.262470,0.964562,-1.572755,0.000000,0.000000,-0.247217
4819,06 08 10 12 23 33,-0.07874379,0.27687732,-0.050960,-1.198418,-0.413384,-1.947220,0.000000,0.000000,0.771901
4820,02 06 08 14 18 33,-0.07877039,0.43273028,1.477840,-1.691682,0.505247,-1.198289,0.000000,0.000000,0.427388
4821,01 06 07 08 10 12,-0.07878624,0.36932022,0.203840,-0.718280,0.045932,-1.323111,0.000000,0.000000,-3.668106
4822,02 07 10 14 18 23,-0.07879751,0.26176020,-1.579760,-2.201733,0.505247,-0.324537,0.000000,0.000000,-0.278620
4823,01 10 14 18 22 23,-0.07881663,0.23650477,-1.070160,-1.412333,0.045932,-1.572755,0.000000,0.000000,0.438475
4824,06 07 14 18 22 23,-0.07887571,0.16728131,-1.834560,-1.625620,-1.102357,-1.198289,0.000000,0.000000,0.104160
4825,08 10 12 14 22 23,-0.07891441,0.21048641,-1.452360,-1.090254,-0.183726,-1.697577,0.000000,0.000000,-0.636217
4826,02 06 10 14 18 33,-0.07891582,0.40305998,0.713440,-1.866396,0.964562,-0.948646,0.000000,0.000000,0.340246
4827,06 07 08 10 18 24,-0.07919536,0.43340434,1.095640,-1.106454,1.653535,-1.697577,0.000000,0.000000,-0.602402
4828,06 07 10 14 22 23,-0.07927325,0.10915014,-2.726360,-1.332566,-0.643041,-1.572755,0.000000,0.000000,-0.000619
4829,08 10 12 18 23 33,-0.07932837,0.35950803,0.840840,-1.749680,-0.183726,-1.323111,0.000000,0.000000,1.054376
4830,01 06 08 10 12 23,-0.07947321,0.26655233,-0.433160,-0.783550,0.045932,-2.196864,0.000000,0.000000,-0.388863
4831,06 07 08 12 14 18,-0.07948952,0.35885349,0.458640,-1.260195,-0.643041,-1.073468,0.000000,0.000000,-2.127994
4832,06 07 08 12 18 23,-0.07982057,0.27995957,-0.305760,-1.548099,-0.872699,-1.198289,0.000000,0.000000,-0.396807
4833,01 08 14 18 22 23,-0.07985003,0.26617507,-0.305760,-1.237619,-0.413384,-1.822398,0.000000,0.000000,0.350971
4834,01 08 10 12 18 23,-0.08002581,0.34918304,0.458640,-1.334812,0.275589,-1.572755,0.000000,0.000000,-0.101651
4835,02 06 10 12 14 18,-0.08017378,0.39517748,0.076440,-1.597217,1.194220,-0.699002,0.000000,0.000000,-1.978747
4836,06 08 14 18 22 33,-0.08021139,0.36275093,1.223040,-1.373777,-0.413384,-1.822398,0.000000,0.000000,0.931465
4837,01 08 10 14 22 23,-0.08042773,0.20804391,-1.197560,-0.944565,0.045932,-2.196864,0.000000,0.000000,0.219501
4838,02 06 14 18 22 23,-0.08047911,0.23327560,-1.452360,-1.787928,0.275589,-1.073468,0.000000,0.000000,0.182830
4839,06 07 08 10 23 24,-0.08048703,0.26452276,-0.942760,-0.833902,0.964562,-2.072042,0.000000,0.000000,-0.744180
4840,02 08 10 14 18 33,-0.08051345,0.45722982,1.477840,-1.949890,1.194220,-0.948646,0.000000,0.000000,0.492349
4841,06 10 14 18 22 33,-0.08065200,0.33308063,0.458640,-1.548491,0.045932,-1.572755,0.000000,0.000000,0.800591
4842,06 08 10 14 22 33,-0.08088261,0.30461977,0.331240,-1.080723,0.045932,-2.196864,0.000000,0.000000,0.786140
4843,02 06 08 10 14 33,-0.08092844,0.37459911,0.586040,-1.398628,0.964562,-1.572755,0.000000,0.000000,0.061783
4844,06 10 18 22 23 24,-0.08098028,0.28899858,-0.687960,-1.146073,1.423877,-1.947220,0.000000,0.000000,0.196813
4845,02 06 08 12 14 18,-0.08105253,0.42484778,0.840840,-1.422503,0.734904,-0.948646,0.000000,0.000000,-2.043340
4846,08 10 14 22 23 33,-0.08109149,0.21836890,-0.815360,-1.359433,-0.413384,-1.947220,0.000000,0.000000,1.173862
4847,06 08 10 12 14 22,-0.08115112,0.29673727,-0.305760,-0.811544,0.275589,-1.947220,0.000000,0.000000,-1.386261
4848,02 06 10 12 18 23,-0.08117440,0.31628357,-0.687960,-1.885121,0.964562,-0.823824,0.000000,0.000000,-0.346758
4849,02 06 10 14 22 23,-0.08122135,0.17514443,-2.344160,-1.494874,0.734904,-1.447933,0.000000,0.000000,0.026983
4850,08 14 18 22 23 33,-0.08125598,0.27650006,0.076440,-1.652487,-0.872699,-1.572755,0.000000,0.000000,1.195374
4851,06 08 10 12 18 33,-0.08132335,0.44575890,1.987440,-1.470970,0.275589,-1.572755,0.000000,0.000000,0.340145
4852,10 14 18 22 23 33,-0.08140800,0.24682976,-0.687960,-1.827201,-0.413384,-1.323111,0.000000,0.000000,1.107256
4853,02 06 08 10 18 24,-0.08145496,0.49939864,1.477840,-1.268763,3.031480,-1.572755,0.000000,0.000000,-0.620950
4854,07 10 14 18 22 23,-0.08155122,0.19178085,-1.834560,-1.883828,-0.413384,-0.948646,0.000000,0.000000,0.030975
4855,01 06 07 10 14 18,-0.08192186,0.32674069,-0.050960,-1.289220,0.045932,-1.323111,0.000000,0.000000,-1.474028
4856,02 06 08 12 18 23,-0.08202490,0.34595386,0.076440,-1.710407,0.505247,-1.073468,0.000000,0.000000,-0.407165
4857,02 06 08 14 22 23,-0.08215144,0.20481473,-1.579760,-1.320160,0.275589,-1.697577,0.000000,0.000000,-0.045215
4858,07 08 14 18 22 23,-0.08217674,0.22145115,-1.070160,-1.709114,-0.872699,-1.198289,0.000000,0.000000,0.003899
4859,07 08 10 12 18 23,-0.08222066,0.30445912,-0.305760,-1.806307,-0.183726,-0.948646,0.000000,0.000000,-0.429187
4860,06 08 18 22 23 24,-0.08228017,0.31866888,0.076440,-0.971359,0.964562,-2.196864,0.000000,0.000000,0.069827
4861,02 10 14 18 22 23,-0.08247968,0.25777515,-1.452360,-2.046136,0.964562,-0.823824,0.000000,0.000000,0.209641
4862,08 10 14 18 22 33,-0.08257771,0.38725048,1.223040,-1.631985,0.275589,-1.572755,0.000000,0.000000,0.904088
4863,01 02 06 08 10 12,-0.08265619,0.43531451,0.586040,-0.880588,1.423877,-1.198289,0.000000,0.000000,-3.925231
4864,01 06 08 14 18 22,-0.08268846,0.35242594,0.840840,-0.958909,0.045932,-2.072042,0.000000,0.000000,-0.488220
4865,06 07 08 10 12 23,-0.08272028,0.22182841,-1.197560,-1.255045,-0.413384,-1.572755,0.000000,0.000000,-0.872290
4866,08 10 12 14 18 22,-0.08272424,0.37936799,0.586040,-1.362806,0.505247,-1.323111,0.000000,0.000000,-1.250241
4867,02 06 08 10 12 23,-0.08287405,0.28782270,-0.815360,-1.417353,0.964562,-1.447933,0.000000,0.000000,-0.578851
4868,02 08 10 12 14 18,-0.08293679,0.44934733,0.840840,-1.680711,1.423877,-0.699002,0.000000,0.000000,-1.999297
4869,02 06 07 08 10 12,-0.08298286,0.39059059,-0.178360,-1.352083,0.964562,-0.574180,0.000000,0.000000,-3.975991
4870,07 08 10 12 14 18,-0.08304798,0.38335304,0.458640,-1.518403,0.045932,-0.823824,0.000000,0.000000,-2.331990
4871,01 06 08 10 14 22,-0.08307870,0.29429478,-0.050960,-0.665855,0.505247,-2.446507,0.000000,0.000000,-0.591916
4872,06 07 10 14 18 22,-0.08315388,0.27803172,-0.687960,-1.605118,0.045932,-1.198289,0.000000,0.000000,-0.625132
4873,06 07 08 14 22 23,-0.08316424,0.13882044,-1.961960,-1.157852,-1.102357,-1.822398,0.000000,0.000000,-0.511484
4874,01 06 10 14 18 22,-0.08320542,0.32275564,0.076440,-1.133623,0.505247,-1.822398,0.000000,0.000000,-0.630405
4875,06 07 10 18 23 33,-0.08331305,0.25817177,-0.433160,-1.991992,-0.643041,-1.198289,0.000000,0.000000,1.152797
4876,07 08 10 14 22 23,-0.08339022,0.16331999,-1.961960,-1.416060,-0.413384,-1.572755,0.000000,0.000000,-0.221763
4877,01 06 07 08 14 18,-0.08348214,0.35641099,0.713440,-1.114506,-0.413384,-1.572755,0.000000,0.000000,-1.639590
4878,02 08 14 18 22 23,-0.08363723,0.28744545,-0.687960,-1.871422,0.505247,-1.073468,0.000000,0.000000,0.103742
4879,02 08 10 12 18 23,-0.08379104,0.37045341,0.076440,-1.968615,1.194220,-0.823824,0.000000,0.000000,-0.345624
4880,02 08 10 14 22 23,-0.08385682,0.22931428,-1.579760,-1.578368,0.964562,-1.447933,0.000000,0.000000,0.025327
4881,06 10 12 18 22 23,-0.08388268,0.24630422,-0.942760,-1.567216,0.045932,-1.447933,0.000000,0.000000,-0.030432
4882,01 07 08 10 14 18,-0.08392271,0.38091054,0.713440,-1.372714,0.275589,-1.323111,0.000000,0.000000,-1.381663
4883,01 08 10 14 18 22,-0.08401062,0.37692549,0.840840,-1.217117,0.734904,-1.822398,0.000000,0.000000,-0.360901
4884,06 07 08 14 18 22,-0.08406516,0.30770202,0.076440,-1.430404,-0.413384,-1.447933,0.000000,0.000000,-0.694544
4885,06 08 12 18 22 23,-0.08440651,0.27597452,-0.178360,-1.392502,-0.413384,-1.697577,0.000000,0.000000,-0.042442
4886,06 08 10 22 23 24,-0.08444266,0.26053771,-0.815360,-0.678305,1.423877,-2.571329,0.000000,0.000000,-0.296434
4887,06 08 10 18 22 24,-0.08477128,0.42941929,1.223040,-0.950858,2.112850,-2.196864,0.000000,0.000000,-0.394707
4888,01 06 07 10 18 23,-0.08492632,0.24784677,-0.815360,-1.577124,-0.183726,-1.447933,0.000000,0.000000,-0.138914
4889,06 07 08 18 23 33,-0.08498060,0.28784207,0.331240,-1.817278,-1.102357,-1.447933,0.000000,0.000000,0.971340
4890,01 06 08 18 23 33,-0.08515579,0.33256598,1.095640,-1.345783,-0.643041,-2.072042,0.000000,0.000000,0.947748
4891,01 06 10 18 23 33,-0.08538932,0.30289568,0.331240,-1.520497,-0.183726,-1.822398,0.000000,0.000000,0.847554
4892,06 07 08 10 14 22,-0.08543672,0.24957086,-0.815360,-1.137350,0.045932,-1.822398,0.000000,0.000000,-0.943627
4893,06 10 14 18 23 24,-0.08547813,0.26910965,-0.687960,-1.079036,1.194220,-2.196864,0.000000,0.000000,0.097444
4894,08 10 18 22 23 24,-0.08558888,0.34316842,0.076440,-1.229567,1.653535,-1.947220,0.000000,0.000000,-0.097168
4895,06 08 14 18 23 24,-0.08571011,0.29877995,0.076440,-0.904322,0.734904,-2.446507,0.000000,0.000000,0.128671
4896,01 06 08 10 12 14,-0.08574849,0.34544624,0.331240,-0.495646,0.275589,-2.072042,0.000000,0.000000,-3.098798
4897,02 06 07 10 14 18,-0.08594748,0.34801107,-0.433160,-1.923023,0.964562,-0.574180,0.000000,0.000000,-1.756578
4898,07 08 10 18 23 33,-0.08610402,0.31234161,0.331240,-2.075486,-0.413384,-1.198289,0.000000,0.000000,1.128103
4899,07 08 10 14 18 22,-0.08623011,0.33220157,0.076440,-1.688612,0.275589,-1.198289,0.000000,0.000000,-0.692087
4900,01 06 08 10 23 33,-0.08627368,0.27443482,0.203840,-1.052729,-0.183726,-2.446507,0.000000,0.000000,0.736248
4901,01 06 07 08 18 23,-0.08649468,0.27751707,-0.050960,-1.402410,-0.643041,-1.697577,0.000000,0.000000,-0.305675
4902,01 02 06 10 14 18,-0.08654512,0.39273498,0.331240,-1.451528,1.423877,-1.198289,0.000000,0.000000,-1.842758
4903,06 08 10 14 23 24,-0.08669277,0.24064879,-0.815360,-0.611267,1.194220,-2.820973,0.000000,0.000000,-0.062795
4904,01 02 06 08 14 18,-0.08680074,0.42240528,1.095640,-1.276814,0.964562,-1.447933,0.000000,0.000000,-1.815033
4905,01 08 10 18 23 33,-0.08701206,0.35706553,1.095640,-1.603991,0.045932,-1.822398,0.000000,0.000000,0.995935
4906,02 06 07 08 14 18,-0.08703176,0.37768137,0.331240,-1.748309,0.505247,-0.823824,0.000000,0.000000,-1.851621
4907,06 07 08 10 23 33,-0.08707981,0.22971090,-0.560560,-1.524223,-0.643041,-1.822398,0.000000,0.000000,0.614453
4908,02 06 08 14 18 22,-0.08711261,0.37369631,0.458640,-1.592713,0.964562,-1.323111,0.000000,0.000000,-0.829814
4909,02 06 08 18 23 33,-0.08730820,0.35383636,0.713440,-1.979586,0.275589,-1.323111,0.000000,0.000000,0.942719
4910,02 06 07 10 18 23,-0.08735746,0.26911715,-1.197560,-2.210927,0.734904,-0.699002,0.000000,0.000000,-0.185239
4911,01 07 08 10 18 23,-0.08736463,0.30201662,-0.050960,-1.660618,0.045932,-1.447933,0.000000,0.000000,-0.111360
4912,02 06 08 10 14 22,-0.08749029,0.31556515,-0.433160,-1.299658,1.423877,-1.697577,0.000000,0.000000,-0.931650
4913,02 06 10 18 23 33,-0.08754486,0.32416606,-0.050960,-2.154300,0.734904,-1.073468,0.000000,0.000000,0.842059
4914,06 08 10 12 22 23,-0.08765404,0.21784336,-1.070160,-1.099448,0.045932,-2.072042,0.000000,0.000000,-0.569455
4915,02 07 08 10 14 18,-0.08788782,0.40218091,0.331240,-2.006517,1.194220,-0.574180,0.000000,0.000000,-1.655248
4916,01 02 08 10 14 18,-0.08789006,0.44690483,1.095640,-1.535022,1.653535,-1.198289,0.000000,0.000000,-1.653217
4917,01 06 08 10 18 33,-0.08795299,0.44331640,2.242240,-1.325281,0.505247,-2.072042,0.000000,0.000000,0.437866
4918,01 06 07 08 10 23,-0.08800325,0.21938591,-0.942760,-1.109356,-0.183726,-2.072042,0.000000,0.000000,-0.575056
4919,01 02 06 10 18 23,-0.08802854,0.31384107,-0.433160,-1.739433,1.194220,-1.323111,0.000000,0.000000,-0.282298
4920,02 06 10 14 18 22,-0.08810555,0.34402602,-0.305760,-1.767427,1.423877,-1.073468,0.000000,0.000000,-1.042518
4921,02 06 08 10 23 33,-0.08841353,0.29570519,-0.178360,-1.686532,0.734904,-1.697577,0.000000,0.000000,0.733079
4922,08 10 12 18 22 23,-0.08851689,0.30047407,-0.178360,-1.650710,0.275589,-1.447933,0.000000,0.000000,-0.328208
4923,06 07 08 10 18 33,-0.08871203,0.39859248,1.477840,-1.796776,0.045932,-1.447933,0.000000,0.000000,0.323049
4924,01 02 06 08 18 23,-0.08876510,0.34351137,0.331240,-1.564719,0.734904,-1.572755,0.000000,0.000000,-0.325826
4925,02 08 10 14 18 22,-0.08878660,0.39819586,0.458640,-1.850921,1.653535,-1.073468,0.000000,0.000000,-0.754621
4926,01 06 08 10 12 18,-0.08885856,0.43543391,1.605240,-1.056103,0.734904,-1.822398,0.000000,0.000000,-1.828918
4927,01 06 10 18 22 23,-0.08886910,0.24386172,-0.687960,-1.421528,0.275589,-1.947220,0.000000,0.000000,0.310737
4928,02 06 07 08 18 23,-0.08892269,0.29878745,-0.433160,-2.036213,0.275589,-0.948646,0.000000,0.000000,-0.351535
4929,08 10 14 18 23 24,-0.08900494,0.32327950,0.076440,-1.162530,1.423877,-2.196864,0.000000,0.000000,-0.036266
4930,02 08 10 18 23 33,-0.08917075,0.37833591,0.713440,-2.237794,0.964562,-1.073468,0.000000,0.000000,0.989976
4931,01 06 08 18 22 23,-0.08935393,0.27353202,0.076440,-1.246814,-0.183726,-2.196864,0.000000,0.000000,0.304504
4932,06 10 18 22 23 33,-0.08974591,0.25418672,-0.305760,-1.836395,-0.183726,-1.697577,0.000000,0.000000,1.233533
4933,02 07 08 10 18 23,-0.08979891,0.32328700,-0.433160,-2.294421,0.964562,-0.699002,0.000000,0.000000,-0.158149
4934,06 08 10 14 18 24,-0.08988468,0.40953037,1.223040,-0.883820,1.883192,-2.446507,0.000000,0.000000,-0.585271
4935,06 10 12 14 18 23,-0.09005721,0.22641530,-0.942760,-1.500179,-0.183726,-1.697577,0.000000,0.000000,-0.378206
4936,01 02 08 10 18 23,-0.09028379,0.36801091,0.331240,-1.822927,1.423877,-1.323111,0.000000,0.000000,-0.227623
4937,06 08 18 22 23 33,-0.09033373,0.28385701,0.458640,-1.661681,-0.643041,-1.947220,0.000000,0.000000,1.212043
4938,01 02 06 08 10 23,-0.09033646,0.28538020,-0.560560,-1.271664,1.194220,-1.947220,0.000000,0.000000,-0.604509
4939,06 07 10 18 22 23,-0.09038463,0.19913781,-1.452360,-1.893022,-0.183726,-1.323111,0.000000,0.000000,0.083844
4940,02 06 07 08 10 23,-0.09041869,0.24065628,-1.324960,-1.743159,0.734904,-1.323111,0.000000,0.000000,-0.619055
4941,06 08 12 14 18 23,-0.09060615,0.25608560,-0.178360,-1.325465,-0.643041,-1.947220,0.000000,0.000000,-0.393937
4942,02 06 08 10 12 14,-0.09087036,0.36671662,-0.050960,-1.129449,1.194220,-1.323111,0.000000,0.000000,-3.543763
4943,06 08 10 12 18 22,-0.09095418,0.38672494,0.968240,-1.372001,0.734904,-1.697577,0.000000,0.000000,-1.107968
4944,02 06 08 10 18 33,-0.09106253,0.46458678,1.860040,-1.959084,1.423877,-1.323111,0.000000,0.000000,0.291034
4945,01 06 07 08 10 14,-0.09111931,0.29827983,-0.178360,-0.821452,0.045932,-1.947220,0.000000,0.000000,-2.816943
4946,06 08 10 22 23 33,-0.09132651,0.22572585,-0.433160,-1.368627,-0.183726,-2.321686,0.000000,0.000000,1.019077
4947,01 08 10 18 22 23,-0.09151399,0.29803157,0.076440,-1.505022,0.505247,-1.947220,0.000000,0.000000,0.307685
4948,01 06 08 10 22 23,-0.09163029,0.21540086,-0.815360,-0.953759,0.275589,-2.571329,0.000000,0.000000,-0.078628
4949,06 08 10 18 22 33,-0.09206306,0.39460743,1.605240,-1.641180,0.505247,-1.947220,0.000000,0.000000,0.860369
4950,02 06 10 18 22 23,-0.09230133,0.26513210,-1.070160,-2.055331,1.194220,-1.198289,0.000000,0.000000,0.116098
4951,08 10 18 22 23 33,-0.09275656,0.30835656,0.458640,-1.919889,0.045932,-1.697577,0.000000,0.000000,1.176294
4952,02 06 08 18 22 23,-0.09278302,0.29480240,-0.305760,-1.880617,0.734904,-1.447933,0.000000,0.000000,0.110330
4953,06 07 08 10 12 18,-0.09284957,0.39070999,0.840840,-1.527597,0.275589,-1.198289,0.000000,0.000000,-2.422560
4954,06 07 08 10 12 14,-0.09300082,0.30072233,-0.433160,-0.967140,-0.183726,-1.447933,0.000000,0.000000,-4.175615
4955,02 06 08 10 12 18,-0.09338730,0.45670428,1.223040,-1.689906,1.653535,-1.073468,0.000000,0.000000,-2.186008
4956,06 08 10 12 14 23,-0.09339222,0.19795443,-1.070160,-1.032410,-0.183726,-2.321686,0.000000,0.000000,-0.852585
4957,06 07 08 18 22 23,-0.09382722,0.22880810,-0.687960,-1.718308,-0.643041,-1.572755,0.000000,0.000000,-0.360590
4958,01 06 08 10 18 22,-0.09442851,0.38428244,1.223040,-1.226312,0.964562,-2.196864,0.000000,0.000000,-0.542778
4959,07 08 10 18 22 23,-0.09451415,0.25330765,-0.687960,-1.976516,0.045932,-1.323111,0.000000,0.000000,-0.139161
4960,08 10 12 14 18 23,-0.09466630,0.28058515,-0.178360,-1.583673,0.045932,-1.697577,0.000000,0.000000,-0.672261
4961,06 08 14 18 23 33,-0.09476369,0.26396809,0.458640,-1.594644,-0.872699,-2.196864,0.000000,0.000000,1.122732
4962,02 08 10 18 22 23,-0.09494936,0.31930194,-0.305760,-2.138825,1.423877,-1.198289,0.000000,0.000000,0.112581
4963,01 02 06 08 10 14,-0.09497356,0.36427412,0.203840,-0.983760,1.423877,-1.822398,0.000000,0.000000,-3.071743
4964,02 06 08 10 22 23,-0.09504683,0.23667123,-1.197560,-1.587562,1.194220,-1.822398,0.000000,0.000000,-0.270941
4965,06 10 14 18 23 33,-0.09520744,0.23429779,-0.305760,-1.769358,-0.413384,-1.947220,0.000000,0.000000,0.991393
4966,02 06 07 08 10 14,-0.09525579,0.31955020,-0.560560,-1.455255,0.964562,-1.198289,0.000000,0.000000,-3.115919
4967,06 08 10 14 23 33,-0.09542235,0.20583693,-0.433160,-1.301589,-0.413384,-2.571329,0.000000,0.000000,0.979267
4968,01 02 06 07 08 10,-0.09579112,0.38814809,0.076440,-1.206394,1.194220,-1.073468,0.000000,0.000000,-4.793652
4969,01 06 07 08 10 18,-0.09581381,0.38826749,1.095640,-1.381908,0.505247,-1.697577,0.000000,0.000000,-1.781800
4970,06 07 10 14 18 23,-0.09612578,0.17924888,-1.452360,-1.825985,-0.413384,-1.572755,0.000000,0.000000,-0.199725
4971,01 06 08 14 18 23,-0.09627886,0.25364310,0.076440,-1.179776,-0.413384,-2.446507,0.000000,0.000000,-0.154445
4972,01 06 08 10 14 23,-0.09643828,0.19551193,-0.815360,-0.886722,0.045932,-2.820973,0.000000,0.000000,-0.223946
4973,01 06 10 14 18 23,-0.09679895,0.22397280,-0.687960,-1.354490,0.045932,-2.196864,0.000000,0.000000,-0.297095
4974,06 07 08 10 18 22,-0.09682420,0.33955852,0.458640,-1.697807,0.505247,-1.572755,0.000000,0.000000,-0.900070
4975,06 07 08 10 22 23,-0.09708491,0.17067694,-1.579760,-1.425254,-0.183726,-1.947220,0.000000,0.000000,-0.889109
4976,08 10 14 18 23 33,-0.09713629,0.28846764,0.458640,-1.852852,-0.183726,-1.947220,0.000000,0.000000,1.094424
4977,06 07 08 14 18 23,-0.09750677,0.20891918,-0.687960,-1.651271,-0.872699,-1.822398,0.000000,0.000000,-0.338726
4978,01 08 10 14 18 23,-0.09760730,0.27814265,0.076440,-1.437984,0.275589,-2.196864,0.000000,0.000000,-0.028057
4979,06 08 10 14 18 33,-0.09789526,0.37471851,1.605240,-1.574142,0.275589,-2.196864,0.000000,0.000000,0.563312
4980,06 08 10 18 23 24,-0.09804124,0.33063645,0.458640,-1.171724,1.653535,-2.571329,0.000000,0.000000,-0.013458
4981,06 07 08 10 14 23,-0.09864752,0.15078802,-1.579760,-1.358216,-0.413384,-2.196864,0.000000,0.000000,-0.553613
4982,02 06 08 10 18 22,-0.09884638,0.40555281,0.840840,-1.860115,1.883192,-1.447933,0.000000,0.000000,-0.883443
4983,01 02 06 08 10 18,-0.09916381,0.45426178,1.477840,-1.544217,1.883192,-1.572755,0.000000,0.000000,-1.961894
4984,07 08 10 14 18 23,-0.09917351,0.23341873,-0.687960,-1.909479,-0.183726,-1.572755,0.000000,0.000000,-0.262458
4985,02 06 07 08 10 18,-0.09935716,0.40953787,0.713440,-2.015711,1.423877,-0.948646,0.000000,0.000000,-1.992901
4986,02 06 08 14 18 23,-0.09969539,0.27491347,-0.305760,-1.813579,0.505247,-1.697577,0.000000,0.000000,-0.346758
4987,02 06 08 10 14 23,-0.09984226,0.21678231,-1.197560,-1.520525,0.964562,-2.072042,0.000000,0.000000,-0.414399
4988,02 06 10 14 18 23,-0.10021863,0.24524318,-1.070160,-1.988293,0.964562,-1.447933,0.000000,0.000000,-0.489873
4989,02 08 10 14 18 23,-0.10137566,0.29941302,-0.305760,-2.071787,1.194220,-1.447933,0.000000,0.000000,-0.272495
4990,06 08 14 18 22 23,-0.10229725,0.20493413,-0.560560,-1.495674,-0.413384,-2.321686,0.000000,0.000000,-0.014665
4991,06 10 14 18 22 23,-0.10253183,0.17526383,-1.324960,-1.670388,0.045932,-2.072042,0.000000,0.000000,-0.115016
4992,06 08 10 12 18 23,-0.10341982,0.28794210,0.203840,-1.592867,0.275589,-2.072042,0.000000,0.000000,-0.607556
4993,06 08 10 14 22 23,-0.10352328,0.14680297,-1.452360,-1.202620,0.045932,-2.696151,0.000000,0.000000,-0.242187
4994,06 08 10 12 14 18,-0.10508060,0.36683602,0.968240,-1.304963,0.505247,-1.947220,0.000000,0.000000,-2.633840
4995,01 06 08 10 14 18,-0.10597158,0.36439352,1.223040,-1.159274,0.734904,-2.446507,0.000000,0.000000,-1.685919
4996,08 10 14 18 22 23,-0.10611564,0.22943368,-0.560560,-1.753882,0.275589,-2.072042,0.000000,0.000000,-0.257171
4997,06 08 10 18 23 33,-0.10660908,0.29582459,0.840840,-1.862046,0.045932,-2.321686,0.000000,0.000000,1.052566
4998,01 06 08 10 18 23,-0.10801263,0.28549960,0.458640,-1.447178,0.505247,-2.571329,0.000000,0.000000,-0.208073
4999,06 08 10 14 18 22,-0.10837360,0.31568455,0.586040,-1.475172,0.734904,-2.321686,0.000000,0.000000,-1.010363
5000,06 07 08 10 14 18,-0.10939760,0.31966960,0.458640,-1.630769,0.275589,-1.822398,0.000000,0.000000,-2.195857
5001,06 07 08 10 18 23,-0.11025954,0.24077568,-0.305760,-1.918673,0.045932,-1.947220,0.000000,0.000000,-0.543322
5002,02 06 08 10 14 18,-0.11097631,0.38566389,0.840840,-1.793077,1.653535,-1.697577,0.000000,0.000000,-2.113528
5003,02 06 08 10 18 23,-0.11142288,0.30676997,0.076440,-2.080981,1.423877,-1.822398,0.000000,0.000000,-0.399456
5004,06 08 10 18 22 23,-0.11464093,0.23679063,-0.178360,-1.763076,0.505247,-2.446507,0.000000,0.000000,-0.158654
5005,06 08 10 14 18 23,-0.12036952,0.21690171,-0.178360,-1.696039,0.275589,-2.696151,0.000000,0.000000,-0.440362
