previous_number,next_number,trigger_draws,following_count,conditional_rate,unconditional_next_rate,p_enrichment,holm_p
1,1,34,9,0.2647058823529412,0.18232044198895028,0.1296419478449382,1.0
1,2,34,5,0.14705882352941177,0.1712707182320442,0.7411178943545293,1.0
1,3,34,5,0.14705882352941177,0.143646408839779,0.5664684979786615,1.0
1,4,34,5,0.14705882352941177,0.18232044198895028,0.7956889850269173,1.0
1,5,34,2,0.058823529411764705,0.10497237569060773,0.9089975261929856,1.0
1,6,34,8,0.23529411764705882,0.17679558011049723,0.2243249749588309,1.0
1,7,34,5,0.14705882352941177,0.14917127071823205,0.60538388776882,1.0
1,8,34,4,0.11764705882352941,0.20994475138121546,0.9621070352910625,1.0
1,9,34,6,0.17647058823529413,0.13812154696132597,0.31698262357337015,1.0
1,10,34,6,0.17647058823529413,0.17679558011049723,0.5876704171278591,1.0
1,11,34,6,0.17647058823529413,0.14917127071823205,0.3952407829019625,1.0
1,12,34,5,0.14705882352941177,0.17679558011049723,0.7695340938409502,1.0
1,13,34,8,0.23529411764705882,0.18232044198895028,0.2546235436352766,1.0
1,14,34,6,0.17647058823529413,0.15469613259668508,0.4348131857665006,1.0
1,15,34,6,0.17647058823529413,0.18232044198895028,0.6230667031995346,1.0
1,16,34,4,0.11764705882352941,0.1270718232044199,0.6664414620205873,1.0
1,17,34,7,0.20588235294117646,0.143646408839779,0.1874872707115084,1.0
1,18,34,10,0.29411764705882354,0.20994475138121546,0.1357238142839905,1.0
1,19,34,4,0.11764705882352941,0.143646408839779,0.7675313452278154,1.0
1,20,34,3,0.08823529411764706,0.15469613259668508,0.9347913458965847,1.0
1,21,34,5,0.14705882352941177,0.1270718232044199,0.4414446818471636,1.0
1,22,34,2,0.058823529411764705,0.16022099447513813,0.9876528196594522,1.0
1,23,34,5,0.14705882352941177,0.12154696132596685,0.3982198201353836,1.0
1,24,34,8,0.23529411764705882,0.18232044198895028,0.2546235436352766,1.0
1,25,34,5,0.14705882352941177,0.17679558011049723,0.7695340938409502,1.0
1,26,34,1,0.029411764705882353,0.13812154696132597,0.9964062528755457,1.0
1,27,34,3,0.08823529411764706,0.1270718232044199,0.8522452546799308,1.0
1,28,34,4,0.11764705882352941,0.12154696132596685,0.6273115872078179,1.0
1,29,34,2,0.058823529411764705,0.12154696132596685,0.94842901147777,1.0
1,30,34,5,0.14705882352941177,0.15469613259668508,0.6424644751606289,1.0
1,31,34,9,0.2647058823529412,0.14917127071823205,0.03874384347516941,1.0
1,32,34,9,0.2647058823529412,0.13812154696132597,0.02272890279344066,1.0
1,33,34,8,0.23529411764705882,0.19889502762430938,0.3529403187303385,1.0
1,34,34,3,0.08823529411764706,0.143646408839779,0.9085291343225937,1.0
1,35,34,5,0.14705882352941177,0.17679558011049723,0.7695340938409502,1.0
1,36,34,3,0.08823529411764706,0.13812154696132597,0.8922601586578116,1.0
1,37,34,5,0.14705882352941177,0.16574585635359115,0.7104365805928654,1.0
1,38,34,8,0.23529411764705882,0.19889502762430938,0.3529403187303385,1.0
2,1,31,5,0.16129032258064516,0.18232044198895028,0.7131437553365415,1.0
2,2,31,2,0.06451612903225806,0.1712707182320442,0.9854932986961472,1.0
2,3,31,6,0.1935483870967742,0.143646408839779,0.26857458739616524,1.0
2,4,31,3,0.0967741935483871,0.18232044198895028,0.9548363694834903,1.0
2,5,31,5,0.16129032258064516,0.10497237569060773,0.20525528776922627,1.0
2,6,31,3,0.0967741935483871,0.17679558011049723,0.9468042886508121,1.0
2,7,31,7,0.22580645161290322,0.14917127071823205,0.14946198627244034,1.0
2,8,31,8,0.25806451612903225,0.20994475138121546,0.3073019422980488,1.0
2,9,31,1,0.03225806451612903,0.13812154696132597,0.9937648063266351,1.0
2,10,31,7,0.22580645161290322,0.17679558011049723,0.29012705023491325,1.0
2,11,31,6,0.1935483870967742,0.14917127071823205,0.30260675914580115,1.0
2,12,31,11,0.3548387096774194,0.17679558011049723,0.007042668061372595,1.0
2,13,31,5,0.16129032258064516,0.18232044198895028,0.7131437553365415,1.0
2,14,31,3,0.0967741935483871,0.15469613259668508,0.9006999209361689,1.0
2,15,31,4,0.12903225806451613,0.18232044198895028,0.8664834803240317,1.0
2,16,31,2,0.06451612903225806,0.1270718232044199,0.9364934606836663,1.0
2,17,31,3,0.0967741935483871,0.143646408839779,0.8669102097668724,1.0
2,18,31,7,0.22580645161290322,0.20994475138121546,0.48900764455828466,1.0
2,19,31,4,0.12903225806451613,0.143646408839779,0.6917621310156161,1.0
2,20,31,10,0.3225806451612903,0.15469613259668508,0.007883275262035801,1.0
2,21,31,1,0.03225806451612903,0.1270718232044199,0.9903343198186794,1.0
2,22,31,6,0.1935483870967742,0.16022099447513813,0.37322587646665634,1.0
2,23,31,6,0.1935483870967742,0.12154696132596685,0.14784646220359168,1.0
2,24,31,6,0.1935483870967742,0.18232044198895028,0.5163158788362057,1.0
2,25,31,5,0.16129032258064516,0.17679558011049723,0.6833213498061875,1.0
2,26,31,5,0.16129032258064516,0.13812154696132597,0.43244251497762143,1.0
2,27,31,6,0.1935483870967742,0.1270718232044199,0.1751793451914819,1.0
2,28,31,1,0.03225806451612903,0.12154696132596685,0.9879934128997655,1.0
2,29,31,5,0.16129032258064516,0.12154696132596685,0.31499755432184384,1.0
2,30,31,3,0.0967741935483871,0.15469613259668508,0.9006999209361689,1.0
2,31,31,6,0.1935483870967742,0.14917127071823205,0.30260675914580115,1.0
2,32,31,1,0.03225806451612903,0.13812154696132597,0.9937648063266351,1.0
2,33,31,4,0.12903225806451613,0.19889502762430938,0.9115063077665824,1.0
2,34,31,4,0.12903225806451613,0.143646408839779,0.6917621310156161,1.0
2,35,31,6,0.1935483870967742,0.17679558011049723,0.48101390936287636,1.0
2,36,31,4,0.12903225806451613,0.13812154696132597,0.6578692936611064,1.0
2,37,31,5,0.16129032258064516,0.16574585635359115,0.6184062656303819,1.0
2,38,31,10,0.3225806451612903,0.19889502762430938,0.05409601633194991,1.0
3,1,26,3,0.11538461538461539,0.18232044198895028,0.8960881529318779,1.0
3,2,26,4,0.15384615384615385,0.1712707182320442,0.6917621310156161,1.0
3,3,26,3,0.11538461538461539,0.143646408839779,0.7640958058629638,1.0
3,4,26,7,0.2692307692307692,0.18232044198895028,0.16582536425851319,1.0
3,5,26,1,0.038461538461538464,0.10497237569060773,0.9557373482833579,1.0
3,6,26,3,0.11538461538461539,0.17679558011049723,0.8822507656299132,1.0
3,7,26,7,0.2692307692307692,0.14917127071823205,0.06555145985965095,1.0
3,8,26,9,0.34615384615384615,0.20994475138121546,0.061403318247116145,1.0
3,9,26,2,0.07692307692307693,0.13812154696132597,0.9092854871388354,1.0
3,10,26,2,0.07692307692307693,0.17679558011049723,0.9681578784629432,1.0
3,11,26,3,0.11538461538461539,0.14917127071823205,0.7884502040124649,1.0
3,12,26,2,0.07692307692307693,0.17679558011049723,0.9681578784629432,1.0
3,13,26,5,0.19230769230769232,0.18232044198895028,0.53549242907473,1.0
3,14,26,4,0.15384615384615385,0.15469613259668508,0.6019967272705053,1.0
3,15,26,4,0.15384615384615385,0.18232044198895028,0.7438768926102678,1.0
3,16,26,3,0.11538461538461539,0.1270718232044199,0.6786172528908785,1.0
3,17,26,6,0.23076923076923078,0.143646408839779,0.14347979448837261,1.0
3,18,26,8,0.3076923076923077,0.20994475138121546,0.14446549337638837,1.0
3,19,26,2,0.07692307692307693,0.143646408839779,0.9213846272451581,1.0
3,20,26,4,0.15384615384615385,0.15469613259668508,0.6019967272705053,1.0
3,21,26,6,0.23076923076923078,0.1270718232044199,0.08669513268435615,1.0
3,22,26,2,0.07692307692307693,0.16022099447513813,0.9494934705544268,1.0
3,23,26,1,0.038461538461538464,0.12154696132596685,0.973905196529371,1.0
3,24,26,6,0.23076923076923078,0.18232044198895028,0.3261234720106781,1.0
3,25,26,4,0.15384615384615385,0.17679558011049723,0.7186181697574753,1.0
3,26,26,5,0.19230769230769232,0.13812154696132597,0.27621486995487654,1.0
3,27,26,2,0.07692307692307693,0.1270718232044199,0.8800295513394351,1.0
3,28,26,7,0.2692307692307692,0.12154696132596685,0.02137304931273894,1.0
3,29,26,2,0.07692307692307693,0.12154696132596685,0.8625154384308649,1.0
3,30,26,6,0.23076923076923078,0.15469613259668508,0.18952178406577386,1.0
3,31,26,5,0.19230769230769232,0.14917127071823205,0.3401078744421044,1.0
3,32,26,4,0.15384615384615385,0.13812154696132597,0.5003130493139091,1.0
3,33,26,7,0.2692307692307692,0.19889502762430938,0.23443656096419324,1.0
3,34,26,3,0.11538461538461539,0.143646408839779,0.7640958058629638,1.0
3,35,26,4,0.15384615384615385,0.17679558011049723,0.7186181697574753,1.0
3,36,26,2,0.07692307692307693,0.13812154696132597,0.9092854871388354,1.0
3,37,26,6,0.23076923076923078,0.16574585635359115,0.24108706405992109,1.0
3,38,26,2,0.07692307692307693,0.19889502762430938,0.9832674610420371,1.0
4,1,33,6,0.18181818181818182,0.18232044198895028,0.5887114843652612,1.0
4,2,33,7,0.21212121212121213,0.1712707182320442,0.3221550467328936,1.0
4,3,33,5,0.15151515151515152,0.143646408839779,0.53549242907473,1.0
4,4,33,4,0.12121212121212122,0.18232044198895028,0.8998576033710274,1.0
4,5,33,4,0.12121212121212122,0.10497237569060773,0.4693015252533767,1.0
4,6,33,6,0.18181818181818182,0.17679558011049723,0.5530570824496019,1.0
4,7,33,4,0.12121212121212122,0.14917127071823205,0.7733371365434828,1.0
4,8,33,10,0.30303030303030304,0.20994475138121546,0.11399471712392675,1.0
4,9,33,5,0.15151515151515152,0.13812154696132597,0.495229168100874,1.0
4,10,33,5,0.15151515151515152,0.17679558011049723,0.7427894355007898,1.0
4,11,33,2,0.06060606060606061,0.14917127071823205,0.9777175788301609,1.0
4,12,33,7,0.21212121212121213,0.17679558011049723,0.3571039965114899,1.0
4,13,33,9,0.2727272727272727,0.18232044198895028,0.11021630526633468,1.0
4,14,33,5,0.15151515151515152,0.15469613259668508,0.6119275208379628,1.0
4,15,33,13,0.3939393939393939,0.18232044198895028,0.0012105347742985032,1.0
4,16,33,1,0.030303030303030304,0.1270718232044199,0.9930796324715215,1.0
4,17,33,4,0.12121212121212122,0.143646408839779,0.7438768926102678,1.0
4,18,33,9,0.2727272727272727,0.20994475138121546,0.22488804056149356,1.0
4,19,33,6,0.18181818181818182,0.143646408839779,0.3261234720106781,1.0
4,20,33,4,0.12121212121212122,0.15469613259668508,0.8002387391610691,1.0
4,21,33,3,0.09090909090909091,0.1270718232044199,0.8358508023864593,1.0
4,22,33,3,0.09090909090909091,0.16022099447513813,0.9363272518344627,1.0
4,23,33,1,0.030303030303030304,0.12154696132596685,0.9912671552616819,1.0
4,24,33,3,0.09090909090909091,0.18232044198895028,0.9683774056595976,1.0
4,25,33,7,0.21212121212121213,0.17679558011049723,0.3571039965114899,1.0
4,26,33,3,0.09090909090909091,0.13812154696132597,0.8785253152024612,1.0
4,27,33,6,0.18181818181818182,0.1270718232044199,0.21912806956973396,1.0
4,28,33,6,0.18181818181818182,0.12154696132596685,0.18683121016613893,1.0
4,29,33,5,0.15151515151515152,0.12154696132596685,0.370231233207982,1.0
4,30,33,4,0.12121212121212122,0.15469613259668508,0.8002387391610691,1.0
4,31,33,6,0.18181818181818182,0.14917127071823205,0.36394496102870033,1.0
4,32,33,3,0.09090909090909091,0.13812154696132597,0.8785253152024612,1.0
4,33,33,6,0.18181818181818182,0.19889502762430938,0.6872135785296056,1.0
4,34,33,4,0.12121212121212122,0.143646408839779,0.7438768926102678,1.0
4,35,33,8,0.24242424242424243,0.17679558011049723,0.19733736895219292,1.0
4,36,33,4,0.12121212121212122,0.13812154696132597,0.7118177443740311,1.0
4,37,33,3,0.09090909090909091,0.16574585635359115,0.9462860898874139,1.0
4,38,33,7,0.21212121212121213,0.19889502762430938,0.49961493435190213,1.0
5,1,19,6,0.3157894736842105,0.18232044198895028,0.10438704123312817,1.0
5,2,19,3,0.15789473684210525,0.1712707182320442,0.6688234792362615,1.0
5,3,19,3,0.15789473684210525,0.143646408839779,0.5359093978373783,1.0
5,4,19,5,0.2631578947368421,0.18232044198895028,0.248041159376846,1.0
5,5,19,0,0.0,0.10497237569060773,1,1.0
5,6,19,1,0.05263157894736842,0.17679558011049723,0.9800815230531782,1.0
5,7,19,3,0.15789473684210525,0.14917127071823205,0.564450087617097,1.0
5,8,19,2,0.10526315789473684,0.20994475138121546,0.941358081867843,1.0
5,9,19,1,0.05263157894736842,0.13812154696132597,0.9495987323518529,1.0
5,10,19,2,0.10526315789473684,0.17679558011049723,0.8876354621091509,1.0
5,11,19,6,0.3157894736842105,0.14917127071823205,0.042745051353869384,1.0
5,12,19,2,0.10526315789473684,0.17679558011049723,0.8876354621091509,1.0
5,13,19,4,0.21052631578947367,0.18232044198895028,0.4693015252533767,1.0
5,14,19,0,0.0,0.15469613259668508,1,1.0
5,15,19,2,0.10526315789473684,0.18232044198895028,0.8988034426258793,1.0
5,16,19,4,0.21052631578947367,0.1270718232044199,0.20625464837705354,1.0
5,17,19,6,0.3157894736842105,0.143646408839779,0.03567125908518417,1.0
5,18,19,5,0.2631578947368421,0.20994475138121546,0.3649372520686353,1.0
5,19,19,4,0.21052631578947367,0.143646408839779,0.28130180555787365,1.0
5,20,19,3,0.15789473684210525,0.15469613259668508,0.5920715447909236,1.0
5,21,19,2,0.10526315789473684,0.1270718232044199,0.7313714983069974,1.0
5,22,19,3,0.15789473684210525,0.16022099447513813,0.6187070173195305,1.0
5,23,19,2,0.10526315789473684,0.12154696132596685,0.7065283889649844,1.0
5,24,19,1,0.05263157894736842,0.18232044198895028,0.9826214630665314,1.0
5,25,19,3,0.15789473684210525,0.17679558011049723,0.6922381060229116,1.0
5,26,19,6,0.3157894736842105,0.13812154696132597,0.0294347493791792,1.0
5,27,19,6,0.3157894736842105,0.1270718232044199,0.019294121602167574,1.0
5,28,19,3,0.15789473684210525,0.12154696132596685,0.41444690272209206,1.0
5,29,19,3,0.15789473684210525,0.12154696132596685,0.41444690272209206,1.0
5,30,19,3,0.15789473684210525,0.15469613259668508,0.5920715447909236,1.0
5,31,19,5,0.2631578947368421,0.14917127071823205,0.13017987981778045,1.0
5,32,19,2,0.10526315789473684,0.13812154696132597,0.7761161082006216,1.0
5,33,19,2,0.10526315789473684,0.19889502762430938,0.9267341083370968,1.0
5,34,19,3,0.15789473684210525,0.143646408839779,0.5359093978373783,1.0
5,35,19,2,0.10526315789473684,0.17679558011049723,0.8876354621091509,1.0
5,36,19,0,0.0,0.13812154696132597,1,1.0
5,37,19,3,0.15789473684210525,0.16574585635359115,0.6443040698665154,1.0
5,38,19,3,0.15789473684210525,0.19889502762430938,0.7746661654262503,1.0
6,1,32,8,0.25,0.18232044198895028,0.19733736895219292,1.0
6,2,32,5,0.15625,0.1712707182320442,0.6833213498061875,1.0
6,3,32,4,0.125,0.143646408839779,0.7186181697574753,1.0
6,4,32,4,0.125,0.18232044198895028,0.8841540581559236,1.0
6,5,32,1,0.03125,0.10497237569060773,0.9800815230531782,1.0
6,6,32,7,0.21875,0.17679558011049723,0.32321410581709364,1.0
6,7,32,2,0.0625,0.14917127071823205,0.973700272839268,1.0
6,8,32,5,0.15625,0.20994475138121546,0.856883898440278,1.0
6,9,32,7,0.21875,0.13812154696132597,0.12218590542339791,1.0
6,10,32,8,0.25,0.17679558011049723,0.17195899458426936,1.0
6,11,32,7,0.21875,0.14917127071823205,0.17090225447471075,1.0
6,12,32,3,0.09375,0.17679558011049723,0.9550579441271502,1.0
6,13,32,5,0.15625,0.18232044198895028,0.7427894355007898,1.0
6,14,32,6,0.1875,0.15469613259668508,0.36974483785970813,1.0
6,15,32,6,0.1875,0.18232044198895028,0.5530570824496019,1.0
6,16,32,6,0.1875,0.1270718232044199,0.19661813725813743,1.0
6,17,32,4,0.125,0.143646408839779,0.7186181697574753,1.0
6,18,32,11,0.34375,0.20994475138121546,0.039303217586636886,1.0
6,19,32,4,0.125,0.143646408839779,0.7186181697574753,1.0
6,20,32,2,0.0625,0.15469613259668508,0.978334622582508,1.0
6,21,32,6,0.1875,0.1270718232044199,0.19661813725813743,1.0
6,22,32,6,0.1875,0.16022099447513813,0.40687591633382214,1.0
6,23,32,1,0.03125,0.12154696132596685,0.9897543790078001,1.0
6,24,32,7,0.21875,0.18232044198895028,0.3571039965114899,1.0
6,25,32,8,0.25,0.17679558011049723,0.17195899458426936,1.0
6,26,32,3,0.09375,0.13812154696132597,0.863370081490786,1.0
6,27,32,3,0.09375,0.1270718232044199,0.8180435705866375,1.0
6,28,32,6,0.1875,0.12154696132596685,0.1667902526436602,1.0
6,29,32,4,0.125,0.12154696132596685,0.5724652653500817,1.0
6,30,32,3,0.09375,0.15469613259668508,0.9134537261771427,1.0
6,31,32,4,0.125,0.14917127071823205,0.7492333005981252,1.0
6,32,32,6,0.1875,0.13812154696132597,0.2620198702929072,1.0
6,33,32,9,0.28125,0.19889502762430938,0.1488042341387303,1.0
6,34,32,2,0.0625,0.143646408839779,0.9681578784629432,1.0
6,35,32,7,0.21875,0.17679558011049723,0.32321410581709364,1.0
6,36,32,4,0.125,0.13812154696132597,0.6855645836136485,1.0
6,37,32,5,0.15625,0.16574585635359115,0.6506911174766213,1.0
6,38,32,3,0.09375,0.19889502762430938,0.9777926277219117,1.0
7,1,27,6,0.2222222222222222,0.18232044198895028,0.36394496102870033,1.0
7,2,27,3,0.1111111111111111,0.1712707182320442,0.8848487629938152,1.0
7,3,27,4,0.14814814814814814,0.143646408839779,0.5692606206669554,1.0
7,4,27,8,0.2962962962962963,0.18232044198895028,0.08604566086112243,1.0
7,5,27,0,0.0,0.10497237569060773,1,1.0
7,6,27,4,0.14814814814814814,0.17679558011049723,0.7492333005981252,1.0
7,7,27,3,0.1111111111111111,0.14917127071823205,0.8116065228981598,1.0
7,8,27,6,0.2222222222222222,0.20994475138121546,0.5201138278426005,1.0
7,9,27,7,0.25925925925925924,0.13812154696132597,0.05356248530138609,1.0
7,10,27,7,0.25925925925925924,0.17679558011049723,0.17090225447471075,1.0
7,11,27,1,0.037037037037037035,0.14917127071823205,0.9912853074087614,1.0
7,12,27,5,0.18518518518518517,0.17679558011049723,0.5425811674237397,1.0
7,13,27,9,0.3333333333333333,0.18232044198895028,0.031776909131501926,1.0
7,14,27,2,0.07407407407407407,0.15469613259668508,0.9500319898827034,1.0
7,15,27,3,0.1111111111111111,0.18232044198895028,0.9114320299804274,1.0
7,16,27,3,0.1111111111111111,0.1270718232044199,0.705905370745199,1.0
7,17,27,4,0.14814814814814814,0.143646408839779,0.5692606206669554,1.0
7,18,27,7,0.25925925925925924,0.20994475138121546,0.32497412523626684,1.0
7,19,27,4,0.14814814814814814,0.143646408839779,0.5692606206669554,1.0
7,20,27,8,0.2962962962962963,0.15469613259668508,0.03356674988994761,1.0
7,21,27,3,0.1111111111111111,0.1270718232044199,0.705905370745199,1.0
7,22,27,6,0.2222222222222222,0.16022099447513813,0.244274941190315,1.0
7,23,27,1,0.037037037037037035,0.12154696132596685,0.9776089750864926,1.0
7,24,27,7,0.25925925925925924,0.18232044198895028,0.1937482604476,1.0
7,25,27,3,0.1111111111111111,0.17679558011049723,0.898877948758887,1.0
7,26,27,4,0.14814814814814814,0.13812154696132597,0.5340063520169782,1.0
7,27,27,2,0.07407407407407407,0.1270718232044199,0.8939594857869739,1.0
7,28,27,2,0.07407407407407407,0.12154696132596685,0.877606954044211,1.0
7,29,27,3,0.1111111111111111,0.12154696132596685,0.6738714932640402,1.0
7,30,27,5,0.18518518518518517,0.15469613259668508,0.40832569659014756,1.0
7,31,27,4,0.14814814814814814,0.14917127071823205,0.6031996529269051,1.0
7,32,27,4,0.14814814814814814,0.13812154696132597,0.5340063520169782,1.0
7,33,27,4,0.14814814814814814,0.19889502762430938,0.8355395219115122,1.0
7,34,27,6,0.2222222222222222,0.143646408839779,0.16574503295372162,1.0
7,35,27,1,0.037037037037037035,0.17679558011049723,0.9967225264024622,1.0
7,36,27,3,0.1111111111111111,0.13812154696132597,0.7631590982418289,1.0
7,37,27,3,0.1111111111111111,0.16574585635359115,0.8692248617961551,1.0
7,38,27,7,0.25925925925925924,0.19889502762430938,0.2696203380347479,1.0
8,1,38,8,0.21052631578947367,0.18232044198895028,0.3832437064303389,1.0
8,2,38,10,0.2631578947368421,0.1712707182320442,0.077254013603151,1.0
8,3,38,5,0.13157894736842105,0.143646408839779,0.6804306205562212,1.0
8,4,38,9,0.23684210526315788,0.18232044198895028,0.22488804056149356,1.0
8,5,38,0,0.0,0.10497237569060773,0.9999999999999999,1.0
8,6,38,8,0.21052631578947367,0.17679558011049723,0.3448544540984976,1.0
8,7,38,5,0.13157894736842105,0.14917127071823205,0.7168662552638624,1.0
8,8,38,6,0.15789473684210525,0.20994475138121546,0.8682097479289883,1.0
8,9,38,3,0.07894736842105263,0.13812154696132597,0.934879476124418,1.0
8,10,38,5,0.13157894736842105,0.17679558011049723,0.856883898440278,1.0
8,11,38,8,0.21052631578947367,0.14917127071823205,0.17266996710449442,1.0
8,12,38,5,0.13157894736842105,0.17679558011049723,0.856883898440278,1.0
8,13,38,8,0.21052631578947367,0.18232044198895028,0.3832437064303389,1.0
8,14,38,8,0.21052631578947367,0.15469613259668508,0.2033285963388122,1.0
8,15,38,7,0.18421052631578946,0.18232044198895028,0.5687123771253638,1.0
8,16,38,7,0.18421052631578946,0.1270718232044199,0.17785525112066158,1.0
8,17,38,6,0.15789473684210525,0.143646408839779,0.4767494494856374,1.0
8,18,38,11,0.2894736842105263,0.20994475138121546,0.13021438978881666,1.0
8,19,38,4,0.10526315789473684,0.143646408839779,0.8465342493704673,1.0
8,20,38,4,0.10526315789473684,0.15469613259668508,0.8888538996209572,1.0
8,21,38,4,0.10526315789473684,0.1270718232044199,0.7601092740135426,1.0
8,22,38,3,0.07894736842105263,0.16022099447513813,0.9708321423164608,1.0
8,23,38,5,0.13157894736842105,0.12154696132596685,0.509527557543474,1.0
8,24,38,6,0.15789473684210525,0.18232044198895028,0.7445212212216895,1.0
8,25,38,8,0.21052631578947367,0.17679558011049723,0.3448544540984976,1.0
8,26,38,4,0.10526315789473684,0.13812154696132597,0.8209798449375064,1.0
8,27,38,4,0.10526315789473684,0.1270718232044199,0.7601092740135426,1.0
8,28,38,4,0.10526315789473684,0.12154696132596685,0.7245253892549417,1.0
8,29,38,7,0.18421052631578946,0.12154696132596685,0.14690916736554951,1.0
8,30,38,5,0.13157894736842105,0.15469613259668508,0.7504730363451335,1.0
8,31,38,5,0.13157894736842105,0.14917127071823205,0.7168662552638624,1.0
8,32,38,7,0.18421052631578946,0.13812154696132597,0.2475203012290834,1.0
8,33,38,9,0.23684210526315788,0.19889502762430938,0.32568463091712396,1.0
8,34,38,6,0.15789473684210525,0.143646408839779,0.4767494494856374,1.0
8,35,38,4,0.10526315789473684,0.17679558011049723,0.9448147750451608,1.0
8,36,38,6,0.15789473684210525,0.13812154696132597,0.43261216006977915,1.0
8,37,38,6,0.15789473684210525,0.16574585635359115,0.6415891465570516,1.0
8,38,38,8,0.21052631578947367,0.19889502762430938,0.4996977044245591,1.0
9,1,25,2,0.08,0.18232044198895028,0.9669060470021058,1.0
9,2,25,7,0.28,0.1712707182320442,0.10570737998314562,1.0
9,3,25,1,0.04,0.143646408839779,0.9847841214022887,1.0
9,4,25,4,0.16,0.18232044198895028,0.7118177443740311,1.0
9,5,25,2,0.08,0.10497237569060773,0.7761161082006216,1.0
9,6,25,2,0.08,0.17679558011049723,0.9615496390142487,1.0
9,7,25,6,0.24,0.14917127071823205,0.14262343916278228,1.0
9,8,25,1,0.04,0.20994475138121546,0.9983094802920608,1.0
9,9,25,4,0.16,0.13812154696132597,0.46583640633559636,1.0
9,10,25,3,0.12,0.17679558011049723,0.863370081490786,1.0
9,11,25,3,0.12,0.14917127071823205,0.7631590982418289,1.0
9,12,25,2,0.08,0.17679558011049723,0.9615496390142487,1.0
9,13,25,3,0.12,0.18232044198895028,0.8785253152024612,1.0
9,14,25,3,0.12,0.15469613259668508,0.7867290949963851,1.0
9,15,25,5,0.2,0.18232044198895028,0.495229168100874,1.0
9,16,25,4,0.16,0.1270718232044199,0.3953641200501029,1.0
9,17,25,5,0.2,0.143646408839779,0.27621486995487654,1.0
9,18,25,6,0.24,0.20994475138121546,0.43261216006977915,1.0
9,19,25,5,0.2,0.143646408839779,0.27621486995487654,1.0
9,20,25,2,0.08,0.15469613259668508,0.9313022523470736,1.0
9,21,25,3,0.12,0.1270718232044199,0.6496965126008294,1.0
9,22,25,3,0.12,0.16022099447513813,0.8084623147288413,1.0
9,23,25,5,0.2,0.12154696132596685,0.16548480811275615,1.0
9,24,25,4,0.16,0.18232044198895028,0.7118177443740311,1.0
9,25,25,7,0.28,0.17679558011049723,0.12218590542339791,1.0
9,26,25,6,0.24,0.13812154696132597,0.10461357631255969,1.0
9,27,25,1,0.04,0.1270718232044199,0.9743975513118357,1.0
9,28,25,1,0.04,0.12154696132596685,0.9696209750640437,1.0
9,29,25,2,0.08,0.12154696132596685,0.8458545771768147,1.0
9,30,25,6,0.24,0.15469613259668508,0.16391605209894838,1.0
9,31,25,5,0.2,0.14917127071823205,0.30657655877126144,1.0
9,32,25,3,0.12,0.13812154696132597,0.7103071474545409,1.0
9,33,25,2,0.08,0.19889502762430938,0.9791424690468595,1.0
9,34,25,4,0.16,0.143646408839779,0.5003130493139091,1.0
9,35,25,9,0.36,0.17679558011049723,0.01475447982590902,1.0
9,36,25,5,0.2,0.13812154696132597,0.2467181865178756,1.0
9,37,25,5,0.2,0.16574585635359115,0.4007261418973396,1.0
9,38,25,9,0.36,0.19889502762430938,0.033553720120705725,1.0
10,1,32,4,0.125,0.18232044198895028,0.8841540581559236,1.0
10,2,32,4,0.125,0.1712707182320442,0.8478968469922146,1.0
10,3,32,6,0.1875,0.143646408839779,0.2969783615102844,1.0
10,4,32,5,0.15625,0.18232044198895028,0.7427894355007898,1.0
10,5,32,1,0.03125,0.10497237569060773,0.9800815230531782,1.0
10,6,32,7,0.21875,0.17679558011049723,0.32321410581709364,1.0
10,7,32,5,0.15625,0.14917127071823205,0.5425811674237397,1.0
10,8,32,6,0.1875,0.20994475138121546,0.7125559768405396,1.0
10,9,32,5,0.15625,0.13812154696132597,0.46400226399330935,1.0
10,10,32,5,0.15625,0.17679558011049723,0.7140421092809125,1.0
10,11,32,5,0.15625,0.14917127071823205,0.5425811674237397,1.0
10,12,32,7,0.21875,0.17679558011049723,0.32321410581709364,1.0
10,13,32,9,0.28125,0.18232044198895028,0.09265157468450845,1.0
10,14,32,8,0.25,0.15469613259668508,0.08880074506935577,1.0
10,15,32,6,0.1875,0.18232044198895028,0.5530570824496019,1.0
10,16,32,4,0.125,0.1270718232044199,0.6123631412708666,1.0
10,17,32,4,0.125,0.143646408839779,0.7186181697574753,1.0
10,18,32,9,0.28125,0.20994475138121546,0.19464440689670257,1.0
10,19,32,4,0.125,0.143646408839779,0.7186181697574753,1.0
10,20,32,5,0.15625,0.15469613259668508,0.5801542825463549,1.0
10,21,32,6,0.1875,0.1270718232044199,0.19661813725813743,1.0
10,22,32,5,0.15625,0.16022099447513813,0.616253942173966,1.0
10,23,32,5,0.15625,0.12154696132596685,0.34244335092891487,1.0
10,24,32,5,0.15625,0.18232044198895028,0.7427894355007898,1.0
10,25,32,3,0.09375,0.17679558011049723,0.9550579441271502,1.0
10,26,32,5,0.15625,0.13812154696132597,0.46400226399330935,1.0
10,27,32,4,0.125,0.1270718232044199,0.6123631412708666,1.0
10,28,32,3,0.09375,0.12154696132596685,0.7912156885019717,1.0
10,29,32,4,0.125,0.12154696132596685,0.5724652653500817,1.0
10,30,32,4,0.125,0.15469613259668508,0.7774131369400865,1.0
10,31,32,5,0.15625,0.14917127071823205,0.5425811674237397,1.0
10,32,32,4,0.125,0.13812154696132597,0.6855645836136485,1.0
10,33,32,4,0.125,0.19889502762430938,0.9250004596911193,1.0
10,34,32,5,0.15625,0.143646408839779,0.5037698598226009,1.0
10,35,32,7,0.21875,0.17679558011049723,0.32321410581709364,1.0
10,36,32,4,0.125,0.13812154696132597,0.6855645836136485,1.0
10,37,32,3,0.09375,0.16574585635359115,0.9372326007483672,1.0
10,38,32,7,0.21875,0.19889502762430938,0.4609200268438959,1.0
11,1,27,4,0.14814814814814814,0.18232044198895028,0.7733371365434828,1.0
11,2,27,4,0.14814814814814814,0.1712707182320442,0.7234017839513266,1.0
11,3,27,5,0.18518518518518517,0.143646408839779,0.3401078744421044,1.0
11,4,27,5,0.18518518518518517,0.18232044198895028,0.5744804899942824,1.0
11,5,27,2,0.07407407407407407,0.10497237569060773,0.8146679937799954,1.0
11,6,27,2,0.07407407407407407,0.17679558011049723,0.973700272839268,1.0
11,7,27,7,0.25925925925925924,0.14917127071823205,0.07912607298852503,1.0
11,8,27,3,0.1111111111111111,0.20994475138121546,0.9560674617835002,1.0
11,9,27,3,0.1111111111111111,0.13812154696132597,0.7631590982418289,1.0
11,10,27,6,0.2222222222222222,0.17679558011049723,0.33300010637759114,1.0
11,11,27,6,0.2222222222222222,0.14917127071823205,0.19049330722949212,1.0
11,12,27,3,0.1111111111111111,0.17679558011049723,0.898877948758887,1.0
11,13,27,5,0.18518518518518517,0.18232044198895028,0.5744804899942824,1.0
11,14,27,4,0.14814814814814814,0.15469613259668508,0.6356786456496982,1.0
11,15,27,8,0.2962962962962963,0.18232044198895028,0.08604566086112243,1.0
11,16,27,3,0.1111111111111111,0.1270718232044199,0.705905370745199,1.0
11,17,27,4,0.14814814814814814,0.143646408839779,0.5692606206669554,1.0
11,18,27,3,0.1111111111111111,0.20994475138121546,0.9560674617835002,1.0
11,19,27,4,0.14814814814814814,0.143646408839779,0.5692606206669554,1.0
11,20,27,4,0.14814814814814814,0.15469613259668508,0.6356786456496982,1.0
11,21,27,2,0.07407407407407407,0.1270718232044199,0.8939594857869739,1.0
11,22,27,2,0.07407407407407407,0.16022099447513813,0.9573020008144317,1.0
11,23,27,1,0.037037037037037035,0.12154696132596685,0.9776089750864926,1.0
11,24,27,5,0.18518518518518517,0.18232044198895028,0.5744804899942824,1.0
11,25,27,5,0.18518518518518517,0.17679558011049723,0.5425811674237397,1.0
11,26,27,4,0.14814814814814814,0.13812154696132597,0.5340063520169782,1.0
11,27,27,4,0.14814814814814814,0.1270718232044199,0.4603123100563139,1.0
11,28,27,3,0.1111111111111111,0.12154696132596685,0.6738714932640402,1.0
11,29,27,3,0.1111111111111111,0.12154696132596685,0.6738714932640402,1.0
11,30,27,5,0.18518518518518517,0.15469613259668508,0.40832569659014756,1.0
11,31,27,6,0.2222222222222222,0.14917127071823205,0.19049330722949212,1.0
11,32,27,5,0.18518518518518517,0.13812154696132597,0.30657655877126144,1.0
11,33,27,9,0.3333333333333333,0.19889502762430938,0.05582503961112299,1.0
11,34,27,5,0.18518518518518517,0.143646408839779,0.3401078744421044,1.0
11,35,27,5,0.18518518518518517,0.17679558011049723,0.5425811674237397,1.0
11,36,27,4,0.14814814814814814,0.13812154696132597,0.5340063520169782,1.0
11,37,27,5,0.18518518518518517,0.16574585635359115,0.4764103576853631,1.0
11,38,27,4,0.14814814814814814,0.19889502762430938,0.8355395219115122,1.0
12,1,31,4,0.12903225806451613,0.18232044198895028,0.8664834803240317,1.0
12,2,31,8,0.25806451612903225,0.1712707182320442,0.1272239449450971,1.0
12,3,31,5,0.16129032258064516,0.143646408839779,0.4714586882113014,1.0
12,4,31,8,0.25806451612903225,0.18232044198895028,0.17116592038527179,1.0
12,5,31,5,0.16129032258064516,0.10497237569060773,0.20525528776922627,1.0
12,6,31,7,0.22580645161290322,0.17679558011049723,0.29012705023491325,1.0
12,7,31,4,0.12903225806451613,0.14917127071823205,0.7234017839513266,1.0
12,8,31,4,0.12903225806451613,0.20994475138121546,0.9338234154695501,1.0
12,9,31,5,0.16129032258064516,0.13812154696132597,0.43244251497762143,1.0
12,10,31,7,0.22580645161290322,0.17679558011049723,0.29012705023491325,1.0
12,11,31,3,0.0967741935483871,0.14917127071823205,0.8848487629938152,1.0
12,12,31,10,0.3225806451612903,0.17679558011049723,0.023156745578974215,1.0
12,13,31,6,0.1935483870967742,0.18232044198895028,0.5163158788362057,1.0
12,14,31,3,0.0967741935483871,0.15469613259668508,0.9006999209361689,1.0
12,15,31,6,0.1935483870967742,0.18232044198895028,0.5163158788362057,1.0
12,16,31,7,0.22580645161290322,0.1270718232044199,0.0704032937379025,1.0
12,17,31,0,0.0,0.143646408839779,1,1.0
12,18,31,4,0.12903225806451613,0.20994475138121546,0.9338234154695501,1.0
12,19,31,5,0.16129032258064516,0.143646408839779,0.4714586882113014,1.0
12,20,31,5,0.16129032258064516,0.15469613259668508,0.5472778068140666,1.0
12,21,31,5,0.16129032258064516,0.1270718232044199,0.3538359457469443,1.0
12,22,31,6,0.1935483870967742,0.16022099447513813,0.37322587646665634,1.0
12,23,31,2,0.06451612903225806,0.12154696132596685,0.9245167276101546,1.0
12,24,31,3,0.0967741935483871,0.18232044198895028,0.9548363694834903,1.0
12,25,31,3,0.0967741935483871,0.17679558011049723,0.9468042886508121,1.0
12,26,31,6,0.1935483870967742,0.13812154696132597,0.23580100187987418,1.0
12,27,31,3,0.0967741935483871,0.1270718232044199,0.798761030338284,1.0
12,28,31,2,0.06451612903225806,0.12154696132596685,0.9245167276101546,1.0
12,29,31,5,0.16129032258064516,0.12154696132596685,0.31499755432184384,1.0
12,30,31,5,0.16129032258064516,0.15469613259668508,0.5472778068140666,1.0
12,31,31,5,0.16129032258064516,0.14917127071823205,0.5098341266352787,1.0
12,32,31,4,0.12903225806451613,0.13812154696132597,0.6578692936611064,1.0
12,33,31,6,0.1935483870967742,0.19889502762430938,0.6170701015168291,1.0
12,34,31,3,0.0967741935483871,0.143646408839779,0.8669102097668724,1.0
12,35,31,6,0.1935483870967742,0.17679558011049723,0.48101390936287636,1.0
12,36,31,4,0.12903225806451613,0.13812154696132597,0.6578692936611064,1.0
12,37,31,5,0.16129032258064516,0.16574585635359115,0.6184062656303819,1.0
12,38,31,7,0.22580645161290322,0.19889502762430938,0.42188250817566286,1.0
13,1,32,9,0.28125,0.18232044198895028,0.09265157468450845,1.0
13,2,32,6,0.1875,0.1712707182320442,0.48101390936287636,1.0
13,3,32,2,0.0625,0.143646408839779,0.9681578784629432,1.0
13,4,32,11,0.34375,0.18232044198895028,0.012359232160468537,1.0
13,5,32,3,0.09375,0.10497237569060773,0.6922381060229116,1.0
13,6,32,6,0.1875,0.17679558011049723,0.5174292486426721,1.0
13,7,32,10,0.3125,0.14917127071823205,0.007543033998232638,1.0
13,8,32,8,0.25,0.20994475138121546,0.3448544540984976,1.0
13,9,32,4,0.125,0.13812154696132597,0.6855645836136485,1.0
13,10,32,2,0.0625,0.17679558011049723,0.9902735408261929,1.0
13,11,32,4,0.125,0.14917127071823205,0.7492333005981252,1.0
13,12,32,4,0.125,0.17679558011049723,0.8670189523795433,1.0
13,13,32,4,0.125,0.18232044198895028,0.8841540581559236,1.0
13,14,32,6,0.1875,0.15469613259668508,0.36974483785970813,1.0
13,15,32,2,0.0625,0.18232044198895028,0.9920880703811559,1.0
13,16,32,3,0.09375,0.1270718232044199,0.8180435705866375,1.0
13,17,32,8,0.25,0.143646408839779,0.0589276832205247,1.0
13,18,32,9,0.28125,0.20994475138121546,0.19464440689670257,1.0
13,19,32,4,0.125,0.143646408839779,0.7186181697574753,1.0
13,20,32,3,0.09375,0.15469613259668508,0.9134537261771427,1.0
13,21,32,2,0.0625,0.1270718232044199,0.944390120023468,1.0
13,22,32,5,0.15625,0.16022099447513813,0.616253942173966,1.0
13,23,32,4,0.125,0.12154696132596685,0.5724652653500817,1.0
13,24,32,6,0.1875,0.18232044198895028,0.5530570824496019,1.0
13,25,32,3,0.09375,0.17679558011049723,0.9550579441271502,1.0
13,26,32,7,0.21875,0.13812154696132597,0.12218590542339791,1.0
13,27,32,2,0.0625,0.1270718232044199,0.944390120023468,1.0
13,28,32,3,0.09375,0.12154696132596685,0.7912156885019717,1.0
13,29,32,5,0.15625,0.12154696132596685,0.34244335092891487,1.0
13,30,32,1,0.03125,0.15469613259668508,0.9974035598772749,1.0
13,31,32,5,0.15625,0.14917127071823205,0.5425811674237397,1.0
13,32,32,7,0.21875,0.13812154696132597,0.12218590542339791,1.0
13,33,32,7,0.21875,0.19889502762430938,0.4609200268438959,1.0
13,34,32,5,0.15625,0.143646408839779,0.5037698598226009,1.0
13,35,32,7,0.21875,0.17679558011049723,0.32321410581709364,1.0
13,36,32,3,0.09375,0.13812154696132597,0.863370081490786,1.0
13,37,32,6,0.1875,0.16574585635359115,0.4440680656606899,1.0
13,38,32,6,0.1875,0.19889502762430938,0.6531047341336594,1.0
14,1,28,4,0.14285714285714285,0.18232044198895028,0.8002387391610691,1.0
14,2,28,6,0.21428571428571427,0.1712707182320442,0.3375931978128558,1.0
14,3,28,2,0.07142857142857142,0.143646408839779,0.9413420549408714,1.0
14,4,28,5,0.17857142857142858,0.18232044198895028,0.6119275208379628,1.0
14,5,28,5,0.17857142857142858,0.10497237569060773,0.1474594901861423,1.0
14,6,28,2,0.07142857142857142,0.17679558011049723,0.978334622582508,1.0
14,7,28,3,0.10714285714285714,0.14917127071823205,0.8327178681679753,1.0
14,8,28,7,0.25,0.20994475138121546,0.3655226348687518,1.0
14,9,28,4,0.14285714285714285,0.13812154696132597,0.5667424586205284,1.0
14,10,28,4,0.14285714285714285,0.17679558011049723,0.7774131369400865,1.0
14,11,28,5,0.17857142857142858,0.14917127071823205,0.40832569659014756,1.0
14,12,28,6,0.21428571428571427,0.17679558011049723,0.36974483785970813,1.0
14,13,28,4,0.14285714285714285,0.18232044198895028,0.8002387391610691,1.0
14,14,28,7,0.25,0.15469613259668508,0.11179993096831291,1.0
14,15,28,3,0.10714285714285714,0.18232044198895028,0.9247752248787502,1.0
14,16,28,4,0.14285714285714285,0.1270718232044199,0.49220751274318203,1.0
14,17,28,5,0.17857142857142858,0.143646408839779,0.37284398104565447,1.0
14,18,28,7,0.25,0.20994475138121546,0.3655226348687518,1.0
14,19,28,2,0.07142857142857142,0.143646408839779,0.9413420549408714,1.0
14,20,28,6,0.21428571428571427,0.15469613259668508,0.24534020583576852,1.0
14,21,28,3,0.10714285714285714,0.1270718232044199,0.7315491137054413,1.0
14,22,28,5,0.17857142857142858,0.16022099447513813,0.47888018107887653,1.0
14,23,28,5,0.17857142857142858,0.12154696132596685,0.2361522092405851,1.0
14,24,28,8,0.2857142857142857,0.18232044198895028,0.10422921663546278,1.0
14,25,28,3,0.10714285714285714,0.17679558011049723,0.9134537261771427,1.0
14,26,28,2,0.07142857142857142,0.13812154696132597,0.9313022523470736,1.0
14,27,28,5,0.17857142857142858,0.1270718232044199,0.2689410939351047,1.0
14,28,28,4,0.14285714285714285,0.12154696132596685,0.4533785703417773,1.0
14,29,28,5,0.17857142857142858,0.12154696132596685,0.2361522092405851,1.0
14,30,28,5,0.17857142857142858,0.15469613259668508,0.44375732501501247,1.0
14,31,28,2,0.07142857142857142,0.14917127071823205,0.9500319898827034,1.0
14,32,28,6,0.21428571428571427,0.13812154696132597,0.16391605209894838,1.0
14,33,28,5,0.17857142857142858,0.19889502762430938,0.6994261915784694,1.0
14,34,28,3,0.10714285714285714,0.143646408839779,0.8108246212214999,1.0
14,35,28,4,0.14285714285714285,0.17679558011049723,0.7774131369400865,1.0
14,36,28,3,0.10714285714285714,0.13812154696132597,0.7867290949963851,1.0
14,37,28,5,0.17857142857142858,0.16574585635359115,0.5134577085880647,1.0
14,38,28,4,0.14285714285714285,0.19889502762430938,0.8582250769670196,1.0
15,1,32,5,0.15625,0.18232044198895028,0.7427894355007898,1.0
15,2,32,2,0.0625,0.1712707182320442,0.9880725660325029,1.0
15,3,32,7,0.21875,0.143646408839779,0.1454915662349828,1.0
15,4,32,7,0.21875,0.18232044198895028,0.3571039965114899,1.0
15,5,32,2,0.0625,0.10497237569060773,0.8876354621091509,1.0
15,6,32,7,0.21875,0.17679558011049723,0.32321410581709364,1.0
15,7,32,5,0.15625,0.14917127071823205,0.5425811674237397,1.0
15,8,32,7,0.21875,0.20994475138121546,0.5293705378870255,1.0
15,9,32,3,0.09375,0.13812154696132597,0.863370081490786,1.0
15,10,32,2,0.0625,0.17679558011049723,0.9902735408261929,1.0
15,11,32,5,0.15625,0.14917127071823205,0.5425811674237397,1.0
15,12,32,5,0.15625,0.17679558011049723,0.7140421092809125,1.0
15,13,32,4,0.125,0.18232044198895028,0.8841540581559236,1.0
15,14,32,2,0.0625,0.15469613259668508,0.978334622582508,1.0
15,15,32,4,0.125,0.18232044198895028,0.8841540581559236,1.0
15,16,32,4,0.125,0.1270718232044199,0.6123631412708666,1.0
15,17,32,8,0.25,0.143646408839779,0.0589276832205247,1.0
15,18,32,6,0.1875,0.20994475138121546,0.7125559768405396,1.0
15,19,32,7,0.21875,0.143646408839779,0.1454915662349828,1.0
15,20,32,3,0.09375,0.15469613259668508,0.9134537261771427,1.0
15,21,32,2,0.0625,0.1270718232044199,0.944390120023468,1.0
15,22,32,7,0.21875,0.16022099447513813,0.22740903704227045,1.0
15,23,32,4,0.125,0.12154696132596685,0.5724652653500817,1.0
15,24,32,10,0.3125,0.18232044198895028,0.03681915107507671,1.0
15,25,32,6,0.1875,0.17679558011049723,0.5174292486426721,1.0
15,26,32,6,0.1875,0.13812154696132597,0.2620198702929072,1.0
15,27,32,3,0.09375,0.1270718232044199,0.8180435705866375,1.0
15,28,32,3,0.09375,0.12154696132596685,0.7912156885019717,1.0
15,29,32,5,0.15625,0.12154696132596685,0.34244335092891487,1.0
15,30,32,9,0.28125,0.15469613259668508,0.03311173675177005,1.0
15,31,32,6,0.1875,0.14917127071823205,0.33300010637759114,1.0
15,32,32,2,0.0625,0.13812154696132597,0.9615496390142487,1.0
15,33,32,8,0.25,0.19889502762430938,0.28246279864625834,1.0
15,34,32,2,0.0625,0.143646408839779,0.9681578784629432,1.0
15,35,32,6,0.1875,0.17679558011049723,0.5174292486426721,1.0
15,36,32,6,0.1875,0.13812154696132597,0.2620198702929072,1.0
15,37,32,6,0.1875,0.16574585635359115,0.4440680656606899,1.0
15,38,32,6,0.1875,0.19889502762430938,0.6531047341336594,1.0
16,1,23,5,0.21739130434782608,0.18232044198895028,0.4122043342186065,1.0
16,2,23,2,0.08695652173913043,0.1712707182320442,0.9364934606836663,1.0
16,3,23,3,0.13043478260869565,0.143646408839779,0.6786172528908785,1.0
16,4,23,2,0.08695652173913043,0.18232044198895028,0.9513926566452107,1.0
16,5,23,3,0.13043478260869565,0.10497237569060773,0.44567574087384787,1.0
16,6,23,2,0.08695652173913043,0.17679558011049723,0.944390120023468,1.0
16,7,23,2,0.08695652173913043,0.14917127071823205,0.8939594857869739,1.0
16,8,23,9,0.391304347826087,0.20994475138121546,0.026924016734679968,1.0
16,9,23,3,0.13043478260869565,0.13812154696132597,0.6496965126008294,1.0
16,10,23,2,0.08695652173913043,0.17679558011049723,0.944390120023468,1.0
16,11,23,2,0.08695652173913043,0.14917127071823205,0.8939594857869739,1.0
16,12,23,3,0.13043478260869565,0.17679558011049723,0.8180435705866375,1.0
16,13,23,3,0.13043478260869565,0.18232044198895028,0.8358508023864593,1.0
16,14,23,3,0.13043478260869565,0.15469613259668508,0.7315491137054413,1.0
16,15,23,5,0.21739130434782608,0.18232044198895028,0.4122043342186065,1.0
16,16,23,5,0.21739130434782608,0.1270718232044199,0.14530889669610003,1.0
16,17,23,4,0.17391304347826086,0.143646408839779,0.42797083704378586,1.0
16,18,23,2,0.08695652173913043,0.20994475138121546,0.9758517045652652,1.0
16,19,23,1,0.043478260869565216,0.143646408839779,0.9781722713107318,1.0
16,20,23,5,0.21739130434782608,0.15469613259668508,0.2689410939351047,1.0
16,21,23,4,0.17391304347826086,0.1270718232044199,0.3301653802988943,1.0
16,22,23,6,0.2608695652173913,0.16022099447513813,0.13585679723381935,1.0
16,23,23,3,0.13043478260869565,0.12154696132596685,0.55360060830575,1.0
16,24,23,9,0.391304347826087,0.18232044198895028,0.009777841147072933,1.0
16,25,23,3,0.13043478260869565,0.17679558011049723,0.8180435705866375,1.0
16,26,23,2,0.08695652173913043,0.13812154696132597,0.8645362976126231,1.0
16,27,23,5,0.21739130434782608,0.1270718232044199,0.14530889669610003,1.0
16,28,23,3,0.13043478260869565,0.12154696132596685,0.55360060830575,1.0
16,29,23,4,0.17391304347826086,0.12154696132596685,0.2980164266288431,1.0
16,30,23,3,0.13043478260869565,0.15469613259668508,0.7315491137054413,1.0
16,31,23,6,0.2608695652173913,0.14917127071823205,0.1017143377824777,1.0
16,32,23,5,0.21739130434782608,0.13812154696132597,0.19115562968090657,1.0
16,33,23,3,0.13043478260869565,0.19889502762430938,0.8810691735976525,1.0
16,34,23,5,0.21739130434782608,0.143646408839779,0.21602717658484716,1.0
16,35,23,1,0.043478260869565216,0.17679558011049723,0.991816390779815,1.0
16,36,23,3,0.13043478260869565,0.13812154696132597,0.6496965126008294,1.0
16,37,23,5,0.21739130434782608,0.16574585635359115,0.3250203650121923,1.0
16,38,23,2,0.08695652173913043,0.19889502762430938,0.9678848859349344,1.0
17,1,26,3,0.11538461538461539,0.18232044198895028,0.8960881529318779,1.0
17,2,26,5,0.19230769230769232,0.1712707182320442,0.4714586882113014,1.0
17,3,26,2,0.07692307692307693,0.143646408839779,0.9213846272451581,1.0
17,4,26,5,0.19230769230769232,0.18232044198895028,0.53549242907473,1.0
17,5,26,2,0.07692307692307693,0.10497237569060773,0.796133334064225,1.0
17,6,26,3,0.11538461538461539,0.17679558011049723,0.8822507656299132,1.0
17,7,26,5,0.19230769230769232,0.14917127071823205,0.3401078744421044,1.0
17,8,26,6,0.23076923076923078,0.20994475138121546,0.4767494494856374,1.0
17,9,26,8,0.3076923076923077,0.13812154696132597,0.012602668124577162,1.0
17,10,26,5,0.19230769230769232,0.17679558011049723,0.5037698598226009,1.0
17,11,26,2,0.07692307692307693,0.14917127071823205,0.9320193811037736,1.0
17,12,26,5,0.19230769230769232,0.17679558011049723,0.5037698598226009,1.0
17,13,26,4,0.15384615384615385,0.18232044198895028,0.7438768926102678,1.0
17,14,26,1,0.038461538461538464,0.15469613259668508,0.9912287184958312,1.0
17,15,26,5,0.19230769230769232,0.18232044198895028,0.53549242907473,1.0
17,16,26,0,0.0,0.1270718232044199,1,1.0
17,17,26,3,0.11538461538461539,0.143646408839779,0.7640958058629638,1.0
17,18,26,8,0.3076923076923077,0.20994475138121546,0.14446549337638837,1.0
17,19,26,7,0.2692307692307692,0.143646408839779,0.05400652139613664,1.0
17,20,26,4,0.15384615384615385,0.15469613259668508,0.6019967272705053,1.0
17,21,26,4,0.15384615384615385,0.1270718232044199,0.42797083704378586,1.0
17,22,26,2,0.07692307692307693,0.16022099447513813,0.9494934705544268,1.0
17,23,26,1,0.038461538461538464,0.12154696132596685,0.973905196529371,1.0
17,24,26,7,0.2692307692307692,0.18232044198895028,0.16582536425851319,1.0
17,25,26,7,0.2692307692307692,0.17679558011049723,0.1454915662349828,1.0
17,26,26,2,0.07692307692307693,0.13812154696132597,0.9092854871388354,1.0
17,27,26,4,0.15384615384615385,0.1270718232044199,0.42797083704378586,1.0
17,28,26,4,0.15384615384615385,0.12154696132596685,0.39111107000744866,1.0
17,29,26,6,0.23076923076923078,0.12154696132596685,0.07129263974346593,1.0
17,30,26,5,0.19230769230769232,0.15469613259668508,0.37284398104565447,1.0
17,31,26,3,0.11538461538461539,0.14917127071823205,0.7884502040124649,1.0
17,32,26,3,0.11538461538461539,0.13812154696132597,0.7376976819946234,1.0
17,33,26,4,0.15384615384615385,0.19889502762430938,0.8100854200641672,1.0
17,34,26,4,0.15384615384615385,0.143646408839779,0.5353120656706811,1.0
17,35,26,7,0.2692307692307692,0.17679558011049723,0.1454915662349828,1.0
17,36,26,6,0.23076923076923078,0.13812154696132597,0.12283211608247199,1.0
17,37,26,1,0.038461538461538464,0.16574585635359115,0.9939646522777041,1.0
17,38,26,3,0.11538461538461539,0.19889502762430938,0.9296425651047271,1.0
18,1,39,10,0.2564102564102564,0.18232044198895028,0.13260618399456736,1.0
18,2,39,5,0.1282051282051282,0.1712707182320442,0.8531176283759078,1.0
18,3,39,7,0.1794871794871795,0.143646408839779,0.31223773439016583,1.0
18,4,39,8,0.20512820512820512,0.18232044198895028,0.41696528292034346,1.0
18,5,39,4,0.10256410256410256,0.10497237569060773,0.6207835031166614,1.0
18,6,39,5,0.1282051282051282,0.17679558011049723,0.8741011330202548,1.0
18,7,39,6,0.15384615384615385,0.14917127071823205,0.5503834320612561,1.0
18,8,39,11,0.28205128205128205,0.20994475138121546,0.15239305683699297,1.0
18,9,39,7,0.1794871794871795,0.13812154696132597,0.2721129258302947,1.0
18,10,39,8,0.20512820512820512,0.17679558011049723,0.3771125107048836,1.0
18,11,39,8,0.20512820512820512,0.14917127071823205,0.19397124796208493,1.0
18,12,39,6,0.15384615384615385,0.17679558011049723,0.739806703296434,1.0
18,13,39,9,0.23076923076923078,0.18232044198895028,0.2525725975315714,1.0
18,14,39,7,0.1794871794871795,0.15469613259668508,0.3957922390874073,1.0
18,15,39,5,0.1282051282051282,0.18232044198895028,0.8926100728791228,1.0
18,16,39,4,0.10256410256410256,0.1270718232044199,0.7803860451087536,1.0
18,17,39,7,0.1794871794871795,0.143646408839779,0.31223773439016583,1.0
18,18,39,8,0.20512820512820512,0.20994475138121546,0.6109497616350111,1.0
18,19,39,3,0.07692307692307693,0.143646408839779,0.953386578962202,1.0
18,20,39,5,0.1282051282051282,0.15469613259668508,0.7736977966152021,1.0
18,21,39,5,0.1282051282051282,0.1270718232044199,0.5826875269304478,1.0
18,22,39,6,0.15384615384615385,0.16022099447513813,0.632800917643454,1.0
18,23,39,3,0.07692307692307693,0.12154696132596685,0.8978590776494862,1.0
18,24,39,5,0.1282051282051282,0.18232044198895028,0.8926100728791228,1.0
18,25,39,7,0.1794871794871795,0.17679558011049723,0.5626769813331188,1.0
18,26,39,6,0.15384615384615385,0.13812154696132597,0.46179383902241267,1.0
18,27,39,7,0.1794871794871795,0.1270718232044199,0.197609077748433,1.0
18,28,39,6,0.15384615384615385,0.12154696132596685,0.32550144144918264,1.0
18,29,39,3,0.07692307692307693,0.12154696132596685,0.8978590776494862,1.0
18,30,39,6,0.15384615384615385,0.15469613259668508,0.5925446665086695,1.0
18,31,39,5,0.1282051282051282,0.14917127071823205,0.7413490233818926,1.0
18,32,39,4,0.10256410256410256,0.13812154696132597,0.838502865120108,1.0
18,33,39,12,0.3076923076923077,0.19889502762430938,0.048609777562083484,1.0
18,34,39,4,0.10256410256410256,0.143646408839779,0.8625970178711855,1.0
18,35,39,4,0.10256410256410256,0.17679558011049723,0.9528963341337211,1.0
18,36,39,4,0.10256410256410256,0.13812154696132597,0.838502865120108,1.0
18,37,39,5,0.1282051282051282,0.16574585635359115,0.8294849270940375,1.0
18,38,39,9,0.23076923076923078,0.19889502762430938,0.3597571208346636,1.0
19,1,25,7,0.28,0.18232044198895028,0.14001708215172456,1.0
19,2,25,5,0.2,0.1712707182320442,0.43244251497762143,1.0
19,3,25,5,0.2,0.143646408839779,0.27621486995487654,1.0
19,4,25,2,0.08,0.18232044198895028,0.9669060470021058,1.0
19,5,25,4,0.16,0.10497237569060773,0.2555612577669786,1.0
19,6,25,6,0.24,0.17679558011049723,0.2620198702929072,1.0
19,7,25,3,0.12,0.14917127071823205,0.7631590982418289,1.0
19,8,25,4,0.16,0.20994475138121546,0.8209798449375064,1.0
19,9,25,2,0.08,0.13812154696132597,0.8960864252046652,1.0
19,10,25,4,0.16,0.17679558011049723,0.6855645836136485,1.0
19,11,25,5,0.2,0.14917127071823205,0.30657655877126144,1.0
19,12,25,2,0.08,0.17679558011049723,0.9615496390142487,1.0
19,13,25,4,0.16,0.18232044198895028,0.7118177443740311,1.0
19,14,25,3,0.12,0.15469613259668508,0.7867290949963851,1.0
19,15,25,6,0.24,0.18232044198895028,0.2891316009909478,1.0
19,16,25,4,0.16,0.1270718232044199,0.3953641200501029,1.0
19,17,25,2,0.08,0.143646408839779,0.9092854871388354,1.0
19,18,25,5,0.2,0.20994475138121546,0.641261164581109,1.0
19,19,25,4,0.16,0.143646408839779,0.5003130493139091,1.0
19,20,25,5,0.2,0.15469613259668508,0.3375897123956775,1.0
19,21,25,0,0.0,0.1270718232044199,1,1.0
19,22,25,6,0.24,0.16022099447513813,0.1866184913534228,1.0
19,23,25,5,0.2,0.12154696132596685,0.16548480811275615,1.0
19,24,25,5,0.2,0.18232044198895028,0.495229168100874,1.0
19,25,25,10,0.4,0.17679558011049723,0.0038127775513542433,1.0
19,26,25,5,0.2,0.13812154696132597,0.2467181865178756,1.0
19,27,25,0,0.0,0.1270718232044199,1,1.0
19,28,25,2,0.08,0.12154696132596685,0.8458545771768147,1.0
19,29,25,2,0.08,0.12154696132596685,0.8458545771768147,1.0
19,30,25,5,0.2,0.15469613259668508,0.3375897123956775,1.0
19,31,25,3,0.12,0.14917127071823205,0.7631590982418289,1.0
19,32,25,4,0.16,0.13812154696132597,0.46583640633559636,1.0
19,33,25,3,0.12,0.19889502762430938,0.9158475099077397,1.0
19,34,25,3,0.12,0.143646408839779,0.7376976819946234,1.0
19,35,25,2,0.08,0.17679558011049723,0.9615496390142487,1.0
19,36,25,3,0.12,0.13812154696132597,0.7103071474545409,1.0
19,37,25,5,0.2,0.16574585635359115,0.4007261418973396,1.0
19,38,25,5,0.2,0.19889502762430938,0.5853721835397245,1.0
20,1,28,6,0.21428571428571427,0.18232044198895028,0.4022241481133515,1.0
20,2,28,5,0.17857142857142858,0.1712707182320442,0.5472778068140666,1.0
20,3,28,3,0.10714285714285714,0.143646408839779,0.8108246212214999,1.0
20,4,28,5,0.17857142857142858,0.18232044198895028,0.6119275208379628,1.0
20,5,28,2,0.07142857142857142,0.10497237569060773,0.8317907975483857,1.0
20,6,28,3,0.10714285714285714,0.17679558011049723,0.9134537261771427,1.0
20,7,28,3,0.10714285714285714,0.14917127071823205,0.8327178681679753,1.0
20,8,28,4,0.14285714285714285,0.20994475138121546,0.8888538996209572,1.0
20,9,28,4,0.14285714285714285,0.13812154696132597,0.5667424586205284,1.0
20,10,28,7,0.25,0.17679558011049723,0.19826942427649583,1.0
20,11,28,5,0.17857142857142858,0.14917127071823205,0.40832569659014756,1.0
20,12,28,3,0.10714285714285714,0.17679558011049723,0.9134537261771427,1.0
20,13,28,7,0.25,0.18232044198895028,0.22358794171831242,1.0
20,14,28,4,0.14285714285714285,0.15469613259668508,0.6676655324221453,1.0
20,15,28,5,0.17857142857142858,0.18232044198895028,0.6119275208379628,1.0
20,16,28,4,0.14285714285714285,0.1270718232044199,0.49220751274318203,1.0
20,17,28,6,0.21428571428571427,0.143646408839779,0.18952178406577386,1.0
20,18,28,4,0.14285714285714285,0.20994475138121546,0.8888538996209572,1.0
20,19,28,2,0.07142857142857142,0.143646408839779,0.9413420549408714,1.0
20,20,28,3,0.10714285714285714,0.15469613259668508,0.8525241484574744,1.0
20,21,28,6,0.21428571428571427,0.1270718232044199,0.11811222434031463,1.0
20,22,28,4,0.14285714285714285,0.16022099447513813,0.6978711886370687,1.0
20,23,28,5,0.17857142857142858,0.12154696132596685,0.2361522092405851,1.0
20,24,28,3,0.10714285714285714,0.18232044198895028,0.9247752248787502,1.0
20,25,28,3,0.10714285714285714,0.17679558011049723,0.9134537261771427,1.0
20,26,28,5,0.17857142857142858,0.13812154696132597,0.3375897123956775,1.0
20,27,28,6,0.21428571428571427,0.1270718232044199,0.11811222434031463,1.0
20,28,28,3,0.10714285714285714,0.12154696132596685,0.7003306440147116,1.0
20,29,28,2,0.07142857142857142,0.12154696132596685,0.8912435932772492,1.0
20,30,28,5,0.17857142857142858,0.15469613259668508,0.44375732501501247,1.0
20,31,28,6,0.21428571428571427,0.14917127071823205,0.2167244326498852,1.0
20,32,28,5,0.17857142857142858,0.13812154696132597,0.3375897123956775,1.0
20,33,28,3,0.10714285714285714,0.19889502762430938,0.9513870897283023,1.0
20,34,28,4,0.14285714285714285,0.143646408839779,0.6019967272705053,1.0
20,35,28,6,0.21428571428571427,0.17679558011049723,0.36974483785970813,1.0
20,36,28,6,0.21428571428571427,0.13812154696132597,0.16391605209894838,1.0
20,37,28,6,0.21428571428571427,0.16574585635359115,0.3059925435329354,1.0
20,38,28,5,0.17857142857142858,0.19889502762430938,0.6994261915784694,1.0
21,1,24,4,0.16666666666666666,0.18232044198895028,0.6771635721703257,1.0
21,2,24,8,0.3333333333333333,0.1712707182320442,0.030141248649501688,1.0
21,3,24,3,0.125,0.143646408839779,0.7092115260729377,1.0
21,4,24,5,0.20833333333333334,0.18232044198895028,0.4540096546788887,1.0
21,5,24,4,0.16666666666666666,0.10497237569060773,0.23049982230077962,1.0
21,6,24,5,0.20833333333333334,0.17679558011049723,0.4236057852532289,1.0
21,7,24,5,0.20833333333333334,0.14917127071823205,0.2737859348495657,1.0
21,8,24,4,0.16666666666666666,0.20994475138121546,0.7922248560804831,1.0
21,9,24,3,0.125,0.13812154696132597,0.6809706585202675,1.0
21,10,24,4,0.16666666666666666,0.17679558011049723,0.6501146124743941,1.0
21,11,24,1,0.041666666666666664,0.14917127071823205,0.9845877874848985,1.0
21,12,24,7,0.2916666666666667,0.17679558011049723,0.10109339285987498,1.0
21,13,24,2,0.08333333333333333,0.18232044198895028,0.959835588458134,1.0
21,14,24,2,0.08333333333333333,0.15469613259668508,0.9197363997590184,1.0
21,15,24,6,0.25,0.18232044198895028,0.2533441164695342,1.0
21,16,24,2,0.08333333333333333,0.1270718232044199,0.8473491148116795,1.0
21,17,24,3,0.125,0.143646408839779,0.7092115260729377,1.0
21,18,24,5,0.20833333333333334,0.20994475138121546,0.5995313636788432,1.0
21,19,24,3,0.125,0.143646408839779,0.7092115260729377,1.0
21,20,24,5,0.20833333333333334,0.15469613259668508,0.3028549803363315,1.0
21,21,24,2,0.08333333333333333,0.1270718232044199,0.8473491148116795,1.0
21,22,24,2,0.08333333333333333,0.16022099447513813,0.9298463716049317,1.0
21,23,24,3,0.125,0.12154696132596685,0.5857219475942581,1.0
21,24,24,5,0.20833333333333334,0.18232044198895028,0.4540096546788887,1.0
21,25,24,2,0.08333333333333333,0.17679558011049723,0.9536952744123716,1.0
21,26,24,3,0.125,0.13812154696132597,0.6809706585202675,1.0
21,27,24,2,0.08333333333333333,0.1270718232044199,0.8473491148116795,1.0
21,28,24,0,0.0,0.12154696132596685,1,1.0
21,29,24,3,0.125,0.12154696132596685,0.5857219475942581,1.0
21,30,24,7,0.2916666666666667,0.15469613259668508,0.05224392052993165,1.0
21,31,24,2,0.08333333333333333,0.14917127071823205,0.9083502782498942,1.0
21,32,24,3,0.125,0.13812154696132597,0.6809706585202675,1.0
21,33,24,6,0.25,0.19889502762430938,0.33271915581402817,1.0
21,34,24,3,0.125,0.143646408839779,0.7092115260729377,1.0
21,35,24,8,0.3333333333333333,0.17679558011049723,0.03658317586364581,1.0
21,36,24,4,0.16666666666666666,0.13812154696132597,0.430777491164761,1.0
21,37,24,5,0.20833333333333334,0.16574585635359115,0.3627052317559087,1.0
21,38,24,3,0.125,0.19889502762430938,0.8997510357461813,1.0
22,1,29,4,0.13793103448275862,0.18232044198895028,0.824657657929242,1.0
22,2,29,5,0.1724137931034483,0.1712707182320442,0.5835386256364437,1.0
22,3,29,3,0.10344827586206896,0.143646408839779,0.8312979441578717,1.0
22,4,29,7,0.2413793103448276,0.18232044198895028,0.2551119781409663,1.0
22,5,29,4,0.13793103448275862,0.10497237569060773,0.3612307828763303,1.0
22,6,29,3,0.10344827586206896,0.17679558011049723,0.9261754705703517,1.0
22,7,29,3,0.10344827586206896,0.14917127071823205,0.8518868423043686,1.0
22,8,29,5,0.1724137931034483,0.20994475138121546,0.7812243392953169,1.0
22,9,29,7,0.2413793103448276,0.13812154696132597,0.07689003495679657,1.0
22,10,29,8,0.27586206896551724,0.17679558011049723,0.10668778415548978,1.0
22,11,29,2,0.06896551724137931,0.14917127071823205,0.9573020008144317,1.0
22,12,29,9,0.3103448275862069,0.17679558011049723,0.04184726746825409,1.0
22,13,29,6,0.20689655172413793,0.18232044198895028,0.4406012359322347,1.0
22,14,29,3,0.10344827586206896,0.15469613259668508,0.8703687207444446,1.0
22,15,29,6,0.20689655172413793,0.18232044198895028,0.4406012359322347,1.0
22,16,29,6,0.20689655172413793,0.1270718232044199,0.13585679723381935,1.0
22,17,29,5,0.1724137931034483,0.143646408839779,0.4057940491302736,1.0
22,18,29,5,0.1724137931034483,0.20994475138121546,0.7812243392953169,1.0
22,19,29,4,0.13793103448275862,0.143646408839779,0.6333891557729423,1.0
22,20,29,2,0.06896551724137931,0.15469613259668508,0.9639891762044306,1.0
22,21,29,5,0.1724137931034483,0.1270718232044199,0.2966669890812058,1.0
22,22,29,6,0.20689655172413793,0.16022099447513813,0.30712252809205914,1.0
22,23,29,2,0.06896551724137931,0.12154696132596685,0.903536704994469,1.0
22,24,29,4,0.13793103448275862,0.18232044198895028,0.824657657929242,1.0
22,25,29,6,0.20689655172413793,0.17679558011049723,0.40687591633382214,1.0
22,26,29,5,0.1724137931034483,0.13812154696132597,0.3690420501128138,1.0
22,27,29,2,0.06896551724137931,0.1270718232044199,0.9176301556244532,1.0
22,28,29,7,0.2413793103448276,0.12154696132596685,0.039370682125387475,1.0
22,29,29,3,0.10344827586206896,0.12154696132596685,0.7252865850947819,1.0
22,30,29,2,0.06896551724137931,0.15469613259668508,0.9639891762044306,1.0
22,31,29,3,0.10344827586206896,0.14917127071823205,0.8518868423043686,1.0
22,32,29,4,0.13793103448275862,0.13812154696132597,0.5983745239817623,1.0
22,33,29,6,0.20689655172413793,0.19889502762430938,0.5400045654629054,1.0
22,34,29,3,0.10344827586206896,0.143646408839779,0.8312979441578717,1.0
22,35,29,8,0.27586206896551724,0.17679558011049723,0.10668778415548978,1.0
22,36,29,2,0.06896551724137931,0.13812154696132597,0.9404015069854611,1.0
22,37,29,4,0.13793103448275862,0.16574585635359115,0.7545025378647868,1.0
22,38,29,5,0.1724137931034483,0.19889502762430938,0.7326390303525453,1.0
23,1,22,2,0.09090909090909091,0.18232044198895028,0.9413455388835801,1.0
23,2,22,4,0.18181818181818182,0.1712707182320442,0.5437125260474357,1.0
23,3,22,2,0.09090909090909091,0.143646408839779,0.8625154384308649,1.0
23,4,22,1,0.045454545454545456,0.18232044198895028,0.9912671552616819,1.0
23,5,22,1,0.045454545454545456,0.10497237569060773,0.9259758548194325,1.0
23,6,22,8,0.36363636363636365,0.17679558011049723,0.020948647777403732,1.0
23,7,22,2,0.09090909090909091,0.14917127071823205,0.877606954044211,1.0
23,8,22,5,0.22727272727272727,0.20994475138121546,0.509527557543474,1.0
23,9,22,4,0.18181818181818182,0.13812154696132597,0.3598495999858949,1.0
23,10,22,3,0.13636363636363635,0.17679558011049723,0.7912156885019717,1.0
23,11,22,4,0.18181818181818182,0.14917127071823205,0.422346233041607,1.0
23,12,22,2,0.09090909090909091,0.17679558011049723,0.9334034635507003,1.0
23,13,22,4,0.18181818181818182,0.18232044198895028,0.6003596146110609,1.0
23,14,22,4,0.18181818181818182,0.15469613259668508,0.4533785703417773,1.0
23,15,22,1,0.045454545454545456,0.18232044198895028,0.9912671552616819,1.0
23,16,22,5,0.22727272727272727,0.1270718232044199,0.12458430334808494,1.0
23,17,22,4,0.18181818181818182,0.143646408839779,0.39111107000744866,1.0
23,18,22,5,0.22727272727272727,0.20994475138121546,0.509527557543474,1.0
23,19,22,6,0.2727272727272727,0.143646408839779,0.07129263974346593,1.0
23,20,22,4,0.18181818181818182,0.15469613259668508,0.4533785703417773,1.0
23,21,22,2,0.09090909090909091,0.1270718232044199,0.8073591886849646,1.0
23,22,22,5,0.22727272727272727,0.16022099447513813,0.2617082517230782,1.0
23,23,22,2,0.09090909090909091,0.12154696132596685,0.7852932251737287,1.0
23,24,22,4,0.18181818181818182,0.18232044198895028,0.6003596146110609,1.0
23,25,22,4,0.18181818181818182,0.17679558011049723,0.5724652653500817,1.0
23,26,22,2,0.09090909090909091,0.13812154696132597,0.8458545771768147,1.0
23,27,22,3,0.13636363636363635,0.1270718232044199,0.55360060830575,1.0
23,28,22,4,0.18181818181818182,0.12154696132596685,0.26785431823218947,1.0
23,29,22,1,0.045454545454545456,0.12154696132596685,0.9523640917588015,1.0
23,30,22,3,0.13636363636363635,0.15469613259668508,0.7003306440147116,1.0
23,31,22,3,0.13636363636363635,0.14917127071823205,0.6738714932640402,1.0
23,32,22,1,0.045454545454545456,0.13812154696132597,0.9696209750640437,1.0
23,33,22,5,0.22727272727272727,0.19889502762430938,0.4542557485878228,1.0
23,34,22,5,0.22727272727272727,0.143646408839779,0.18791151486734914,1.0
23,35,22,7,0.3181818181818182,0.17679558011049723,0.06575670362996112,1.0
23,36,22,3,0.13636363636363635,0.13812154696132597,0.6165227222681257,1.0
23,37,22,4,0.18181818181818182,0.16574585635359115,0.5142009167925209,1.0
23,38,22,3,0.13636363636363635,0.19889502762430938,0.8595086801684977,1.0
24,1,34,5,0.14705882352941177,0.18232044198895028,0.7956889850269173,1.0
24,2,34,7,0.20588235294117646,0.1712707182320442,0.35495248458818296,1.0
24,3,34,4,0.11764705882352941,0.143646408839779,0.7675313452278154,1.0
24,4,34,8,0.23529411764705882,0.18232044198895028,0.2546235436352766,1.0
24,5,34,8,0.23529411764705882,0.10497237569060773,0.01131144343150281,1.0
24,6,34,9,0.2647058823529412,0.17679558011049723,0.10962764943061944,1.0
24,7,34,5,0.14705882352941177,0.14917127071823205,0.60538388776882,1.0
24,8,34,9,0.2647058823529412,0.20994475138121546,0.25698716202139466,1.0
24,9,34,5,0.14705882352941177,0.13812154696132597,0.5259613309504437,1.0
24,10,34,6,0.17647058823529413,0.17679558011049723,0.5876704171278591,1.0
24,11,34,4,0.11764705882352941,0.14917127071823205,0.7957309030467707,1.0
24,12,34,10,0.29411764705882354,0.17679558011049723,0.04549581150086677,1.0
24,13,34,4,0.11764705882352941,0.18232044198895028,0.9137467524835754,1.0
24,14,34,4,0.11764705882352941,0.15469613259668508,0.8212753076944613,1.0
24,15,34,8,0.23529411764705882,0.18232044198895028,0.2546235436352766,1.0
24,16,34,2,0.058823529411764705,0.1270718232044199,0.9575893692680407,1.0
24,17,34,3,0.08823529411764706,0.143646408839779,0.9085291343225937,1.0
24,18,34,5,0.14705882352941177,0.20994475138121546,0.8946899899505094,1.0
24,19,34,3,0.08823529411764706,0.143646408839779,0.9085291343225937,1.0
24,20,34,4,0.11764705882352941,0.15469613259668508,0.8212753076944613,1.0
24,21,34,5,0.14705882352941177,0.1270718232044199,0.4414446818471636,1.0
24,22,34,5,0.14705882352941177,0.16022099447513813,0.677525422716282,1.0
24,23,34,5,0.14705882352941177,0.12154696132596685,0.3982198201353836,1.0
24,24,34,3,0.08823529411764706,0.18232044198895028,0.973664243063729,1.0
24,25,34,8,0.23529411764705882,0.17679558011049723,0.2243249749588309,1.0
24,26,34,4,0.11764705882352941,0.13812154696132597,0.7365985994971764,1.0
24,27,34,3,0.08823529411764706,0.1270718232044199,0.8522452546799308,1.0
24,28,34,4,0.11764705882352941,0.12154696132596685,0.6273115872078179,1.0
24,29,34,7,0.20588235294117646,0.12154696132596685,0.08852218880587173,1.0
24,30,34,5,0.14705882352941177,0.15469613259668508,0.6424644751606289,1.0
24,31,34,5,0.14705882352941177,0.14917127071823205,0.60538388776882,1.0
24,32,34,2,0.058823529411764705,0.13812154696132597,0.9715714150236245,1.0
24,33,34,10,0.29411764705882354,0.19889502762430938,0.09862671270289732,1.0
24,34,34,3,0.08823529411764706,0.143646408839779,0.9085291343225937,1.0
24,35,34,4,0.11764705882352941,0.17679558011049723,0.8994367200645864,1.0
24,36,34,7,0.20588235294117646,0.13812154696132597,0.1591601622729762,1.0
24,37,34,5,0.14705882352941177,0.16574585635359115,0.7104365805928654,1.0
24,38,34,6,0.17647058823529413,0.19889502762430938,0.7192646982395029,1.0
25,1,32,7,0.21875,0.18232044198895028,0.3571039965114899,1.0
25,2,32,4,0.125,0.1712707182320442,0.8478968469922146,1.0
25,3,32,8,0.25,0.143646408839779,0.0589276832205247,1.0
25,4,32,6,0.1875,0.18232044198895028,0.5530570824496019,1.0
25,5,32,6,0.1875,0.10497237569060773,0.09174676866021293,1.0
25,6,32,6,0.1875,0.17679558011049723,0.5174292486426721,1.0
25,7,32,3,0.09375,0.14917127071823205,0.898877948758887,1.0
25,8,32,6,0.1875,0.20994475138121546,0.7125559768405396,1.0
25,9,32,4,0.125,0.13812154696132597,0.6855645836136485,1.0
25,10,32,6,0.1875,0.17679558011049723,0.5174292486426721,1.0
25,11,32,4,0.125,0.14917127071823205,0.7492333005981252,1.0
25,12,32,2,0.0625,0.17679558011049723,0.9902735408261929,1.0
25,13,32,3,0.09375,0.18232044198895028,0.9621483327242732,1.0
25,14,32,10,0.3125,0.15469613259668508,0.010264964108657935,1.0
25,15,32,7,0.21875,0.18232044198895028,0.3571039965114899,1.0
25,16,32,2,0.0625,0.1270718232044199,0.944390120023468,1.0
25,17,32,0,0.0,0.143646408839779,1,1.0
25,18,32,9,0.28125,0.20994475138121546,0.19464440689670257,1.0
25,19,32,5,0.15625,0.143646408839779,0.5037698598226009,1.0
25,20,32,3,0.09375,0.15469613259668508,0.9134537261771427,1.0
25,21,32,6,0.1875,0.1270718232044199,0.19661813725813743,1.0
25,22,32,5,0.15625,0.16022099447513813,0.616253942173966,1.0
25,23,32,7,0.21875,0.12154696132596685,0.06575670362996112,1.0
25,24,32,6,0.1875,0.18232044198895028,0.5530570824496019,1.0
25,25,32,5,0.15625,0.17679558011049723,0.7140421092809125,1.0
25,26,32,1,0.03125,0.13812154696132597,0.9948040052721957,1.0
25,27,32,4,0.125,0.1270718232044199,0.6123631412708666,1.0
25,28,32,3,0.09375,0.12154696132596685,0.7912156885019717,1.0
25,29,32,4,0.125,0.12154696132596685,0.5724652653500817,1.0
25,30,32,6,0.1875,0.15469613259668508,0.36974483785970813,1.0
25,31,32,4,0.125,0.14917127071823205,0.7492333005981252,1.0
25,32,32,3,0.09375,0.13812154696132597,0.863370081490786,1.0
25,33,32,12,0.375,0.19889502762430938,0.008382894387479035,1.0
25,34,32,3,0.09375,0.143646408839779,0.8822507656299132,1.0
25,35,32,6,0.1875,0.17679558011049723,0.5174292486426721,1.0
25,36,32,4,0.125,0.13812154696132597,0.6855645836136485,1.0
25,37,32,6,0.1875,0.16574585635359115,0.4440680656606899,1.0
25,38,32,6,0.1875,0.19889502762430938,0.6531047341336594,1.0
26,1,25,2,0.08,0.18232044198895028,0.9669060470021058,1.0
26,2,25,3,0.12,0.1712707182320442,0.8467008160648044,1.0
26,3,25,4,0.16,0.143646408839779,0.5003130493139091,1.0
26,4,25,6,0.24,0.18232044198895028,0.2891316009909478,1.0
26,5,25,2,0.08,0.10497237569060773,0.7761161082006216,1.0
26,6,25,7,0.28,0.17679558011049723,0.12218590542339791,1.0
26,7,25,7,0.28,0.14917127071823205,0.05356248530138609,1.0
26,8,25,6,0.24,0.20994475138121546,0.43261216006977915,1.0
26,9,25,1,0.04,0.13812154696132597,0.9818803277767711,1.0
26,10,25,3,0.12,0.17679558011049723,0.863370081490786,1.0
26,11,25,3,0.12,0.14917127071823205,0.7631590982418289,1.0
26,12,25,4,0.16,0.17679558011049723,0.6855645836136485,1.0
26,13,25,3,0.12,0.18232044198895028,0.8785253152024612,1.0
26,14,25,6,0.24,0.15469613259668508,0.16391605209894838,1.0
26,15,25,5,0.2,0.18232044198895028,0.495229168100874,1.0
26,16,25,3,0.12,0.1270718232044199,0.6496965126008294,1.0
26,17,25,4,0.16,0.143646408839779,0.5003130493139091,1.0
26,18,25,1,0.04,0.20994475138121546,0.9983094802920608,1.0
26,19,25,5,0.2,0.143646408839779,0.27621486995487654,1.0
26,20,25,3,0.12,0.15469613259668508,0.7867290949963851,1.0
26,21,25,5,0.2,0.1270718232044199,0.19115562968090657,1.0
26,22,25,4,0.16,0.16022099447513813,0.5983745239817623,1.0
26,23,25,4,0.16,0.12154696132596685,0.3598495999858949,1.0
26,24,25,5,0.2,0.18232044198895028,0.495229168100874,1.0
26,25,25,2,0.08,0.17679558011049723,0.9615496390142487,1.0
26,26,25,2,0.08,0.13812154696132597,0.8960864252046652,1.0
26,27,25,5,0.2,0.1270718232044199,0.19115562968090657,1.0
26,28,25,2,0.08,0.12154696132596685,0.8458545771768147,1.0
26,29,25,3,0.12,0.12154696132596685,0.6165227222681257,1.0
26,30,25,2,0.08,0.15469613259668508,0.9313022523470736,1.0
26,31,25,3,0.12,0.14917127071823205,0.7631590982418289,1.0
26,32,25,4,0.16,0.13812154696132597,0.46583640633559636,1.0
26,33,25,4,0.16,0.19889502762430938,0.781710225228087,1.0
26,34,25,4,0.16,0.143646408839779,0.5003130493139091,1.0
26,35,25,4,0.16,0.17679558011049723,0.6855645836136485,1.0
26,36,25,7,0.28,0.13812154696132597,0.03546291441216264,1.0
26,37,25,5,0.2,0.16574585635359115,0.4007261418973396,1.0
26,38,25,7,0.28,0.19889502762430938,0.2011429990231923,1.0
27,1,23,3,0.13043478260869565,0.18232044198895028,0.8358508023864593,1.0
27,2,23,2,0.08695652173913043,0.1712707182320442,0.9364934606836663,1.0
27,3,23,4,0.17391304347826086,0.143646408839779,0.42797083704378586,1.0
27,4,23,3,0.13043478260869565,0.18232044198895028,0.8358508023864593,1.0
27,5,23,3,0.13043478260869565,0.10497237569060773,0.44567574087384787,1.0
27,6,23,5,0.21739130434782608,0.17679558011049723,0.382950354726353,1.0
27,7,23,5,0.21739130434782608,0.14917127071823205,0.24200736722174934,1.0
27,8,23,7,0.30434782608695654,0.20994475138121546,0.17785525112066158,1.0
27,9,23,2,0.08695652173913043,0.13812154696132597,0.8645362976126231,1.0
27,10,23,7,0.30434782608695654,0.17679558011049723,0.08227791290264148,1.0
27,11,23,2,0.08695652173913043,0.14917127071823205,0.8939594857869739,1.0
27,12,23,4,0.17391304347826086,0.17679558011049723,0.6123631412708666,1.0
27,13,23,6,0.2608695652173913,0.18232044198895028,0.21912806956973396,1.0
27,14,23,4,0.17391304347826086,0.15469613259668508,0.49220751274318203,1.0
27,15,23,2,0.08695652173913043,0.18232044198895028,0.9513926566452107,1.0
27,16,23,2,0.08695652173913043,0.1270718232044199,0.8283347407019347,1.0
27,17,23,1,0.043478260869565216,0.143646408839779,0.9781722713107318,1.0
27,18,23,5,0.21739130434782608,0.20994475138121546,0.5555019366515863,1.0
27,19,23,2,0.08695652173913043,0.143646408839779,0.8800295513394351,1.0
27,20,23,6,0.2608695652173913,0.15469613259668508,0.11811222434031463,1.0
27,21,23,4,0.17391304347826086,0.1270718232044199,0.3301653802988943,1.0
27,22,23,6,0.2608695652173913,0.16022099447513813,0.13585679723381935,1.0
27,23,23,4,0.17391304347826086,0.12154696132596685,0.2980164266288431,1.0
27,24,23,3,0.13043478260869565,0.18232044198895028,0.8358508023864593,1.0
27,25,23,3,0.13043478260869565,0.17679558011049723,0.8180435705866375,1.0
27,26,23,5,0.21739130434782608,0.13812154696132597,0.19115562968090657,1.0
27,27,23,2,0.08695652173913043,0.1270718232044199,0.8283347407019347,1.0
27,28,23,5,0.21739130434782608,0.12154696132596685,0.12458430334808494,1.0
27,29,23,3,0.13043478260869565,0.12154696132596685,0.55360060830575,1.0
27,30,23,3,0.13043478260869565,0.15469613259668508,0.7315491137054413,1.0
27,31,23,2,0.08695652173913043,0.14917127071823205,0.8939594857869739,1.0
27,32,23,2,0.08695652173913043,0.13812154696132597,0.8645362976126231,1.0
27,33,23,6,0.2608695652173913,0.19889502762430938,0.29205487113654544,1.0
27,34,23,2,0.08695652173913043,0.143646408839779,0.8800295513394351,1.0
27,35,23,1,0.043478260869565216,0.17679558011049723,0.991816390779815,1.0
27,36,23,3,0.13043478260869565,0.13812154696132597,0.6496965126008294,1.0
27,37,23,6,0.2608695652173913,0.16574585635359115,0.15490010942627302,1.0
27,38,23,3,0.13043478260869565,0.19889502762430938,0.8810691735976525,1.0
28,1,22,5,0.22727272727272727,0.18232044198895028,0.370231233207982,1.0
28,2,22,4,0.18181818181818182,0.1712707182320442,0.5437125260474357,1.0
28,3,22,5,0.22727272727272727,0.143646408839779,0.18791151486734914,1.0
28,4,22,5,0.22727272727272727,0.18232044198895028,0.370231233207982,1.0
28,5,22,2,0.09090909090909091,0.10497237569060773,0.7065283889649844,1.0
28,6,22,4,0.18181818181818182,0.17679558011049723,0.5724652653500817,1.0
28,7,22,1,0.045454545454545456,0.14917127071823205,0.9776089750864926,1.0
28,8,22,3,0.13636363636363635,0.20994475138121546,0.886177894301158,1.0
28,9,22,0,0.0,0.13812154696132597,0.9999999999999999,1.0
28,10,22,4,0.18181818181818182,0.17679558011049723,0.5724652653500817,1.0
28,11,22,1,0.045454545454545456,0.14917127071823205,0.9776089750864926,1.0
28,12,22,7,0.3181818181818182,0.17679558011049723,0.06575670362996112,1.0
28,13,22,3,0.13636363636363635,0.18232044198895028,0.8103012958910628,1.0
28,14,22,2,0.09090909090909091,0.15469613259668508,0.8912435932772492,1.0
28,15,22,2,0.09090909090909091,0.18232044198895028,0.9413455388835801,1.0
28,16,22,2,0.09090909090909091,0.1270718232044199,0.8073591886849646,1.0
28,17,22,3,0.13636363636363635,0.143646408839779,0.6459242421282142,1.0
28,18,22,3,0.13636363636363635,0.20994475138121546,0.886177894301158,1.0
28,19,22,1,0.045454545454545456,0.143646408839779,0.973905196529371,1.0
28,20,22,3,0.13636363636363635,0.15469613259668508,0.7003306440147116,1.0
28,21,22,4,0.18181818181818182,0.1270718232044199,0.2980164266288431,1.0
28,22,22,6,0.2727272727272727,0.16022099447513813,0.11348320532461778,1.0
28,23,22,5,0.22727272727272727,0.12154696132596685,0.10629451421394391,1.0
28,24,22,3,0.13636363636363635,0.18232044198895028,0.8103012958910628,1.0
28,25,22,4,0.18181818181818182,0.17679558011049723,0.5724652653500817,1.0
28,26,22,2,0.09090909090909091,0.13812154696132597,0.8458545771768147,1.0
28,27,22,5,0.22727272727272727,0.1270718232044199,0.12458430334808494,1.0
28,28,22,4,0.18181818181818182,0.12154696132596685,0.26785431823218947,1.0
28,29,22,3,0.13636363636363635,0.12154696132596685,0.5202635411305013,1.0
28,30,22,3,0.13636363636363635,0.15469613259668508,0.7003306440147116,1.0
28,31,22,2,0.09090909090909091,0.14917127071823205,0.877606954044211,1.0
28,32,22,4,0.18181818181818182,0.13812154696132597,0.3598495999858949,1.0
28,33,22,4,0.18181818181818182,0.19889502762430938,0.6781267513200546,1.0
28,34,22,4,0.18181818181818182,0.143646408839779,0.39111107000744866,1.0
28,35,22,4,0.18181818181818182,0.17679558011049723,0.5724652653500817,1.0
28,36,22,4,0.18181818181818182,0.13812154696132597,0.3598495999858949,1.0
28,37,22,6,0.2727272727272727,0.16574585635359115,0.13006100656655084,1.0
28,38,22,5,0.22727272727272727,0.19889502762430938,0.4542557485878228,1.0
29,1,22,7,0.3181818181818182,0.18232044198895028,0.07660594379250601,1.0
29,2,22,4,0.18181818181818182,0.1712707182320442,0.5437125260474357,1.0
29,3,22,4,0.18181818181818182,0.143646408839779,0.39111107000744866,1.0
29,4,22,5,0.22727272727272727,0.18232044198895028,0.370231233207982,1.0
29,5,22,3,0.13636363636363635,0.10497237569060773,0.41444690272209206,1.0
29,6,22,8,0.36363636363636365,0.17679558011049723,0.020948647777403732,1.0
29,7,22,2,0.09090909090909091,0.14917127071823205,0.877606954044211,1.0
29,8,22,5,0.22727272727272727,0.20994475138121546,0.509527557543474,1.0
29,9,22,2,0.09090909090909091,0.13812154696132597,0.8458545771768147,1.0
29,10,22,3,0.13636363636363635,0.17679558011049723,0.7912156885019717,1.0
29,11,22,2,0.09090909090909091,0.14917127071823205,0.877606954044211,1.0
29,12,22,3,0.13636363636363635,0.17679558011049723,0.7912156885019717,1.0
29,13,22,4,0.18181818181818182,0.18232044198895028,0.6003596146110609,1.0
29,14,22,0,0.0,0.15469613259668508,1,1.0
29,15,22,7,0.3181818181818182,0.18232044198895028,0.07660594379250601,1.0
29,16,22,4,0.18181818181818182,0.1270718232044199,0.2980164266288431,1.0
29,17,22,3,0.13636363636363635,0.143646408839779,0.6459242421282142,1.0
29,18,22,5,0.22727272727272727,0.20994475138121546,0.509527557543474,1.0
29,19,22,5,0.22727272727272727,0.143646408839779,0.18791151486734914,1.0
29,20,22,0,0.0,0.15469613259668508,1,1.0
29,21,22,2,0.09090909090909091,0.1270718232044199,0.8073591886849646,1.0
29,22,22,3,0.13636363636363635,0.16022099447513813,0.7252865850947819,1.0
29,23,22,3,0.13636363636363635,0.12154696132596685,0.5202635411305013,1.0
29,24,22,1,0.045454545454545456,0.18232044198895028,0.9912671552616819,1.0
29,25,22,6,0.2727272727272727,0.17679558011049723,0.1667902526436602,1.0
29,26,22,3,0.13636363636363635,0.13812154696132597,0.6165227222681257,1.0
29,27,22,2,0.09090909090909091,0.1270718232044199,0.8073591886849646,1.0
29,28,22,4,0.18181818181818182,0.12154696132596685,0.26785431823218947,1.0
29,29,22,3,0.13636363636363635,0.12154696132596685,0.5202635411305013,1.0
29,30,22,3,0.13636363636363635,0.15469613259668508,0.7003306440147116,1.0
29,31,22,2,0.09090909090909091,0.14917127071823205,0.877606954044211,1.0
29,32,22,0,0.0,0.13812154696132597,0.9999999999999999,1.0
29,33,22,6,0.2727272727272727,0.19889502762430938,0.2527718461288141,1.0
29,34,22,4,0.18181818181818182,0.143646408839779,0.39111107000744866,1.0
29,35,22,2,0.09090909090909091,0.17679558011049723,0.9334034635507003,1.0
29,36,22,4,0.18181818181818182,0.13812154696132597,0.3598495999858949,1.0
29,37,22,5,0.22727272727272727,0.16574585635359115,0.28803770075438384,1.0
29,38,22,3,0.13636363636363635,0.19889502762430938,0.8595086801684977,1.0
30,1,28,8,0.2857142857142857,0.18232044198895028,0.10422921663546278,1.0
30,2,28,4,0.14285714285714285,0.1712707182320442,0.7527557801408703,1.0
30,3,28,1,0.03571428571428571,0.143646408839779,0.9912287184958312,1.0
30,4,28,4,0.14285714285714285,0.18232044198895028,0.8002387391610691,1.0
30,5,28,4,0.14285714285714285,0.10497237569060773,0.33427127783521,1.0
30,6,28,6,0.21428571428571427,0.17679558011049723,0.36974483785970813,1.0
30,7,28,2,0.07142857142857142,0.14917127071823205,0.9500319898827034,1.0
30,8,28,9,0.32142857142857145,0.20994475138121546,0.09602339401869979,1.0
30,9,28,3,0.10714285714285714,0.13812154696132597,0.7867290949963851,1.0
30,10,28,5,0.17857142857142858,0.17679558011049723,0.5801542825463549,1.0
30,11,28,5,0.17857142857142858,0.14917127071823205,0.40832569659014756,1.0
30,12,28,5,0.17857142857142858,0.17679558011049723,0.5801542825463549,1.0
30,13,28,7,0.25,0.18232044198895028,0.22358794171831242,1.0
30,14,28,7,0.25,0.15469613259668508,0.11179993096831291,1.0
30,15,28,7,0.25,0.18232044198895028,0.22358794171831242,1.0
30,16,28,3,0.10714285714285714,0.1270718232044199,0.7315491137054413,1.0
30,17,28,5,0.17857142857142858,0.143646408839779,0.37284398104565447,1.0
30,18,28,7,0.25,0.20994475138121546,0.3655226348687518,1.0
30,19,28,4,0.14285714285714285,0.143646408839779,0.6019967272705053,1.0
30,20,28,4,0.14285714285714285,0.15469613259668508,0.6676655324221453,1.0
30,21,28,3,0.10714285714285714,0.1270718232044199,0.7315491137054413,1.0
30,22,28,4,0.14285714285714285,0.16022099447513813,0.6978711886370687,1.0
30,23,28,3,0.10714285714285714,0.12154696132596685,0.7003306440147116,1.0
30,24,28,4,0.14285714285714285,0.18232044198895028,0.8002387391610691,1.0
30,25,28,5,0.17857142857142858,0.17679558011049723,0.5801542825463549,1.0
30,26,28,3,0.10714285714285714,0.13812154696132597,0.7867290949963851,1.0
30,27,28,5,0.17857142857142858,0.1270718232044199,0.2689410939351047,1.0
30,28,28,2,0.07142857142857142,0.12154696132596685,0.8912435932772492,1.0
30,29,28,3,0.10714285714285714,0.12154696132596685,0.7003306440147116,1.0
30,30,28,4,0.14285714285714285,0.15469613259668508,0.6676655324221453,1.0
30,31,28,5,0.17857142857142858,0.14917127071823205,0.40832569659014756,1.0
30,32,28,5,0.17857142857142858,0.13812154696132597,0.3375897123956775,1.0
30,33,28,1,0.03571428571428571,0.19889502762430938,0.9988814491752308,1.0
30,34,28,7,0.25,0.143646408839779,0.07856361220953025,1.0
30,35,28,2,0.07142857142857142,0.17679558011049723,0.978334622582508,1.0
30,36,28,2,0.07142857142857142,0.13812154696132597,0.9313022523470736,1.0
30,37,28,3,0.10714285714285714,0.16574585635359115,0.8863827460204948,1.0
30,38,28,7,0.25,0.19889502762430938,0.3063381016751689,1.0
31,1,27,2,0.07407407407407407,0.18232044198895028,0.9777175788301609,1.0
31,2,27,6,0.2222222222222222,0.1712707182320442,0.30260675914580115,1.0
31,3,27,6,0.2222222222222222,0.143646408839779,0.16574503295372162,1.0
31,4,27,6,0.2222222222222222,0.18232044198895028,0.36394496102870033,1.0
31,5,27,1,0.037037037037037035,0.10497237569060773,0.9611630926873334,1.0
31,6,27,5,0.18518518518518517,0.17679558011049723,0.5425811674237397,1.0
31,7,27,4,0.14814814814814814,0.14917127071823205,0.6031996529269051,1.0
31,8,27,6,0.2222222222222222,0.20994475138121546,0.5201138278426005,1.0
31,9,27,3,0.1111111111111111,0.13812154696132597,0.7631590982418289,1.0
31,10,27,5,0.18518518518518517,0.17679558011049723,0.5425811674237397,1.0
31,11,27,4,0.14814814814814814,0.14917127071823205,0.6031996529269051,1.0
31,12,27,3,0.1111111111111111,0.17679558011049723,0.898877948758887,1.0
31,13,27,8,0.2962962962962963,0.18232044198895028,0.08604566086112243,1.0
31,14,27,3,0.1111111111111111,0.15469613259668508,0.8327178681679753,1.0
31,15,27,3,0.1111111111111111,0.18232044198895028,0.9114320299804274,1.0
31,16,27,2,0.07407407407407407,0.1270718232044199,0.8939594857869739,1.0
31,17,27,5,0.18518518518518517,0.143646408839779,0.3401078744421044,1.0
31,18,27,4,0.14814814814814814,0.20994475138121546,0.8690852048672683,1.0
31,19,27,4,0.14814814814814814,0.143646408839779,0.5692606206669554,1.0
31,20,27,7,0.25925925925925924,0.15469613259668508,0.09431251402138417,1.0
31,21,27,1,0.037037037037037035,0.1270718232044199,0.981411224600107,1.0
31,22,27,5,0.18518518518518517,0.16022099447513813,0.44250293729844603,1.0
31,23,27,2,0.07407407407407407,0.12154696132596685,0.877606954044211,1.0
31,24,27,8,0.2962962962962963,0.18232044198895028,0.08604566086112243,1.0
31,25,27,4,0.14814814814814814,0.17679558011049723,0.7492333005981252,1.0
31,26,27,5,0.18518518518518517,0.13812154696132597,0.30657655877126144,1.0
31,27,27,5,0.18518518518518517,0.1270718232044199,0.24200736722174934,1.0
31,28,27,2,0.07407407407407407,0.12154696132596685,0.877606954044211,1.0
31,29,27,2,0.07407407407407407,0.12154696132596685,0.877606954044211,1.0
31,30,27,5,0.18518518518518517,0.15469613259668508,0.40832569659014756,1.0
31,31,27,5,0.18518518518518517,0.14917127071823205,0.37411118517224357,1.0
31,32,27,4,0.14814814814814814,0.13812154696132597,0.5340063520169782,1.0
31,33,27,2,0.07407407407407407,0.19889502762430938,0.9866164222850897,1.0
31,34,27,4,0.14814814814814814,0.143646408839779,0.5692606206669554,1.0
31,35,27,4,0.14814814814814814,0.17679558011049723,0.7492333005981252,1.0
31,36,27,3,0.1111111111111111,0.13812154696132597,0.7631590982418289,1.0
31,37,27,5,0.18518518518518517,0.16574585635359115,0.4764103576853631,1.0
31,38,27,9,0.3333333333333333,0.19889502762430938,0.05582503961112299,1.0
32,1,25,5,0.2,0.18232044198895028,0.495229168100874,1.0
32,2,25,2,0.08,0.1712707182320442,0.9554134166690325,1.0
32,3,25,5,0.2,0.143646408839779,0.27621486995487654,1.0
32,4,25,2,0.08,0.18232044198895028,0.9669060470021058,1.0
32,5,25,2,0.08,0.10497237569060773,0.7761161082006216,1.0
32,6,25,4,0.16,0.17679558011049723,0.6855645836136485,1.0
32,7,25,3,0.12,0.14917127071823205,0.7631590982418289,1.0
32,8,25,8,0.32,0.20994475138121546,0.11890790102892003,1.0
32,9,25,2,0.08,0.13812154696132597,0.8960864252046652,1.0
32,10,25,4,0.16,0.17679558011049723,0.6855645836136485,1.0
32,11,25,6,0.24,0.14917127071823205,0.14262343916278228,1.0
32,12,25,6,0.24,0.17679558011049723,0.2620198702929072,1.0
32,13,25,2,0.08,0.18232044198895028,0.9669060470021058,1.0
32,14,25,2,0.08,0.15469613259668508,0.9313022523470736,1.0
32,15,25,3,0.12,0.18232044198895028,0.8785253152024612,1.0
32,16,25,3,0.12,0.1270718232044199,0.6496965126008294,1.0
32,17,25,1,0.04,0.143646408839779,0.9847841214022887,1.0
32,18,25,4,0.16,0.20994475138121546,0.8209798449375064,1.0
32,19,25,2,0.08,0.143646408839779,0.9092854871388354,1.0
32,20,25,3,0.12,0.15469613259668508,0.7867290949963851,1.0
32,21,25,2,0.08,0.1270718232044199,0.8645362976126231,1.0
32,22,25,4,0.16,0.16022099447513813,0.5983745239817623,1.0
32,23,25,6,0.24,0.12154696132596685,0.059772734259452016,1.0
32,24,25,4,0.16,0.18232044198895028,0.7118177443740311,1.0
32,25,25,6,0.24,0.17679558011049723,0.2620198702929072,1.0
32,26,25,5,0.2,0.13812154696132597,0.2467181865178756,1.0
32,27,25,2,0.08,0.1270718232044199,0.8645362976126231,1.0
32,28,25,2,0.08,0.12154696132596685,0.8458545771768147,1.0
32,29,25,4,0.16,0.12154696132596685,0.3598495999858949,1.0
32,30,25,3,0.12,0.15469613259668508,0.7867290949963851,1.0
32,31,25,6,0.24,0.14917127071823205,0.14262343916278228,1.0
32,32,25,4,0.16,0.13812154696132597,0.46583640633559636,1.0
32,33,25,5,0.2,0.19889502762430938,0.5853721835397245,1.0
32,34,25,6,0.24,0.143646408839779,0.12283211608247199,1.0
32,35,25,8,0.32,0.17679558011049723,0.04685550341081606,1.0
32,36,25,6,0.24,0.13812154696132597,0.10461357631255969,1.0
32,37,25,4,0.16,0.16574585635359115,0.6287819673793662,1.0
32,38,25,4,0.16,0.19889502762430938,0.781710225228087,1.0
33,1,35,5,0.14285714285714285,0.18232044198895028,0.8189792928925164,1.0
33,2,35,6,0.17142857142857143,0.1712707182320442,0.5845388359599679,1.0
33,3,35,5,0.14285714285714285,0.143646408839779,0.5965595363424802,1.0
33,4,35,3,0.08571428571428572,0.18232044198895028,0.9781351272460489,1.0
33,5,35,5,0.14285714285714285,0.10497237569060773,0.2934607582922987,1.0
33,6,35,4,0.11428571428571428,0.17679558011049723,0.9130056579804197,1.0
33,7,35,5,0.14285714285714285,0.14917127071823205,0.6351660738327173,1.0
33,8,35,8,0.22857142857142856,0.20994475138121546,0.461028132534018,1.0
33,9,35,6,0.17142857142857143,0.13812154696132597,0.34541510076752974,1.0
33,10,35,8,0.22857142857142856,0.17679558011049723,0.2527608954223634,1.0
33,11,35,9,0.2571428571428571,0.14917127071823205,0.04673886546138753,1.0
33,12,35,5,0.14285714285714285,0.17679558011049723,0.794277451216881,1.0
33,13,35,8,0.22857142857142856,0.18232044198895028,0.2853572391483454,1.0
33,14,35,4,0.11428571428571428,0.15469613259668508,0.8405807563682917,1.0
33,15,35,7,0.2,0.18232044198895028,0.4641446024695631,1.0
33,16,35,2,0.05714285714285714,0.1270718232044199,0.9630617908050854,1.0
33,17,35,6,0.17142857142857143,0.143646408839779,0.38592226779574773,1.0
33,18,35,6,0.17142857142857143,0.20994475138121546,0.8011316413146399,1.0
33,19,35,4,0.11428571428571428,0.143646408839779,0.7895922237936648,1.0
33,20,35,5,0.14285714285714285,0.15469613259668508,0.6716580804722747,1.0
33,21,35,5,0.14285714285714285,0.1270718232044199,0.47052589833216407,1.0
33,22,35,7,0.2,0.16022099447513813,0.3137025016183655,1.0
33,23,35,2,0.05714285714285714,0.12154696132596685,0.9547341928139302,1.0
33,24,35,11,0.3142857142857143,0.18232044198895028,0.026302815215904506,1.0
33,25,35,5,0.14285714285714285,0.17679558011049723,0.794277451216881,1.0
33,26,35,2,0.05714285714285714,0.13812154696132597,0.9756260824280197,1.0
33,27,35,4,0.11428571428571428,0.1270718232044199,0.6917208895932871,1.0
33,28,35,2,0.05714285714285714,0.12154696132596685,0.9547341928139302,1.0
33,29,35,4,0.11428571428571428,0.12154696132596685,0.6532521954609177,1.0
33,30,35,5,0.14285714285714285,0.15469613259668508,0.6716580804722747,1.0
33,31,35,7,0.2,0.14917127071823205,0.24323250523183193,1.0
33,32,35,8,0.22857142857142856,0.13812154696132597,0.07756487615848683,1.0
33,33,35,6,0.17142857142857143,0.19889502762430938,0.7491730618815321,1.0
33,34,35,5,0.14285714285714285,0.143646408839779,0.5965595363424802,1.0
33,35,35,5,0.14285714285714285,0.17679558011049723,0.794277451216881,1.0
33,36,35,3,0.08571428571428572,0.13812154696132597,0.9046694028511021,1.0
33,37,35,9,0.2571428571428571,0.16574585635359115,0.08948973025692325,1.0
33,38,35,9,0.2571428571428571,0.19889502762430938,0.2299631325034153,1.0
34,1,26,5,0.19230769230769232,0.18232044198895028,0.53549242907473,1.0
34,2,26,5,0.19230769230769232,0.1712707182320442,0.4714586882113014,1.0
34,3,26,6,0.23076923076923078,0.143646408839779,0.14347979448837261,1.0
34,4,26,4,0.15384615384615385,0.18232044198895028,0.7438768926102678,1.0
34,5,26,4,0.15384615384615385,0.10497237569060773,0.28130180555787365,1.0
34,6,26,3,0.11538461538461539,0.17679558011049723,0.8822507656299132,1.0
34,7,26,5,0.19230769230769232,0.14917127071823205,0.3401078744421044,1.0
34,8,26,4,0.15384615384615385,0.20994475138121546,0.8465342493704673,1.0
34,9,26,4,0.15384615384615385,0.13812154696132597,0.5003130493139091,1.0
34,10,26,5,0.19230769230769232,0.17679558011049723,0.5037698598226009,1.0
34,11,26,5,0.19230769230769232,0.14917127071823205,0.3401078744421044,1.0
34,12,26,2,0.07692307692307693,0.17679558011049723,0.9681578784629432,1.0
34,13,26,3,0.11538461538461539,0.18232044198895028,0.8960881529318779,1.0
34,14,26,4,0.15384615384615385,0.15469613259668508,0.6019967272705053,1.0
34,15,26,6,0.23076923076923078,0.18232044198895028,0.3261234720106781,1.0
34,16,26,5,0.19230769230769232,0.1270718232044199,0.21602717658484716,1.0
34,17,26,4,0.15384615384615385,0.143646408839779,0.5353120656706811,1.0
34,18,26,4,0.15384615384615385,0.20994475138121546,0.8465342493704673,1.0
34,19,26,5,0.19230769230769232,0.143646408839779,0.30781845935166313,1.0
34,20,26,3,0.11538461538461539,0.15469613259668508,0.8108246212214999,1.0
34,21,26,2,0.07692307692307693,0.1270718232044199,0.8800295513394351,1.0
34,22,26,5,0.19230769230769232,0.16022099447513813,0.4057940491302736,1.0
34,23,26,3,0.11538461538461539,0.12154696132596685,0.6459242421282142,1.0
34,24,26,5,0.19230769230769232,0.18232044198895028,0.53549242907473,1.0
34,25,26,4,0.15384615384615385,0.17679558011049723,0.7186181697574753,1.0
34,26,26,2,0.07692307692307693,0.13812154696132597,0.9092854871388354,1.0
34,27,26,2,0.07692307692307693,0.1270718232044199,0.8800295513394351,1.0
34,28,26,5,0.19230769230769232,0.12154696132596685,0.18791151486734914,1.0
34,29,26,3,0.11538461538461539,0.12154696132596685,0.6459242421282142,1.0
34,30,26,5,0.19230769230769232,0.15469613259668508,0.37284398104565447,1.0
34,31,26,5,0.19230769230769232,0.14917127071823205,0.3401078744421044,1.0
34,32,26,4,0.15384615384615385,0.13812154696132597,0.5003130493139091,1.0
34,33,26,4,0.15384615384615385,0.19889502762430938,0.8100854200641672,1.0
34,34,26,3,0.11538461538461539,0.143646408839779,0.7640958058629638,1.0
34,35,26,5,0.19230769230769232,0.17679558011049723,0.5037698598226009,1.0
34,36,26,6,0.23076923076923078,0.13812154696132597,0.12283211608247199,1.0
34,37,26,2,0.07692307692307693,0.16574585635359115,0.956602975901588,1.0
34,38,26,5,0.19230769230769232,0.19889502762430938,0.6256466536296449,1.0
35,1,32,5,0.15625,0.18232044198895028,0.7427894355007898,1.0
35,2,32,8,0.25,0.1712707182320442,0.14832538345414065,1.0
35,3,32,3,0.09375,0.143646408839779,0.8822507656299132,1.0
35,4,32,7,0.21875,0.18232044198895028,0.3571039965114899,1.0
35,5,32,6,0.1875,0.10497237569060773,0.09174676866021293,1.0
35,6,32,3,0.09375,0.17679558011049723,0.9550579441271502,1.0
35,7,32,4,0.125,0.14917127071823205,0.7492333005981252,1.0
35,8,32,6,0.1875,0.20994475138121546,0.7125559768405396,1.0
35,9,32,5,0.15625,0.13812154696132597,0.46400226399330935,1.0
35,10,32,5,0.15625,0.17679558011049723,0.7140421092809125,1.0
35,11,32,5,0.15625,0.14917127071823205,0.5425811674237397,1.0
35,12,32,7,0.21875,0.17679558011049723,0.32321410581709364,1.0
35,13,32,4,0.125,0.18232044198895028,0.8841540581559236,1.0
35,14,32,8,0.25,0.15469613259668508,0.08880074506935577,1.0
35,15,32,4,0.125,0.18232044198895028,0.8841540581559236,1.0
35,16,32,4,0.125,0.1270718232044199,0.6123631412708666,1.0
35,17,32,1,0.03125,0.143646408839779,0.9958698503445658,1.0
35,18,32,3,0.09375,0.20994475138121546,0.9846652215853045,1.0
35,19,32,6,0.1875,0.143646408839779,0.2969783615102844,1.0
35,20,32,8,0.25,0.15469613259668508,0.08880074506935577,1.0
35,21,32,6,0.1875,0.1270718232044199,0.19661813725813743,1.0
35,22,32,5,0.15625,0.16022099447513813,0.616253942173966,1.0
35,23,32,5,0.15625,0.12154696132596685,0.34244335092891487,1.0
35,24,32,7,0.21875,0.18232044198895028,0.3571039965114899,1.0
35,25,32,6,0.1875,0.17679558011049723,0.5174292486426721,1.0
35,26,32,6,0.1875,0.13812154696132597,0.2620198702929072,1.0
35,27,32,7,0.21875,0.1270718232044199,0.08227791290264148,1.0
35,28,32,4,0.125,0.12154696132596685,0.5724652653500817,1.0
35,29,32,3,0.09375,0.12154696132596685,0.7912156885019717,1.0
35,30,32,4,0.125,0.15469613259668508,0.7774131369400865,1.0
35,31,32,2,0.0625,0.14917127071823205,0.973700272839268,1.0
35,32,32,3,0.09375,0.13812154696132597,0.863370081490786,1.0
35,33,32,3,0.09375,0.19889502762430938,0.9777926277219117,1.0
35,34,32,3,0.09375,0.143646408839779,0.8822507656299132,1.0
35,35,32,8,0.25,0.17679558011049723,0.17195899458426936,1.0
35,36,32,2,0.0625,0.13812154696132597,0.9615496390142487,1.0
35,37,32,8,0.25,0.16574585635359115,0.12654325338028916,1.0
35,38,32,8,0.25,0.19889502762430938,0.28246279864625834,1.0
36,1,26,4,0.15384615384615385,0.18232044198895028,0.7438768926102678,1.0
36,2,26,5,0.19230769230769232,0.1712707182320442,0.4714586882113014,1.0
36,3,26,5,0.19230769230769232,0.143646408839779,0.30781845935166313,1.0
36,4,26,3,0.11538461538461539,0.18232044198895028,0.8960881529318779,1.0
36,5,26,3,0.11538461538461539,0.10497237569060773,0.5359093978373783,1.0
36,6,26,10,0.38461538461538464,0.17679558011049723,0.005425977245679628,1.0
36,7,26,3,0.11538461538461539,0.14917127071823205,0.7884502040124649,1.0
36,8,26,2,0.07692307692307693,0.20994475138121546,0.9880146487373014,1.0
36,9,26,4,0.15384615384615385,0.13812154696132597,0.5003130493139091,1.0
36,10,26,6,0.23076923076923078,0.17679558011049723,0.2969783615102844,1.0
36,11,26,4,0.15384615384615385,0.14917127071823205,0.5692606206669554,1.0
36,12,26,5,0.19230769230769232,0.17679558011049723,0.5037698598226009,1.0
36,13,26,4,0.15384615384615385,0.18232044198895028,0.7438768926102678,1.0
36,14,26,3,0.11538461538461539,0.15469613259668508,0.8108246212214999,1.0
36,15,26,6,0.23076923076923078,0.18232044198895028,0.3261234720106781,1.0
36,16,26,5,0.19230769230769232,0.1270718232044199,0.21602717658484716,1.0
36,17,26,3,0.11538461538461539,0.143646408839779,0.7640958058629638,1.0
36,18,26,6,0.23076923076923078,0.20994475138121546,0.4767494494856374,1.0
36,19,26,4,0.15384615384615385,0.143646408839779,0.5353120656706811,1.0
36,20,26,6,0.23076923076923078,0.15469613259668508,0.18952178406577386,1.0
36,21,26,3,0.11538461538461539,0.1270718232044199,0.6786172528908785,1.0
36,22,26,4,0.15384615384615385,0.16022099447513813,0.6333891557729423,1.0
36,23,26,4,0.15384615384615385,0.12154696132596685,0.39111107000744866,1.0
36,24,26,2,0.07692307692307693,0.18232044198895028,0.972807538174625,1.0
36,25,26,8,0.3076923076923077,0.17679558011049723,0.0589276832205247,1.0
36,26,26,2,0.07692307692307693,0.13812154696132597,0.9092854871388354,1.0
36,27,26,3,0.11538461538461539,0.1270718232044199,0.6786172528908785,1.0
36,28,26,2,0.07692307692307693,0.12154696132596685,0.8625154384308649,1.0
36,29,26,2,0.07692307692307693,0.12154696132596685,0.8625154384308649,1.0
36,30,26,3,0.11538461538461539,0.15469613259668508,0.8108246212214999,1.0
36,31,26,3,0.11538461538461539,0.14917127071823205,0.7884502040124649,1.0
36,32,26,2,0.07692307692307693,0.13812154696132597,0.9092854871388354,1.0
36,33,26,6,0.23076923076923078,0.19889502762430938,0.41621940916205835,1.0
36,34,26,4,0.15384615384615385,0.143646408839779,0.5353120656706811,1.0
36,35,26,6,0.23076923076923078,0.17679558011049723,0.2969783615102844,1.0
36,36,26,4,0.15384615384615385,0.13812154696132597,0.5003130493139091,1.0
36,37,26,3,0.11538461538461539,0.16574585635359115,0.8499603956941699,1.0
36,38,26,4,0.15384615384615385,0.19889502762430938,0.8100854200641672,1.0
37,1,30,2,0.06666666666666667,0.18232044198895028,0.9879342259844324,1.0
37,2,30,4,0.13333333333333333,0.1712707182320442,0.8046650262817623,1.0
37,3,30,1,0.03333333333333333,0.143646408839779,0.9939646522777041,1.0
37,4,30,3,0.1,0.18232044198895028,0.9462860898874139,1.0
37,5,30,6,0.2,0.10497237569060773,0.06933206299854197,1.0
37,6,30,3,0.1,0.17679558011049723,0.9372326007483672,1.0
37,7,30,3,0.1,0.14917127071823205,0.8692248617961551,1.0
37,8,30,9,0.3,0.20994475138121546,0.14057569772414222,1.0
37,9,30,4,0.13333333333333333,0.13812154696132597,0.6287819673793662,1.0
37,10,30,8,0.26666666666666666,0.17679558011049723,0.12654325338028916,1.0
37,11,30,6,0.2,0.14917127071823205,0.2729658353638603,1.0
37,12,30,9,0.3,0.17679558011049723,0.0520852437872913,1.0
37,13,30,6,0.2,0.18232044198895028,0.4787363629452422,1.0
37,14,30,5,0.16666666666666666,0.15469613259668508,0.5134577085880647,1.0
37,15,30,5,0.16666666666666666,0.18232044198895028,0.6813973236429391,1.0
37,16,30,4,0.13333333333333333,0.1270718232044199,0.5540284013778529,1.0
37,17,30,4,0.13333333333333333,0.143646408839779,0.6633358803311882,1.0
37,18,30,6,0.2,0.20994475138121546,0.6415891465570516,1.0
37,19,30,6,0.2,0.143646408839779,0.24108706405992109,1.0
37,20,30,9,0.3,0.15469613259668508,0.02122720258606474,1.0
37,21,30,5,0.16666666666666666,0.1270718232044199,0.3250203650121923,1.0
37,22,30,5,0.16666666666666666,0.16022099447513813,0.5496172144800262,1.0
37,23,30,4,0.13333333333333333,0.12154696132596685,0.5142009167925209,1.0
37,24,30,5,0.16666666666666666,0.18232044198895028,0.6813973236429391,1.0
37,25,30,5,0.16666666666666666,0.17679558011049723,0.6506911174766213,1.0
37,26,30,4,0.13333333333333333,0.13812154696132597,0.6287819673793662,1.0
37,27,30,2,0.06666666666666667,0.1270718232044199,0.9276074974355769,1.0
37,28,30,4,0.13333333333333333,0.12154696132596685,0.5142009167925209,1.0
37,29,30,2,0.06666666666666667,0.12154696132596685,0.9145935733341115,1.0
37,30,30,6,0.2,0.15469613259668508,0.3059925435329354,1.0
37,31,30,0,0.0,0.14917127071823205,0.9999999999999998,1.0
37,32,30,4,0.13333333333333333,0.13812154696132597,0.6287819673793662,1.0
37,33,30,6,0.2,0.19889502762430938,0.579291857644345,1.0
37,34,30,5,0.16666666666666666,0.143646408839779,0.43873544614434407,1.0
37,35,30,6,0.2,0.17679558011049723,0.4440680656606899,1.0
37,36,30,5,0.16666666666666666,0.13812154696132597,0.4007261418973396,1.0
37,37,30,3,0.1,0.16574585635359115,0.9150405881492472,1.0
37,38,30,6,0.2,0.19889502762430938,0.579291857644345,1.0
38,1,36,9,0.25,0.18232044198895028,0.1739212798179973,1.0
38,2,36,7,0.19444444444444445,0.1712707182320442,0.42188250817566286,1.0
38,3,36,4,0.1111111111111111,0.143646408839779,0.8100854200641672,1.0
38,4,36,8,0.2222222222222222,0.18232044198895028,0.317196084671302,1.0
38,5,36,2,0.05555555555555555,0.10497237569060773,0.9267341083370968,1.0
38,6,36,7,0.19444444444444445,0.17679558011049723,0.4609200268438959,1.0
38,7,36,5,0.1388888888888889,0.14917127071823205,0.6637243344419334,1.0
38,8,36,6,0.16666666666666666,0.20994475138121546,0.8258028496877972,1.0
38,9,36,7,0.19444444444444445,0.13812154696132597,0.2011429990231923,1.0
38,10,36,5,0.1388888888888889,0.17679558011049723,0.8170472442948197,1.0
38,11,36,3,0.08333333333333333,0.14917127071823205,0.941405445503879,1.0
38,12,36,6,0.16666666666666666,0.17679558011049723,0.6531047341336594,1.0
38,13,36,6,0.16666666666666666,0.18232044198895028,0.6872135785296056,1.0
38,14,36,12,0.3333333333333333,0.15469613259668508,0.002080104965871089,1.0
38,15,36,8,0.2222222222222222,0.18232044198895028,0.317196084671302,1.0
38,16,36,6,0.16666666666666666,0.1270718232044199,0.29205487113654544,1.0
38,17,36,5,0.1388888888888889,0.143646408839779,0.6256466536296449,1.0
38,18,36,6,0.16666666666666666,0.20994475138121546,0.8258028496877972,1.0
38,19,36,7,0.19444444444444445,0.143646408839779,0.23443656096419324,1.0
38,20,36,5,0.1388888888888889,0.15469613259668508,0.6994261915784694,1.0
38,21,36,4,0.1111111111111111,0.1270718232044199,0.7157720573074675,1.0
38,22,36,5,0.1388888888888889,0.16022099447513813,0.7326390303525453,1.0
38,23,36,3,0.08333333333333333,0.12154696132596685,0.8595086801684977,1.0
38,24,36,4,0.1111111111111111,0.18232044198895028,0.9366926848254562,1.0
38,25,36,6,0.16666666666666666,0.17679558011049723,0.6531047341336594,1.0
38,26,36,7,0.19444444444444445,0.13812154696132597,0.2011429990231923,1.0
38,27,36,4,0.1111111111111111,0.1270718232044199,0.7157720573074675,1.0
38,28,36,6,0.16666666666666666,0.12154696132596685,0.2527718461288141,1.0
38,29,36,2,0.05555555555555555,0.12154696132596685,0.9603356935577793,1.0
38,30,36,6,0.16666666666666666,0.15469613259668508,0.49949579161386853,1.0
38,31,36,2,0.05555555555555555,0.14917127071823205,0.9866164222850897,1.0
38,32,36,5,0.1388888888888889,0.13812154696132597,0.5853721835397245,1.0
38,33,36,9,0.25,0.19889502762430938,0.2605358474964099,1.0
38,34,36,10,0.2777777777777778,0.143646408839779,0.014369370052954987,1.0
38,35,36,3,0.08333333333333333,0.17679558011049723,0.9777926277219117,1.0
38,36,36,4,0.1111111111111111,0.13812154696132597,0.781710225228087,1.0
38,37,36,4,0.1111111111111111,0.16574585635359115,0.8960127489685892,1.0
38,38,36,8,0.2222222222222222,0.19889502762430938,0.42619004812171746,1.0
