draw_id,actual,model,prediction,matches,exact_rank,percentile,top_1e3,top_1e4,top_1e5,entropy_nats,training_end,params
2211,06 08 15 18 25 33,M0-A,02 11 18 19 24 25,2,499601.5,0.18097,False,False,False,14.7588,2210,"{""lam"": 1.0, ""a0"": 50}"
2211,06 08 15 18 25 33,M0-B,07 09 14 20 35 38,0,2161846.5,0.783084,False,False,False,14.823,2210,"{""k"": 500}"
2211,06 08 15 18 25 33,M0-C,08 15 19 22 24 27,2,1485654.5,0.538148,False,False,False,14.8047,2210,"{""ridge"": 100}"
2211,06 08 15 18 25 33,M0-D,01 02 03 04 05 07,0,1380341.0,0.5,False,False,False,14.831,2210,"{""h"": 30, ""k"": 1, ""s"": 0}"
2211,06 08 15 18 25 33,M0-E,02 10 11 19 24 25,1,483438.5,0.175115,False,False,False,14.5938,2210,"{""K"": 1}"
2211,06 08 15 18 25 33,M0-F,02 09 13 16 30 38,0,1028060.0,0.372393,False,False,False,14.674,2210,"{""ridge"": 100}"
2211,06 08 15 18 25 33,M0-G,02 11 18 19 24 25,2,499601.5,0.18097,False,False,False,14.7588,2210,"{""gamma"": 0, ""A"": [1.0, 50]}"
2211,06 08 15 18 25 33,M0-H,01 02 03 04 05 07,0,1380341.0,0.5,False,False,False,14.831,2210,"{""weights"": {""M0-A"": 0.0, ""M0-B"": 0.0, ""M0-C"": 0.0, ""M0-D"": 0.0, ""M0-E"": 0.0, ""M0-F"": 0.0}}"
2211,06 08 15 18 25 33,M0-X,08 15 19 22 24 27,2,299572.0,0.108514,False,False,False,nan,2210,"{""rule"": 13}"
2212,03 11 14 18 21 24,M0-A,02 11 18 19 24 25,3,6845.5,0.002479,False,True,True,14.7547,2211,"{""lam"": 1.0, ""a0"": 50}"
2212,03 11 14 18 21 24,M0-B,09 14 24 29 35 36,2,163392.5,0.059185,False,False,False,14.8238,2211,"{""k"": 500}"
2212,03 11 14 18 21 24,M0-C,06 24 25 29 31 33,1,1730745.5,0.626927,False,False,False,14.7921,2211,"{""ridge"": 100}"
2212,03 11 14 18 21 24,M0-D,01 02 03 04 05 07,1,1380341.0,0.5,False,False,False,14.831,2211,"{""h"": 30, ""k"": 1, ""s"": 0}"
2212,03 11 14 18 21 24,M0-E,02 11 18 19 24 25,3,6862.5,0.002486,False,True,True,14.5843,2211,"{""K"": 1}"
2212,03 11 14 18 21 24,M0-F,09 13 16 29 36 38,0,2455916.0,0.889605,False,False,False,14.6991,2211,"{""ridge"": 100}"
2212,03 11 14 18 21 24,M0-G,11 19 25 30 33 34,1,33184.0,0.01202,False,False,True,14.2014,2211,"{""gamma"": 1.0, ""A"": [1.0, 50]}"
2212,03 11 14 18 21 24,M0-H,01 02 03 04 05 07,1,1380341.0,0.5,False,False,False,14.831,2211,"{""weights"": {""M0-A"": 0.0, ""M0-B"": 0.0, ""M0-C"": 0.0, ""M0-D"": 0.0, ""M0-E"": 0.0, ""M0-F"": 0.0}}"
2212,03 11 14 18 21 24,M0-X,06 24 25 29 33 36,1,1671623.0,0.605511,False,False,False,nan,2211,"{""rule"": 13}"
2213,03 04 14 27 30 33,M0-A,11 18 19 21 24 25,0,1346653.5,0.487797,False,False,False,14.7439,2212,"{""lam"": 1.0, ""a0"": 50}"
2213,03 04 14 27 30 33,M0-B,06 08 15 25 33 35,1,2188060.0,0.79258,False,False,False,14.8209,2212,"{""k"": 500}"
2213,03 04 14 27 30 33,M0-C,15 18 25 28 33 36,1,2090478.0,0.757233,False,False,False,14.8037,2212,"{""ridge"": 100}"
2213,03 04 14 27 30 33,M0-D,01 02 03 04 05 07,2,1380341.0,0.5,False,False,False,14.831,2212,"{""h"": 30, ""k"": 1, ""s"": 0}"
2213,03 04 14 27 30 33,M0-E,11 18 19 21 24 25,0,1299282.5,0.470638,False,False,False,14.5544,2212,"{""K"": 1}"
2213,03 04 14 27 30 33,M0-F,02 09 10 16 34 38,0,1974110.0,0.715081,False,False,False,14.7269,2212,"{""ridge"": 100}"
2213,03 04 14 27 30 33,M0-G,11 19 24 25 30 34,1,1852939.0,0.671189,False,False,False,14.1051,2212,"{""gamma"": 1.0, ""A"": [1.0, 50]}"
2213,03 04 14 27 30 33,M0-H,01 02 03 04 05 07,2,1380341.0,0.5,False,False,False,14.831,2212,"{""weights"": {""M0-A"": 0.0, ""M0-B"": 0.0, ""M0-C"": 0.0, ""M0-D"": 0.0, ""M0-E"": 0.0, ""M0-F"": 0.0}}"
2213,03 04 14 27 30 33,M0-X,06 08 15 18 25 33,1,1086269.5,0.393479,False,False,False,nan,2212,"{""rule"": 13}"
2214,05 08 13 15 29 33,M0-A,11 18 19 21 24 25,0,2488279.5,0.901328,False,False,False,14.7437,2213,"{""lam"": 1.0, ""a0"": 50}"
2214,05 08 13 15 29 33,M0-B,07 09 11 18 21 24,0,2652255.5,0.960725,False,False,False,14.822,2213,"{""k"": 500}"
2214,05 08 13 15 29 33,M0-C,09 11 14 18 21 24,0,2695045.5,0.976225,False,False,False,14.8081,2213,"{""ridge"": 100}"
2214,05 08 13 15 29 33,M0-D,01 02 03 04 05 07,1,1380341.0,0.5,False,False,False,14.831,2213,"{""h"": 30, ""k"": 1, ""s"": 0}"
2214,05 08 13 15 29 33,M0-E,11 18 19 21 24 25,0,2476423.5,0.897033,False,False,False,14.5572,2213,"{""K"": 1}"
2214,05 08 13 15 29 33,M0-F,02 09 13 16 36 38,1,2434508.0,0.88185,False,False,False,14.8263,2213,"{""ridge"": 1000}"
2214,05 08 13 15 29 33,M0-G,11 19 25 30 33 34,1,1637241.5,0.593057,False,False,False,14.1029,2213,"{""gamma"": 1.0, ""A"": [1.0, 50]}"
2214,05 08 13 15 29 33,M0-H,01 02 03 04 05 07,1,1380341.0,0.5,False,False,False,14.831,2213,"{""weights"": {""M0-A"": 0.0, ""M0-B"": 0.0, ""M0-C"": 0.0, ""M0-D"": 0.0, ""M0-E"": 0.0, ""M0-F"": 0.0}}"
2214,05 08 13 15 29 33,M0-X,03 11 14 18 21 24,0,2010686.0,0.72833,False,False,False,nan,2213,"{""rule"": 13}"
2215,01 04 17 19 29 37,M0-A,11 18 19 24 25 33,1,1880752.5,0.681264,False,False,False,14.7487,2214,"{""lam"": 1.0, ""a0"": 50}"
2215,01 04 17 19 29 37,M0-B,03 04 14 27 30 35,1,670376.5,0.24283,False,False,False,14.824,2214,"{""k"": 500}"
2215,01 04 17 19 29 37,M0-C,03 04 14 24 27 33,1,687756.5,0.249125,False,False,False,14.8165,2214,"{""ridge"": 100}"
2215,01 04 17 19 29 37,M0-D,01 02 03 04 05 07,2,1380341.0,0.5,False,False,False,14.831,2214,"{""h"": 30, ""k"": 1, ""s"": 0}"
2215,01 04 17 19 29 37,M0-E,11 18 19 24 25 33,1,1812382.5,0.656498,False,False,False,14.5771,2214,"{""K"": 1}"
2215,01 04 17 19 29 37,M0-F,09 10 13 16 36 38,0,1337082.0,0.48433,False,False,False,14.8264,2214,"{""ridge"": 1000}"
2215,01 04 17 19 29 37,M0-G,11 19 25 30 33 34,1,1959203.5,0.709681,False,False,False,14.5332,2214,"{""gamma"": 0.5, ""A"": [1.0, 50]}"
2215,01 04 17 19 29 37,M0-H,01 02 03 04 05 07,2,1380341.0,0.5,False,False,False,14.831,2214,"{""weights"": {""M0-A"": 0.0, ""M0-B"": 0.0, ""M0-C"": 0.0, ""M0-D"": 0.0, ""M0-E"": 0.0, ""M0-F"": 0.0}}"
2215,01 04 17 19 29 37,M0-X,03 04 14 27 30 33,1,784145.5,0.28404,False,False,False,nan,2214,"{""rule"": 13}"
2216,03 08 15 18 22 25,M0-A,11 18 19 24 25 33,2,97664.5,0.035377,False,False,True,14.7504,2215,"{""lam"": 1.0, ""a0"": 50}"
2216,03 08 15 18 22 25,M0-B,05 08 10 13 15 33,2,1354858.0,0.490769,False,False,False,14.8243,2215,"{""k"": 500}"
2216,03 08 15 18 22 25,M0-C,05 08 10 13 15 33,2,243923.0,0.088356,False,False,False,14.8086,2215,"{""ridge"": 100}"
2216,03 08 15 18 22 25,M0-D,01 02 03 04 05 07,1,1380341.0,0.5,False,False,False,14.831,2215,"{""h"": 30, ""k"": 1, ""s"": 0}"
2216,03 08 15 18 22 25,M0-E,11 18 19 24 25 33,2,91841.5,0.033268,False,False,True,14.5852,2215,"{""K"": 1}"
2216,03 08 15 18 22 25,M0-F,07 09 13 16 23 38,0,2597885.0,0.94103,False,False,False,14.8256,2215,"{""ridge"": 1000}"
2216,03 08 15 18 22 25,M0-G,11 19 25 30 33 34,1,56106.5,0.020323,False,False,True,14.5389,2215,"{""gamma"": 0.5, ""A"": [1.0, 50]}"
2216,03 08 15 18 22 25,M0-H,01 02 03 04 05 07,1,1380341.0,0.5,False,False,False,14.831,2215,"{""weights"": {""M0-A"": 0.0, ""M0-B"": 0.0, ""M0-C"": 0.0, ""M0-D"": 0.0, ""M0-E"": 0.0, ""M0-F"": 0.0}}"
2216,03 08 15 18 22 25,M0-X,05 08 13 15 29 33,2,317942.5,0.115168,False,False,False,nan,2215,"{""rule"": 13}"
2217,04 18 25 28 30 33,M0-A,11 18 19 24 25 33,3,63047.5,0.022837,False,False,True,14.7434,2216,"{""lam"": 1.0, ""a0"": 50}"
2217,04 18 25 28 30 33,M0-B,01 04 17 19 29 37,1,2009827.5,0.728019,False,False,False,14.8265,2216,"{""k"": 500}"
2217,04 18 25 28 30 33,M0-C,01 04 17 29 31 37,1,1945545.5,0.704734,False,False,False,14.8053,2216,"{""ridge"": 100}"
2217,04 18 25 28 30 33,M0-D,01 02 03 04 05 07,1,1380341.0,0.5,False,False,False,14.831,2216,"{""h"": 30, ""k"": 1, ""s"": 0}"
2217,04 18 25 28 30 33,M0-E,11 18 19 24 25 33,3,62291.5,0.022564,False,False,True,14.5674,2216,"{""K"": 1}"
2217,04 18 25 28 30 33,M0-F,07 09 13 16 17 38,0,2544245.0,0.9216,False,False,False,14.8276,2216,"{""ridge"": 1000}"
2217,04 18 25 28 30 33,M0-G,08 15 18 24 25 33,3,97021.0,0.035144,False,False,True,14.5117,2216,"{""gamma"": 0.5, ""A"": [1.0, 50]}"
2217,04 18 25 28 30 33,M0-H,01 02 03 04 05 07,1,1380341.0,0.5,False,False,False,14.831,2216,"{""weights"": {""M0-A"": 0.0, ""M0-B"": 0.0, ""M0-C"": 0.0, ""M0-D"": 0.0, ""M0-E"": 0.0, ""M0-F"": 0.0}}"
2217,04 18 25 28 30 33,M0-X,01 04 17 19 29 37,1,1568667.5,0.568217,False,False,False,nan,2216,"{""rule"": 13}"
2218,01 03 13 27 37 38,M0-A,11 18 19 24 25 33,0,2373206.5,0.859645,False,False,False,14.7355,2217,"{""lam"": 1.0, ""a0"": 50}"
2218,01 03 13 27 37 38,M0-B,03 08 15 16 22 23,1,872254.5,0.315956,False,False,False,14.8253,2217,"{""k"": 500}"
2218,01 03 13 27 37 38,M0-C,03 08 09 15 18 22,1,1026291.5,0.371753,False,False,False,14.8084,2217,"{""ridge"": 100}"
2218,01 03 13 27 37 38,M0-D,01 02 03 04 05 07,2,1380341.0,0.5,False,False,False,14.831,2217,"{""h"": 30, ""k"": 1, ""s"": 0}"
2218,01 03 13 27 37 38,M0-E,11 18 19 24 25 33,0,2334452.0,0.845607,False,False,False,14.5479,2217,"{""K"": 1}"
2218,01 03 13 27 37 38,M0-F,09 18 25 30 36 38,1,386542.0,0.140017,False,False,False,14.8292,2217,"{""ridge"": 1000}"
2218,01 03 13 27 37 38,M0-G,01 11 18 25 30 33,1,2572374.5,0.93179,False,False,False,13.9699,2217,"{""gamma"": 1.0, ""A"": [1.0, 50]}"
2218,01 03 13 27 37 38,M0-H,01 02 03 04 05 07,2,1380341.0,0.5,False,False,False,14.831,2217,"{""weights"": {""M0-A"": 0.0, ""M0-B"": 0.0, ""M0-C"": 0.0, ""M0-D"": 0.0, ""M0-E"": 0.0, ""M0-F"": 0.0}}"
2218,01 03 13 27 37 38,M0-X,03 08 15 18 22 25,1,1573699.5,0.57004,False,False,False,nan,2217,"{""rule"": 13}"
2219,07 18 24 26 28 33,M0-A,03 11 18 24 25 33,3,286458.5,0.103764,False,False,False,14.74,2218,"{""lam"": 1.0, ""a0"": 50}"
2219,07 18 24 26 28 33,M0-B,04 18 25 28 30 33,3,339165.5,0.122856,False,False,False,14.8245,2218,"{""k"": 500}"
2219,07 18 24 26 28 33,M0-C,04 18 25 28 30 33,3,7737.5,0.002803,False,True,True,14.8041,2218,"{""ridge"": 100}"
2219,07 18 24 26 28 33,M0-D,01 02 03 04 05 07,1,1380341.0,0.5,False,False,False,14.831,2218,"{""h"": 30, ""k"": 1, ""s"": 0}"
2219,07 18 24 26 28 33,M0-E,03 11 18 24 25 33,3,291614.5,0.105631,False,False,False,14.5647,2218,"{""K"": 1}"
2219,07 18 24 26 28 33,M0-F,01 09 13 16 37 38,0,2142684.0,0.776143,False,False,False,14.8284,2218,"{""ridge"": 1000}"
2219,07 18 24 26 28 33,M0-G,01 11 18 25 30 33,2,601349.0,0.217826,False,False,False,14.4931,2218,"{""gamma"": 0.5, ""A"": [1.0, 50]}"
2219,07 18 24 26 28 33,M0-H,01 02 03 04 05 07,1,1380341.0,0.5,False,False,False,14.831,2218,"{""weights"": {""M0-A"": 0.0, ""M0-B"": 0.0, ""M0-C"": 0.0, ""M0-D"": 0.0, ""M0-E"": 0.0, ""M0-F"": 0.0}}"
2219,07 18 24 26 28 33,M0-X,04 18 25 28 30 33,3,11423.0,0.004138,False,False,True,nan,2218,"{""rule"": 13}"
2220,04 06 12 27 33 36,M0-A,03 11 18 24 25 33,1,1826780.0,0.661713,False,False,False,14.735,2219,"{""lam"": 1.0, ""a0"": 50}"
2220,04 06 12 27 33 36,M0-B,01 03 13 27 37 38,1,991954.0,0.359315,False,False,False,14.8241,2219,"{""k"": 500}"
2220,04 06 12 27 33 36,M0-C,01 03 13 27 37 38,1,1184807.5,0.429172,False,False,False,14.752,2219,"{""ridge"": 1}"
2220,04 06 12 27 33 36,M0-D,01 02 03 04 05 07,1,1380341.0,0.5,False,False,False,14.831,2219,"{""h"": 30, ""k"": 1, ""s"": 0}"
2220,04 06 12 27 33 36,M0-E,03 11 18 24 25 33,1,1791718.5,0.649013,False,False,False,14.5537,2219,"{""K"": 1}"
2220,04 06 12 27 33 36,M0-F,01 07 09 13 37 38,0,2210556.0,0.800728,False,False,False,14.8285,2219,"{""ridge"": 1000}"
2220,04 06 12 27 33 36,M0-G,11 18 24 25 30 33,1,1949135.5,0.706034,False,False,False,14.4716,2219,"{""gamma"": 0.5, ""A"": [1.0, 50]}"
2220,04 06 12 27 33 36,M0-H,01 02 03 04 05 07,1,1380341.0,0.5,False,False,False,14.831,2219,"{""weights"": {""M0-A"": 0.0, ""M0-B"": 0.0, ""M0-C"": 0.0, ""M0-D"": 0.0, ""M0-E"": 0.0, ""M0-F"": 0.0}}"
2220,04 06 12 27 33 36,M0-X,01 03 13 27 37 38,1,652217.5,0.236252,False,False,False,nan,2219,"{""rule"": 13}"
2221,09 10 13 21 22 30,M0-A,03 11 18 24 25 33,0,1626233.0,0.589069,False,False,False,14.7368,2220,"{""lam"": 1.0, ""a0"": 50}"
2221,09 10 13 21 22 30,M0-B,02 07 18 24 26 28,0,740759.5,0.268325,False,False,False,14.8236,2220,"{""k"": 500}"
2221,09 10 13 21 22 30,M0-C,07 16 18 24 26 28,0,1429819.5,0.517923,False,False,False,14.8061,2220,"{""ridge"": 100}"
2221,09 10 13 21 22 30,M0-D,01 02 03 04 05 07,0,1380341.0,0.5,False,False,False,14.831,2220,"{""h"": 30, ""k"": 1, ""s"": 0}"
2221,09 10 13 21 22 30,M0-E,03 11 18 24 25 33,0,1581426.0,0.572839,False,False,False,14.562,2220,"{""K"": 1}"
2221,09 10 13 21 22 30,M0-F,07 18 26 33 36 38,0,1489134.0,0.539408,False,False,False,14.8291,2220,"{""ridge"": 1000}"
2221,09 10 13 21 22 30,M0-G,03 11 18 24 25 33,0,1626233.0,0.589069,False,False,False,14.7368,2220,"{""gamma"": 0, ""A"": [1.0, 50]}"
2221,09 10 13 21 22 30,M0-H,01 02 03 04 05 07,0,1380341.0,0.5,False,False,False,14.831,2220,"{""weights"": {""M0-A"": 0.0, ""M0-B"": 0.0, ""M0-C"": 0.0, ""M0-D"": 0.0, ""M0-E"": 0.0, ""M0-F"": 0.0}}"
2221,09 10 13 21 22 30,M0-X,07 18 24 26 28 33,0,2307984.0,0.83602,False,False,False,nan,2220,"{""rule"": 13}"
2222,04 10 12 18 35 38,M0-A,03 11 18 24 25 33,1,1015663.5,0.367903,False,False,False,14.7378,2221,"{""lam"": 1.0, ""a0"": 50}"
2222,04 10 12 18 35 38,M0-B,04 06 12 27 33 36,2,279490.0,0.101239,False,False,False,14.8222,2221,"{""k"": 500}"
2222,04 10 12 18 35 38,M0-C,04 06 17 27 33 36,1,627258.5,0.227211,False,False,False,14.7954,2221,"{""ridge"": 100}"
2222,04 10 12 18 35 38,M0-D,01 02 03 04 05 07,1,1380341.0,0.5,False,False,False,14.831,2221,"{""h"": 30, ""k"": 1, ""s"": 0}"
2222,04 10 12 18 35 38,M0-E,03 11 18 24 25 33,1,1005395.0,0.364184,False,False,False,14.5677,2221,"{""K"": 1}"
2222,04 10 12 18 35 38,M0-F,07 09 12 16 36 38,2,201322.0,0.072925,False,False,False,14.8285,2221,"{""ridge"": 1000}"
2222,04 10 12 18 35 38,M0-G,03 11 18 24 25 33,1,1015663.5,0.367903,False,False,False,14.7378,2221,"{""gamma"": 0, ""A"": [1.0, 50]}"
2222,04 10 12 18 35 38,M0-H,01 02 03 04 05 07,1,1380341.0,0.5,False,False,False,14.831,2221,"{""weights"": {""M0-A"": 0.0, ""M0-B"": 0.0, ""M0-C"": 0.0, ""M0-D"": 0.0, ""M0-E"": 0.0, ""M0-F"": 0.0}}"
2222,04 10 12 18 35 38,M0-X,04 06 12 27 33 36,2,194771.0,0.070552,False,False,False,nan,2221,"{""rule"": 13}"
2223,08 12 19 25 27 38,M0-A,03 11 18 24 25 33,1,804307.0,0.291344,False,False,False,14.7365,2222,"{""lam"": 1.0, ""a0"": 50}"
2223,08 12 19 25 27 38,M0-B,05 09 13 21 22 30,0,2756443.5,0.998465,False,False,False,14.8214,2222,"{""k"": 500}"
2223,08 12 19 25 27 38,M0-C,09 13 21 22 27 30,1,2333457.5,0.845247,False,False,False,14.8011,2222,"{""ridge"": 100}"
2223,08 12 19 25 27 38,M0-D,01 02 03 04 05 07,0,1380341.0,0.5,False,False,False,14.831,2222,"{""h"": 30, ""k"": 1, ""s"": 0}"
2223,08 12 19 25 27 38,M0-E,03 11 18 24 25 33,1,783103.0,0.283663,False,False,False,14.5669,2222,"{""K"": 1}"
2223,08 12 19 25 27 38,M0-F,09 10 13 21 30 38,1,1889239.0,0.684338,False,False,False,14.8267,2222,"{""ridge"": 1000}"
2223,08 12 19 25 27 38,M0-G,03 11 18 24 25 33,1,804307.0,0.291344,False,False,False,14.7365,2222,"{""gamma"": 0, ""A"": [1.0, 50]}"
2223,08 12 19 25 27 38,M0-H,01 02 03 04 05 07,0,1380341.0,0.5,False,False,False,14.831,2222,"{""weights"": {""M0-A"": 0.0, ""M0-B"": 0.0, ""M0-C"": 0.0, ""M0-D"": 0.0, ""M0-E"": 0.0, ""M0-F"": 0.0}}"
2223,08 12 19 25 27 38,M0-X,09 10 13 21 22 30,0,2086109.0,0.75565,False,False,False,nan,2222,"{""rule"": 13}"
2224,01 14 18 23 33 37,M0-A,11 18 19 24 25 33,2,743869.0,0.269451,False,False,False,14.7345,2223,"{""lam"": 1.0, ""a0"": 50}"
2224,01 14 18 23 33 37,M0-B,04 05 10 11 18 35,1,1945657.5,0.704774,False,False,False,14.8256,2223,"{""k"": 500}"
2224,01 14 18 23 33 37,M0-C,04 10 18 31 32 35,1,610104.0,0.220997,False,False,False,14.8113,2223,"{""ridge"": 100}"
2224,01 14 18 23 33 37,M0-D,01 02 03 04 05 07,1,1380341.0,0.5,False,False,False,14.831,2223,"{""h"": 30, ""k"": 1, ""s"": 0}"
2224,01 14 18 23 33 37,M0-E,11 18 19 24 25 33,2,893717.5,0.323731,False,False,False,14.5641,2223,"{""K"": 1}"
2224,01 14 18 23 33 37,M0-F,09 10 12 35 36 38,0,2631999.0,0.953387,False,False,False,14.827,2223,"{""ridge"": 1000}"
2224,01 14 18 23 33 37,M0-G,11 18 19 24 25 33,2,743869.0,0.269451,False,False,False,14.7345,2223,"{""gamma"": 0, ""A"": [1.0, 50]}"
2224,01 14 18 23 33 37,M0-H,01 02 03 04 05 07,1,1380341.0,0.5,False,False,False,14.831,2223,"{""weights"": {""M0-A"": 0.0, ""M0-B"": 0.0, ""M0-C"": 0.0, ""M0-D"": 0.0, ""M0-E"": 0.0, ""M0-F"": 0.0}}"
2224,01 14 18 23 33 37,M0-X,04 10 12 18 35 38,1,829327.0,0.300406,False,False,False,nan,2223,"{""rule"": 13}"
2225,05 08 11 17 27 30,M0-A,11 18 19 24 25 33,1,1106671.5,0.400869,False,False,False,14.7321,2224,"{""lam"": 1.0, ""a0"": 50}"
2225,05 08 11 17 27 30,M0-B,08 12 19 25 27 38,2,19871.0,0.007198,False,False,True,14.8244,2224,"{""k"": 500}"
2225,05 08 11 17 27 30,M0-C,08 12 19 25 27 38,2,170473.5,0.06175,False,False,False,14.7992,2224,"{""ridge"": 100}"
2225,05 08 11 17 27 30,M0-D,01 02 03 04 05 07,1,1380341.0,0.5,False,False,False,14.831,2224,"{""h"": 30, ""k"": 1, ""s"": 0}"
2225,05 08 11 17 27 30,M0-E,11 18 19 24 25 33,1,1075762.0,0.389673,False,False,False,14.5615,2224,"{""K"": 1}"
2225,05 08 11 17 27 30,M0-F,10 12 19 23 27 38,1,2295774.0,0.831597,False,False,False,14.8285,2224,"{""ridge"": 1000}"
2225,05 08 11 17 27 30,M0-G,11 18 19 24 25 33,1,1106671.5,0.400869,False,False,False,14.7321,2224,"{""gamma"": 0, ""A"": [1.0, 50]}"
2225,05 08 11 17 27 30,M0-H,01 02 03 04 05 07,1,1380341.0,0.5,False,False,False,14.831,2224,"{""weights"": {""M0-A"": 0.0, ""M0-B"": 0.0, ""M0-C"": 0.0, ""M0-D"": 0.0, ""M0-E"": 0.0, ""M0-F"": 0.0}}"
2225,05 08 11 17 27 30,M0-X,08 12 19 25 27 38,2,478904.0,0.173473,False,False,False,nan,2224,"{""rule"": 13}"
2226,02 07 13 18 26 27,M0-A,11 18 19 24 25 33,1,1484289.0,0.537653,False,False,False,14.7313,2225,"{""lam"": 1.0, ""a0"": 50}"
2226,02 07 13 18 26 27,M0-B,01 14 18 23 33 37,1,1963371.5,0.711191,False,False,False,14.8219,2225,"{""k"": 500}"
2226,02 07 13 18 26 27,M0-C,01 14 18 23 33 37,1,1822388.0,0.660122,False,False,False,14.7866,2225,"{""ridge"": 100}"
2226,02 07 13 18 26 27,M0-D,01 02 03 04 05 07,2,1380341.0,0.5,False,False,False,14.831,2225,"{""h"": 30, ""k"": 1, ""s"": 0}"
2226,02 07 13 18 26 27,M0-E,11 18 19 24 25 33,1,1493776.5,0.54109,False,False,False,14.5621,2225,"{""K"": 1}"
2226,02 07 13 18 26 27,M0-F,01 10 14 23 37 38,0,1162575.0,0.421119,False,False,False,14.8293,2225,"{""ridge"": 1000}"
2226,02 07 13 18 26 27,M0-G,11 18 19 24 25 33,1,1484289.0,0.537653,False,False,False,14.7313,2225,"{""gamma"": 0, ""A"": [1.0, 50]}"
2226,02 07 13 18 26 27,M0-H,01 02 03 04 05 07,2,1380341.0,0.5,False,False,False,14.831,2225,"{""weights"": {""M0-A"": 0.0, ""M0-B"": 0.0, ""M0-C"": 0.0, ""M0-D"": 0.0, ""M0-E"": 0.0, ""M0-F"": 0.0}}"
2226,02 07 13 18 26 27,M0-X,01 14 18 23 33 37,1,1505582.0,0.545366,False,False,False,nan,2225,"{""rule"": 13}"
2227,07 08 13 20 22 38,M0-A,11 18 19 24 25 33,0,2060715.5,0.746452,False,False,False,14.7319,2226,"{""lam"": 1.0, ""a0"": 50}"
2227,07 08 13 20 22 38,M0-B,03 05 08 11 17 30,1,1537655.5,0.556984,False,False,False,14.823,2226,"{""k"": 500}"
2227,07 08 13 20 22 38,M0-C,08 11 17 22 30 32,2,1023779.5,0.370843,False,False,False,14.8052,2226,"{""ridge"": 100}"
2227,07 08 13 20 22 38,M0-D,01 02 03 04 05 07,1,1380341.0,0.5,False,False,False,14.831,2226,"{""h"": 30, ""k"": 1, ""s"": 0}"
2227,07 08 13 20 22 38,M0-E,11 18 19 24 25 33,0,1980463.0,0.717382,False,False,False,14.5664,2226,"{""K"": 1}"
2227,07 08 13 20 22 38,M0-F,05 08 17 27 30 38,2,342469.0,0.124052,False,False,False,14.8292,2226,"{""ridge"": 1000}"
2227,07 08 13 20 22 38,M0-G,11 18 19 24 25 33,0,2060715.5,0.746452,False,False,False,14.7319,2226,"{""gamma"": 0, ""A"": [1.0, 50]}"
2227,07 08 13 20 22 38,M0-H,01 02 03 04 05 07,1,1380341.0,0.5,False,False,False,14.831,2226,"{""weights"": {""M0-A"": 0.0, ""M0-B"": 0.0, ""M0-C"": 0.0, ""M0-D"": 0.0, ""M0-E"": 0.0, ""M0-F"": 0.0}}"
2227,07 08 13 20 22 38,M0-X,05 08 11 17 27 30,1,931298.5,0.337344,False,False,False,nan,2226,"{""rule"": 13}"
2228,04 16 17 26 32 34,M0-A,11 18 19 24 25 33,0,2670978.0,0.967507,False,False,False,14.7348,2227,"{""lam"": 1.0, ""a0"": 50}"
2228,04 16 17 26 32 34,M0-B,02 03 15 18 26 27,1,1429610.5,0.517847,False,False,False,14.8235,2227,"{""k"": 500}"
2228,04 16 17 26 32 34,M0-C,02 18 26 27 31 32,2,129804.5,0.047019,False,False,False,14.8001,2227,"{""ridge"": 100}"
2228,04 16 17 26 32 34,M0-D,01 02 03 04 05 07,1,1380341.0,0.5,False,False,False,14.831,2227,"{""h"": 30, ""k"": 1, ""s"": 0}"
2228,04 16 17 26 32 34,M0-E,11 18 19 24 25 33,0,2672091.0,0.96791,False,False,False,14.5763,2227,"{""K"": 1}"
2228,04 16 17 26 32 34,M0-F,02 07 13 26 27 38,1,1360152.0,0.492687,False,False,False,14.8277,2227,"{""ridge"": 1000}"
2228,04 16 17 26 32 34,M0-G,11 18 19 24 25 33,0,2670978.0,0.967507,False,False,False,14.7348,2227,"{""gamma"": 0, ""A"": [1.0, 50]}"
2228,04 16 17 26 32 34,M0-H,01 02 03 04 05 07,1,1380341.0,0.5,False,False,False,14.831,2227,"{""weights"": {""M0-A"": 0.0, ""M0-B"": 0.0, ""M0-C"": 0.0, ""M0-D"": 0.0, ""M0-E"": 0.0, ""M0-F"": 0.0}}"
2228,04 16 17 26 32 34,M0-X,02 07 13 18 26 27,1,1427260.5,0.516996,False,False,False,nan,2227,"{""rule"": 13}"
2229,21 24 25 28 29 34,M0-A,04 11 18 24 25 33,2,842570.5,0.305204,False,False,False,14.7423,2228,"{""lam"": 1.0, ""a0"": 50}"
2229,21 24 25 28 29 34,M0-B,07 08 13 20 22 38,0,2174290.5,0.787592,False,False,False,14.8222,2228,"{""k"": 500}"
2229,21 24 25 28 29 34,M0-C,07 08 13 20 22 38,0,2265440.5,0.820609,False,False,False,14.7794,2228,"{""ridge"": 100}"
2229,21 24 25 28 29 34,M0-D,01 02 03 04 05 07,0,1380341.0,0.5,False,False,False,14.831,2228,"{""h"": 30, ""k"": 1, ""s"": 0}"
2229,21 24 25 28 29 34,M0-E,04 11 18 24 25 33,2,863895.5,0.312928,False,False,False,14.5996,2228,"{""K"": 1}"
2229,21 24 25 28 29 34,M0-F,07 13 16 20 22 38,0,2526716.0,0.915251,False,False,False,14.8277,2228,"{""ridge"": 1000}"
2229,21 24 25 28 29 34,M0-G,04 11 18 24 25 33,2,842570.5,0.305204,False,False,False,14.7423,2228,"{""gamma"": 0, ""A"": [1.0, 50]}"
2229,21 24 25 28 29 34,M0-H,01 02 03 04 05 07,0,1380341.0,0.5,False,False,False,14.831,2228,"{""weights"": {""M0-A"": 0.0, ""M0-B"": 0.0, ""M0-C"": 0.0, ""M0-D"": 0.0, ""M0-E"": 0.0, ""M0-F"": 0.0}}"
2229,21 24 25 28 29 34,M0-X,07 08 13 20 22 38,0,2727233.0,0.987884,False,False,False,nan,2228,"{""rule"": 13}"
2230,02 04 05 30 33 37,M0-A,04 11 18 24 25 33,2,330439.5,0.119695,False,False,False,14.7405,2229,"{""lam"": 1.0, ""a0"": 50}"
2230,02 04 05 30 33 37,M0-B,03 04 16 17 26 32,1,1184260.0,0.428974,False,False,False,14.8231,2229,"{""k"": 500}"
2230,02 04 05 30 33 37,M0-C,04 05 10 11 16 17,2,561576.5,0.203419,False,False,False,14.7842,2229,"{""ridge"": 100}"
2230,02 04 05 30 33 37,M0-D,01 02 03 04 05 07,3,1380341.0,0.5,False,False,False,14.831,2229,"{""h"": 30, ""k"": 1, ""s"": 0}"
2230,02 04 05 30 33 37,M0-E,04 11 18 24 25 33,2,316137.5,0.114514,False,False,False,14.5973,2229,"{""K"": 1}"
2230,02 04 05 30 33 37,M0-F,16 17 20 26 32 34,0,2493766.0,0.903315,False,False,False,14.8278,2229,"{""ridge"": 1000}"
2230,02 04 05 30 33 37,M0-G,04 11 18 24 25 33,2,330439.5,0.119695,False,False,False,14.7405,2229,"{""gamma"": 0, ""A"": [1.0, 50]}"
2230,02 04 05 30 33 37,M0-H,01 02 03 04 05 07,3,1380341.0,0.5,False,False,False,14.831,2229,"{""weights"": {""M0-A"": 0.0, ""M0-B"": 0.0, ""M0-C"": 0.0, ""M0-D"": 0.0, ""M0-E"": 0.0, ""M0-F"": 0.0}}"
2230,02 04 05 30 33 37,M0-X,04 16 17 26 32 34,1,1505690.5,0.545405,False,False,False,nan,2229,"{""rule"": 13}"
2231,08 11 13 17 20 25,M0-A,04 11 18 24 25 33,2,491173.5,0.177917,False,False,False,14.7364,2230,"{""lam"": 1.0, ""a0"": 50}"
2231,08 11 13 17 20 25,M0-B,21 24 25 28 29 34,1,1262589.5,0.457347,False,False,False,14.8231,2230,"{""k"": 500}"
2231,08 11 13 17 20 25,M0-C,21 24 25 28 29 34,1,107202.5,0.038832,False,False,False,14.7739,2230,"{""ridge"": 100}"
2231,08 11 13 17 20 25,M0-D,01 02 03 04 05 07,0,1380341.0,0.5,False,False,False,14.831,2230,"{""h"": 30, ""k"": 1, ""s"": 0}"
2231,08 11 13 17 20 25,M0-E,04 11 18 24 25 33,2,496370.0,0.1798,False,False,False,14.5891,2230,"{""K"": 1}"
2231,08 11 13 17 20 25,M0-F,16 20 21 28 31 34,1,1826084.0,0.661461,False,False,False,14.8292,2230,"{""ridge"": 1000}"
2231,08 11 13 17 20 25,M0-G,04 11 18 24 25 33,2,491173.5,0.177917,False,False,False,14.7364,2230,"{""gamma"": 0, ""A"": [1.0, 50]}"
2231,08 11 13 17 20 25,M0-H,11 18 21 24 25 33,2,130385.5,0.047229,False,False,False,14.7877,2230,"{""weights"": {""M0-A"": 0.5218643556520646, ""M0-B"": 0.0, ""M0-C"": 0.4781356443479355, ""M0-D"": 0.0, ""M0-E"": 0.0, ""M0-F"": 0.0}}"
2231,08 11 13 17 20 25,M0-X,21 24 25 28 29 34,1,1619326.0,0.586567,False,False,False,nan,2230,"{""rule"": 13}"
2232,08 24 26 29 33 37,M0-A,11 18 24 25 30 33,2,310179.5,0.112356,False,False,False,14.7332,2231,"{""lam"": 1.0, ""a0"": 50}"
2232,08 24 26 29 33 37,M0-B,02 04 05 30 33 37,2,1039636.0,0.376587,False,False,False,14.8231,2231,"{""k"": 500}"
2232,08 24 26 29 33 37,M0-C,02 04 05 30 33 37,2,210697.0,0.07632,False,False,False,14.7619,2231,"{""ridge"": 100}"
2232,08 24 26 29 33 37,M0-D,01 02 03 04 05 07,0,1380341.0,0.5,False,False,False,14.831,2231,"{""h"": 30, ""k"": 1, ""s"": 0}"
2232,08 24 26 29 33 37,M0-E,04 11 18 24 25 33,2,308320.5,0.111683,False,False,False,14.5833,2231,"{""K"": 1}"
2232,08 24 26 29 33 37,M0-F,02 05 16 20 30 34,0,2243789.0,0.812766,False,False,False,14.8298,2231,"{""ridge"": 1000}"
2232,08 24 26 29 33 37,M0-G,11 18 24 25 30 33,2,310179.5,0.112356,False,False,False,14.7332,2231,"{""gamma"": 0, ""A"": [1.0, 50]}"
2232,08 24 26 29 33 37,M0-H,02 04 25 30 33 37,2,94006.5,0.034052,False,False,True,14.7874,2231,"{""weights"": {""M0-A"": 0.45393406275031284, ""M0-B"": 0.0, ""M0-C"": 0.5460659372496871, ""M0-D"": 0.0, ""M0-E"": 0.0, ""M0-F"": 0.0}}"
2232,08 24 26 29 33 37,M0-X,02 04 05 30 33 37,2,566968.0,0.205372,False,False,False,nan,2231,"{""rule"": 13}"
2233,11 12 21 34 36 37,M0-A,04 11 18 24 25 33,1,810070.0,0.293431,False,False,False,14.7289,2232,"{""lam"": 1.0, ""a0"": 50}"
2233,11 12 21 34 36 37,M0-B,11 13 16 17 20 25,1,362358.5,0.131257,False,False,False,14.8235,2232,"{""k"": 500}"
2233,11 12 21 34 36 37,M0-C,11 13 15 17 20 25,1,1120966.5,0.406047,False,False,False,14.773,2232,"{""ridge"": 100}"
2233,11 12 21 34 36 37,M0-D,01 02 03 04 05 07,0,1380341.0,0.5,False,False,False,14.831,2232,"{""h"": 30, ""k"": 1, ""s"": 0}"
2233,11 12 21 34 36 37,M0-E,04 11 18 24 25 33,1,803666.0,0.291111,False,False,False,14.5751,2232,"{""K"": 1}"
2233,11 12 21 34 36 37,M0-F,08 11 13 17 20 25,1,657571.0,0.238191,False,False,False,14.8295,2232,"{""ridge"": 1000}"
2233,11 12 21 34 36 37,M0-G,04 11 18 24 25 33,1,810070.0,0.293431,False,False,False,14.7289,2232,"{""gamma"": 0, ""A"": [1.0, 50]}"
2233,11 12 21 34 36 37,M0-H,04 11 17 18 25 33,1,814876.5,0.295172,False,False,False,14.7864,2232,"{""weights"": {""M0-A"": 0.4657620431383002, ""M0-B"": 0.0, ""M0-C"": 0.5342379568616996, ""M0-D"": 0.0, ""M0-E"": 0.0, ""M0-F"": 0.0}}"
2233,11 12 21 34 36 37,M0-X,08 11 13 17 20 25,1,1711915.5,0.620106,False,False,False,nan,2232,"{""rule"": 13}"
2234,02 07 15 16 20 36,M0-A,04 11 18 24 25 33,0,2653766.5,0.961272,False,False,False,14.7272,2233,"{""lam"": 1.0, ""a0"": 50}"
2234,02 07 15 16 20 36,M0-B,08 24 26 29 30 33,0,2516453.5,0.911533,False,False,False,14.822,2233,"{""k"": 500}"
2234,02 07 15 16 20 36,M0-C,04 08 24 26 29 33,0,1402614.5,0.508068,False,False,False,14.7651,2233,"{""ridge"": 100}"
2234,02 07 15 16 20 36,M0-D,01 02 03 04 05 07,2,1380341.0,0.5,False,False,False,14.831,2233,"{""h"": 30, ""k"": 1, ""s"": 0}"
2234,02 07 15 16 20 36,M0-E,04 11 18 24 25 33,0,2650916.0,0.96024,False,False,False,14.573,2233,"{""K"": 1}"
2234,02 07 15 16 20 36,M0-F,08 20 24 26 29 37,1,1304309.0,0.472459,False,False,False,14.8293,2233,"{""ridge"": 1000}"
2234,02 07 15 16 20 36,M0-G,04 11 18 24 25 33,0,2653766.5,0.961272,False,False,False,14.7272,2233,"{""gamma"": 0, ""A"": [1.0, 50]}"
2234,02 07 15 16 20 36,M0-H,08 18 24 25 26 33,0,2537146.0,0.919029,False,False,False,14.7769,2233,"{""weights"": {""M0-A"": 0.46412912938736645, ""M0-B"": 0.0, ""M0-C"": 0.48385024666255805, ""M0-D"": 0.0, ""M0-E"": 0.05202062395007531, ""M0-F"": 0.0}}"
2234,02 07 15 16 20 36,M0-X,08 24 26 29 33 37,0,2486205.5,0.900577,False,False,False,nan,2233,"{""rule"": 13}"
2235,01 03 20 22 26 27,M0-A,04 11 18 24 25 33,0,1364611.5,0.494302,False,False,False,14.7344,2234,"{""lam"": 1.0, ""a0"": 50}"
2235,01 03 20 22 26 27,M0-B,04 11 12 21 34 37,0,2396810.5,0.868195,False,False,False,14.8241,2234,"{""k"": 500}"
2235,01 03 20 22 26 27,M0-C,11 12 21 25 26 27,2,1150507.5,0.416748,False,False,False,14.7598,2234,"{""ridge"": 1}"
2235,01 03 20 22 26 27,M0-D,01 02 03 04 05 07,2,1380341.0,0.5,False,False,False,14.831,2234,"{""h"": 30, ""k"": 1, ""s"": 0}"
2235,01 03 20 22 26 27,M0-E,11 18 24 25 30 33,0,1287042.5,0.466205,False,False,False,14.5935,2234,"{""K"": 1}"
2235,01 03 20 22 26 27,M0-F,11 12 20 34 36 37,1,2336419.0,0.84632,False,False,False,14.8287,2234,"{""ridge"": 1000}"
2235,01 03 20 22 26 27,M0-G,04 11 18 24 25 33,0,1364611.5,0.494302,False,False,False,14.7344,2234,"{""gamma"": 0, ""A"": [1.0, 50]}"
2235,01 03 20 22 26 27,M0-H,11 12 21 24 25 30,0,1168771.5,0.423363,False,False,False,14.7785,2234,"{""weights"": {""M0-A"": 0.2643025289279515, ""M0-B"": 0.0, ""M0-C"": 0.7356974710720485, ""M0-D"": 0.0, ""M0-E"": 0.0, ""M0-F"": 0.0}}"
2235,01 03 20 22 26 27,M0-X,11 12 21 34 36 37,0,2463769.5,0.89245,False,False,False,nan,2234,"{""rule"": 13}"
2236,01 04 13 14 21 37,M0-A,04 11 18 24 25 33,1,730318.5,0.264543,False,False,False,14.7347,2235,"{""lam"": 1.0, ""a0"": 50}"
2236,01 04 13 14 21 37,M0-B,02 07 08 15 16 36,0,2440402.5,0.883986,False,False,False,14.8245,2235,"{""k"": 500}"
2236,01 04 13 14 21 37,M0-C,02 07 08 15 16 36,0,1798211.5,0.651365,False,False,False,14.7197,2235,"{""ridge"": 1}"
2236,01 04 13 14 21 37,M0-D,01 02 03 04 05 07,2,1380341.0,0.5,False,False,False,14.831,2235,"{""h"": 30, ""k"": 1, ""s"": 0}"
2236,01 04 13 14 21 37,M0-E,04 11 18 24 25 33,1,691416.0,0.250451,False,False,False,14.5958,2235,"{""K"": 1}"
2236,01 04 13 14 21 37,M0-F,02 07 15 16 20 36,0,2304746.0,0.834847,False,False,False,14.8286,2235,"{""ridge"": 1000}"
2236,01 04 13 14 21 37,M0-G,04 11 18 24 25 33,1,730318.5,0.264543,False,False,False,14.7347,2235,"{""gamma"": 0, ""A"": [1.0, 50]}"
2236,01 04 13 14 21 37,M0-H,02 07 11 15 16 33,0,1623777.0,0.58818,False,False,False,14.7694,2235,"{""weights"": {""M0-A"": 0.22870660454756053, ""M0-B"": 0.0, ""M0-C"": 0.7712933954524394, ""M0-D"": 0.0, ""M0-E"": 0.0, ""M0-F"": 0.0}}"
2236,01 04 13 14 21 37,M0-X,02 07 15 16 20 36,0,1856199.5,0.67237,False,False,False,nan,2235,"{""rule"": 13}"
2237,04 13 17 18 34 35,M0-A,04 11 18 24 25 33,2,964970.0,0.34954,False,False,False,14.7327,2236,"{""lam"": 1.0, ""a0"": 50}"
2237,04 13 17 18 34 35,M0-B,03 08 20 22 26 27,0,2317553.0,0.839486,False,False,False,14.8253,2236,"{""k"": 500}"
2237,04 13 17 18 34 35,M0-C,08 09 20 22 26 27,0,1982239.0,0.718025,False,False,False,14.7377,2236,"{""ridge"": 1}"
2237,04 13 17 18 34 35,M0-D,01 02 03 04 05 07,1,1380341.0,0.5,False,False,False,14.831,2236,"{""h"": 30, ""k"": 1, ""s"": 0}"
2237,04 13 17 18 34 35,M0-E,04 11 18 24 25 33,2,972761.5,0.352363,False,False,False,14.5928,2236,"{""K"": 1}"
2237,04 13 17 18 34 35,M0-F,16 20 22 26 34 36,1,2614865.0,0.947181,False,False,False,14.8296,2236,"{""ridge"": 1000}"
2237,04 13 17 18 34 35,M0-G,04 11 18 24 25 33,2,964970.0,0.34954,False,False,False,14.7327,2236,"{""gamma"": 0, ""A"": [1.0, 50]}"
2237,04 13 17 18 34 35,M0-H,20 22 25 26 27 33,0,1693536.0,0.613448,False,False,False,14.7769,2236,"{""weights"": {""M0-A"": 0.35216616809994233, ""M0-B"": 0.0, ""M0-C"": 0.6478338319000576, ""M0-D"": 0.0, ""M0-E"": 0.0, ""M0-F"": 0.0}}"
2237,04 13 17 18 34 35,M0-X,01 03 20 22 26 27,0,2243991.5,0.81284,False,False,False,nan,2236,"{""rule"": 13}"
2238,01 05 09 14 28 35,M0-A,04 11 18 24 25 33,0,2502867.5,0.906612,False,False,False,14.7315,2237,"{""lam"": 1.0, ""a0"": 50}"
2238,01 05 09 14 28 35,M0-B,01 02 07 14 21 37,2,395178.0,0.143145,False,False,False,14.8259,2237,"{""k"": 500}"
2238,01 05 09 14 28 35,M0-C,01 08 09 21 22 26,2,106973.0,0.038749,False,False,False,14.7651,2237,"{""ridge"": 1}"
2238,01 05 09 14 28 35,M0-D,04 11 18 25 33 37,0,2436415.0,0.882541,False,False,False,14.7975,2237,"{""h"": 1000, ""k"": 5, ""s"": 0.05}"
2238,01 05 09 14 28 35,M0-E,04 11 18 24 25 33,0,2454081.0,0.88894,False,False,False,14.592,2237,"{""K"": 1}"
2238,01 05 09 14 28 35,M0-F,04 14 20 21 34 37,1,583724.0,0.211442,False,False,False,14.83,2237,"{""ridge"": 1000}"
2238,01 05 09 14 28 35,M0-G,04 11 18 24 25 33,0,2502867.5,0.906612,False,False,False,14.7315,2237,"{""gamma"": 0, ""A"": [1.0, 50]}"
2238,01 05 09 14 28 35,M0-H,01 08 21 24 25 30,1,1235269.0,0.447451,False,False,False,14.7886,2237,"{""weights"": {""M0-A"": 0.46744962978652277, ""M0-B"": 0.0, ""M0-C"": 0.5325503702134773, ""M0-D"": 0.0, ""M0-E"": 0.0, ""M0-F"": 0.0}}"
2238,01 05 09 14 28 35,M0-X,01 04 13 14 21 37,2,140457.5,0.050878,False,False,False,nan,2237,"{""rule"": 13}"
2239,01 07 17 23 37 38,M0-A,04 11 18 24 25 33,0,2196597.5,0.795672,False,False,False,14.7368,2238,"{""lam"": 1.0, ""a0"": 50}"
2239,01 07 17 23 37 38,M0-B,04 13 17 18 30 34,1,733949.5,0.265858,False,False,False,14.8251,2238,"{""k"": 500}"
2239,01 07 17 23 37 38,M0-C,04 13 17 18 19 34,1,1375031.0,0.498077,False,False,False,14.7753,2238,"{""ridge"": 1}"
2239,01 07 17 23 37 38,M0-D,04 11 18 21 33 37,1,1981767.0,0.717854,False,False,False,14.8001,2238,"{""h"": 1000, ""k"": 5, ""s"": 0.05}"
2239,01 07 17 23 37 38,M0-E,04 11 18 24 25 33,0,2221385.5,0.804651,False,False,False,14.6061,2238,"{""K"": 1}"
2239,01 07 17 23 37 38,M0-F,16 20 31 32 34 35,0,1493366.0,0.540941,False,False,False,14.8298,2238,"{""ridge"": 1000}"
2239,01 07 17 23 37 38,M0-G,04 11 18 24 25 33,0,2196597.5,0.795672,False,False,False,14.7368,2238,"{""gamma"": 0, ""A"": [1.0, 50]}"
2239,01 07 17 23 37 38,M0-H,04 13 17 18 19 34,1,1375031.0,0.498077,False,False,False,14.7753,2238,"{""weights"": {""M0-A"": 0.0, ""M0-B"": 0.0, ""M0-C"": 1.0, ""M0-D"": 0.0, ""M0-E"": 0.0, ""M0-F"": 0.0}}"
2239,01 07 17 23 37 38,M0-X,04 13 17 18 34 35,1,852641.5,0.308852,False,False,False,nan,2238,"{""rule"": 13}"
2240,10 13 18 24 30 38,M0-A,04 11 18 24 25 33,2,217610.0,0.078825,False,False,False,14.7399,2239,"{""lam"": 1.0, ""a0"": 50}"
2240,10 13 18 24 30 38,M0-B,05 09 14 25 28 35,0,1904154.5,0.689741,False,False,False,14.8238,2239,"{""k"": 500}"
2240,10 13 18 24 30 38,M0-C,11 12 14 27 28 32,0,643501.0,0.233095,False,False,False,14.7514,2239,"{""ridge"": 1}"
2240,10 13 18 24 30 38,M0-D,01 02 03 04 05 07,0,1380341.0,0.5,False,False,False,14.831,2239,"{""h"": 30, ""k"": 1, ""s"": 0}"
2240,10 13 18 24 30 38,M0-E,04 11 18 24 25 33,2,213776.5,0.077436,False,False,False,14.6158,2239,"{""K"": 1}"
2240,10 13 18 24 30 38,M0-F,01 05 09 14 31 35,0,2666589.0,0.965917,False,False,False,14.8292,2239,"{""ridge"": 1000}"
2240,10 13 18 24 30 38,M0-G,04 11 18 24 25 33,2,217610.0,0.078825,False,False,False,14.7399,2239,"{""gamma"": 0, ""A"": [1.0, 50]}"
2240,10 13 18 24 30 38,M0-H,11 12 14 27 28 32,0,643501.0,0.233095,False,False,False,14.7514,2239,"{""weights"": {""M0-A"": 0.0, ""M0-B"": 0.0, ""M0-C"": 1.0, ""M0-D"": 0.0, ""M0-E"": 0.0, ""M0-F"": 0.0}}"
2240,10 13 18 24 30 38,M0-X,01 05 09 14 28 35,0,2384833.5,0.863857,False,False,False,nan,2239,"{""rule"": 13}"
2241,01 06 08 14 18 32,M0-A,04 11 18 24 25 33,1,866375.0,0.313826,False,False,False,14.7355,2240,"{""lam"": 1.0, ""a0"": 50}"
2241,01 06 08 14 18 32,M0-B,01 07 08 17 23 37,2,175551.5,0.06359,False,False,False,14.8235,2240,"{""k"": 500}"
2241,01 06 08 14 18 32,M0-C,01 04 07 17 23 37,1,770860.5,0.279228,False,False,False,14.768,2240,"{""ridge"": 1}"
2241,01 06 08 14 18 32,M0-D,01 02 03 04 05 07,1,1380341.0,0.5,False,False,False,14.831,2240,"{""h"": 30, ""k"": 1, ""s"": 0}"
2241,01 06 08 14 18 32,M0-E,04 11 18 24 25 33,1,900220.5,0.326086,False,False,False,14.607,2240,"{""K"": 1}"
2241,01 06 08 14 18 32,M0-F,01 17 23 31 35 38,1,878181.0,0.318103,False,False,False,14.8302,2240,"{""ridge"": 1000}"
2241,01 06 08 14 18 32,M0-G,04 11 18 24 25 33,1,866375.0,0.313826,False,False,False,14.7355,2240,"{""gamma"": 0, ""A"": [1.0, 50]}"
2241,01 06 08 14 18 32,M0-H,01 04 07 17 23 37,1,764732.5,0.277008,False,False,False,14.7711,2240,"{""weights"": {""M0-A"": 0.028516650131138903, ""M0-B"": 0.0, ""M0-C"": 0.9714833498688611, ""M0-D"": 0.0, ""M0-E"": 0.0, ""M0-F"": 0.0}}"
2241,01 06 08 14 18 32,M0-X,01 07 17 23 37 38,1,1609837.0,0.58313,False,False,False,nan,2240,"{""rule"": 13}"
2242,01 11 16 18 25 32,M0-A,01 11 18 24 25 33,4,374176.0,0.135537,False,False,False,14.734,2241,"{""lam"": 1.0, ""a0"": 50}"
2242,01 11 16 18 25 32,M0-B,10 11 13 24 30 38,1,1726870.5,0.625523,False,False,False,14.8222,2241,"{""k"": 500}"
2242,01 11 16 18 25 32,M0-C,13 22 23 24 25 38,1,1681896.0,0.609232,False,False,False,14.7697,2241,"{""ridge"": 1}"
2242,01 11 16 18 25 32,M0-D,01 02 03 04 05 07,1,1380341.0,0.5,False,False,False,14.831,2241,"{""h"": 30, ""k"": 1, ""s"": 0}"
2242,01 11 16 18 25 32,M0-E,01 11 18 24 25 33,4,532015.5,0.192712,False,False,False,14.6055,2241,"{""K"": 1}"
2242,01 11 16 18 25 32,M0-F,10 18 24 31 35 38,1,1178501.0,0.426888,False,False,False,14.8302,2241,"{""ridge"": 1000}"
2242,01 11 16 18 25 32,M0-G,01 11 18 24 25 33,4,374176.0,0.135537,False,False,False,14.734,2241,"{""gamma"": 0, ""A"": [1.0, 50]}"
2242,01 11 16 18 25 32,M0-H,13 22 24 25 26 38,1,1514023.0,0.548424,False,False,False,14.7792,2241,"{""weights"": {""M0-A"": 0.09378947323753485, ""M0-B"": 0.0, ""M0-C"": 0.9062105267624652, ""M0-D"": 0.0, ""M0-E"": 0.0, ""M0-F"": 0.0}}"
2242,01 11 16 18 25 32,M0-X,10 13 18 24 30 38,1,1341187.0,0.485817,False,False,False,nan,2241,"{""rule"": 13}"
2243,14 20 23 31 33 37,M0-A,01 11 18 24 25 33,1,2135992.0,0.773719,False,False,False,14.7304,2242,"{""lam"": 1.0, ""a0"": 50}"
2243,14 20 23 31 33 37,M0-B,02 06 08 12 14 15,1,453808.0,0.164382,False,False,False,14.8237,2242,"{""k"": 500}"
2243,14 20 23 31 33 37,M0-C,05 06 07 08 11 25,0,2223006.0,0.805238,False,False,False,14.7784,2242,"{""ridge"": 1}"
2243,14 20 23 31 33 37,M0-D,01 02 03 04 05 07,0,1380341.0,0.5,False,False,False,14.831,2242,"{""h"": 30, ""k"": 1, ""s"": 0}"
2243,14 20 23 31 33 37,M0-E,01 11 18 24 25 33,1,2210502.5,0.800709,False,False,False,14.6001,2242,"{""K"": 1}"
2243,14 20 23 31 33 37,M0-F,01 06 14 16 18 32,1,1473010.0,0.533567,False,False,False,14.8293,2242,"{""ridge"": 1000}"
2243,14 20 23 31 33 37,M0-G,01 11 18 24 25 33,1,2135992.0,0.773719,False,False,False,14.7304,2242,"{""gamma"": 0, ""A"": [1.0, 50]}"
2243,14 20 23 31 33 37,M0-H,06 07 08 11 25 33,1,2399411.5,0.869137,False,False,False,14.7971,2242,"{""weights"": {""M0-A"": 0.27091227592117717, ""M0-B"": 0.0, ""M0-C"": 0.7290877240788228, ""M0-D"": 0.0, ""M0-E"": 0.0, ""M0-F"": 0.0}}"
2243,14 20 23 31 33 37,M0-X,01 06 08 14 18 32,1,1798155.0,0.651345,False,False,False,nan,2242,"{""rule"": 13}"
2244,06 19 20 28 37 38,M0-A,01 11 18 24 25 33,0,1500976.5,0.543698,False,False,False,14.7333,2243,"{""lam"": 1.0, ""a0"": 50}"
2244,06 19 20 28 37 38,M0-B,01 11 16 18 25 32,0,2491692.5,0.902564,False,False,False,14.8219,2243,"{""k"": 500}"
2244,06 19 20 28 37 38,M0-C,03 04 06 08 11 32,1,755320.5,0.273599,False,False,False,14.7868,2243,"{""ridge"": 1}"
2244,06 19 20 28 37 38,M0-D,01 02 03 04 05 07,0,1380341.0,0.5,False,False,False,14.831,2243,"{""h"": 30, ""k"": 1, ""s"": 0}"
2244,06 19 20 28 37 38,M0-E,01 11 18 24 25 33,0,1456509.0,0.52759,False,False,False,14.6091,2243,"{""K"": 1}"
2244,06 19 20 28 37 38,M0-F,01 14 16 18 23 32,0,662550.0,0.239995,False,False,False,14.83,2243,"{""ridge"": 1000}"
2244,06 19 20 28 37 38,M0-G,01 11 18 24 25 33,0,1500976.5,0.543698,False,False,False,14.7333,2243,"{""gamma"": 0, ""A"": [1.0, 50]}"
2244,06 19 20 28 37 38,M0-H,03 04 06 08 11 32,1,782676.0,0.283508,False,False,False,14.7929,2243,"{""weights"": {""M0-A"": 0.09943468910425259, ""M0-B"": 0.0, ""M0-C"": 0.9005653108957473, ""M0-D"": 0.0, ""M0-E"": 0.0, ""M0-F"": 0.0}}"
2244,06 19 20 28 37 38,M0-X,07 14 21 23 28 38,2,301179.5,0.109096,False,False,False,nan,2243,"{""rule"": 12}"
2245,01 02 10 25 32 34,M0-A,01 11 18 25 33 37,2,539340.5,0.195365,False,False,False,14.734,2244,"{""lam"": 1.0, ""a0"": 50}"
2245,01 02 10 25 32 34,M0-B,02 14 23 26 31 33,1,1997498.0,0.723552,False,False,False,14.8237,2244,"{""k"": 500}"
2245,01 02 10 25 32 34,M0-C,10 11 14 23 31 33,1,1397659.0,0.506273,False,False,False,14.7425,2244,"{""ridge"": 1}"
2245,01 02 10 25 32 34,M0-D,01 02 03 04 05 07,2,1380341.0,0.5,False,False,False,14.831,2244,"{""h"": 30, ""k"": 1, ""s"": 0}"
2245,01 02 10 25 32 34,M0-E,01 11 18 25 33 37,2,522521.5,0.189273,False,False,False,14.6122,2244,"{""K"": 1}"
2245,01 02 10 25 32 34,M0-F,06 14 20 31 32 38,1,862059.0,0.312263,False,False,False,14.83,2244,"{""ridge"": 1000}"
2245,01 02 10 25 32 34,M0-G,01 11 18 25 33 37,2,539340.5,0.195365,False,False,False,14.734,2244,"{""gamma"": 0, ""A"": [1.0, 50]}"
2245,01 02 10 25 32 34,M0-H,10 11 14 23 31 33,1,1397659.0,0.506273,False,False,False,14.7425,2244,"{""weights"": {""M0-A"": 0.0, ""M0-B"": 0.0, ""M0-C"": 1.0, ""M0-D"": 0.0, ""M0-E"": 0.0, ""M0-F"": 0.0}}"
2245,01 02 10 25 32 34,M0-X,02 06 08 16 19 25,2,416664.5,0.150928,False,False,False,nan,2244,"{""rule"": 12}"
2246,11 14 16 23 31 35,M0-A,01 11 18 25 33 37,1,2723274.5,0.98645,False,False,False,14.7315,2245,"{""lam"": 1.0, ""a0"": 50}"
2246,11 14 16 23 31 35,M0-B,06 19 20 28 37 38,0,1958725.0,0.709508,False,False,False,14.8231,2245,"{""k"": 500}"
2246,11 14 16 23 31 35,M0-C,06 14 15 19 20 28,1,1373058.0,0.497362,False,False,False,14.7658,2245,"{""ridge"": 1}"
2246,11 14 16 23 31 35,M0-D,01 02 03 04 05 07,0,1380341.0,0.5,False,False,False,14.831,2245,"{""h"": 30, ""k"": 1, ""s"": 0}"
2246,11 14 16 23 31 35,M0-E,01 11 18 25 33 37,1,2732398.5,0.989755,False,False,False,14.608,2245,"{""K"": 1}"
2246,11 14 16 23 31 35,M0-F,01 06 14 18 20 32,1,539443.0,0.195402,False,False,False,14.8298,2245,"{""ridge"": 1000}"
2246,11 14 16 23 31 35,M0-G,01 11 18 25 33 37,1,2723274.5,0.98645,False,False,False,14.7315,2245,"{""gamma"": 0, ""A"": [1.0, 50]}"
2246,11 14 16 23 31 35,M0-H,06 14 18 19 20 21,1,1970239.5,0.713679,False,False,False,14.7821,2245,"{""weights"": {""M0-A"": 0.18045791773041686, ""M0-B"": 0.0, ""M0-C"": 0.8195420822695832, ""M0-D"": 0.0, ""M0-E"": 0.0, ""M0-F"": 0.0}}"
2246,11 14 16 23 31 35,M0-X,01 02 11 19 20 33,1,1471960.5,0.533187,False,False,False,nan,2245,"{""rule"": 12}"
2247,02 13 24 25 35 37,M0-A,01 11 18 25 33 37,2,195678.5,0.07088,False,False,False,14.7392,2246,"{""lam"": 1.0, ""a0"": 50}"
2247,02 13 24 25 35 37,M0-B,01 02 10 25 32 34,2,2271891.0,0.822946,False,False,False,14.8246,2246,"{""k"": 500}"
2247,02 13 24 25 35 37,M0-C,01 02 03 04 05 10,1,1897640.0,0.687381,False,False,False,14.77,2246,"{""ridge"": 1}"
2247,02 13 24 25 35 37,M0-D,01 02 03 04 05 07,1,1380341.0,0.5,False,False,False,14.831,2246,"{""h"": 30, ""k"": 1, ""s"": 0}"
2247,02 13 24 25 35 37,M0-E,01 11 18 25 33 37,2,192207.5,0.069623,False,False,False,14.6276,2246,"{""K"": 1}"
2247,02 13 24 25 35 37,M0-F,06 14 16 23 31 32,0,2223364.0,0.805368,False,False,False,14.8297,2246,"{""ridge"": 1000}"
2247,02 13 24 25 35 37,M0-G,01 11 18 25 33 37,2,195678.5,0.07088,False,False,False,14.7392,2246,"{""gamma"": 0, ""A"": [1.0, 50]}"
2247,02 13 24 25 35 37,M0-H,01 02 03 04 05 10,1,1897640.0,0.687381,False,False,False,14.77,2246,"{""weights"": {""M0-A"": 0.0, ""M0-B"": 0.0, ""M0-C"": 1.0, ""M0-D"": 0.0, ""M0-E"": 0.0, ""M0-F"": 0.0}}"
2247,02 13 24 25 35 37,M0-X,05 07 14 29 37 38,1,933953.0,0.338305,False,False,False,nan,2246,"{""rule"": 12}"
2248,04 05 18 20 23 33,M0-A,01 11 18 25 33 37,2,582144.5,0.21087,False,False,False,14.7348,2247,"{""lam"": 1.0, ""a0"": 50}"
2248,04 05 18 20 23 33,M0-B,11 14 16 23 31 36,1,1494339.0,0.541293,False,False,False,14.827,2247,"{""k"": 500}"
2248,04 05 18 20 23 33,M0-C,06 07 08 14 16 31,0,1317158.0,0.477113,False,False,False,14.7576,2247,"{""ridge"": 1}"
2248,04 05 18 20 23 33,M0-D,01 18 24 25 33 37,2,745551.0,0.27006,False,False,False,14.7967,2247,"{""h"": 1000, ""k"": 5, ""s"": 0.05}"
2248,04 05 18 20 23 33,M0-E,01 11 18 25 33 37,2,633612.5,0.229513,False,False,False,14.6194,2247,"{""K"": 1}"
2248,04 05 18 20 23 33,M0-F,14 16 23 31 32 35,1,1828730.0,0.66242,False,False,False,14.8296,2247,"{""ridge"": 1000}"
2248,04 05 18 20 23 33,M0-G,01 11 18 25 33 37,2,582144.5,0.21087,False,False,False,14.7348,2247,"{""gamma"": 0, ""A"": [1.0, 50]}"
2248,04 05 18 20 23 33,M0-H,06 07 08 14 16 31,0,1317158.0,0.477113,False,False,False,14.7576,2247,"{""weights"": {""M0-A"": 0.0, ""M0-B"": 0.0, ""M0-C"": 1.0, ""M0-D"": 0.0, ""M0-E"": 0.0, ""M0-F"": 0.0}}"
2248,04 05 18 20 23 33,M0-X,04 08 16 23 25 28,2,180230.5,0.065285,False,False,False,nan,2247,"{""rule"": 12}"
2249,02 15 18 22 27 35,M0-A,01 11 18 25 33 37,1,904454.0,0.32762,False,False,False,14.7325,2248,"{""lam"": 1.0, ""a0"": 50}"
2249,02 15 18 22 27 35,M0-B,02 13 24 25 35 37,2,597611.5,0.216472,False,False,False,14.8278,2248,"{""k"": 500}"
2249,02 15 18 22 27 35,M0-C,09 10 11 13 24 37,0,2277541.5,0.824992,False,False,False,14.77,2248,"{""ridge"": 10}"
2249,02 15 18 22 27 35,M0-D,01 11 18 25 33 37,1,1082247.0,0.392022,False,False,False,14.7981,2248,"{""h"": 1000, ""k"": 5, ""s"": 0.05}"
2249,02 15 18 22 27 35,M0-E,01 11 18 25 33 37,1,898299.0,0.32539,False,False,False,14.6161,2248,"{""K"": 1}"
2249,02 15 18 22 27 35,M0-F,02 06 23 25 32 37,1,1035318.0,0.375023,False,False,False,14.8301,2248,"{""ridge"": 1000}"
2249,02 15 18 22 27 35,M0-G,01 11 18 25 33 37,1,904454.0,0.32762,False,False,False,14.7325,2248,"{""gamma"": 0, ""A"": [1.0, 50]}"
2249,02 15 18 22 27 35,M0-H,09 10 11 13 24 37,0,2277541.5,0.824992,False,False,False,14.77,2248,"{""weights"": {""M0-A"": 0.0, ""M0-B"": 0.0, ""M0-C"": 1.0, ""M0-D"": 0.0, ""M0-E"": 0.0, ""M0-F"": 0.0}}"
2249,02 15 18 22 27 35,M0-X,02 04 14 15 26 37,2,329220.0,0.119253,False,False,False,nan,2248,"{""rule"": 12}"
2250,03 08 10 12 26 37,M0-A,01 11 18 25 33 37,1,1177517.5,0.426531,False,False,False,14.7315,2249,"{""lam"": 1.0, ""a0"": 50}"
2250,03 08 10 12 26 37,M0-B,04 05 20 21 23 33,0,356037.0,0.128967,False,False,False,14.8258,2249,"{""k"": 500}"
2250,03 08 10 12 26 37,M0-C,04 05 06 07 08 23,1,601874.5,0.218016,False,False,False,14.7888,2249,"{""ridge"": 1}"
2250,03 08 10 12 26 37,M0-D,01 10 18 24 25 33,1,659021.0,0.238717,False,False,False,14.8011,2249,"{""h"": 1000, ""k"": 5, ""s"": 0.05}"
2250,03 08 10 12 26 37,M0-E,01 11 18 25 33 37,1,1138077.5,0.412245,False,False,False,14.6152,2249,"{""K"": 1}"
2250,03 08 10 12 26 37,M0-F,02 10 18 23 25 35,1,1697558.0,0.614905,False,False,False,14.8301,2249,"{""ridge"": 1000}"
2250,03 08 10 12 26 37,M0-G,01 11 18 25 33 37,1,1177517.5,0.426531,False,False,False,14.7315,2249,"{""gamma"": 0, ""A"": [1.0, 50]}"
2250,03 08 10 12 26 37,M0-H,04 05 08 10 11 23,2,529737.0,0.191886,False,False,False,14.8015,2249,"{""weights"": {""M0-A"": 0.13082084663906682, ""M0-B"": 0.0, ""M0-C"": 0.8691791533609332, ""M0-D"": 0.0, ""M0-E"": 0.0, ""M0-F"": 0.0}}"
2250,03 08 10 12 26 37,M0-X,06 16 19 21 34 35,0,2541091.5,0.920458,False,False,False,nan,2249,"{""rule"": 12}"
2251,06 10 12 14 20 33,M0-A,01 11 18 25 33 37,1,841300.5,0.304744,False,False,False,14.7313,2250,"{""lam"": 1.0, ""a0"": 50}"
2251,06 10 12 14 20 33,M0-B,02 15 18 22 27 35,0,2401825.0,0.870012,False,False,False,14.8237,2250,"{""k"": 500}"
2251,06 10 12 14 20 33,M0-C,15 18 22 27 30 31,0,2662845.0,0.964561,False,False,False,14.773,2250,"{""ridge"": 1}"
2251,06 10 12 14 20 33,M0-D,11 18 24 25 33 37,1,553300.0,0.200421,False,False,False,14.7998,2250,"{""h"": 1000, ""k"": 5, ""s"": 0.05}"
2251,06 10 12 14 20 33,M0-E,01 11 18 25 33 37,1,822811.5,0.298046,False,False,False,14.6161,2250,"{""K"": 1}"
2251,06 10 12 14 20 33,M0-F,02 14 18 22 24 35,1,896089.0,0.32459,False,False,False,14.8302,2250,"{""ridge"": 1000}"
2251,06 10 12 14 20 33,M0-G,01 11 18 25 33 37,1,841300.5,0.304744,False,False,False,14.7313,2250,"{""gamma"": 0, ""A"": [1.0, 50]}"
2251,06 10 12 14 20 33,M0-H,15 18 22 27 31 33,1,2656694.0,0.962333,False,False,False,14.7808,2250,"{""weights"": {""M0-A"": 0.07776071390976244, ""M0-B"": 0.0, ""M0-C"": 0.9222392860902375, ""M0-D"": 0.0, ""M0-E"": 0.0, ""M0-F"": 0.0}}"
2251,06 10 12 14 20 33,M0-X,04 12 17 21 24 37,1,1149763.5,0.416478,False,False,False,nan,2250,"{""rule"": 12}"
2252,02 10 21 24 29 32,M0-A,01 11 18 25 33 37,0,1342034.5,0.486124,False,False,False,14.7301,2251,"{""lam"": 1.0, ""a0"": 50}"
2252,02 10 21 24 29 32,M0-B,03 08 09 21 26 37,1,887724.5,0.32156,False,False,False,14.8239,2251,"{""k"": 500}"
2252,02 10 21 24 29 32,M0-C,25 26 27 28 29 37,1,1400567.5,0.507327,False,False,False,14.7885,2251,"{""ridge"": 100}"
2252,02 10 21 24 29 32,M0-D,04 11 18 25 33 37,0,1777023.0,0.64369,False,False,False,14.7981,2251,"{""h"": 1000, ""k"": 5, ""s"": 0.05}"
2252,02 10 21 24 29 32,M0-E,01 11 18 25 33 37,0,1345446.5,0.48736,False,False,False,14.6148,2251,"{""K"": 1}"
2252,02 10 21 24 29 32,M0-F,02 10 12 18 20 36,2,198137.0,0.071771,False,False,False,14.8301,2251,"{""ridge"": 1000}"
2252,02 10 21 24 29 32,M0-G,01 11 18 25 33 37,0,1342034.5,0.486124,False,False,False,14.7301,2251,"{""gamma"": 0, ""A"": [1.0, 50]}"
2252,02 10 21 24 29 32,M0-H,01 11 18 25 33 37,0,1340707.5,0.485644,False,False,False,14.7601,2251,"{""weights"": {""M0-A"": 0.8127081671203814, ""M0-B"": 0.0, ""M0-C"": 0.18729183287961856, ""M0-D"": 0.0, ""M0-E"": 0.0, ""M0-F"": 0.0}}"
2252,02 10 21 24 29 32,M0-X,02 13 27 29 31 36,2,227776.5,0.082507,False,False,False,nan,2251,"{""rule"": 12}"
2253,07 12 15 23 29 38,M0-A,11 18 24 25 33 37,0,2680132.5,0.970823,False,False,False,14.7305,2252,"{""lam"": 1.0, ""a0"": 50}"
2253,07 12 15 23 29 38,M0-B,06 07 09 12 17 36,2,388615.0,0.140768,False,False,False,14.8242,2252,"{""k"": 500}"
2253,07 12 15 23 29 38,M0-C,06 14 15 16 17 36,1,1079514.5,0.391032,False,False,False,14.8018,2252,"{""ridge"": 100}"
2253,07 12 15 23 29 38,M0-D,02 18 24 25 33 37,0,2512176.0,0.909984,False,False,False,14.8003,2252,"{""h"": 1000, ""k"": 5, ""s"": 0.05}"
2253,07 12 15 23 29 38,M0-E,11 18 24 25 33 37,0,2668657.5,0.966666,False,False,False,14.6169,2252,"{""K"": 1}"
2253,07 12 15 23 29 38,M0-F,02 10 12 18 33 36,1,1393073.0,0.504612,False,False,False,14.8296,2252,"{""ridge"": 1000}"
2253,07 12 15 23 29 38,M0-G,11 18 24 25 33 37,0,2680132.5,0.970823,False,False,False,14.7305,2252,"{""gamma"": 0, ""A"": [1.0, 50]}"
2253,07 12 15 23 29 38,M0-H,11 18 24 25 33 37,0,2672357.5,0.968006,False,False,False,14.7532,2252,"{""weights"": {""M0-A"": 0.867864565467205, ""M0-B"": 0.0, ""M0-C"": 0.13213543453279492, ""M0-D"": 0.0, ""M0-E"": 0.0, ""M0-F"": 0.0}}"
2253,07 12 15 23 29 38,M0-X,06 19 25 27 29 33,1,1069993.5,0.387583,False,False,False,nan,2252,"{""rule"": 12}"
2254,06 16 19 22 28 33,M0-A,11 18 24 25 33 37,1,2367763.5,0.857674,False,False,False,14.7369,2253,"{""lam"": 1.0, ""a0"": 50}"
2254,06 16 19 22 28 33,M0-B,02 09 10 17 30 36,0,1414160.5,0.51225,False,False,False,14.8234,2253,"{""k"": 500}"
2254,06 16 19 22 28 33,M0-C,01 19 24 32 33 34,2,116593.5,0.042233,False,False,False,14.8122,2253,"{""ridge"": 100}"
2254,06 16 19 22 28 33,M0-D,02 10 18 25 33 37,1,2301431.0,0.833646,False,False,False,14.8012,2253,"{""h"": 1000, ""k"": 5, ""s"": 0.05}"
2254,06 16 19 22 28 33,M0-E,11 18 24 25 33 37,1,2398696.5,0.868878,False,False,False,14.6318,2253,"{""K"": 1}"
2254,06 16 19 22 28 33,M0-F,02 06 10 12 19 36,2,424873.0,0.153901,False,False,False,14.7497,2253,"{""ridge"": 10}"
2254,06 16 19 22 28 33,M0-G,11 18 24 25 33 37,1,2367763.5,0.857674,False,False,False,14.7369,2253,"{""gamma"": 0, ""A"": [1.0, 50]}"
2254,06 16 19 22 28 33,M0-H,01 19 24 32 33 34,2,116593.5,0.042233,False,False,False,14.8122,2253,"{""weights"": {""M0-A"": 0.0, ""M0-B"": 0.0, ""M0-C"": 1.0, ""M0-D"": 0.0, ""M0-E"": 0.0, ""M0-F"": 0.0}}"
2254,06 16 19 22 28 33,M0-X,07 10 15 18 29 37,0,2024123.0,0.733197,False,False,False,nan,2253,"{""rule"": 12}"
2255,01 03 05 16 22 28,M0-A,11 18 24 25 33 37,0,2392392.0,0.866595,False,False,False,14.7405,2254,"{""lam"": 1.0, ""a0"": 50}"
2255,01 03 05 16 22 28,M0-B,07 09 12 17 30 36,0,2556800.5,0.926148,False,False,False,14.8232,2254,"{""k"": 500}"
2255,01 03 05 16 22 28,M0-C,01 02 11 12 23 38,1,1927090.5,0.698049,False,False,False,14.7975,2254,"{""ridge"": 100}"
2255,01 03 05 16 22 28,M0-D,11 18 19 25 33 37,0,2270669.0,0.822503,False,False,False,14.8004,2254,"{""h"": 1000, ""k"": 5, ""s"": 0.05}"
2255,01 03 05 16 22 28,M0-E,11 18 24 25 33 37,0,2396026.5,0.867911,False,False,False,14.6409,2254,"{""K"": 1}"
2255,01 03 05 16 22 28,M0-F,02 09 10 12 30 36,0,2681819.0,0.971434,False,False,False,14.7422,2254,"{""ridge"": 10}"
2255,01 03 05 16 22 28,M0-G,11 18 24 25 33 37,0,2392392.0,0.866595,False,False,False,14.7405,2254,"{""gamma"": 0, ""A"": [1.0, 50]}"
2255,01 03 05 16 22 28,M0-H,01 02 11 12 23 38,1,1927090.5,0.698049,False,False,False,14.7975,2254,"{""weights"": {""M0-A"": 0.0, ""M0-B"": 0.0, ""M0-C"": 1.0, ""M0-D"": 0.0, ""M0-E"": 0.0, ""M0-F"": 0.0}}"
2255,01 03 05 16 22 28,M0-X,01 10 16 24 27 32,2,533680.5,0.193315,False,False,False,nan,2254,"{""rule"": 12}"
2256,16 17 21 24 28 32,M0-A,01 11 18 25 33 37,0,2111318.5,0.764782,False,False,False,14.7442,2255,"{""lam"": 1.0, ""a0"": 50}"
2256,16 17 21 24 28 32,M0-B,06 09 17 19 30 36,1,853846.0,0.309288,False,False,False,14.8245,2255,"{""k"": 500}"
2256,16 17 21 24 28 32,M0-C,09 11 12 32 33 34,1,1806461.5,0.654353,False,False,False,14.8012,2255,"{""ridge"": 100}"
2256,16 17 21 24 28 32,M0-D,01 02 03 04 05 07,0,1380341.0,0.5,False,False,False,14.831,2255,"{""h"": 30, ""k"": 1, ""s"": 0}"
2256,16 17 21 24 28 32,M0-E,11 18 24 25 33 37,1,2110680.5,0.76455,False,False,False,14.6498,2255,"{""K"": 1}"
2256,16 17 21 24 28 32,M0-F,09 10 12 15 30 36,0,1819991.0,0.659254,False,False,False,14.7523,2255,"{""ridge"": 1}"
2256,16 17 21 24 28 32,M0-G,01 11 18 25 33 37,0,2111318.5,0.764782,False,False,False,14.7442,2255,"{""gamma"": 0, ""A"": [1.0, 50]}"
2256,16 17 21 24 28 32,M0-H,09 11 12 32 33 34,1,1806461.5,0.654353,False,False,False,14.8012,2255,"{""weights"": {""M0-A"": 0.0, ""M0-B"": 0.0, ""M0-C"": 1.0, ""M0-D"": 0.0, ""M0-E"": 0.0, ""M0-F"": 0.0}}"
2256,16 17 21 24 28 32,M0-X,06 11 17 20 23 33,1,1381787.0,0.500524,False,False,False,nan,2255,"{""rule"": 12}"
2257,01 06 08 12 29 33,M0-A,11 18 24 25 33 37,1,857622.0,0.310656,False,False,False,14.7465,2256,"{""lam"": 1.0, ""a0"": 50}"
2257,01 06 08 12 29 33,M0-B,01 03 05 09 30 36,1,950615.0,0.344341,False,False,False,14.8234,2256,"{""k"": 500}"
2257,01 06 08 12 29 33,M0-C,01 02 03 05 07 11,1,186791.0,0.067661,False,False,False,14.7889,2256,"{""ridge"": 100}"
2257,01 06 08 12 29 33,M0-D,01 02 03 04 05 07,1,1380341.0,0.5,False,False,False,14.831,2256,"{""h"": 30, ""k"": 1, ""s"": 0}"
2257,01 06 08 12 29 33,M0-E,11 18 24 25 33 37,1,874902.0,0.316915,False,False,False,14.6558,2256,"{""K"": 1}"
2257,01 06 08 12 29 33,M0-F,09 22 24 29 30 36,1,1735851.0,0.628776,False,False,False,14.7654,2256,"{""ridge"": 10}"
2257,01 06 08 12 29 33,M0-G,11 18 24 25 33 37,1,857622.0,0.310656,False,False,False,14.7465,2256,"{""gamma"": 0, ""A"": [1.0, 50]}"
2257,01 06 08 12 29 33,M0-H,01 02 03 05 07 11,1,186791.0,0.067661,False,False,False,14.7889,2256,"{""weights"": {""M0-A"": 0.0, ""M0-B"": 0.0, ""M0-C"": 1.0, ""M0-D"": 0.0, ""M0-E"": 0.0, ""M0-F"": 0.0}}"
2257,01 06 08 12 29 33,M0-X,11 17 23 34 36 38,0,2575932.0,0.933078,False,False,False,nan,2256,"{""rule"": 12}"
2258,02 06 09 13 15 18,M0-A,01 11 18 24 25 33,1,1454353.0,0.526809,False,False,False,14.7454,2257,"{""lam"": 1.0, ""a0"": 50}"
2258,02 06 09 13 15 18,M0-B,09 16 17 21 30 36,1,1568976.5,0.568329,False,False,False,14.8243,2257,"{""k"": 500}"
2258,02 06 09 13 15 18,M0-C,16 17 18 19 21 24,1,1872876.5,0.678411,False,False,False,14.7968,2257,"{""ridge"": 100}"
2258,02 06 09 13 15 18,M0-D,01 02 03 04 05 07,1,1380341.0,0.5,False,False,False,14.831,2257,"{""h"": 30, ""k"": 1, ""s"": 0}"
2258,02 06 09 13 15 18,M0-E,01 11 18 24 25 33,1,1502798.0,0.544358,False,False,False,14.6544,2257,"{""K"": 1}"
2258,02 06 09 13 15 18,M0-F,09 12 22 28 30 36,1,789706.0,0.286055,False,False,False,14.7571,2257,"{""ridge"": 10}"
2258,02 06 09 13 15 18,M0-G,01 11 18 24 25 33,1,1454353.0,0.526809,False,False,False,14.7454,2257,"{""gamma"": 0, ""A"": [1.0, 50]}"
2258,02 06 09 13 15 18,M0-H,16 17 18 19 21 24,1,1872876.5,0.678411,False,False,False,14.7968,2257,"{""weights"": {""M0-A"": 0.0, ""M0-B"": 0.0, ""M0-C"": 1.0, ""M0-D"": 0.0, ""M0-E"": 0.0, ""M0-F"": 0.0}}"
2258,02 06 09 13 15 18,M0-X,07 11 15 18 22 23,2,417582.5,0.151261,False,False,False,nan,2257,"{""rule"": 12}"
2259,09 11 18 26 33 38,M0-A,01 11 18 25 33 37,3,178117.5,0.064519,False,False,False,14.7458,2258,"{""lam"": 1.0, ""a0"": 50}"
2259,09 11 18 26 33 38,M0-B,01 08 12 30 34 36,0,2140369.0,0.775305,False,False,False,14.8246,2258,"{""k"": 500}"
2259,09 11 18 26 33 38,M0-C,22 24 26 29 30 33,2,1298102.5,0.470211,False,False,False,14.7773,2258,"{""ridge"": 100}"
2259,09 11 18 26 33 38,M0-D,01 02 03 04 05 07,0,1380341.0,0.5,False,False,False,14.831,2258,"{""h"": 30, ""k"": 1, ""s"": 0}"
2259,09 11 18 26 33 38,M0-E,01 11 18 24 25 33,3,199720.0,0.072344,False,False,False,14.6565,2258,"{""K"": 1}"
2259,09 11 18 26 33 38,M0-F,10 16 22 28 30 36,0,1669287.0,0.604665,False,False,False,14.7484,2258,"{""ridge"": 10}"
2259,09 11 18 26 33 38,M0-G,01 11 18 25 33 37,3,178117.5,0.064519,False,False,False,14.7458,2258,"{""gamma"": 0, ""A"": [1.0, 50]}"
2259,09 11 18 26 33 38,M0-H,22 24 26 29 30 33,2,1298102.5,0.470211,False,False,False,14.7773,2258,"{""weights"": {""M0-A"": 0.0, ""M0-B"": 0.0, ""M0-C"": 1.0, ""M0-D"": 0.0, ""M0-E"": 0.0, ""M0-F"": 0.0}}"
2259,09 11 18 26 33 38,M0-X,06 10 27 31 33 38,2,183215.0,0.066366,False,False,False,nan,2258,"{""rule"": 12}"
2260,05 07 10 15 33 34,M0-A,01 11 18 24 25 33,1,1069263.5,0.387319,False,False,False,14.7417,2259,"{""lam"": 1.0, ""a0"": 50}"
2260,05 07 10 15 33 34,M0-B,02 06 30 31 34 36,1,2543029.5,0.92116,False,False,False,14.8261,2259,"{""k"": 500}"
2260,05 07 10 15 33 34,M0-C,01 04 05 06 21 22,1,342543.0,0.124079,False,False,False,14.8073,2259,"{""ridge"": 100}"
2260,05 07 10 15 33 34,M0-D,01 11 18 24 25 33,1,966946.0,0.350256,False,False,False,14.7983,2259,"{""h"": 1000, ""k"": 5, ""s"": 0.05}"
2260,05 07 10 15 33 34,M0-E,01 11 18 24 25 33,1,1067043.5,0.386514,False,False,False,14.6494,2259,"{""K"": 1}"
2260,05 07 10 15 33 34,M0-F,06 08 12 28 30 36,0,1243757.0,0.450525,False,False,False,14.7398,2259,"{""ridge"": 1}"
2260,05 07 10 15 33 34,M0-G,01 11 18 24 25 33,1,1069263.5,0.387319,False,False,False,14.7417,2259,"{""gamma"": 0, ""A"": [1.0, 50]}"
2260,05 07 10 15 33 34,M0-H,01 04 05 06 21 22,1,342543.0,0.124079,False,False,False,14.8073,2259,"{""weights"": {""M0-A"": 0.0, ""M0-B"": 0.0, ""M0-C"": 1.0, ""M0-D"": 0.0, ""M0-E"": 0.0, ""M0-F"": 0.0}}"
2260,05 07 10 15 33 34,M0-X,21 24 26 30 33 37,1,1497761.5,0.542533,False,False,False,nan,2259,"{""rule"": 12}"
2261,11 18 19 20 30 34,M0-A,01 11 18 24 25 33,2,185947.5,0.067355,False,False,False,14.7412,2260,"{""lam"": 1.0, ""a0"": 50}"
2261,11 18 19 20 30 34,M0-B,09 11 25 30 31 36,2,1553056.5,0.562563,False,False,False,14.8266,2260,"{""k"": 500}"
2261,11 18 19 20 30 34,M0-C,01 19 24 26 29 38,1,236479.0,0.085659,False,False,False,14.7737,2260,"{""ridge"": 100}"
2261,11 18 19 20 30 34,M0-D,01 02 08 18 25 33,1,212238.0,0.076879,False,False,False,14.7967,2260,"{""h"": 1000, ""k"": 5, ""s"": 0.05}"
2261,11 18 19 20 30 34,M0-E,01 11 18 24 25 33,2,182045.5,0.065942,False,False,False,14.6494,2260,"{""K"": 1}"
2261,11 18 19 20 30 34,M0-F,04 06 12 28 30 36,1,931575.0,0.337444,False,False,False,14.7574,2260,"{""ridge"": 10}"
2261,11 18 19 20 30 34,M0-G,01 11 18 24 25 33,2,185947.5,0.067355,False,False,False,14.7412,2260,"{""gamma"": 0, ""A"": [1.0, 50]}"
2261,11 18 19 20 30 34,M0-H,01 19 24 26 29 38,1,236479.0,0.085659,False,False,False,14.7737,2260,"{""weights"": {""M0-A"": 0.0, ""M0-B"": 0.0, ""M0-C"": 1.0, ""M0-D"": 0.0, ""M0-E"": 0.0, ""M0-F"": 0.0}}"
2261,11 18 19 20 30 34,M0-X,01 06 13 21 28 30,1,1476455.5,0.534816,False,False,False,nan,2260,"{""rule"": 12}"
2262,13 15 16 17 26 31,M0-A,01 11 18 25 33 37,0,2703475.5,0.979278,False,False,False,14.7372,2261,"{""lam"": 1.0, ""a0"": 50}"
2262,13 15 16 17 26 31,M0-B,04 05 07 25 31 36,1,1603929.5,0.58099,False,False,False,14.8245,2261,"{""k"": 500}"
2262,13 15 16 17 26 31,M0-C,01 02 03 04 05 07,0,2654760.0,0.961632,False,False,False,14.7817,2261,"{""ridge"": 100}"
2262,13 15 16 17 26 31,M0-D,01 11 18 25 30 33,0,2641480.0,0.956822,False,False,False,14.7982,2261,"{""h"": 1000, ""k"": 5, ""s"": 0.05}"
2262,13 15 16 17 26 31,M0-E,01 11 18 25 33 37,0,2701400.5,0.978527,False,False,False,14.6423,2261,"{""K"": 1}"
2262,13 15 16 17 26 31,M0-F,04 11 25 30 33 36,0,1984656.0,0.718901,False,False,False,14.7584,2261,"{""ridge"": 10}"
2262,13 15 16 17 26 31,M0-G,01 11 18 25 33 37,0,2703475.5,0.979278,False,False,False,14.7372,2261,"{""gamma"": 0, ""A"": [1.0, 50]}"
2262,13 15 16 17 26 31,M0-H,01 02 03 04 05 07,0,2654760.0,0.961632,False,False,False,14.7817,2261,"{""weights"": {""M0-A"": 0.0, ""M0-B"": 0.0, ""M0-C"": 1.0, ""M0-D"": 0.0, ""M0-E"": 0.0, ""M0-F"": 0.0}}"
2262,13 15 16 17 26 31,M0-X,05 06 24 29 32 34,0,2577904.5,0.933793,False,False,False,nan,2261,"{""rule"": 12}"
2263,03 04 07 08 24 27,M0-A,01 11 18 24 25 33,1,1336805.0,0.48423,False,False,False,14.7432,2262,"{""lam"": 1.0, ""a0"": 50}"
2263,03 04 07 08 24 27,M0-B,04 11 25 27 35 36,2,1970808.5,0.713885,False,False,False,14.8235,2262,"{""k"": 500}"
2263,03 04 07 08 24 27,M0-C,01 02 03 04 08 22,3,167578.5,0.060702,False,False,False,14.7805,2262,"{""ridge"": 100}"
2263,03 04 07 08 24 27,M0-D,02 11 18 24 33 37,1,552266.0,0.200047,False,False,False,14.803,2262,"{""h"": 1000, ""k"": 5, ""s"": 0.05}"
2263,03 04 07 08 24 27,M0-E,01 11 18 24 25 33,1,1302349.0,0.471749,False,False,False,14.6555,2262,"{""K"": 1}"
2263,03 04 07 08 24 27,M0-F,07 09 11 30 33 36,1,357015.0,0.129321,False,False,False,14.7494,2262,"{""ridge"": 1}"
2263,03 04 07 08 24 27,M0-G,01 11 18 24 25 33,1,1336805.0,0.48423,False,False,False,14.7432,2262,"{""gamma"": 0, ""A"": [1.0, 50]}"
2263,03 04 07 08 24 27,M0-H,01 02 03 04 08 22,3,167578.5,0.060702,False,False,False,14.7805,2262,"{""weights"": {""M0-A"": 0.0, ""M0-B"": 0.0, ""M0-C"": 1.0, ""M0-D"": 0.0, ""M0-E"": 0.0, ""M0-F"": 0.0}}"
2263,03 04 07 08 24 27,M0-X,09 11 12 13 22 27,1,869008.5,0.31478,False,False,False,nan,2262,"{""rule"": 2}"
2264,03 08 10 20 28 31,M0-A,01 11 18 24 25 33,0,1756837.5,0.636378,False,False,False,14.7435,2263,"{""lam"": 1.0, ""a0"": 50}"
2264,03 08 10 20 28 31,M0-B,13 15 25 35 36 37,0,1969077.0,0.713258,False,False,False,14.8252,2263,"{""k"": 500}"
2264,03 08 10 20 28 31,M0-C,12 15 31 32 35 36,1,1194500.5,0.432683,False,False,False,14.7596,2263,"{""ridge"": 100}"
2264,03 08 10 20 28 31,M0-D,01 18 24 25 33 37,0,1620288.0,0.586916,False,False,False,14.7985,2263,"{""h"": 1000, ""k"": 5, ""s"": 0.05}"
2264,03 08 10 20 28 31,M0-E,01 11 18 24 25 33,0,1756177.5,0.636139,False,False,False,14.6569,2263,"{""K"": 1}"
2264,03 08 10 20 28 31,M0-F,22 25 26 30 33 36,0,2201050.0,0.797285,False,False,False,14.7549,2263,"{""ridge"": 10}"
2264,03 08 10 20 28 31,M0-G,01 11 18 24 25 33,0,1756837.5,0.636378,False,False,False,14.7435,2263,"{""gamma"": 0, ""A"": [1.0, 50]}"
2264,03 08 10 20 28 31,M0-H,12 15 31 32 35 36,1,1194500.5,0.432683,False,False,False,14.7596,2263,"{""weights"": {""M0-A"": 0.0, ""M0-B"": 0.0, ""M0-C"": 1.0, ""M0-D"": 0.0, ""M0-E"": 0.0, ""M0-F"": 0.0}}"
2264,03 08 10 20 28 31,M0-X,03 04 20 23 37 38,2,422092.0,0.152894,False,False,False,nan,2263,"{""rule"": 2}"
2265,02 03 13 18 21 37,M0-A,01 11 18 24 25 33,1,80674.5,0.029222,False,False,True,14.7448,2264,"{""lam"": 1.0, ""a0"": 50}"
2265,02 03 13 18 21 37,M0-B,04 14 25 35 36 37,1,1449908.5,0.525199,False,False,False,14.8258,2264,"{""k"": 500}"
2265,02 03 13 18 21 37,M0-C,14 15 16 24 35 36,0,1011568.5,0.36642,False,False,False,14.796,2264,"{""ridge"": 100}"
2265,02 03 13 18 21 37,M0-D,03 11 18 20 24 33,2,91535.0,0.033156,False,False,True,14.8013,2264,"{""h"": 1000, ""k"": 5, ""s"": 0.05}"
2265,02 03 13 18 21 37,M0-E,01 11 18 24 25 33,1,77688.5,0.028141,False,False,True,14.6604,2264,"{""K"": 1}"
2265,02 03 13 18 21 37,M0-F,11 22 26 30 34 36,0,2316274.0,0.839023,False,False,False,14.771,2264,"{""ridge"": 10}"
2265,02 03 13 18 21 37,M0-G,01 11 18 24 25 33,1,80674.5,0.029222,False,False,True,14.7448,2264,"{""gamma"": 0, ""A"": [1.0, 50]}"
2265,02 03 13 18 21 37,M0-H,14 15 16 24 35 36,0,1011568.5,0.36642,False,False,False,14.796,2264,"{""weights"": {""M0-A"": 0.0, ""M0-B"": 0.0, ""M0-C"": 1.0, ""M0-D"": 0.0, ""M0-E"": 0.0, ""M0-F"": 0.0}}"
2265,02 03 13 18 21 37,M0-X,04 06 16 24 27 37,1,961476.5,0.348275,False,False,False,nan,2264,"{""rule"": 2}"
2266,07 08 12 20 35 38,M0-A,11 18 24 25 33 37,0,1673551.5,0.606209,False,False,False,14.74,2265,"{""lam"": 1.0, ""a0"": 50}"
2266,07 08 12 20 35 38,M0-B,08 10 14 25 35 36,2,604460.5,0.218953,False,False,False,14.8268,2265,"{""k"": 500}"
2266,07 08 12 20 35 38,M0-C,07 08 09 26 28 31,2,1916949.5,0.694375,False,False,False,14.78,2265,"{""ridge"": 100}"
2266,07 08 12 20 35 38,M0-D,01 02 18 24 33 37,0,1948277.0,0.705723,False,False,False,14.798,2265,"{""h"": 1000, ""k"": 5, ""s"": 0.05}"
2266,07 08 12 20 35 38,M0-E,11 18 24 25 33 37,0,1629790.5,0.590358,False,False,False,14.6517,2265,"{""K"": 1}"
2266,07 08 12 20 35 38,M0-F,08 24 25 26 30 36,1,1441474.0,0.522144,False,False,False,14.7585,2265,"{""ridge"": 10}"
2266,07 08 12 20 35 38,M0-G,11 18 24 25 33 37,0,1673551.5,0.606209,False,False,False,14.74,2265,"{""gamma"": 0, ""A"": [1.0, 50]}"
2266,07 08 12 20 35 38,M0-H,07 08 09 26 28 31,2,1916949.5,0.694375,False,False,False,14.78,2265,"{""weights"": {""M0-A"": 0.0, ""M0-B"": 0.0, ""M0-C"": 1.0, ""M0-D"": 0.0, ""M0-E"": 0.0, ""M0-F"": 0.0}}"
2266,07 08 12 20 35 38,M0-X,09 14 17 33 36 37,0,2003443.0,0.725706,False,False,False,nan,2265,"{""rule"": 2}"
2267,04 09 12 13 15 34,M0-A,11 18 24 25 33 37,0,1922136.0,0.696254,False,False,False,14.7411,2266,"{""lam"": 1.0, ""a0"": 50}"
2267,04 09 12 13 15 34,M0-B,02 03 14 23 25 36,0,2423294.5,0.877788,False,False,False,14.8256,2266,"{""k"": 500}"
2267,04 09 12 13 15 34,M0-C,16 24 25 26 27 31,0,1742894.5,0.631328,False,False,False,14.7927,2266,"{""ridge"": 100}"
2267,04 09 12 13 15 34,M0-D,08 10 11 18 33 37,0,1999907.0,0.724425,False,False,False,14.8006,2266,"{""h"": 1000, ""k"": 5, ""s"": 0.05}"
2267,04 09 12 13 15 34,M0-E,11 18 24 25 33 37,0,1896905.0,0.687115,False,False,False,14.6547,2266,"{""K"": 1}"
2267,04 09 12 13 15 34,M0-F,04 08 25 26 27 36,1,943026.0,0.341592,False,False,False,14.764,2266,"{""ridge"": 10}"
2267,04 09 12 13 15 34,M0-G,11 18 24 25 33 37,0,1922136.0,0.696254,False,False,False,14.7411,2266,"{""gamma"": 0, ""A"": [1.0, 50]}"
2267,04 09 12 13 15 34,M0-H,16 24 25 26 27 31,0,1742894.5,0.631328,False,False,False,14.7927,2266,"{""weights"": {""M0-A"": 0.0, ""M0-B"": 0.0, ""M0-C"": 1.0, ""M0-D"": 0.0, ""M0-E"": 0.0, ""M0-F"": 0.0}}"
2267,04 09 12 13 15 34,M0-X,03 04 08 16 31 34,2,372374.0,0.134885,False,False,False,nan,2266,"{""rule"": 2}"
2268,15 19 26 31 36 38,M0-A,11 18 24 25 33 37,0,2593089.5,0.939293,False,False,False,14.7429,2267,"{""lam"": 1.0, ""a0"": 50}"
2268,15 19 26 31 36 38,M0-B,07 08 14 23 25 36,1,1654961.5,0.599476,False,False,False,14.8261,2267,"{""k"": 500}"
2268,15 19 26 31 36 38,M0-C,20 24 26 27 35 38,2,1299769.0,0.470814,False,False,False,14.7734,2267,"{""ridge"": 100}"
2268,15 19 26 31 36 38,M0-D,02 04 10 15 18 33,1,2350472.0,0.85141,False,False,False,14.798,2267,"{""h"": 1000, ""k"": 5, ""s"": 0.05}"
2268,15 19 26 31 36 38,M0-E,11 18 24 25 33 37,0,2592593.5,0.939114,False,False,False,14.659,2267,"{""K"": 1}"
2268,15 19 26 31 36 38,M0-F,04 08 25 26 30 36,2,202449.0,0.073333,False,False,False,14.8041,2267,"{""ridge"": 100}"
2268,15 19 26 31 36 38,M0-G,11 18 24 25 33 37,0,2593089.5,0.939293,False,False,False,14.7429,2267,"{""gamma"": 0, ""A"": [1.0, 50]}"
2268,15 19 26 31 36 38,M0-H,20 24 26 27 35 38,2,1299769.0,0.470814,False,False,False,14.7734,2267,"{""weights"": {""M0-A"": 0.0, ""M0-B"": 0.0, ""M0-C"": 1.0, ""M0-D"": 0.0, ""M0-E"": 0.0, ""M0-F"": 0.0}}"
2268,15 19 26 31 36 38,M0-X,05 08 09 11 30 38,1,1804088.5,0.653494,False,False,False,nan,2267,"{""rule"": 2}"
2269,03 04 06 17 23 26,M0-A,11 18 24 25 33 37,0,2279112.5,0.825562,False,False,False,14.7474,2268,"{""lam"": 1.0, ""a0"": 50}"
2269,03 04 06 17 23 26,M0-B,04 09 14 22 23 25,2,1078981.5,0.390839,False,False,False,14.8268,2268,"{""k"": 500}"
2269,03 04 06 17 23 26,M0-C,04 05 06 07 08 09,2,347692.0,0.125944,False,False,False,14.7959,2268,"{""ridge"": 100}"
2269,03 04 06 17 23 26,M0-D,02 11 18 19 24 33,0,1943891.0,0.704134,False,False,False,14.8051,2268,"{""h"": 1000, ""k"": 5, ""s"": 0.05}"
2269,03 04 06 17 23 26,M0-E,11 18 24 25 33 37,0,2275371.5,0.824206,False,False,False,14.6687,2268,"{""K"": 1}"
2269,03 04 06 17 23 26,M0-F,04 08 25 30 34 36,1,803358.0,0.291,False,False,False,14.8146,2268,"{""ridge"": 100}"
2269,03 04 06 17 23 26,M0-G,11 18 24 25 33 37,0,2279112.5,0.825562,False,False,False,14.7474,2268,"{""gamma"": 0, ""A"": [1.0, 50]}"
2269,03 04 06 17 23 26,M0-H,04 05 06 07 08 09,2,347692.0,0.125944,False,False,False,14.7959,2268,"{""weights"": {""M0-A"": 0.0, ""M0-B"": 0.0, ""M0-C"": 1.0, ""M0-D"": 0.0, ""M0-E"": 0.0, ""M0-F"": 0.0}}"
2269,03 04 06 17 23 26,M0-X,11 15 22 27 32 34,0,2667071.0,0.966092,False,False,False,nan,2268,"{""rule"": 2}"
2270,06 20 28 32 35 36,M0-A,11 18 24 25 33 37,0,2589109.5,0.937852,False,False,False,14.7502,2269,"{""lam"": 1.0, ""a0"": 50}"
2270,06 20 28 32 35 36,M0-B,14 15 19 22 25 32,1,966503.5,0.350096,False,False,False,14.827,2269,"{""k"": 500}"
2270,06 20 28 32 35 36,M0-C,10 13 31 33 35 36,2,861903.0,0.312206,False,False,False,14.7776,2269,"{""ridge"": 100}"
2270,06 20 28 32 35 36,M0-D,03 04 11 18 33 37,0,2712301.0,0.982475,False,False,False,14.7981,2269,"{""h"": 1000, ""k"": 5, ""s"": 0.05}"
2270,06 20 28 32 35 36,M0-E,11 18 24 25 33 37,0,2583374.5,0.935774,False,False,False,14.6748,2269,"{""K"": 1}"
2270,06 20 28 32 35 36,M0-F,04 14 25 30 34 36,1,2505406.0,0.907532,False,False,False,14.8111,2269,"{""ridge"": 100}"
2270,06 20 28 32 35 36,M0-G,11 18 24 25 33 37,0,2589109.5,0.937852,False,False,False,14.7502,2269,"{""gamma"": 0, ""A"": [1.0, 50]}"
2270,06 20 28 32 35 36,M0-H,10 13 31 33 35 36,2,861903.0,0.312206,False,False,False,14.7776,2269,"{""weights"": {""M0-A"": 0.0, ""M0-B"": 0.0, ""M0-C"": 1.0, ""M0-D"": 0.0, ""M0-E"": 0.0, ""M0-F"": 0.0}}"
2270,06 20 28 32 35 36,M0-X,02 13 19 22 37 38,0,2351420.0,0.851753,False,False,False,nan,2269,"{""rule"": 2}"
2271,22 23 27 35 36 37,M0-A,11 18 24 25 33 37,1,2681799.5,0.971427,False,False,False,14.7543,2270,"{""lam"": 1.0, ""a0"": 50}"
2271,22 23 27 35 36 37,M0-B,01 03 14 22 25 29,1,1992308.5,0.721673,False,False,False,14.8259,2270,"{""k"": 500}"
2271,22 23 27 35 36 37,M0-C,02 11 12 13 14 15,0,2576928.0,0.933439,False,False,False,14.7965,2270,"{""ridge"": 100}"
2271,22 23 27 35 36 37,M0-D,11 18 20 25 33 37,1,2326011.0,0.84255,False,False,False,14.802,2270,"{""h"": 1000, ""k"": 5, ""s"": 0.05}"
2271,22 23 27 35 36 37,M0-E,11 18 24 25 33 37,1,2681511.5,0.971322,False,False,False,14.6835,2270,"{""K"": 1}"
2271,22 23 27 35 36 37,M0-F,04 14 22 25 30 36,2,201730.0,0.073072,False,False,False,14.8291,2270,"{""ridge"": 1000}"
2271,22 23 27 35 36 37,M0-G,11 18 24 25 33 37,1,2681799.5,0.971427,False,False,False,14.7543,2270,"{""gamma"": 0, ""A"": [1.0, 50]}"
2271,22 23 27 35 36 37,M0-H,02 11 12 13 14 15,0,2576928.0,0.933439,False,False,False,14.7965,2270,"{""weights"": {""M0-A"": 0.0, ""M0-B"": 0.0, ""M0-C"": 1.0, ""M0-D"": 0.0, ""M0-E"": 0.0, ""M0-F"": 0.0}}"
2271,22 23 27 35 36 37,M0-X,02 16 24 28 31 32,0,2548006.0,0.922963,False,False,False,nan,2270,"{""rule"": 2}"
2272,02 12 16 19 28 33,M0-A,11 18 24 25 33 37,1,1317184.5,0.477123,False,False,False,14.7592,2271,"{""lam"": 1.0, ""a0"": 50}"
2272,02 12 16 19 28 33,M0-B,01 06 14 20 25 29,0,1542263.5,0.558653,False,False,False,14.827,2271,"{""k"": 500}"
2272,02 12 16 19 28 33,M0-C,03 04 06 12 16 17,2,645512.5,0.233823,False,False,False,14.7604,2271,"{""ridge"": 100}"
2272,02 12 16 19 28 33,M0-D,14 18 20 24 33 37,1,1527939.0,0.553464,False,False,False,14.8044,2271,"{""h"": 1000, ""k"": 5, ""s"": 0.05}"
2272,02 12 16 19 28 33,M0-E,11 18 24 25 33 37,1,1345783.0,0.487482,False,False,False,14.6935,2271,"{""K"": 1}"
2272,02 12 16 19 28 33,M0-F,04 14 25 27 30 36,0,2698291.0,0.9774,False,False,False,14.8286,2271,"{""ridge"": 1000}"
2272,02 12 16 19 28 33,M0-G,11 18 24 25 33 37,1,1317184.5,0.477123,False,False,False,14.7592,2271,"{""gamma"": 0, ""A"": [1.0, 50]}"
2272,02 12 16 19 28 33,M0-H,03 04 06 12 16 17,2,645512.5,0.233823,False,False,False,14.7604,2271,"{""weights"": {""M0-A"": 0.0, ""M0-B"": 0.0, ""M0-C"": 1.0, ""M0-D"": 0.0, ""M0-E"": 0.0, ""M0-F"": 0.0}}"
2272,02 12 16 19 28 33,M0-X,03 04 07 11 19 33,2,378688.5,0.137172,False,False,False,nan,2271,"{""rule"": 12}"
2273,12 20 22 31 37 38,M0-A,11 18 24 25 33 37,1,1215633.0,0.440338,False,False,False,14.7591,2272,"{""lam"": 1.0, ""a0"": 50}"
2273,12 20 22 31 37 38,M0-B,01 14 22 25 27 29,1,546938.0,0.198117,False,False,False,14.8265,2272,"{""k"": 500}"
2273,12 20 22 31 37 38,M0-C,06 07 08 23 27 37,1,1233877.0,0.446946,False,False,False,14.7966,2272,"{""ridge"": 100}"
2273,12 20 22 31 37 38,M0-D,06 11 15 18 33 37,1,1186321.0,0.42972,False,False,False,14.8014,2272,"{""h"": 1000, ""k"": 5, ""s"": 0.05}"
2273,12 20 22 31 37 38,M0-E,11 18 24 25 33 37,1,1220315.5,0.442034,False,False,False,14.6942,2272,"{""K"": 1}"
2273,12 20 22 31 37 38,M0-F,04 14 22 25 30 36,1,1875461.0,0.679347,False,False,False,14.8289,2272,"{""ridge"": 1000}"
2273,12 20 22 31 37 38,M0-G,11 18 24 25 33 37,1,1215633.0,0.440338,False,False,False,14.7591,2272,"{""gamma"": 0, ""A"": [1.0, 50]}"
2273,12 20 22 31 37 38,M0-H,06 07 08 23 27 37,1,1233877.0,0.446946,False,False,False,14.7966,2272,"{""weights"": {""M0-A"": 0.0, ""M0-B"": 0.0, ""M0-C"": 1.0, ""M0-D"": 0.0, ""M0-E"": 0.0, ""M0-F"": 0.0}}"
2273,12 20 22 31 37 38,M0-X,02 03 04 12 16 17,1,1823849.5,0.660652,False,False,False,nan,2272,"{""rule"": 12}"
2274,05 10 13 16 30 38,M0-A,11 18 20 24 33 37,0,2363153.0,0.856003,False,False,False,14.759,2273,"{""lam"": 1.0, ""a0"": 50}"
2274,05 10 13 16 30 38,M0-B,01 05 14 16 25 29,2,1431854.5,0.51866,False,False,False,14.8262,2273,"{""k"": 500}"
2274,05 10 13 16 30 38,M0-C,04 05 06 08 16 27,2,455514.0,0.165,False,False,False,14.8017,2273,"{""ridge"": 100}"
2274,05 10 13 16 30 38,M0-D,11 18 20 33 37 38,1,2285343.0,0.827818,False,False,False,14.8046,2273,"{""h"": 1000, ""k"": 5, ""s"": 0.05}"
2274,05 10 13 16 30 38,M0-E,11 18 20 24 33 37,0,2357780.0,0.854057,False,False,False,14.6945,2273,"{""K"": 1}"
2274,05 10 13 16 30 38,M0-F,04 14 30 32 36 38,2,744641.0,0.269731,False,False,False,14.8294,2273,"{""ridge"": 1000}"
2274,05 10 13 16 30 38,M0-G,11 18 20 24 33 37,0,2363153.0,0.856003,False,False,False,14.759,2273,"{""gamma"": 0, ""A"": [1.0, 50]}"
2274,05 10 13 16 30 38,M0-H,04 05 06 08 16 27,2,455514.0,0.165,False,False,False,14.8017,2273,"{""weights"": {""M0-A"": 0.0, ""M0-B"": 0.0, ""M0-C"": 1.0, ""M0-D"": 0.0, ""M0-E"": 0.0, ""M0-F"": 0.0}}"
2274,05 10 13 16 30 38,M0-X,06 11 20 23 27 37,0,2069037.0,0.749466,False,False,False,nan,2273,"{""rule"": 12}"
2275,01 13 18 29 31 34,M0-A,11 18 20 24 33 37,1,1411507.5,0.511289,False,False,False,14.7616,2274,"{""lam"": 1.0, ""a0"": 50}"
2275,01 13 18 29 31 34,M0-B,01 11 14 20 25 29,2,482681.5,0.174841,False,False,False,14.826,2274,"{""k"": 500}"
2275,01 13 18 29 31 34,M0-C,20 22 23 26 31 34,2,313019.5,0.113385,False,False,False,14.7839,2274,"{""ridge"": 100}"
2275,01 13 18 29 31 34,M0-D,10 11 13 18 20 33,2,844137.0,0.305771,False,False,False,14.7993,2274,"{""h"": 1000, ""k"": 5, ""s"": 0.05}"
2275,01 13 18 29 31 34,M0-E,11 18 20 24 33 37,1,1470754.0,0.53275,False,False,False,14.7001,2274,"{""K"": 1}"
2275,01 13 18 29 31 34,M0-F,14 22 25 30 32 36,0,1758296.0,0.636906,False,False,False,14.8294,2274,"{""ridge"": 1000}"
2275,01 13 18 29 31 34,M0-G,11 18 20 24 33 37,1,1411507.5,0.511289,False,False,False,14.7616,2274,"{""gamma"": 0, ""A"": [1.0, 50]}"
2275,01 13 18 29 31 34,M0-H,20 22 23 26 31 34,2,313019.5,0.113385,False,False,False,14.7839,2274,"{""weights"": {""M0-A"": 0.0, ""M0-B"": 0.0, ""M0-C"": 1.0, ""M0-D"": 0.0, ""M0-E"": 0.0, ""M0-F"": 0.0}}"
2275,01 13 18 29 31 34,M0-X,01 02 08 17 19 27,1,1428428.5,0.517419,False,False,False,nan,2274,"{""rule"": 12}"
2276,03 07 16 17 31 33,M0-A,01 11 18 20 33 37,1,2056497.5,0.744924,False,False,False,14.7618,2275,"{""lam"": 1.0, ""a0"": 50}"
2276,03 07 16 17 31 33,M0-B,05 10 11 14 16 25,1,2075468.5,0.751796,False,False,False,14.8263,2275,"{""k"": 500}"
2276,03 07 16 17 31 33,M0-C,05 06 08 10 30 38,0,2592053.5,0.938918,False,False,False,14.7736,2275,"{""ridge"": 100}"
2276,03 07 16 17 31 33,M0-D,01 13 18 25 33 37,1,1862966.0,0.674821,False,False,False,14.7973,2275,"{""h"": 1000, ""k"": 5, ""s"": 0.05}"
2276,03 07 16 17 31 33,M0-E,01 11 18 20 33 37,1,2079418.0,0.753226,False,False,False,14.7011,2275,"{""K"": 1}"
2276,03 07 16 17 31 33,M0-F,04 14 25 30 32 36,0,2743765.0,0.993872,False,False,False,14.8287,2275,"{""ridge"": 1000}"
2276,03 07 16 17 31 33,M0-G,01 11 18 20 33 37,1,2056497.5,0.744924,False,False,False,14.7618,2275,"{""gamma"": 0, ""A"": [1.0, 50]}"
2276,03 07 16 17 31 33,M0-H,05 06 08 10 30 38,0,2592053.5,0.938918,False,False,False,14.7736,2275,"{""weights"": {""M0-A"": 0.0, ""M0-B"": 0.0, ""M0-C"": 1.0, ""M0-D"": 0.0, ""M0-E"": 0.0, ""M0-F"": 0.0}}"
2276,03 07 16 17 31 33,M0-X,09 14 25 27 30 35,0,2341822.0,0.848277,False,False,False,nan,2275,"{""rule"": 2}"
2277,07 08 18 31 32 34,M0-A,01 11 18 20 33 37,1,920567.5,0.333456,False,False,False,14.7634,2276,"{""lam"": 1.0, ""a0"": 50}"
2277,07 08 18 31 32 34,M0-B,01 11 13 14 24 25,0,1127006.5,0.408235,False,False,False,14.8261,2276,"{""k"": 500}"
2277,07 08 18 31 32 34,M0-C,08 11 12 22 23 32,2,1887060.5,0.683549,False,False,False,14.7965,2276,"{""ridge"": 100}"
2277,07 08 18 31 32 34,M0-D,04 11 18 26 33 37,1,646946.0,0.234343,False,False,False,14.803,2276,"{""h"": 1000, ""k"": 5, ""s"": 0.05}"
2277,07 08 18 31 32 34,M0-E,01 11 18 20 33 37,1,935063.0,0.338707,False,False,False,14.7048,2276,"{""K"": 1}"
2277,07 08 18 31 32 34,M0-F,04 14 25 30 32 36,1,1172435.0,0.42469,False,False,False,14.8291,2276,"{""ridge"": 1000}"
2277,07 08 18 31 32 34,M0-G,01 11 18 20 33 37,1,920567.5,0.333456,False,False,False,14.7634,2276,"{""gamma"": 0, ""A"": [1.0, 50]}"
2277,07 08 18 31 32 34,M0-H,08 11 12 22 23 32,2,1887060.5,0.683549,False,False,False,14.7965,2276,"{""weights"": {""M0-A"": 0.0, ""M0-B"": 0.0, ""M0-C"": 1.0, ""M0-D"": 0.0, ""M0-E"": 0.0, ""M0-F"": 0.0}}"
2277,07 08 18 31 32 34,M0-X,03 12 13 27 29 37,0,2113377.0,0.765527,False,False,False,nan,2276,"{""rule"": 2}"
2278,08 13 25 30 34 38,M0-A,01 08 11 18 33 37,1,451626.5,0.163592,False,False,False,14.7625,2277,"{""lam"": 1.0, ""a0"": 50}"
2278,08 13 25 30 34 38,M0-B,03 11 14 16 17 33,0,1180985.0,0.427787,False,False,False,14.8264,2277,"{""k"": 500}"
2278,08 13 25 30 34 38,M0-C,01 02 03 12 13 17,1,1346927.5,0.487897,False,False,False,14.7936,2277,"{""ridge"": 100}"
2278,08 13 25 30 34 38,M0-D,08 11 18 24 25 33,2,198357.0,0.071851,False,False,False,14.7979,2277,"{""h"": 1000, ""k"": 5, ""s"": 0.05}"
2278,08 13 25 30 34 38,M0-E,01 08 11 18 33 37,1,426829.5,0.15461,False,False,False,14.7038,2277,"{""K"": 1}"
2278,08 13 25 30 34 38,M0-F,14 24 25 30 32 36,2,285577.0,0.103444,False,False,False,14.8294,2277,"{""ridge"": 1000}"
2278,08 13 25 30 34 38,M0-G,01 08 11 18 33 37,1,451626.5,0.163592,False,False,False,14.7625,2277,"{""gamma"": 0, ""A"": [1.0, 50]}"
2278,08 13 25 30 34 38,M0-H,01 02 03 12 13 17,1,1346927.5,0.487897,False,False,False,14.7936,2277,"{""weights"": {""M0-A"": 0.0, ""M0-B"": 0.0, ""M0-C"": 1.0, ""M0-D"": 0.0, ""M0-E"": 0.0, ""M0-F"": 0.0}}"
2278,08 13 25 30 34 38,M0-X,06 08 22 23 32 36,1,969241.0,0.351087,False,False,False,nan,2277,"{""rule"": 12}"
2279,01 04 06 08 14 35,M0-A,08 11 18 25 33 37,1,1118245.0,0.405061,False,False,False,14.7605,2278,"{""lam"": 1.0, ""a0"": 50}"
2279,01 04 06 08 14 35,M0-B,07 11 14 18 21 24,1,984319.5,0.356549,False,False,False,14.8254,2278,"{""k"": 500}"
2279,01 04 06 08 14 35,M0-C,01 07 09 14 18 26,2,1052210.5,0.381141,False,False,False,14.7945,2278,"{""ridge"": 100}"
2279,01 04 06 08 14 35,M0-D,08 13 18 25 33 34,1,1592032.0,0.576681,False,False,False,14.7985,2278,"{""h"": 1000, ""k"": 5, ""s"": 0.05}"
2279,01 04 06 08 14 35,M0-E,08 11 18 25 33 37,1,1093477.0,0.396089,False,False,False,14.7004,2278,"{""K"": 1}"
2279,01 04 06 08 14 35,M0-F,14 24 25 30 32 34,1,376350.0,0.136325,False,False,False,14.8288,2278,"{""ridge"": 1000}"
2279,01 04 06 08 14 35,M0-G,08 11 18 25 33 37,1,1118245.0,0.405061,False,False,False,14.7605,2278,"{""gamma"": 0, ""A"": [1.0, 50]}"
2279,01 04 06 08 14 35,M0-H,01 07 09 14 18 26,2,1052210.5,0.381141,False,False,False,14.7945,2278,"{""weights"": {""M0-A"": 0.0, ""M0-B"": 0.0, ""M0-C"": 1.0, ""M0-D"": 0.0, ""M0-E"": 0.0, ""M0-F"": 0.0}}"
2279,01 04 06 08 14 35,M0-X,05 07 08 21 31 32,1,1636950.0,0.592951,False,False,False,nan,2278,"{""rule"": 12}"
2280,02 18 24 27 29 32,M0-A,01 08 18 25 33 37,1,1255451.5,0.454761,False,False,False,14.7601,2279,"{""lam"": 1.0, ""a0"": 50}"
2280,02 18 24 27 29 32,M0-B,11 13 21 24 25 30,1,1442071.0,0.52236,False,False,False,14.8257,2279,"{""k"": 500}"
2280,02 18 24 27 29 32,M0-C,13 25 30 31 34 35,0,971928.0,0.352061,False,False,False,14.7863,2279,"{""ridge"": 100}"
2280,02 18 24 27 29 32,M0-D,01 08 18 25 33 37,1,1050910.0,0.38067,False,False,False,14.7972,2279,"{""h"": 1000, ""k"": 5, ""s"": 0.05}"
2280,02 18 24 27 29 32,M0-E,01 08 11 18 33 37,1,1302803.5,0.471914,False,False,False,14.7002,2279,"{""K"": 1}"
2280,02 18 24 27 29 32,M0-F,14 24 25 30 32 36,2,186629.0,0.067602,False,False,False,14.8285,2279,"{""ridge"": 1000}"
2280,02 18 24 27 29 32,M0-G,01 08 18 25 33 37,1,1255451.5,0.454761,False,False,False,14.7601,2279,"{""gamma"": 0, ""A"": [1.0, 50]}"
2280,02 18 24 27 29 32,M0-H,13 25 30 31 34 35,0,971928.0,0.352061,False,False,False,14.7863,2279,"{""weights"": {""M0-A"": 0.0, ""M0-B"": 0.0, ""M0-C"": 1.0, ""M0-D"": 0.0, ""M0-E"": 0.0, ""M0-F"": 0.0}}"
2280,02 18 24 27 29 32,M0-X,01 05 09 14 26 31,0,2426767.5,0.879047,False,False,False,nan,2279,"{""rule"": 12}"
2281,04 08 10 12 26 36,M0-A,01 08 11 18 33 37,1,1285989.0,0.465823,False,False,False,14.76,2280,"{""lam"": 1.0, ""a0"": 50}"
2281,04 08 10 12 26 36,M0-B,01 04 09 11 14 21,1,1569946.0,0.568681,False,False,False,14.8262,2280,"{""k"": 500}"
2281,04 08 10 12 26 36,M0-C,06 07 08 10 12 14,3,394960.0,0.143066,False,False,False,14.7802,2280,"{""ridge"": 100}"
2281,04 08 10 12 26 36,M0-D,01 02 18 24 25 33,0,1120746.0,0.405967,False,False,False,14.8007,2280,"{""h"": 1000, ""k"": 5, ""s"": 0.05}"
2281,04 08 10 12 26 36,M0-E,01 08 11 18 33 37,1,1285466.0,0.465633,False,False,False,14.7006,2280,"{""K"": 1}"
2281,04 08 10 12 26 36,M0-F,02 14 24 25 32 36,1,290234.0,0.105131,False,False,False,14.8282,2280,"{""ridge"": 1000}"
2281,04 08 10 12 26 36,M0-G,01 08 11 18 33 37,1,1285989.0,0.465823,False,False,False,14.76,2280,"{""gamma"": 0, ""A"": [1.0, 50]}"
2281,04 08 10 12 26 36,M0-H,06 07 08 10 12 14,3,394960.0,0.143066,False,False,False,14.7802,2280,"{""weights"": {""M0-A"": 0.0, ""M0-B"": 0.0, ""M0-C"": 1.0, ""M0-D"": 0.0, ""M0-E"": 0.0, ""M0-F"": 0.0}}"
2281,04 08 10 12 26 36,M0-X,14 20 23 25 28 36,1,1576387.5,0.571014,False,False,False,nan,2280,"{""rule"": 2}"
2282,06 12 14 16 35 38,M0-A,01 04 08 18 33 37,0,2083411.0,0.754673,False,False,False,14.76,2281,"{""lam"": 1.0, ""a0"": 50}"
2282,06 12 14 16 35 38,M0-B,02 09 11 15 18 21,0,2679883.0,0.970732,False,False,False,14.8262,2281,"{""k"": 500}"
2282,06 12 14 16 35 38,M0-C,03 18 27 29 31 32,0,2445010.5,0.885655,False,False,False,14.7972,2281,"{""ridge"": 100}"
2282,06 12 14 16 35 38,M0-D,04 08 12 18 33 38,2,1486114.0,0.538314,False,False,False,14.7991,2281,"{""h"": 1000, ""k"": 5, ""s"": 0.05}"
2282,06 12 14 16 35 38,M0-E,01 08 11 18 33 37,0,2065455.0,0.748168,False,False,False,14.7011,2281,"{""K"": 1}"
2282,06 12 14 16 35 38,M0-F,02 11 14 22 24 32,1,959283.0,0.34748,False,False,False,14.8284,2281,"{""ridge"": 1000}"
2282,06 12 14 16 35 38,M0-G,01 04 08 18 33 37,0,2083411.0,0.754673,False,False,False,14.76,2281,"{""gamma"": 0, ""A"": [1.0, 50]}"
2282,06 12 14 16 35 38,M0-H,03 18 27 29 31 32,0,2445010.5,0.885655,False,False,False,14.7972,2281,"{""weights"": {""M0-A"": 0.0, ""M0-B"": 0.0, ""M0-C"": 1.0, ""M0-D"": 0.0, ""M0-E"": 0.0, ""M0-F"": 0.0}}"
2282,06 12 14 16 35 38,M0-X,04 06 08 22 32 38,2,273507.5,0.099072,False,False,False,nan,2281,"{""rule"": 2}"
2283,02 04 08 16 26 29,M0-A,01 08 18 24 33 37,1,1437619.5,0.520748,False,False,False,14.7617,2282,"{""lam"": 1.0, ""a0"": 50}"
2283,02 04 08 16 26 29,M0-B,04 08 09 11 15 21,2,228722.0,0.08285,False,False,False,14.8271,2282,"{""k"": 500}"
2283,02 04 08 16 26 29,M0-C,01 04 23 25 26 27,2,808356.5,0.29281,False,False,False,14.7964,2282,"{""ridge"": 100}"
2283,02 04 08 16 26 29,M0-D,01 08 10 18 33 37,1,1670931.0,0.60526,False,False,False,14.8013,2282,"{""h"": 1000, ""k"": 5, ""s"": 0.05}"
2283,02 04 08 16 26 29,M0-E,01 04 08 18 33 37,2,1454301.5,0.526791,False,False,False,14.7047,2282,"{""K"": 1}"
2283,02 04 08 16 26 29,M0-F,04 10 14 30 32 36,1,687597.0,0.249068,False,False,False,14.8281,2282,"{""ridge"": 1000}"
2283,02 04 08 16 26 29,M0-G,01 08 18 24 33 37,1,1437619.5,0.520748,False,False,False,14.7617,2282,"{""gamma"": 0, ""A"": [1.0, 50]}"
2283,02 04 08 16 26 29,M0-H,01 04 23 25 26 27,2,808356.5,0.29281,False,False,False,14.7964,2282,"{""weights"": {""M0-A"": 0.0, ""M0-B"": 0.0, ""M0-C"": 1.0, ""M0-D"": 0.0, ""M0-E"": 0.0, ""M0-F"": 0.0}}"
2283,02 04 08 16 26 29,M0-X,02 08 10 12 31 34,2,212030.5,0.076804,False,False,False,nan,2282,"{""rule"": 2}"
2284,08 15 17 27 36 38,M0-A,01 04 08 18 33 37,1,1810900.5,0.655961,False,False,False,14.762,2283,"{""lam"": 1.0, ""a0"": 50}"
2284,08 15 17 27 36 38,M0-B,06 09 12 14 35 38,1,705718.0,0.255632,False,False,False,14.8254,2283,"{""k"": 500}"
2284,08 15 17 27 36 38,M0-C,12 20 21 22 33 35,0,875184.5,0.317017,False,False,False,14.8028,2283,"{""ridge"": 100}"
2284,08 15 17 27 36 38,M0-D,04 08 18 24 26 33,1,1387042.0,0.502427,False,False,False,14.801,2283,"{""h"": 1000, ""k"": 5, ""s"": 0.05}"
2284,08 15 17 27 36 38,M0-E,01 04 08 18 33 37,1,1823200.5,0.660417,False,False,False,14.7058,2283,"{""K"": 1}"
2284,08 15 17 27 36 38,M0-F,06 10 14 24 26 32,0,1874078.0,0.678846,False,False,False,14.8283,2283,"{""ridge"": 1000}"
2284,08 15 17 27 36 38,M0-G,01 04 08 18 33 37,1,1810900.5,0.655961,False,False,False,14.762,2283,"{""gamma"": 0, ""A"": [1.0, 50]}"
2284,08 15 17 27 36 38,M0-H,12 20 21 22 33 35,0,875184.5,0.317017,False,False,False,14.8028,2283,"{""weights"": {""M0-A"": 0.0, ""M0-B"": 0.0, ""M0-C"": 1.0, ""M0-D"": 0.0, ""M0-E"": 0.0, ""M0-F"": 0.0}}"
2284,08 15 17 27 36 38,M0-X,04 12 22 25 36 38,2,153913.0,0.055752,False,False,False,nan,2283,"{""rule"": 2}"
2285,07 15 19 20 30 33,M0-A,04 08 18 33 37 38,1,776346.5,0.281215,False,False,False,14.763,2284,"{""lam"": 1.0, ""a0"": 50}"
2285,07 15 19 20 30 33,M0-B,02 04 16 21 26 29,0,2665549.0,0.96554,False,False,False,14.8256,2284,"{""k"": 500}"
2285,07 15 19 20 30 33,M0-C,04 16 21 22 26 31,0,2579059.5,0.934211,False,False,False,14.804,2284,"{""ridge"": 100}"
2285,07 15 19 20 30 33,M0-D,04 08 12 18 33 38,1,567502.0,0.205566,False,False,False,14.8012,2284,"{""h"": 1000, ""k"": 5, ""s"": 0.05}"
2285,07 15 19 20 30 33,M0-E,04 08 18 33 37 38,1,762685.0,0.276267,False,False,False,14.7082,2284,"{""K"": 1}"
2285,07 15 19 20 30 33,M0-F,02 04 14 22 24 26,0,2386699.0,0.864533,False,False,False,14.8282,2284,"{""ridge"": 1000}"
2285,07 15 19 20 30 33,M0-G,04 08 18 33 37 38,1,776346.5,0.281215,False,False,False,14.763,2284,"{""gamma"": 0, ""A"": [1.0, 50]}"
2285,07 15 19 20 30 33,M0-H,04 16 21 22 26 31,0,2579059.5,0.934211,False,False,False,14.804,2284,"{""weights"": {""M0-A"": 0.0, ""M0-B"": 0.0, ""M0-C"": 1.0, ""M0-D"": 0.0, ""M0-E"": 0.0, ""M0-F"": 0.0}}"
2285,07 15 19 20 30 33,M0-X,04 11 13 23 32 34,0,2018838.0,0.731282,False,False,False,nan,2284,"{""rule"": 2}"
2286,01 08 12 13 30 38,M0-A,04 08 18 33 37 38,2,147516.0,0.053434,False,False,False,14.762,2285,"{""lam"": 1.0, ""a0"": 50}"
2286,01 08 12 13 30 38,M0-B,08 09 17 27 36 38,2,1605476.5,0.581551,False,False,False,14.8262,2285,"{""k"": 500}"
2286,01 08 12 13 30 38,M0-C,01 02 06 08 24 38,3,519493.0,0.188175,False,False,False,14.7981,2285,"{""ridge"": 100}"
2286,01 08 12 13 30 38,M0-D,08 11 18 20 33 38,2,99438.0,0.036019,False,False,True,14.7987,2285,"{""h"": 1000, ""k"": 5, ""s"": 0.05}"
2286,01 08 12 13 30 38,M0-E,04 08 18 33 37 38,2,136393.5,0.049406,False,False,False,14.7066,2285,"{""K"": 1}"
2286,01 08 12 13 30 38,M0-F,14 22 24 28 30 36,1,1875737.0,0.679447,False,False,False,14.8291,2285,"{""ridge"": 1000}"
2286,01 08 12 13 30 38,M0-G,04 08 18 33 37 38,2,147516.0,0.053434,False,False,False,14.762,2285,"{""gamma"": 0, ""A"": [1.0, 50]}"
2286,01 08 12 13 30 38,M0-H,01 02 06 08 24 38,3,519493.0,0.188175,False,False,False,14.7981,2285,"{""weights"": {""M0-A"": 0.0, ""M0-B"": 0.0, ""M0-C"": 1.0, ""M0-D"": 0.0, ""M0-E"": 0.0, ""M0-F"": 0.0}}"
2286,01 08 12 13 30 38,M0-X,03 11 15 16 26 29,0,2106595.5,0.763071,False,False,False,nan,2285,"{""rule"": 2}"
2287,02 04 11 12 32 34,M0-A,01 04 08 18 33 38,1,562941.5,0.203914,False,False,False,14.7586,2286,"{""lam"": 1.0, ""a0"": 50}"
2287,02 04 11 12 32 34,M0-B,07 09 15 19 20 33,0,2308483.5,0.836201,False,False,False,14.8268,2286,"{""k"": 500}"
2287,02 04 11 12 32 34,M0-C,07 17 18 19 20 26,0,2572539.0,0.931849,False,False,False,14.7881,2286,"{""ridge"": 100}"
2287,02 04 11 12 32 34,M0-D,04 08 13 18 33 38,1,797789.0,0.288983,False,False,False,14.7974,2286,"{""h"": 1000, ""k"": 5, ""s"": 0.05}"
2287,02 04 11 12 32 34,M0-E,01 04 08 18 33 38,1,542105.5,0.196366,False,False,False,14.7011,2286,"{""K"": 1}"
2287,02 04 11 12 32 34,M0-F,10 14 20 22 24 30,0,316985.0,0.114821,False,False,False,14.829,2286,"{""ridge"": 1000}"
2287,02 04 11 12 32 34,M0-G,01 04 08 18 33 38,1,562941.5,0.203914,False,False,False,14.7586,2286,"{""gamma"": 0, ""A"": [1.0, 50]}"
2287,02 04 11 12 32 34,M0-H,07 17 18 19 20 26,0,2572539.0,0.931849,False,False,False,14.7881,2286,"{""weights"": {""M0-A"": 0.0, ""M0-B"": 0.0, ""M0-C"": 1.0, ""M0-D"": 0.0, ""M0-E"": 0.0, ""M0-F"": 0.0}}"
2287,02 04 11 12 32 34,M0-X,04 08 09 26 34 35,2,319127.5,0.115597,False,False,False,nan,2286,"{""rule"": 2}"
2288,03 07 12 29 35 36,M0-A,01 04 08 18 33 38,0,2382731.5,0.863095,False,False,False,14.757,2287,"{""lam"": 1.0, ""a0"": 50}"
2288,03 07 12 29 35 36,M0-B,01 05 08 13 30 38,0,2504651.5,0.907258,False,False,False,14.8267,2287,"{""k"": 500}"
2288,03 07 12 29 35 36,M0-C,16 17 18 19 27 28,0,2510194.5,0.909266,False,False,False,14.8043,2287,"{""ridge"": 100}"
2288,03 07 12 29 35 36,M0-D,01 04 08 12 18 33,1,2173688.0,0.787374,False,False,False,14.7993,2287,"{""h"": 1000, ""k"": 5, ""s"": 0.05}"
2288,03 07 12 29 35 36,M0-E,01 04 08 18 33 38,0,2363740.5,0.856216,False,False,False,14.6986,2287,"{""K"": 1}"
2288,03 07 12 29 35 36,M0-F,10 14 24 28 30 32,0,2485734.0,0.900406,False,False,False,14.828,2287,"{""ridge"": 1000}"
2288,03 07 12 29 35 36,M0-G,01 04 08 18 33 38,0,2382731.5,0.863095,False,False,False,14.757,2287,"{""gamma"": 0, ""A"": [1.0, 50]}"
2288,03 07 12 29 35 36,M0-H,01 02 03 04 05 07,2,1380341.0,0.5,False,False,False,14.831,2287,"{""weights"": {""M0-A"": 0.0, ""M0-B"": 0.0, ""M0-C"": 0.0, ""M0-D"": 0.0, ""M0-E"": 0.0, ""M0-F"": 0.0}}"
2288,03 07 12 29 35 36,M0-X,07 08 28 30 36 38,2,252774.5,0.091562,False,False,False,nan,2287,"{""rule"": 2}"
2289,04 16 21 24 25 37,M0-A,04 08 12 18 33 38,1,881554.5,0.319325,False,False,False,14.7597,2288,"{""lam"": 1.0, ""a0"": 50}"
2289,04 16 21 24 25 37,M0-B,02 04 05 11 32 34,1,645771.5,0.233917,False,False,False,14.8276,2288,"{""k"": 500}"
2289,04 16 21 24 25 37,M0-C,02 03 11 16 17 32,1,353586.5,0.128079,False,False,False,14.8008,2288,"{""ridge"": 100}"
2289,04 16 21 24 25 37,M0-D,04 08 12 18 33 38,1,928493.0,0.336327,False,False,False,14.7989,2288,"{""h"": 1000, ""k"": 5, ""s"": 0.05}"
2289,04 16 21 24 25 37,M0-E,04 08 12 18 33 38,1,870926.5,0.315475,False,False,False,14.7038,2288,"{""K"": 1}"
2289,04 16 21 24 25 37,M0-F,02 04 14 22 24 32,2,563127.0,0.203981,False,False,False,14.828,2288,"{""ridge"": 1000}"
2289,04 16 21 24 25 37,M0-G,04 08 12 18 33 38,1,881554.5,0.319325,False,False,False,14.7597,2288,"{""gamma"": 0, ""A"": [1.0, 50]}"
2289,04 16 21 24 25 37,M0-H,01 02 03 04 05 07,1,1380341.0,0.5,False,False,False,14.831,2288,"{""weights"": {""M0-A"": 0.0, ""M0-B"": 0.0, ""M0-C"": 0.0, ""M0-D"": 0.0, ""M0-E"": 0.0, ""M0-F"": 0.0}}"
2289,04 16 21 24 25 37,M0-X,03 08 25 31 32 37,2,330060.0,0.119557,False,False,False,nan,2288,"{""rule"": 2}"
2290,05 06 08 15 23 33,M0-A,04 08 12 18 33 37,2,1614042.5,0.584654,False,False,False,14.7588,2289,"{""lam"": 1.0, ""a0"": 50}"
2290,05 06 08 15 23 33,M0-B,03 07 12 29 35 36,0,1132836.0,0.410346,False,False,False,14.8272,2289,"{""k"": 500}"
2290,05 06 08 15 23 33,M0-C,03 12 15 29 35 36,1,600294.5,0.217444,False,False,False,14.7909,2289,"{""ridge"": 100}"
2290,05 06 08 15 23 33,M0-D,02 08 18 24 33 37,2,2388638.0,0.865235,False,False,False,14.8026,2289,"{""h"": 1000, ""k"": 5, ""s"": 0.05}"
2290,05 06 08 15 23 33,M0-E,04 08 12 18 33 37,2,1687150.5,0.611135,False,False,False,14.7027,2289,"{""K"": 1}"
2290,05 06 08 15 23 33,M0-F,02 14 22 24 28 32,0,2595852.0,0.940294,False,False,False,14.8282,2289,"{""ridge"": 1000}"
2290,05 06 08 15 23 33,M0-G,04 08 12 18 33 37,2,1614042.5,0.584654,False,False,False,14.7588,2289,"{""gamma"": 0, ""A"": [1.0, 50]}"
2290,05 06 08 15 23 33,M0-H,01 02 03 04 05 07,1,1380341.0,0.5,False,False,False,14.831,2289,"{""weights"": {""M0-A"": 0.0, ""M0-B"": 0.0, ""M0-C"": 0.0, ""M0-D"": 0.0, ""M0-E"": 0.0, ""M0-F"": 0.0}}"
2290,05 06 08 15 23 33,M0-X,12 17 20 21 33 38,1,1679723.5,0.608445,False,False,False,nan,2289,"{""rule"": 2}"
2291,08 10 16 31 33 35,M0-A,04 08 18 33 37 38,2,695807.5,0.252042,False,False,False,14.7594,2290,"{""lam"": 1.0, ""a0"": 50}"
2291,08 10 16 31 33 35,M0-B,04 09 16 22 28 31,2,1142333.5,0.413787,False,False,False,14.8272,2290,"{""k"": 500}"
2291,08 10 16 31 33 35,M0-C,01 16 24 33 34 37,2,1634018.0,0.591889,False,False,False,14.7962,2290,"{""ridge"": 100}"
2291,08 10 16 31 33 35,M0-D,04 08 12 15 18 33,2,477028.0,0.172793,False,False,False,14.7991,2290,"{""h"": 1000, ""k"": 5, ""s"": 0.05}"
2291,08 10 16 31 33 35,M0-E,04 08 12 18 33 37,2,722986.5,0.261887,False,False,False,14.7044,2290,"{""K"": 1}"
2291,08 10 16 31 33 35,M0-F,10 14 18 22 24 28,1,2400612.0,0.869572,False,False,False,14.8282,2290,"{""ridge"": 1000}"
2291,08 10 16 31 33 35,M0-G,04 08 18 33 37 38,2,695807.5,0.252042,False,False,False,14.7594,2290,"{""gamma"": 0, ""A"": [1.0, 50]}"
2291,08 10 16 31 33 35,M0-H,01 16 24 33 34 37,2,1634018.0,0.591889,False,False,False,14.7962,2290,"{""weights"": {""M0-A"": 0.0, ""M0-B"": 0.0, ""M0-C"": 1.0, ""M0-D"": 0.0, ""M0-E"": 0.0, ""M0-F"": 0.0}}"
2291,08 10 16 31 33 35,M0-X,01 02 04 11 19 29,0,2402511.0,0.87026,False,False,False,nan,2290,"{""rule"": 2}"
2292,11 13 15 24 32 36,M0-A,04 08 12 18 33 37,0,1312351.5,0.475372,False,False,False,14.7581,2291,"{""lam"": 1.0, ""a0"": 50}"
2292,11 13 15 24 32 36,M0-B,05 06 09 15 22 28,1,996450.5,0.360944,False,False,False,14.8274,2291,"{""k"": 500}"
2292,11 13 15 24 32 36,M0-C,01 04 06 15 23 24,2,2300189.5,0.833196,False,False,False,14.7977,2291,"{""ridge"": 100}"
2292,11 13 15 24 32 36,M0-D,04 08 12 18 33 38,0,1906858.0,0.69072,False,False,False,14.7988,2291,"{""h"": 1000, ""k"": 5, ""s"": 0.05}"
2292,11 13 15 24 32 36,M0-E,04 08 12 18 33 37,0,1291083.5,0.467668,False,False,False,14.7027,2291,"{""K"": 1}"
2292,11 13 15 24 32 36,M0-F,06 14 18 22 26 28,0,1615620.0,0.585225,False,False,False,14.8283,2291,"{""ridge"": 1000}"
2292,11 13 15 24 32 36,M0-G,04 08 12 18 33 37,0,1312351.5,0.475372,False,False,False,14.7581,2291,"{""gamma"": 0, ""A"": [1.0, 50]}"
2292,11 13 15 24 32 36,M0-H,01 02 03 04 05 07,0,1380341.0,0.5,False,False,False,14.831,2291,"{""weights"": {""M0-A"": 0.0, ""M0-B"": 0.0, ""M0-C"": 0.0, ""M0-D"": 0.0, ""M0-E"": 0.0, ""M0-F"": 0.0}}"
2292,11 13 15 24 32 36,M0-X,04 06 12 27 29 31,0,2183082.5,0.790777,False,False,False,nan,2291,"{""rule"": 2}"
2293,06 17 22 25 35 37,M0-A,04 08 11 12 18 33,0,1504837.0,0.545096,False,False,False,14.7582,2292,"{""lam"": 1.0, ""a0"": 50}"
2293,06 17 22 25 35 37,M0-B,08 10 16 31 33 35,1,248696.0,0.090085,False,False,False,14.8268,2292,"{""k"": 500}"
2293,06 17 22 25 35 37,M0-C,02 03 07 24 28 31,0,1328797.5,0.481329,False,False,False,14.81,2292,"{""ridge"": 100}"
2293,06 17 22 25 35 37,M0-D,02 08 18 24 25 33,1,1683031.0,0.609643,False,False,False,14.7982,2292,"{""h"": 1000, ""k"": 5, ""s"": 0.05}"
2293,06 17 22 25 35 37,M0-E,04 08 11 12 18 33,0,1481626.5,0.536689,False,False,False,14.7032,2292,"{""K"": 1}"
2293,06 17 22 25 35 37,M0-F,02 14 18 22 26 28,1,1551828.0,0.562118,False,False,False,14.8284,2292,"{""ridge"": 1000}"
2293,06 17 22 25 35 37,M0-G,04 08 11 12 18 33,0,1504837.0,0.545096,False,False,False,14.7582,2292,"{""gamma"": 0, ""A"": [1.0, 50]}"
2293,06 17 22 25 35 37,M0-H,01 02 03 04 05 07,0,1380341.0,0.5,False,False,False,14.831,2292,"{""weights"": {""M0-A"": 0.0, ""M0-B"": 0.0, ""M0-C"": 0.0, ""M0-D"": 0.0, ""M0-E"": 0.0, ""M0-F"": 0.0}}"
2293,06 17 22 25 35 37,M0-X,07 09 11 20 28 32,0,2522237.5,0.913629,False,False,False,nan,2292,"{""rule"": 2}"
2294,09 12 19 21 22 35,M0-A,04 08 18 33 37 38,0,2496374.5,0.90426,False,False,False,14.7587,2293,"{""lam"": 1.0, ""a0"": 50}"
2294,09 12 19 21 22 35,M0-B,09 11 13 15 18 28,1,1650704.5,0.597934,False,False,False,14.8258,2293,"{""k"": 500}"
2294,09 12 19 21 22 35,M0-C,10 11 12 13 17 36,1,2540380.0,0.9202,False,False,False,14.8045,2293,"{""ridge"": 100}"
2294,09 12 19 21 22 35,M0-D,04 08 18 25 33 37,0,2257324.0,0.817669,False,False,False,14.8022,2293,"{""h"": 1000, ""k"": 1, ""s"": 0.05}"
2294,09 12 19 21 22 35,M0-E,04 08 11 18 33 37,0,2502901.5,0.906624,False,False,False,14.7045,2293,"{""K"": 1}"
2294,09 12 19 21 22 35,M0-F,14 18 20 24 28 36,0,1630557.0,0.590636,False,False,False,14.8283,2293,"{""ridge"": 1000}"
2294,09 12 19 21 22 35,M0-G,04 08 18 33 37 38,0,2496374.5,0.90426,False,False,False,14.7587,2293,"{""gamma"": 0, ""A"": [1.0, 50]}"
2294,09 12 19 21 22 35,M0-H,01 02 03 04 05 07,0,1380341.0,0.5,False,False,False,14.831,2293,"{""weights"": {""M0-A"": 0.0, ""M0-B"": 0.0, ""M0-C"": 0.0, ""M0-D"": 0.0, ""M0-E"": 0.0, ""M0-F"": 0.0}}"
2294,09 12 19 21 22 35,M0-X,02 13 18 21 31 33,1,963559.0,0.349029,False,False,False,nan,2293,"{""rule"": 2}"
2295,02 05 20 22 26 35,M0-A,04 08 12 18 33 37,0,1745343.5,0.632215,False,False,False,14.7617,2294,"{""lam"": 1.0, ""a0"": 50}"
2295,02 05 20 22 26 35,M0-B,06 17 18 25 28 37,0,2199867.5,0.796857,False,False,False,14.8274,2294,"{""k"": 500}"
2295,02 05 20 22 26 35,M0-C,01 04 17 26 27 30,1,1568316.5,0.56809,False,False,False,14.7983,2294,"{""ridge"": 100}"
2295,02 05 20 22 26 35,M0-D,04 08 12 18 33 37,0,1540746.0,0.558103,False,False,False,14.8036,2294,"{""h"": 1000, ""k"": 1, ""s"": 0.05}"
2295,02 05 20 22 26 35,M0-E,04 08 12 18 33 37,0,1721178.5,0.623461,False,False,False,14.7102,2294,"{""K"": 1}"
2295,02 05 20 22 26 35,M0-F,06 10 14 20 22 28,2,321614.0,0.116498,False,False,False,14.8279,2294,"{""ridge"": 1000}"
2295,02 05 20 22 26 35,M0-G,04 08 12 18 33 37,0,1745343.5,0.632215,False,False,False,14.7617,2294,"{""gamma"": 0, ""A"": [1.0, 50]}"
2295,02 05 20 22 26 35,M0-H,01 02 03 04 05 07,2,1380341.0,0.5,False,False,False,14.831,2294,"{""weights"": {""M0-A"": 0.0, ""M0-B"": 0.0, ""M0-C"": 0.0, ""M0-D"": 0.0, ""M0-E"": 0.0, ""M0-F"": 0.0}}"
2295,02 05 20 22 26 35,M0-X,05 08 15 17 18 31,1,1125749.5,0.407779,False,False,False,nan,2294,"{""rule"": 2}"
2296,01 07 23 27 31 38,M0-A,04 08 12 18 33 37,0,2600109.5,0.941836,False,False,False,14.7626,2295,"{""lam"": 1.0, ""a0"": 50}"
2296,01 07 23 27 31 38,M0-B,09 12 14 18 19 28,0,2386567.5,0.864485,False,False,False,14.8275,2295,"{""k"": 500}"
2296,01 07 23 27 31 38,M0-C,09 10 12 13 21 34,0,2110333.0,0.764425,False,False,False,14.8025,2295,"{""ridge"": 100}"
2296,01 07 23 27 31 38,M0-D,08 12 18 20 33 37,0,2551740.0,0.924315,False,False,False,14.8029,2295,"{""h"": 1000, ""k"": 1, ""s"": 0.05}"
2296,01 07 23 27 31 38,M0-E,04 08 12 18 33 37,0,2601927.5,0.942495,False,False,False,14.7121,2295,"{""K"": 1}"
2296,01 07 23 27 31 38,M0-F,10 14 18 20 22 28,0,2526815.0,0.915287,False,False,False,14.8279,2295,"{""ridge"": 1000}"
2296,01 07 23 27 31 38,M0-G,04 08 12 18 33 37,0,2600109.5,0.941836,False,False,False,14.7626,2295,"{""gamma"": 0, ""A"": [1.0, 50]}"
2296,01 07 23 27 31 38,M0-H,01 02 03 04 05 07,2,1380341.0,0.5,False,False,False,14.831,2295,"{""weights"": {""M0-A"": 0.0, ""M0-B"": 0.0, ""M0-C"": 0.0, ""M0-D"": 0.0, ""M0-E"": 0.0, ""M0-F"": 0.0}}"
2296,01 07 23 27 31 38,M0-X,01 16 18 22 31 36,2,278941.5,0.101041,False,False,False,nan,2295,"{""rule"": 2}"
2297,06 09 17 20 22 38,M0-A,04 08 12 18 33 37,0,2157530.5,0.781521,False,False,False,14.766,2296,"{""lam"": 1.0, ""a0"": 50}"
2297,06 09 17 20 22 38,M0-B,02 05 14 18 20 28,1,864752.5,0.313239,False,False,False,14.8275,2296,"{""k"": 500}"
2297,06 09 17 20 22 38,M0-C,08 11 12 16 22 32,1,322473.5,0.116809,False,False,False,14.8074,2296,"{""ridge"": 100}"
2297,06 09 17 20 22 38,M0-D,08 12 18 33 37 38,1,1736956.0,0.629176,False,False,False,14.8026,2296,"{""h"": 1000, ""k"": 1, ""s"": 0.05}"
2297,06 09 17 20 22 38,M0-E,04 08 18 33 37 38,1,2176390.5,0.788353,False,False,False,14.7184,2296,"{""K"": 1}"
2297,06 09 17 20 22 38,M0-F,10 14 18 20 22 28,2,399308.0,0.144641,False,False,False,14.8283,2296,"{""ridge"": 1000}"
2297,06 09 17 20 22 38,M0-G,04 08 12 18 33 37,0,2157530.5,0.781521,False,False,False,14.766,2296,"{""gamma"": 0, ""A"": [1.0, 50]}"
2297,06 09 17 20 22 38,M0-H,01 02 03 04 05 07,0,1380341.0,0.5,False,False,False,14.831,2296,"{""weights"": {""M0-A"": 0.0, ""M0-B"": 0.0, ""M0-C"": 0.0, ""M0-D"": 0.0, ""M0-E"": 0.0, ""M0-F"": 0.0}}"
2297,06 09 17 20 22 38,M0-X,03 19 23 27 34 35,0,2394114.0,0.867218,False,False,False,nan,2296,"{""rule"": 2}"
2298,09 15 17 21 25 28,M0-A,04 08 12 18 33 38,0,2446735.5,0.88628,False,False,False,14.7676,2297,"{""lam"": 1.0, ""a0"": 50}"
2298,09 15 17 21 25 28,M0-B,01 07 14 18 23 28,1,1353003.5,0.490098,False,False,False,14.8264,2297,"{""k"": 500}"
2298,09 15 17 21 25 28,M0-C,01 27 30 31 33 34,0,2053295.5,0.743764,False,False,False,14.7991,2297,"{""ridge"": 100}"
2298,09 15 17 21 25 28,M0-D,08 12 18 20 33 38,0,2261810.0,0.819294,False,False,False,14.8043,2297,"{""h"": 1000, ""k"": 1, ""s"": 0.05}"
2298,09 15 17 21 25 28,M0-E,04 08 12 18 33 38,0,2446184.5,0.88608,False,False,False,14.7217,2297,"{""K"": 1}"
2298,09 15 17 21 25 28,M0-F,10 14 18 20 22 28,1,1500222.0,0.543424,False,False,False,14.8285,2297,"{""ridge"": 1000}"
2298,09 15 17 21 25 28,M0-G,04 08 12 18 33 38,0,2446735.5,0.88628,False,False,False,14.7676,2297,"{""gamma"": 0, ""A"": [1.0, 50]}"
2298,09 15 17 21 25 28,M0-H,01 02 03 04 05 07,0,1380341.0,0.5,False,False,False,14.831,2297,"{""weights"": {""M0-A"": 0.0, ""M0-B"": 0.0, ""M0-C"": 0.0, ""M0-D"": 0.0, ""M0-E"": 0.0, ""M0-F"": 0.0}}"
2298,09 15 17 21 25 28,M0-X,02 05 13 16 18 34,0,2323107.0,0.841498,False,False,False,nan,2297,"{""rule"": 2}"
2299,02 15 24 30 35 36,M0-A,04 08 12 18 33 38,0,1160221.5,0.420266,False,False,False,14.7701,2298,"{""lam"": 1.0, ""a0"": 50}"
2299,02 15 24 30 35 36,M0-B,06 14 18 20 22 38,0,1653831.5,0.599066,False,False,False,14.8268,2298,"{""k"": 500}"
2299,02 15 24 30 35 36,M0-C,01 02 03 04 05 38,1,993221.5,0.359774,False,False,False,14.8135,2298,"{""ridge"": 100}"
2299,02 15 24 30 35 36,M0-D,02 04 08 18 24 33,2,787580.0,0.285285,False,False,False,14.8025,2298,"{""h"": 1000, ""k"": 1, ""s"": 0.05}"
2299,02 15 24 30 35 36,M0-E,04 08 12 18 33 38,0,1143967.5,0.414379,False,False,False,14.7263,2298,"{""K"": 1}"
2299,02 15 24 30 35 36,M0-F,14 18 22 24 28 34,1,1960194.0,0.71004,False,False,False,14.828,2298,"{""ridge"": 1000}"
2299,02 15 24 30 35 36,M0-G,04 08 12 18 33 38,0,1160221.5,0.420266,False,False,False,14.7701,2298,"{""gamma"": 0, ""A"": [1.0, 50]}"
2299,02 15 24 30 35 36,M0-H,01 02 03 04 05 07,1,1380341.0,0.5,False,False,False,14.831,2298,"{""weights"": {""M0-A"": 0.0, ""M0-B"": 0.0, ""M0-C"": 0.0, ""M0-D"": 0.0, ""M0-E"": 0.0, ""M0-F"": 0.0}}"
2299,02 15 24 30 35 36,M0-X,05 11 13 17 21 24,1,1708536.0,0.618882,False,False,False,nan,2298,"{""rule"": 2}"
2300,05 06 18 27 29 38,M0-A,02 04 08 18 33 38,2,1709871.5,0.619366,False,False,False,14.7698,2299,"{""lam"": 1.0, ""a0"": 50}"
2300,05 06 18 27 29 38,M0-B,09 14 18 21 25 28,1,727379.5,0.263478,False,False,False,14.8274,2299,"{""k"": 500}"
2300,05 06 18 27 29 38,M0-C,03 06 07 09 24 25,1,2471157.5,0.895126,False,False,False,14.8025,2299,"{""ridge"": 100}"
2300,05 06 18 27 29 38,M0-D,02 08 15 18 24 33,1,1558235.0,0.564438,False,False,False,14.8008,2299,"{""h"": 1000, ""k"": 1, ""s"": 0.05}"
2300,05 06 18 27 29 38,M0-E,02 04 08 18 33 38,2,1758564.5,0.637004,False,False,False,14.7261,2299,"{""K"": 1}"
2300,05 06 18 27 29 38,M0-F,10 14 18 28 32 34,1,912095.0,0.330388,False,False,False,14.8287,2299,"{""ridge"": 1000}"
2300,05 06 18 27 29 38,M0-G,02 04 08 18 33 38,2,1709871.5,0.619366,False,False,False,14.7698,2299,"{""gamma"": 0, ""A"": [1.0, 50]}"
2300,05 06 18 27 29 38,M0-H,01 02 03 04 05 07,1,1380341.0,0.5,False,False,False,14.831,2299,"{""weights"": {""M0-A"": 0.0, ""M0-B"": 0.0, ""M0-C"": 0.0, ""M0-D"": 0.0, ""M0-E"": 0.0, ""M0-F"": 0.0}}"
2300,05 06 18 27 29 38,M0-X,11 20 26 31 32 36,0,2136005.5,0.773724,False,False,False,nan,2299,"{""rule"": 2}"
2301,01 25 26 27 28 37,M0-A,02 04 08 18 33 38,0,1258838.5,0.455988,False,False,False,14.7705,2300,"{""lam"": 1.0, ""a0"": 50}"
2301,01 25 26 27 28 37,M0-B,02 14 15 24 30 34,0,2734653.5,0.990572,False,False,False,14.8277,2300,"{""k"": 500}"
2301,01 25 26 27 28 37,M0-C,01 10 11 12 33 34,1,1515561.0,0.548981,False,False,False,14.8048,2300,"{""ridge"": 100}"
2301,01 25 26 27 28 37,M0-D,01 08 12 18 33 38,1,1052177.0,0.381129,False,False,False,14.8005,2300,"{""h"": 1000, ""k"": 1, ""s"": 0.05}"
2301,01 25 26 27 28 37,M0-E,02 04 08 18 33 38,0,1240615.5,0.449387,False,False,False,14.7277,2300,"{""K"": 1}"
2301,01 25 26 27 28 37,M0-F,10 14 20 28 32 34,1,1329047.0,0.48142,False,False,False,14.8287,2300,"{""ridge"": 1000}"
2301,01 25 26 27 28 37,M0-G,02 04 08 18 33 38,0,1258838.5,0.455988,False,False,False,14.7705,2300,"{""gamma"": 0, ""A"": [1.0, 50]}"
2301,01 25 26 27 28 37,M0-H,01 02 03 04 05 07,1,1380341.0,0.5,False,False,False,14.831,2300,"{""weights"": {""M0-A"": 0.0, ""M0-B"": 0.0, ""M0-C"": 0.0, ""M0-D"": 0.0, ""M0-E"": 0.0, ""M0-F"": 0.0}}"
2301,01 25 26 27 28 37,M0-X,01 02 14 23 25 34,2,572468.0,0.207365,False,False,False,nan,2300,"{""rule"": 2}"
2302,21 23 29 32 36 38,M0-A,08 18 25 33 37 38,1,2711486.5,0.98218,False,False,False,14.7704,2301,"{""lam"": 1.0, ""a0"": 50}"
2302,21 23 29 32 36 38,M0-B,03 05 06 14 18 34,0,979949.0,0.354966,False,False,False,14.828,2301,"{""k"": 500}"
2302,21 23 29 32 36 38,M0-C,05 11 12 13 14 38,1,1644367.0,0.595638,False,False,False,14.7806,2301,"{""ridge"": 100}"
2302,21 23 29 32 36 38,M0-D,01 08 18 33 37 38,1,2558230.0,0.926666,False,False,False,14.799,2301,"{""h"": 1000, ""k"": 1, ""s"": 0.05}"
2302,21 23 29 32 36 38,M0-E,08 18 25 33 37 38,1,2713105.5,0.982767,False,False,False,14.7278,2301,"{""K"": 1}"
2302,21 23 29 32 36 38,M0-F,10 14 20 28 32 34,1,1001219.0,0.362671,False,False,False,14.8282,2301,"{""ridge"": 1000}"
2302,21 23 29 32 36 38,M0-G,08 18 25 33 37 38,1,2711486.5,0.98218,False,False,False,14.7704,2301,"{""gamma"": 0, ""A"": [1.0, 50]}"
2302,21 23 29 32 36 38,M0-H,01 02 03 04 05 07,0,1380341.0,0.5,False,False,False,14.831,2301,"{""weights"": {""M0-A"": 0.0, ""M0-B"": 0.0, ""M0-C"": 0.0, ""M0-D"": 0.0, ""M0-E"": 0.0, ""M0-F"": 0.0}}"
2302,21 23 29 32 36 38,M0-X,21 22 23 24 33 35,2,161076.0,0.058346,False,False,False,nan,2301,"{""rule"": 2}"
2303,01 06 25 34 35 36,M0-A,08 18 25 33 37 38,1,877736.5,0.317942,False,False,False,14.7743,2302,"{""lam"": 1.0, ""a0"": 50}"
2303,01 06 25 34 35 36,M0-B,01 03 04 14 25 34,3,488764.5,0.177045,False,False,False,14.8278,2302,"{""k"": 500}"
2303,01 06 25 34 35 36,M0-C,04 07 10 16 28 37,0,2258143.5,0.817966,False,False,False,14.8081,2302,"{""ridge"": 100}"
2303,01 06 25 34 35 36,M0-D,08 12 18 24 37 38,0,377090.0,0.136593,False,False,False,14.8049,2302,"{""h"": 1000, ""k"": 1, ""s"": 0.05}"
2303,01 06 25 34 35 36,M0-E,08 18 25 33 37 38,1,861275.5,0.311979,False,False,False,14.7349,2302,"{""K"": 1}"
2303,01 06 25 34 35 36,M0-F,10 14 24 26 28 34,1,1794115.0,0.649881,False,False,False,14.8283,2302,"{""ridge"": 1000}"
2303,01 06 25 34 35 36,M0-G,08 18 25 33 37 38,1,877736.5,0.317942,False,False,False,14.7743,2302,"{""gamma"": 0, ""A"": [1.0, 50]}"
2303,01 06 25 34 35 36,M0-H,01 02 03 04 05 07,1,1380341.0,0.5,False,False,False,14.831,2302,"{""weights"": {""M0-A"": 0.0, ""M0-B"": 0.0, ""M0-C"": 0.0, ""M0-D"": 0.0, ""M0-E"": 0.0, ""M0-F"": 0.0}}"
2303,01 06 25 34 35 36,M0-X,17 19 25 28 32 34,2,437780.0,0.158577,False,False,False,nan,2302,"{""rule"": 2}"
2304,03 06 09 10 14 15,M0-A,01 08 18 25 33 38,0,2372116.0,0.85925,False,False,False,14.7735,2303,"{""lam"": 1.0, ""a0"": 50}"
2304,03 06 09 10 14 15,M0-B,03 04 14 21 23 29,2,719199.0,0.260515,False,False,False,14.8273,2303,"{""k"": 500}"
2304,03 06 09 10 14 15,M0-C,02 05 07 14 21 29,1,892580.5,0.323319,False,False,False,14.8009,2303,"{""ridge"": 100}"
2304,03 06 09 10 14 15,M0-D,08 18 25 33 35 38,0,2534523.0,0.918079,False,False,False,14.7997,2303,"{""h"": 1000, ""k"": 1, ""s"": 0.05}"
2304,03 06 09 10 14 15,M0-E,01 08 18 25 33 38,0,2372877.5,0.859526,False,False,False,14.7338,2303,"{""K"": 1}"
2304,03 06 09 10 14 15,M0-F,10 14 18 28 32 34,2,617158.0,0.223553,False,False,False,14.8284,2303,"{""ridge"": 1000}"
2304,03 06 09 10 14 15,M0-G,01 08 18 25 33 38,0,2372116.0,0.85925,False,False,False,14.7735,2303,"{""gamma"": 0, ""A"": [1.0, 50]}"
2304,03 06 09 10 14 15,M0-H,01 02 03 04 05 07,1,1380341.0,0.5,False,False,False,14.831,2303,"{""weights"": {""M0-A"": 0.0, ""M0-B"": 0.0, ""M0-C"": 0.0, ""M0-D"": 0.0, ""M0-E"": 0.0, ""M0-F"": 0.0}}"
2304,03 06 09 10 14 15,M0-X,02 21 30 31 32 35,0,2753024.5,0.997226,False,False,False,nan,2303,"{""rule"": 2}"
2305,07 16 17 18 30 31,M0-A,01 08 18 25 33 38,1,2086732.5,0.755876,False,False,False,14.7756,2304,"{""lam"": 1.0, ""a0"": 50}"
2305,07 16 17 18 30 31,M0-B,01 04 08 16 25 33,1,1663700.5,0.602641,False,False,False,14.8268,2304,"{""k"": 500}"
2305,07 16 17 18 30 31,M0-C,24 25 29 30 33 36,1,2479123.5,0.898011,False,False,False,14.7896,2304,"{""ridge"": 100}"
2305,07 16 17 18 30 31,M0-D,06 08 15 18 33 38,1,2301528.0,0.833681,False,False,False,14.8004,2304,"{""h"": 1000, ""k"": 1, ""s"": 0.05}"
2305,07 16 17 18 30 31,M0-E,01 08 18 25 33 38,1,2093303.5,0.758256,False,False,False,14.7375,2304,"{""K"": 1}"
2305,07 16 17 18 30 31,M0-F,10 14 18 20 26 28,1,1384149.0,0.501379,False,False,False,14.8287,2304,"{""ridge"": 1000}"
2305,07 16 17 18 30 31,M0-G,01 08 18 25 33 38,1,2086732.5,0.755876,False,False,False,14.7756,2304,"{""gamma"": 0, ""A"": [1.0, 50]}"
2305,07 16 17 18 30 31,M0-H,01 02 03 04 05 07,1,1380341.0,0.5,False,False,False,14.831,2304,"{""weights"": {""M0-A"": 0.0, ""M0-B"": 0.0, ""M0-C"": 0.0, ""M0-D"": 0.0, ""M0-E"": 0.0, ""M0-F"": 0.0}}"
2305,07 16 17 18 30 31,M0-X,02 05 06 10 11 37,0,2268114.0,0.821578,False,False,False,nan,2304,"{""rule"": 2}"
2306,09 10 17 20 31 32,M0-A,01 08 18 25 33 38,0,2594811.0,0.939917,False,False,False,14.7768,2305,"{""lam"": 1.0, ""a0"": 50}"
2306,09 10 17 20 31 32,M0-B,03 04 08 11 13 33,0,1719737.5,0.622939,False,False,False,14.8271,2305,"{""k"": 500}"
2306,09 10 17 20 31 32,M0-C,01 03 06 08 22 23,0,1914403.5,0.693453,False,False,False,14.8038,2305,"{""ridge"": 100}"
2306,09 10 17 20 31 32,M0-D,01 08 11 18 33 38,0,2303826.0,0.834513,False,False,False,14.8035,2305,"{""h"": 1000, ""k"": 1, ""s"": 0.05}"
2306,09 10 17 20 31 32,M0-E,01 08 18 25 33 38,0,2592007.5,0.938901,False,False,False,14.7399,2305,"{""K"": 1}"
2306,09 10 17 20 31 32,M0-F,04 14 20 26 28 34,1,959860.0,0.347689,False,False,False,14.8285,2305,"{""ridge"": 1000}"
2306,09 10 17 20 31 32,M0-G,01 08 18 25 33 38,0,2594811.0,0.939917,False,False,False,14.7768,2305,"{""gamma"": 0, ""A"": [1.0, 50]}"
2306,09 10 17 20 31 32,M0-H,01 02 03 04 05 07,0,1380341.0,0.5,False,False,False,14.831,2305,"{""weights"": {""M0-A"": 0.0, ""M0-B"": 0.0, ""M0-C"": 0.0, ""M0-D"": 0.0, ""M0-E"": 0.0, ""M0-F"": 0.0}}"
2306,09 10 17 20 31 32,M0-X,11 20 21 22 34 35,1,914505.5,0.331261,False,False,False,nan,2305,"{""rule"": 9}"
2307,18 23 27 31 35 36,M0-A,08 18 25 33 37 38,1,2175627.5,0.788076,False,False,False,14.7795,2306,"{""lam"": 1.0, ""a0"": 50}"
2307,18 23 27 31 35 36,M0-B,04 07 08 11 13 33,0,1066535.5,0.38633,False,False,False,14.8265,2306,"{""k"": 500}"
2307,18 23 27 31 35 36,M0-C,01 02 03 16 21 30,0,1521278.5,0.551052,False,False,False,14.8145,2306,"{""ridge"": 100}"
2307,18 23 27 31 35 36,M0-D,02 08 11 18 20 38,1,2268376.0,0.821672,False,False,False,14.8038,2306,"{""h"": 1000, ""k"": 1, ""s"": 0.05}"
2307,18 23 27 31 35 36,M0-E,01 08 18 25 33 38,1,2216421.5,0.802853,False,False,False,14.7447,2306,"{""K"": 1}"
2307,18 23 27 31 35 36,M0-F,04 14 16 26 28 30,0,2567205.0,0.929917,False,False,False,14.8281,2306,"{""ridge"": 1000}"
2307,18 23 27 31 35 36,M0-G,08 18 25 33 37 38,1,2175627.5,0.788076,False,False,False,14.7795,2306,"{""gamma"": 0, ""A"": [1.0, 50]}"
2307,18 23 27 31 35 36,M0-H,01 02 03 04 05 07,0,1380341.0,0.5,False,False,False,14.831,2306,"{""weights"": {""M0-A"": 0.0, ""M0-B"": 0.0, ""M0-C"": 0.0, ""M0-D"": 0.0, ""M0-E"": 0.0, ""M0-F"": 0.0}}"
2307,18 23 27 31 35 36,M0-X,13 14 21 24 35 36,2,362560.0,0.13133,False,False,False,nan,2306,"{""rule"": 9}"
2308,06 08 11 13 20 34,M0-A,01 08 18 25 33 38,1,366887.5,0.132897,False,False,False,14.7808,2307,"{""lam"": 1.0, ""a0"": 50}"
2308,06 08 11 13 20 34,M0-B,04 08 11 12 13 19,3,6432.5,0.00233,False,True,True,14.8261,2307,"{""k"": 500}"
2308,06 08 11 13 20 34,M0-C,03 04 08 09 12 17,1,1488450.5,0.53916,False,False,False,14.8082,2307,"{""ridge"": 100}"
2308,06 08 11 13 20 34,M0-D,06 08 18 33 35 38,2,1008255.0,0.365219,False,False,False,14.8022,2307,"{""h"": 1000, ""k"": 1, ""s"": 0.05}"
2308,06 08 11 13 20 34,M0-E,01 08 18 25 33 38,1,356282.5,0.129056,False,False,False,14.7473,2307,"{""K"": 1}"
2308,06 08 11 13 20 34,M0-F,06 07 16 23 32 38,1,870857.0,0.31545,False,False,False,14.7738,2307,"{""ridge"": 1}"
2308,06 08 11 13 20 34,M0-G,01 08 18 25 33 38,1,366887.5,0.132897,False,False,False,14.7808,2307,"{""gamma"": 0, ""A"": [1.0, 50]}"
2308,06 08 11 13 20 34,M0-H,01 02 03 04 05 07,0,1380341.0,0.5,False,False,False,14.831,2307,"{""weights"": {""M0-A"": 0.0, ""M0-B"": 0.0, ""M0-C"": 0.0, ""M0-D"": 0.0, ""M0-E"": 0.0, ""M0-F"": 0.0}}"
2308,06 08 11 13 20 34,M0-X,01 02 22 27 31 35,0,2597857.0,0.94102,False,False,False,nan,2307,"{""rule"": 9}"
2309,01 10 11 32 33 36,M0-A,01 08 18 25 33 38,2,564578.5,0.204507,False,False,False,14.779,2308,"{""lam"": 1.0, ""a0"": 50}"
2309,01 10 11 32 33 36,M0-B,04 12 18 19 23 33,1,1779640.5,0.644638,False,False,False,14.8252,2308,"{""k"": 500}"
2309,01 10 11 32 33 36,M0-C,19 26 27 28 33 35,1,2430940.5,0.880558,False,False,False,14.8025,2308,"{""ridge"": 100}"
2309,01 10 11 32 33 36,M0-D,08 18 20 25 33 38,1,548036.0,0.198515,False,False,False,14.799,2308,"{""h"": 1000, ""k"": 1, ""s"": 0.05}"
2309,01 10 11 32 33 36,M0-E,01 08 18 25 33 38,2,556034.5,0.201412,False,False,False,14.7445,2308,"{""K"": 1}"
2309,01 10 11 32 33 36,M0-F,12 16 31 34 36 38,1,2081536.0,0.753993,False,False,False,14.7677,2308,"{""ridge"": 1}"
2309,01 10 11 32 33 36,M0-G,01 08 18 25 33 38,2,564578.5,0.204507,False,False,False,14.779,2308,"{""gamma"": 0, ""A"": [1.0, 50]}"
2309,01 10 11 32 33 36,M0-H,01 02 03 04 05 07,1,1380341.0,0.5,False,False,False,14.831,2308,"{""weights"": {""M0-A"": 0.0, ""M0-B"": 0.0, ""M0-C"": 0.0, ""M0-D"": 0.0, ""M0-E"": 0.0, ""M0-F"": 0.0}}"
2309,01 10 11 32 33 36,M0-X,10 12 15 17 24 38,1,1604575.5,0.581224,False,False,False,nan,2308,"{""rule"": 9}"
2310,03 09 10 31 32 35,M0-A,01 08 18 25 33 38,0,2260675.5,0.818883,False,False,False,14.7777,2309,"{""lam"": 1.0, ""a0"": 50}"
2310,03 09 10 31 32 35,M0-B,04 06 08 12 19 20,0,2451940.5,0.888165,False,False,False,14.8262,2309,"{""k"": 500}"
2310,03 09 10 31 32 35,M0-C,02 05 06 15 20 28,0,2593370.5,0.939395,False,False,False,14.8122,2309,"{""ridge"": 100}"
2310,03 09 10 31 32 35,M0-D,01 08 11 12 18 33,0,2202103.0,0.797666,False,False,False,14.7999,2309,"{""h"": 1000, ""k"": 1, ""s"": 0.05}"
2310,03 09 10 31 32 35,M0-E,01 08 18 25 33 38,0,2255507.0,0.817011,False,False,False,14.7425,2309,"{""K"": 1}"
2310,03 09 10 31 32 35,M0-F,04 06 12 16 31 34,1,1041980.0,0.377436,False,False,False,14.7607,2309,"{""ridge"": 1}"
2310,03 09 10 31 32 35,M0-G,01 08 18 25 33 38,0,2260675.5,0.818883,False,False,False,14.7777,2309,"{""gamma"": 0, ""A"": [1.0, 50]}"
2310,03 09 10 31 32 35,M0-H,01 02 03 04 05 07,1,1380341.0,0.5,False,False,False,14.831,2309,"{""weights"": {""M0-A"": 0.0, ""M0-B"": 0.0, ""M0-C"": 0.0, ""M0-D"": 0.0, ""M0-E"": 0.0, ""M0-F"": 0.0}}"
2310,03 09 10 31 32 35,M0-X,02 05 14 15 36 37,0,2102053.0,0.761425,False,False,False,nan,2309,"{""rule"": 9}"
2311,08 26 30 35 37 38,M0-A,01 08 18 25 33 38,2,182564.5,0.06613,False,False,False,14.7793,2310,"{""lam"": 1.0, ""a0"": 50}"
2311,08 26 30 35 37 38,M0-B,01 04 11 12 19 22,0,2470256.0,0.894799,False,False,False,14.8267,2310,"{""k"": 500}"
2311,08 26 30 35 37 38,M0-C,02 04 14 15 16 36,0,2043140.5,0.740086,False,False,False,14.8144,2310,"{""ridge"": 100}"
2311,08 26 30 35 37 38,M0-D,08 10 18 33 35 38,3,383648.0,0.138968,False,False,False,14.8018,2310,"{""h"": 1000, ""k"": 1, ""s"": 0.05}"
2311,08 26 30 35 37 38,M0-E,01 08 18 25 33 38,2,179904.5,0.065167,False,False,False,14.7454,2310,"{""K"": 1}"
2311,08 26 30 35 37 38,M0-F,04 06 16 31 34 36,0,2186607.0,0.792053,False,False,False,14.7684,2310,"{""ridge"": 1}"
2311,08 26 30 35 37 38,M0-G,01 08 18 25 33 38,2,182564.5,0.06613,False,False,False,14.7793,2310,"{""gamma"": 0, ""A"": [1.0, 50]}"
2311,08 26 30 35 37 38,M0-H,01 02 03 04 05 07,0,1380341.0,0.5,False,False,False,14.831,2310,"{""weights"": {""M0-A"": 0.0, ""M0-B"": 0.0, ""M0-C"": 0.0, ""M0-D"": 0.0, ""M0-E"": 0.0, ""M0-F"": 0.0}}"
2311,08 26 30 35 37 38,M0-X,01 07 13 14 35 36,1,1835758.5,0.664966,False,False,False,nan,2310,"{""rule"": 9}"
2312,14 15 16 19 30 38,M0-A,01 08 18 33 35 38,1,2069355.5,0.749581,False,False,False,14.7768,2311,"{""lam"": 1.0, ""a0"": 50}"
2312,14 15 16 19 30 38,M0-B,03 04 09 12 19 22,1,2727137.5,0.987849,False,False,False,14.8271,2311,"{""k"": 500}"
2312,14 15 16 19 30 38,M0-C,04 07 09 13 25 31,0,935228.5,0.338767,False,False,False,14.8087,2311,"{""ridge"": 100}"
2312,14 15 16 19 30 38,M0-D,08 18 25 33 35 38,1,2055397.0,0.744525,False,False,False,14.8005,2311,"{""h"": 1000, ""k"": 1, ""s"": 0.05}"
2312,14 15 16 19 30 38,M0-E,01 08 18 33 35 38,1,2066593.5,0.748581,False,False,False,14.7416,2311,"{""K"": 1}"
2312,14 15 16 19 30 38,M0-F,04 10 12 16 31 36,1,1576360.0,0.571004,False,False,False,14.7607,2311,"{""ridge"": 1}"
2312,14 15 16 19 30 38,M0-G,01 08 18 33 35 38,1,2069355.5,0.749581,False,False,False,14.7768,2311,"{""gamma"": 0, ""A"": [1.0, 50]}"
2312,14 15 16 19 30 38,M0-H,01 02 03 04 05 07,0,1380341.0,0.5,False,False,False,14.831,2311,"{""weights"": {""M0-A"": 0.0, ""M0-B"": 0.0, ""M0-C"": 0.0, ""M0-D"": 0.0, ""M0-E"": 0.0, ""M0-F"": 0.0}}"
2312,14 15 16 19 30 38,M0-X,01 03 04 12 30 34,1,1433838.5,0.519378,False,False,False,nan,2311,"{""rule"": 9}"
2313,08 09 14 23 30 36,M0-A,01 08 18 33 35 38,1,2574017.5,0.932385,False,False,False,14.778,2312,"{""lam"": 1.0, ""a0"": 50}"
2313,08 09 14 23 30 36,M0-B,02 04 08 12 22 24,1,2325830.5,0.842484,False,False,False,14.8275,2312,"{""k"": 500}"
2313,08 09 14 23 30 36,M0-C,01 09 20 23 24 25,2,646416.5,0.234151,False,False,False,14.8051,2312,"{""ridge"": 100}"
2313,08 09 14 23 30 36,M0-D,06 08 18 33 35 38,1,2240589.0,0.811607,False,False,False,14.8011,2312,"{""h"": 1000, ""k"": 1, ""s"": 0.05}"
2313,08 09 14 23 30 36,M0-E,01 08 18 33 35 38,1,2584335.0,0.936122,False,False,False,14.7438,2312,"{""K"": 1}"
2313,08 09 14 23 30 36,M0-F,04 06 12 16 31 36,1,589579.0,0.213563,False,False,False,14.7525,2312,"{""ridge"": 1}"
2313,08 09 14 23 30 36,M0-G,01 08 18 33 35 38,1,2574017.5,0.932385,False,False,False,14.778,2312,"{""gamma"": 0, ""A"": [1.0, 50]}"
2313,08 09 14 23 30 36,M0-H,01 02 03 04 05 07,0,1380341.0,0.5,False,False,False,14.831,2312,"{""weights"": {""M0-A"": 0.0, ""M0-B"": 0.0, ""M0-C"": 0.0, ""M0-D"": 0.0, ""M0-E"": 0.0, ""M0-F"": 0.0}}"
2313,08 09 14 23 30 36,M0-X,04 18 19 20 23 34,1,1250512.0,0.452972,False,False,False,nan,2312,"{""rule"": 9}"
2314,14 17 18 23 25 34,M0-A,01 08 18 33 35 38,1,1347318.5,0.488038,False,False,False,14.7805,2313,"{""lam"": 1.0, ""a0"": 50}"
2314,14 17 18 23 25 34,M0-B,02 04 05 12 22 24,0,2752547.0,0.997053,False,False,False,14.8274,2313,"{""k"": 500}"
2314,14 17 18 23 25 34,M0-C,03 09 15 16 19 31,0,1773833.5,0.642535,False,False,False,14.8123,2313,"{""ridge"": 100}"
2314,14 17 18 23 25 34,M0-D,08 15 18 33 35 38,1,1355154.0,0.490877,False,False,False,14.7986,2313,"{""h"": 1000, ""k"": 1, ""s"": 0.05}"
2314,14 17 18 23 25 34,M0-E,08 18 33 35 37 38,1,1388412.5,0.502924,False,False,False,14.7481,2313,"{""K"": 1}"
2314,14 17 18 23 25 34,M0-F,04 06 12 16 31 35,0,2581795.0,0.935202,False,False,False,14.7481,2313,"{""ridge"": 1}"
2314,14 17 18 23 25 34,M0-G,01 08 18 33 35 38,1,1347318.5,0.488038,False,False,False,14.7805,2313,"{""gamma"": 0, ""A"": [1.0, 50]}"
2314,14 17 18 23 25 34,M0-H,01 02 03 04 05 07,0,1380341.0,0.5,False,False,False,14.831,2313,"{""weights"": {""M0-A"": 0.0, ""M0-B"": 0.0, ""M0-C"": 0.0, ""M0-D"": 0.0, ""M0-E"": 0.0, ""M0-F"": 0.0}}"
2314,14 17 18 23 25 34,M0-X,02 12 13 18 27 34,2,454865.5,0.164766,False,False,False,nan,2313,"{""rule"": 9}"
2315,08 09 19 24 29 36,M0-A,08 18 25 33 35 38,1,2321836.5,0.841037,False,False,False,14.7804,2314,"{""lam"": 1.0, ""a0"": 50}"
2315,08 09 19 24 29 36,M0-B,02 04 05 12 22 24,1,352149.5,0.127559,False,False,False,14.8282,2314,"{""k"": 500}"
2315,08 09 19 24 29 36,M0-C,05 08 09 13 30 33,2,174416.5,0.063179,False,False,False,14.8155,2314,"{""ridge"": 100}"
2315,08 09 19 24 29 36,M0-D,01 08 18 25 33 35,1,2297759.0,0.832316,False,False,False,14.7997,2314,"{""h"": 1000, ""k"": 1, ""s"": 0.05}"
2315,08 09 19 24 29 36,M0-E,08 18 25 33 35 38,1,2339104.0,0.847292,False,False,False,14.7484,2314,"{""K"": 1}"
2315,08 09 19 24 29 36,M0-F,04 06 08 12 16 36,2,477670.0,0.173026,False,False,False,14.757,2314,"{""ridge"": 1}"
2315,08 09 19 24 29 36,M0-G,08 18 25 33 35 38,1,2321836.5,0.841037,False,False,False,14.7804,2314,"{""gamma"": 0, ""A"": [1.0, 50]}"
2315,08 09 19 24 29 36,M0-H,01 02 03 04 05 07,0,1380341.0,0.5,False,False,False,14.831,2314,"{""weights"": {""M0-A"": 0.0, ""M0-B"": 0.0, ""M0-C"": 0.0, ""M0-D"": 0.0, ""M0-E"": 0.0, ""M0-F"": 0.0}}"
2315,08 09 19 24 29 36,M0-X,18 21 22 27 29 38,1,912059.0,0.330374,False,False,False,nan,2314,"{""rule"": 9}"
2316,13 16 23 25 30 38,M0-A,08 18 25 33 35 38,2,1635297.5,0.592353,False,False,False,14.782,2315,"{""lam"": 1.0, ""a0"": 50}"
2316,13 16 23 25 30 38,M0-B,02 04 05 12 21 22,0,989399.0,0.358389,False,False,False,14.8272,2315,"{""k"": 500}"
2316,13 16 23 25 30 38,M0-C,03 15 18 20 23 30,2,228855.5,0.082898,False,False,False,14.8034,2315,"{""ridge"": 100}"
2316,13 16 23 25 30 38,M0-D,08 15 18 24 33 38,1,1647130.0,0.596639,False,False,False,14.8025,2315,"{""h"": 1000, ""k"": 1, ""s"": 0.05}"
2316,13 16 23 25 30 38,M0-E,08 18 25 33 35 38,2,1659578.5,0.601148,False,False,False,14.7512,2315,"{""K"": 1}"
2316,13 16 23 25 30 38,M0-F,04 12 16 32 34 36,1,988605.0,0.358102,False,False,False,14.7615,2315,"{""ridge"": 1}"
2316,13 16 23 25 30 38,M0-G,08 18 25 33 35 38,2,1635297.5,0.592353,False,False,False,14.782,2315,"{""gamma"": 0, ""A"": [1.0, 50]}"
2316,13 16 23 25 30 38,M0-H,01 02 03 04 05 07,0,1380341.0,0.5,False,False,False,14.831,2315,"{""weights"": {""M0-A"": 0.0, ""M0-B"": 0.0, ""M0-C"": 0.0, ""M0-D"": 0.0, ""M0-E"": 0.0, ""M0-F"": 0.0}}"
2316,13 16 23 25 30 38,M0-X,02 12 13 23 28 33,2,527984.5,0.191251,False,False,False,nan,2315,"{""rule"": 9}"
2317,09 14 16 21 27 34,M0-A,08 18 25 33 35 38,0,2703320.5,0.979222,False,False,False,14.7824,2316,"{""lam"": 1.0, ""a0"": 50}"
2317,09 14 16 21 27 34,M0-B,08 09 19 24 29 36,1,834047.5,0.302116,False,False,False,14.8271,2316,"{""k"": 500}"
2317,09 14 16 21 27 34,M0-C,01 08 09 12 24 29,1,1231731.0,0.446169,False,False,False,14.8094,2316,"{""ridge"": 100}"
2317,09 14 16 21 27 34,M0-D,08 18 25 30 33 38,0,2662603.0,0.964473,False,False,False,14.7979,2316,"{""h"": 1000, ""k"": 1, ""s"": 0.05}"
2317,09 14 16 21 27 34,M0-E,08 18 25 33 35 38,0,2702203.5,0.978818,False,False,False,14.7521,2316,"{""K"": 1}"
2317,09 14 16 21 27 34,M0-F,04 08 12 16 34 38,2,1021576.0,0.370045,False,False,False,14.7552,2316,"{""ridge"": 1}"
2317,09 14 16 21 27 34,M0-G,08 18 25 33 35 38,0,2703320.5,0.979222,False,False,False,14.7824,2316,"{""gamma"": 0, ""A"": [1.0, 50]}"
2317,09 14 16 21 27 34,M0-H,01 02 03 04 05 07,0,1380341.0,0.5,False,False,False,14.831,2316,"{""weights"": {""M0-A"": 0.0, ""M0-B"": 0.0, ""M0-C"": 0.0, ""M0-D"": 0.0, ""M0-E"": 0.0, ""M0-F"": 0.0}}"
2317,09 14 16 21 27 34,M0-X,04 17 20 27 29 34,2,280451.0,0.101587,False,False,False,nan,2316,"{""rule"": 9}"
2318,16 22 24 30 32 37,M0-A,08 18 25 33 35 38,0,1635730.5,0.59251,False,False,False,14.7854,2317,"{""lam"": 1.0, ""a0"": 50}"
2318,16 22 24 30 32 37,M0-B,13 23 25 28 30 38,1,1708177.5,0.618752,False,False,False,14.8274,2317,"{""k"": 500}"
2318,16 22 24 30 32 37,M0-C,05 08 23 25 30 38,1,2364573.5,0.856518,False,False,False,14.8125,2317,"{""ridge"": 100}"
2318,16 22 24 30 32 37,M0-D,08 18 25 33 35 38,0,1161470.0,0.420718,False,False,False,14.8031,2317,"{""h"": 1000, ""k"": 1, ""s"": 0.05}"
2318,16 22 24 30 32 37,M0-E,08 18 25 33 35 38,0,1620430.0,0.586967,False,False,False,14.7571,2317,"{""K"": 1}"
2318,16 22 24 30 32 37,M0-F,04 08 12 30 36 38,1,769857.0,0.278865,False,False,False,14.7478,2317,"{""ridge"": 1}"
2318,16 22 24 30 32 37,M0-G,08 18 25 33 35 38,0,1635730.5,0.59251,False,False,False,14.7854,2317,"{""gamma"": 0, ""A"": [1.0, 50]}"
2318,16 22 24 30 32 37,M0-H,01 02 03 04 05 07,0,1380341.0,0.5,False,False,False,14.831,2317,"{""weights"": {""M0-A"": 0.0, ""M0-B"": 0.0, ""M0-C"": 0.0, ""M0-D"": 0.0, ""M0-E"": 0.0, ""M0-F"": 0.0}}"
2318,16 22 24 30 32 37,M0-X,13 18 20 25 31 38,0,1913617.0,0.693168,False,False,False,nan,2317,"{""rule"": 9}"
2319,08 10 12 15 22 24,M0-A,08 18 25 33 35 38,1,240222.0,0.087015,False,False,False,14.7858,2318,"{""lam"": 1.0, ""a0"": 50}"
2319,08 10 12 15 22 24,M0-B,02 09 14 21 27 34,0,2392358.0,0.866582,False,False,False,14.8284,2318,"{""k"": 500}"
2319,08 10 12 15 22 24,M0-C,07 09 10 15 17 23,2,881708.5,0.319381,False,False,False,14.811,2318,"{""ridge"": 100}"
2319,08 10 12 15 22 24,M0-D,08 18 24 25 35 38,2,649945.0,0.235429,False,False,False,14.8045,2318,"{""h"": 1000, ""k"": 1, ""s"": 0.05}"
2319,08 10 12 15 22 24,M0-E,08 18 25 33 35 38,1,236669.5,0.085728,False,False,False,14.7579,2318,"{""K"": 1}"
2319,08 10 12 15 22 24,M0-F,02 04 12 16 36 38,1,1523047.0,0.551692,False,False,False,14.7514,2318,"{""ridge"": 1}"
2319,08 10 12 15 22 24,M0-G,08 18 25 33 35 38,1,240222.0,0.087015,False,False,False,14.7858,2318,"{""gamma"": 0, ""A"": [1.0, 50]}"
2319,08 10 12 15 22 24,M0-H,01 02 03 04 05 07,0,1380341.0,0.5,False,False,False,14.831,2318,"{""weights"": {""M0-A"": 0.0, ""M0-B"": 0.0, ""M0-C"": 0.0, ""M0-D"": 0.0, ""M0-E"": 0.0, ""M0-F"": 0.0}}"
2319,08 10 12 15 22 24,M0-X,03 20 26 28 34 36,0,2645328.5,0.958216,False,False,False,nan,2318,"{""rule"": 9}"
2320,01 06 13 15 29 36,M0-A,08 15 18 25 33 38,1,1532298.5,0.555043,False,False,False,14.7837,2319,"{""lam"": 1.0, ""a0"": 50}"
2320,01 06 13 15 29 36,M0-B,02 04 16 30 32 37,0,1729283.5,0.626397,False,False,False,14.829,2319,"{""k"": 500}"
2320,01 06 13 15 29 36,M0-C,16 29 30 31 32 37,1,1303597.0,0.472201,False,False,False,14.8093,2319,"{""ridge"": 100}"
2320,01 06 13 15 29 36,M0-D,08 15 18 33 35 38,1,1331549.0,0.482326,False,False,False,14.8005,2319,"{""h"": 1000, ""k"": 1, ""s"": 0.05}"
2320,01 06 13 15 29 36,M0-E,08 15 18 25 33 38,1,1525683.5,0.552647,False,False,False,14.7548,2319,"{""K"": 1}"
2320,01 06 13 15 29 36,M0-F,02 04 12 16 22 24,0,2496592.0,0.904339,False,False,False,14.8268,2319,"{""ridge"": 1000}"
2320,01 06 13 15 29 36,M0-G,08 15 18 25 33 38,1,1532298.5,0.555043,False,False,False,14.7837,2319,"{""gamma"": 0, ""A"": [1.0, 50]}"
2320,01 06 13 15 29 36,M0-H,01 02 03 04 05 07,1,1380341.0,0.5,False,False,False,14.831,2319,"{""weights"": {""M0-A"": 0.0, ""M0-B"": 0.0, ""M0-C"": 0.0, ""M0-D"": 0.0, ""M0-E"": 0.0, ""M0-F"": 0.0}}"
2320,01 06 13 15 29 36,M0-X,12 14 16 19 26 28,0,2272968.5,0.823336,False,False,False,nan,2319,"{""rule"": 9}"
2321,01 06 19 31 33 35,M0-A,08 15 18 25 33 38,1,613011.5,0.222051,False,False,False,14.784,2320,"{""lam"": 1.0, ""a0"": 50}"
2321,01 06 19 31 33 35,M0-B,08 10 12 22 24 28,0,2736019.5,0.991067,False,False,False,14.8289,2320,"{""k"": 500}"
2321,01 06 19 31 33 35,M0-C,10 19 20 22 24 38,1,1361184.0,0.493061,False,False,False,14.815,2320,"{""ridge"": 100}"
2321,01 06 19 31 33 35,M0-D,08 15 18 25 33 38,1,481081.0,0.174262,False,False,False,14.7984,2320,"{""h"": 1000, ""k"": 1, ""s"": 0.05}"
2321,01 06 19 31 33 35,M0-E,08 15 18 25 33 38,1,607297.0,0.219981,False,False,False,14.7553,2320,"{""K"": 1}"
2321,01 06 19 31 33 35,M0-F,02 04 12 16 22 24,0,2739964.0,0.992496,False,False,False,14.8279,2320,"{""ridge"": 1000}"
2321,01 06 19 31 33 35,M0-G,08 15 18 25 33 38,1,613011.5,0.222051,False,False,False,14.784,2320,"{""gamma"": 0, ""A"": [1.0, 50]}"
2321,01 06 19 31 33 35,M0-H,01 02 03 04 05 07,1,1380341.0,0.5,False,False,False,14.831,2320,"{""weights"": {""M0-A"": 0.0, ""M0-B"": 0.0, ""M0-C"": 0.0, ""M0-D"": 0.0, ""M0-E"": 0.0, ""M0-F"": 0.0}}"
2321,01 06 19 31 33 35,M0-X,02 05 10 17 19 33,2,499812.0,0.181046,False,False,False,nan,2320,"{""rule"": 9}"
2322,04 10 11 24 25 38,M0-A,01 08 15 18 33 38,1,156662.5,0.056748,False,False,False,14.7829,2321,"{""lam"": 1.0, ""a0"": 50}"
2322,04 10 11 24 25 38,M0-B,13 15 20 28 29 36,0,2657863.5,0.962756,False,False,False,14.829,2321,"{""k"": 500}"
2322,04 10 11 24 25 38,M0-C,06 08 10 13 15 20,1,598645.5,0.216847,False,False,False,14.8168,2321,"{""ridge"": 100}"
2322,04 10 11 24 25 38,M0-D,01 06 08 18 33 38,1,791146.0,0.286576,False,False,False,14.7996,2321,"{""h"": 1000, ""k"": 1, ""s"": 0.05}"
2322,04 10 11 24 25 38,M0-E,01 08 15 18 33 38,1,150933.5,0.054672,False,False,False,14.7537,2321,"{""K"": 1}"
2322,04 10 11 24 25 38,M0-F,02 04 06 12 16 28,1,1854386.0,0.671713,False,False,False,14.8288,2321,"{""ridge"": 1000}"
2322,04 10 11 24 25 38,M0-G,01 08 15 18 33 38,1,156662.5,0.056748,False,False,False,14.7829,2321,"{""gamma"": 0, ""A"": [1.0, 50]}"
2322,04 10 11 24 25 38,M0-H,01 02 03 04 05 07,1,1380341.0,0.5,False,False,False,14.831,2321,"{""weights"": {""M0-A"": 0.0, ""M0-B"": 0.0, ""M0-C"": 0.0, ""M0-D"": 0.0, ""M0-E"": 0.0, ""M0-F"": 0.0}}"
2322,04 10 11 24 25 38,M0-X,01 05 10 23 35 37,1,806182.5,0.292023,False,False,False,nan,2321,"{""rule"": 9}"
2323,14 15 25 28 34 38,M0-A,01 08 18 25 33 38,2,659870.5,0.239024,False,False,False,14.7805,2322,"{""lam"": 1.0, ""a0"": 50}"
2323,14 15 25 28 34 38,M0-B,02 05 07 20 28 31,1,2638303.5,0.955671,False,False,False,14.8292,2322,"{""k"": 500}"
2323,14 15 25 28 34 38,M0-C,15 19 29 31 33 35,1,174723.5,0.06329,False,False,False,14.8102,2322,"{""ridge"": 100}"
2323,14 15 25 28 34 38,M0-D,08 18 25 30 35 38,2,950558.0,0.34432,False,False,False,14.7981,2322,"{""h"": 1000, ""k"": 1, ""s"": 0.05}"
2323,14 15 25 28 34 38,M0-E,01 08 18 25 33 38,2,669304.5,0.242442,False,False,False,14.7501,2322,"{""K"": 1}"
2323,14 15 25 28 34 38,M0-F,02 04 12 26 28 32,1,1351863.0,0.489684,False,False,False,14.8284,2322,"{""ridge"": 1000}"
2323,14 15 25 28 34 38,M0-G,01 08 18 25 33 38,2,659870.5,0.239024,False,False,False,14.7805,2322,"{""gamma"": 0, ""A"": [1.0, 50]}"
2323,14 15 25 28 34 38,M0-H,01 02 03 04 05 07,0,1380341.0,0.5,False,False,False,14.831,2322,"{""weights"": {""M0-A"": 0.0, ""M0-B"": 0.0, ""M0-C"": 0.0, ""M0-D"": 0.0, ""M0-E"": 0.0, ""M0-F"": 0.0}}"
2323,14 15 25 28 34 38,M0-X,04 08 14 15 28 29,3,104641.5,0.037904,False,False,False,nan,2322,"{""rule"": 9}"
2324,03 04 12 22 24 38,M0-A,08 15 18 25 33 38,1,622451.0,0.22547,False,False,False,14.7795,2323,"{""lam"": 1.0, ""a0"": 50}"
2324,03 04 12 22 24 38,M0-B,02 03 04 05 07 20,2,66448.5,0.024069,False,False,True,14.8296,2323,"{""k"": 500}"
2324,03 04 12 22 24 38,M0-C,01 04 05 10 14 24,2,1637669.5,0.593212,False,False,False,14.8068,2323,"{""ridge"": 100}"
2324,03 04 12 22 24 38,M0-D,01 06 08 18 25 38,1,1249205.0,0.452499,False,False,False,14.7984,2323,"{""h"": 1000, ""k"": 1, ""s"": 0.05}"
2324,03 04 12 22 24 38,M0-E,08 15 18 25 33 38,1,615357.0,0.2229,False,False,False,14.7486,2323,"{""K"": 1}"
2324,03 04 12 22 24 38,M0-F,02 04 12 22 28 34,3,83329.0,0.030184,False,False,True,14.8287,2323,"{""ridge"": 1000}"
2324,03 04 12 22 24 38,M0-G,08 15 18 25 33 38,1,622451.0,0.22547,False,False,False,14.7795,2323,"{""gamma"": 0, ""A"": [1.0, 50]}"
2324,03 04 12 22 24 38,M0-H,01 02 03 04 05 07,2,1380341.0,0.5,False,False,False,14.831,2323,"{""weights"": {""M0-A"": 0.0, ""M0-B"": 0.0, ""M0-C"": 0.0, ""M0-D"": 0.0, ""M0-E"": 0.0, ""M0-F"": 0.0}}"
2324,03 04 12 22 24 38,M0-X,04 18 19 29 32 38,2,498532.5,0.180583,False,False,False,nan,2323,"{""rule"": 9}"
2325,02 08 09 31 33 35,M0-A,08 15 18 25 33 38,2,526550.5,0.190732,False,False,False,14.7784,2324,"{""lam"": 1.0, ""a0"": 50}"
2325,02 08 09 31 33 35,M0-B,02 05 07 20 26 28,1,1632909.5,0.591488,False,False,False,14.829,2324,"{""k"": 500}"
2325,02 08 09 31 33 35,M0-C,15 17 28 29 34 36,0,940093.5,0.340529,False,False,False,14.814,2324,"{""ridge"": 100}"
2325,02 08 09 31 33 35,M0-D,08 10 15 18 37 38,1,884463.0,0.320378,False,False,False,14.8015,2324,"{""h"": 1000, ""k"": 1, ""s"": 0.05}"
2325,02 08 09 31 33 35,M0-E,08 15 18 25 33 38,2,533293.5,0.193174,False,False,False,14.7471,2324,"{""K"": 1}"
2325,02 08 09 31 33 35,M0-F,02 04 12 22 26 28,1,2628556.0,0.95214,False,False,False,14.8277,2324,"{""ridge"": 1000}"
2325,02 08 09 31 33 35,M0-G,08 15 18 25 33 38,2,526550.5,0.190732,False,False,False,14.7784,2324,"{""gamma"": 0, ""A"": [1.0, 50]}"
2325,02 08 09 31 33 35,M0-H,01 02 03 04 05 07,1,1380341.0,0.5,False,False,False,14.831,2324,"{""weights"": {""M0-A"": 0.0, ""M0-B"": 0.0, ""M0-C"": 0.0, ""M0-D"": 0.0, ""M0-E"": 0.0, ""M0-F"": 0.0}}"
2325,02 08 09 31 33 35,M0-X,04 07 08 16 26 28,1,1270219.5,0.460111,False,False,False,nan,2324,"{""rule"": 9}"
2326,02 10 14 31 35 38,M0-A,08 15 18 25 33 38,1,341374.5,0.123656,False,False,False,14.7771,2325,"{""lam"": 1.0, ""a0"": 50}"
2326,02 10 14 31 35 38,M0-B,03 05 07 20 26 38,1,1484128.5,0.537595,False,False,False,14.8292,2325,"{""k"": 500}"
2326,02 10 14 31 35 38,M0-C,03 04 08 22 24 25,0,2414284.5,0.874525,False,False,False,14.8146,2325,"{""ridge"": 100}"
2326,02 10 14 31 35 38,M0-D,08 10 15 18 33 35,2,89404.0,0.032385,False,False,True,14.8013,2325,"{""h"": 1000, ""k"": 1, ""s"": 0.05}"
2326,02 10 14 31 35 38,M0-E,08 15 18 25 33 38,1,336257.5,0.121802,False,False,False,14.7452,2325,"{""K"": 1}"
2326,02 10 14 31 35 38,M0-F,02 04 12 22 26 28,1,961235.0,0.348187,False,False,False,14.8283,2325,"{""ridge"": 1000}"
2326,02 10 14 31 35 38,M0-G,08 15 18 25 33 38,1,341374.5,0.123656,False,False,False,14.7771,2325,"{""gamma"": 0, ""A"": [1.0, 50]}"
2326,02 10 14 31 35 38,M0-H,01 02 03 04 05 07,1,1380341.0,0.5,False,False,False,14.831,2325,"{""weights"": {""M0-A"": 0.0, ""M0-B"": 0.0, ""M0-C"": 0.0, ""M0-D"": 0.0, ""M0-E"": 0.0, ""M0-F"": 0.0}}"
2326,02 10 14 31 35 38,M0-X,01 06 12 13 35 37,1,871046.5,0.315519,False,False,False,nan,2325,"{""rule"": 9}"
2327,02 12 14 20 24 27,M0-A,08 18 25 33 35 38,0,1195096.5,0.432899,False,False,False,14.7753,2326,"{""lam"": 1.0, ""a0"": 50}"
2327,02 12 14 20 24 27,M0-B,05 07 08 09 20 26,1,1252878.0,0.453829,False,False,False,14.8295,2326,"{""k"": 500}"
2327,02 12 14 20 24 27,M0-C,01 04 08 09 25 29,0,1007096.5,0.3648,False,False,False,14.8111,2326,"{""ridge"": 100}"
2327,02 12 14 20 24 27,M0-D,08 10 18 33 35 38,0,929496.0,0.336691,False,False,False,14.8002,2326,"{""h"": 1000, ""k"": 1, ""s"": 0.05}"
2327,02 12 14 20 24 27,M0-E,08 18 25 33 35 38,0,1176401.5,0.426127,False,False,False,14.7427,2326,"{""K"": 1}"
2327,02 12 14 20 24 27,M0-F,02 04 10 12 26 28,2,31186.0,0.011296,False,False,True,14.8282,2326,"{""ridge"": 1000}"
2327,02 12 14 20 24 27,M0-G,08 18 25 33 35 38,0,1195096.5,0.432899,False,False,False,14.7753,2326,"{""gamma"": 0, ""A"": [1.0, 50]}"
2327,02 12 14 20 24 27,M0-H,01 02 03 04 05 07,1,1380341.0,0.5,False,False,False,14.831,2326,"{""weights"": {""M0-A"": 0.0, ""M0-B"": 0.0, ""M0-C"": 0.0, ""M0-D"": 0.0, ""M0-E"": 0.0, ""M0-F"": 0.0}}"
2327,02 12 14 20 24 27,M0-X,01 04 06 14 18 35,1,1122721.0,0.406682,False,False,False,nan,2326,"{""rule"": 9}"
2328,05 07 10 12 23 31,M0-A,08 18 24 25 33 38,0,2678803.5,0.970341,False,False,False,14.7752,2327,"{""lam"": 1.0, ""a0"": 50}"
2328,05 07 10 12 23 31,M0-B,05 07 10 17 18 26,3,63369.5,0.022954,False,False,True,14.829,2327,"{""k"": 500}"
2328,05 07 10 12 23 31,M0-C,06 07 12 19 31 35,3,1092474.5,0.395726,False,False,False,14.8186,2327,"{""ridge"": 100}"
2328,05 07 10 12 23 31,M0-D,08 15 18 35 37 38,0,2611127.0,0.945827,False,False,False,14.7999,2327,"{""h"": 1000, ""k"": 1, ""s"": 0.05}"
2328,05 07 10 12 23 31,M0-E,08 18 24 25 33 38,0,2682569.5,0.971706,False,False,False,14.7426,2327,"{""K"": 1}"
2328,05 07 10 12 23 31,M0-F,02 04 12 20 22 28,1,881369.0,0.319258,False,False,False,14.8271,2327,"{""ridge"": 1000}"
2328,05 07 10 12 23 31,M0-G,08 18 24 25 33 38,0,2678803.5,0.970341,False,False,False,14.7752,2327,"{""gamma"": 0, ""A"": [1.0, 50]}"
2328,05 07 10 12 23 31,M0-H,01 02 03 04 05 07,2,1380341.0,0.5,False,False,False,14.831,2327,"{""weights"": {""M0-A"": 0.0, ""M0-B"": 0.0, ""M0-C"": 0.0, ""M0-D"": 0.0, ""M0-E"": 0.0, ""M0-F"": 0.0}}"
2328,05 07 10 12 23 31,M0-X,06 16 18 24 28 31,1,1517957.5,0.549849,False,False,False,nan,2327,"{""rule"": 9}"
2329,03 04 13 19 22 26,M0-A,08 18 24 25 33 38,0,2380311.5,0.862219,False,False,False,14.7782,2328,"{""lam"": 1.0, ""a0"": 50}"
2329,03 04 13 19 22 26,M0-B,02 14 17 18 20 26,1,804333.5,0.291353,False,False,False,14.8285,2328,"{""k"": 500}"
2329,03 04 13 19 22 26,M0-C,01 16 24 27 29 32,0,2453944.5,0.888891,False,False,False,14.8068,2328,"{""ridge"": 100}"
2329,03 04 13 19 22 26,M0-D,08 10 18 33 35 38,0,2629175.0,0.952364,False,False,False,14.8009,2328,"{""h"": 1000, ""k"": 1, ""s"": 0.05}"
2329,03 04 13 19 22 26,M0-E,08 18 24 25 33 38,0,2366392.5,0.857177,False,False,False,14.7476,2328,"{""K"": 1}"
2329,03 04 13 19 22 26,M0-F,02 04 12 20 26 28,2,1070766.0,0.387863,False,False,False,14.8271,2328,"{""ridge"": 1000}"
2329,03 04 13 19 22 26,M0-G,08 18 24 25 33 38,0,2380311.5,0.862219,False,False,False,14.7782,2328,"{""gamma"": 0, ""A"": [1.0, 50]}"
2329,03 04 13 19 22 26,M0-H,01 02 03 04 05 07,2,1380341.0,0.5,False,False,False,14.831,2328,"{""weights"": {""M0-A"": 0.0, ""M0-B"": 0.0, ""M0-C"": 0.0, ""M0-D"": 0.0, ""M0-E"": 0.0, ""M0-F"": 0.0}}"
2329,03 04 13 19 22 26,M0-X,09 11 14 16 27 35,0,2304485.0,0.834752,False,False,False,nan,2328,"{""rule"": 9}"
2330,02 07 15 26 32 37,M0-A,08 18 24 25 33 38,0,1657938.5,0.600554,False,False,False,14.7799,2329,"{""lam"": 1.0, ""a0"": 50}"
2330,02 07 15 26 32 37,M0-B,05 07 10 12 17 18,1,2143756.5,0.776532,False,False,False,14.829,2329,"{""k"": 500}"
2330,02 07 15 26 32 37,M0-C,12 13 26 31 35 36,1,822476.0,0.297925,False,False,False,14.8109,2329,"{""ridge"": 100}"
2330,02 07 15 26 32 37,M0-D,08 15 18 24 33 38,1,1163179.0,0.421338,False,False,False,14.8017,2329,"{""h"": 1000, ""k"": 1, ""s"": 0.05}"
2330,02 07 15 26 32 37,M0-E,08 18 24 25 33 38,0,1642333.5,0.594901,False,False,False,14.7505,2329,"{""K"": 1}"
2330,02 07 15 26 32 37,M0-F,02 04 12 20 26 28,2,377259.0,0.136654,False,False,False,14.8278,2329,"{""ridge"": 1000}"
2330,02 07 15 26 32 37,M0-G,08 18 24 25 33 38,0,1657938.5,0.600554,False,False,False,14.7799,2329,"{""gamma"": 0, ""A"": [1.0, 50]}"
2330,02 07 15 26 32 37,M0-H,01 02 03 04 05 07,2,1380341.0,0.5,False,False,False,14.831,2329,"{""weights"": {""M0-A"": 0.0, ""M0-B"": 0.0, ""M0-C"": 0.0, ""M0-D"": 0.0, ""M0-E"": 0.0, ""M0-F"": 0.0}}"
2330,02 07 15 26 32 37,M0-X,07 08 17 23 26 30,2,373464.0,0.135279,False,False,False,nan,2329,"{""rule"": 9}"
2331,08 13 22 23 24 33,M0-A,08 15 18 24 33 38,3,383767.5,0.139012,False,False,False,14.7804,2330,"{""lam"": 1.0, ""a0"": 50}"
2331,08 13 22 23 24 33,M0-B,03 04 17 18 21 22,1,1766757.0,0.639971,False,False,False,14.8289,2330,"{""k"": 500}"
2331,08 13 22 23 24 33,M0-C,03 07 13 19 22 32,2,201104.5,0.072846,False,False,False,14.8118,2330,"{""ridge"": 100}"
2331,08 13 22 23 24 33,M0-D,02 08 18 24 33 38,3,223311.0,0.08089,False,False,False,14.8018,2330,"{""h"": 1000, ""k"": 1, ""s"": 0.05}"
2331,08 13 22 23 24 33,M0-E,08 15 18 24 33 38,3,397741.5,0.144074,False,False,False,14.7514,2330,"{""K"": 1}"
2331,08 13 22 23 24 33,M0-F,02 12 20 26 28 32,0,2218861.0,0.803737,False,False,False,14.8274,2330,"{""ridge"": 1000}"
2331,08 13 22 23 24 33,M0-G,08 15 18 24 33 38,3,383767.5,0.139012,False,False,False,14.7804,2330,"{""gamma"": 0, ""A"": [1.0, 50]}"
2331,08 13 22 23 24 33,M0-H,01 02 03 04 05 07,0,1380341.0,0.5,False,False,False,14.831,2330,"{""weights"": {""M0-A"": 0.0, ""M0-B"": 0.0, ""M0-C"": 0.0, ""M0-D"": 0.0, ""M0-E"": 0.0, ""M0-F"": 0.0}}"
2331,08 13 22 23 24 33,M0-X,03 06 11 19 30 36,0,2471651.0,0.895305,False,False,False,nan,2330,"{""rule"": 9}"
2332,07 09 17 22 24 37,M0-A,08 15 18 24 33 38,1,1784766.5,0.646495,False,False,False,14.7788,2331,"{""lam"": 1.0, ""a0"": 50}"
2332,07 09 17 22 24 37,M0-B,02 16 17 18 21 30,1,1067485.5,0.386675,False,False,False,14.8291,2331,"{""k"": 500}"
2332,07 09 17 22 24 37,M0-C,02 07 15 17 32 37,3,514922.5,0.18652,False,False,False,14.8052,2331,"{""ridge"": 100}"
2332,07 09 17 22 24 37,M0-D,08 15 18 24 33 38,1,1558799.0,0.564643,False,False,False,14.7972,2331,"{""h"": 1000, ""k"": 1, ""s"": 0.05}"
2332,07 09 17 22 24 37,M0-E,08 15 18 24 33 38,1,1775689.5,0.643207,False,False,False,14.7492,2331,"{""K"": 1}"
2332,07 09 17 22 24 37,M0-F,02 04 12 20 26 28,0,1649389.0,0.597457,False,False,False,14.828,2331,"{""ridge"": 1000}"
2332,07 09 17 22 24 37,M0-G,08 15 18 24 33 38,1,1784766.5,0.646495,False,False,False,14.7788,2331,"{""gamma"": 0, ""A"": [1.0, 50]}"
2332,07 09 17 22 24 37,M0-H,01 02 03 04 05 07,1,1380341.0,0.5,False,False,False,14.831,2331,"{""weights"": {""M0-A"": 0.0, ""M0-B"": 0.0, ""M0-C"": 0.0, ""M0-D"": 0.0, ""M0-E"": 0.0, ""M0-F"": 0.0}}"
2332,07 09 17 22 24 37,M0-X,12 17 26 27 28 37,2,390759.5,0.141544,False,False,False,nan,2331,"{""rule"": 9}"
2333,04 09 12 13 21 35,M0-A,08 15 18 24 33 38,0,1428164.0,0.517323,False,False,False,14.7795,2332,"{""lam"": 1.0, ""a0"": 50}"
2333,04 09 12 13 21 35,M0-B,08 13 16 18 23 33,1,400876.5,0.145209,False,False,False,14.8289,2332,"{""k"": 500}"
2333,04 09 12 13 21 35,M0-C,08 13 17 30 32 33,1,2339059.0,0.847276,False,False,False,14.8061,2332,"{""ridge"": 100}"
2333,04 09 12 13 21 35,M0-D,08 22 24 35 37 38,1,960373.0,0.347875,False,False,False,14.8037,2332,"{""h"": 1000, ""k"": 1, ""s"": 0.05}"
2333,04 09 12 13 21 35,M0-E,08 15 18 24 33 38,0,1415456.5,0.51272,False,False,False,14.7503,2332,"{""K"": 1}"
2333,04 09 12 13 21 35,M0-F,04 20 22 26 28 32,1,1767378.0,0.640196,False,False,False,14.8281,2332,"{""ridge"": 1000}"
2333,04 09 12 13 21 35,M0-G,08 15 18 24 33 38,0,1428164.0,0.517323,False,False,False,14.7795,2332,"{""gamma"": 0, ""A"": [1.0, 50]}"
2333,04 09 12 13 21 35,M0-H,01 02 03 04 05 07,1,1380341.0,0.5,False,False,False,14.831,2332,"{""weights"": {""M0-A"": 0.0, ""M0-B"": 0.0, ""M0-C"": 0.0, ""M0-D"": 0.0, ""M0-E"": 0.0, ""M0-F"": 0.0}}"
2333,04 09 12 13 21 35,M0-X,03 11 13 21 26 28,2,357490.0,0.129493,False,False,False,nan,2332,"{""rule"": 9}"
2334,01 02 04 07 19 30,M0-A,08 18 24 33 35 38,0,1377227.5,0.498872,False,False,False,14.7796,2333,"{""lam"": 1.0, ""a0"": 50}"
2334,01 02 04 07 19 30,M0-B,07 16 17 22 24 37,1,334092.5,0.121018,False,False,False,14.8282,2333,"{""k"": 500}"
2334,01 02 04 07 19 30,M0-C,04 17 26 27 30 35,2,1115250.0,0.403976,False,False,False,14.8039,2333,"{""ridge"": 100}"
2334,01 02 04 07 19 30,M0-D,08 10 18 24 33 38,0,1588142.0,0.575272,False,False,False,14.7995,2333,"{""h"": 1000, ""k"": 1, ""s"": 0.05}"
2334,01 02 04 07 19 30,M0-E,08 18 24 33 35 38,0,1357462.5,0.491713,False,False,False,14.7507,2333,"{""K"": 1}"
2334,01 02 04 07 19 30,M0-F,02 04 12 22 26 28,2,741655.0,0.268649,False,False,False,14.8284,2333,"{""ridge"": 1000}"
2334,01 02 04 07 19 30,M0-G,08 18 24 33 35 38,0,1377227.5,0.498872,False,False,False,14.7796,2333,"{""gamma"": 0, ""A"": [1.0, 50]}"
2334,01 02 04 07 19 30,M0-H,01 02 03 04 05 07,4,1380341.0,0.5,False,False,False,14.831,2333,"{""weights"": {""M0-A"": 0.0, ""M0-B"": 0.0, ""M0-C"": 0.0, ""M0-D"": 0.0, ""M0-E"": 0.0, ""M0-F"": 0.0}}"
2334,01 02 04 07 19 30,M0-X,01 08 13 16 17 25,1,1020894.0,0.369798,False,False,False,nan,2333,"{""rule"": 9}"
2335,01 06 10 15 18 20,M0-A,08 18 24 33 35 38,1,112530.5,0.040762,False,False,False,14.7797,2334,"{""lam"": 1.0, ""a0"": 50}"
2335,01 06 10 15 18 20,M0-B,06 09 16 18 29 36,2,1211514.5,0.438846,False,False,False,14.8278,2334,"{""k"": 500}"
2335,01 06 10 15 18 20,M0-C,09 12 13 20 32 35,1,1764181.5,0.639038,False,False,False,14.8053,2334,"{""ridge"": 100}"
2335,01 06 10 15 18 20,M0-D,08 15 18 24 33 38,2,460396.0,0.166769,False,False,False,14.7999,2334,"{""h"": 1000, ""k"": 1, ""s"": 0.05}"
2335,01 06 10 15 18 20,M0-E,08 18 24 33 35 38,1,110680.5,0.040092,False,False,False,14.751,2334,"{""K"": 1}"
2335,01 06 10 15 18 20,M0-F,02 04 12 26 28 32,0,1446671.0,0.524027,False,False,False,14.8287,2334,"{""ridge"": 1000}"
2335,01 06 10 15 18 20,M0-G,08 18 24 33 35 38,1,112530.5,0.040762,False,False,False,14.7797,2334,"{""gamma"": 0, ""A"": [1.0, 50]}"
2335,01 06 10 15 18 20,M0-H,01 02 03 04 05 07,1,1380341.0,0.5,False,False,False,14.831,2334,"{""weights"": {""M0-A"": 0.0, ""M0-B"": 0.0, ""M0-C"": 0.0, ""M0-D"": 0.0, ""M0-E"": 0.0, ""M0-F"": 0.0}}"
2335,01 06 10 15 18 20,M0-X,05 06 08 11 23 34,1,1046850.0,0.3792,False,False,False,nan,2334,"{""rule"": 9}"
2336,08 09 13 17 24 36,M0-A,08 15 18 24 33 38,2,750214.0,0.271749,False,False,False,14.7773,2335,"{""lam"": 1.0, ""a0"": 50}"
2336,08 09 13 17 24 36,M0-B,02 04 11 16 29 36,1,494113.5,0.178982,False,False,False,14.8281,2335,"{""k"": 500}"
2336,08 09 13 17 24 36,M0-C,19 24 29 30 33 38,1,2666768.0,0.965982,False,False,False,14.8007,2335,"{""ridge"": 100}"
2336,08 09 13 17 24 36,M0-D,06 08 15 18 33 38,1,900843.0,0.326312,False,False,False,14.8001,2335,"{""h"": 1000, ""k"": 1, ""s"": 0.05}"
2336,08 09 13 17 24 36,M0-E,08 15 18 24 33 38,2,753770.5,0.273038,False,False,False,14.7474,2335,"{""K"": 1}"
2336,08 09 13 17 24 36,M0-F,06 18 20 26 28 36,1,2159215.0,0.782131,False,False,False,14.8282,2335,"{""ridge"": 1000}"
2336,08 09 13 17 24 36,M0-G,08 15 18 24 33 38,2,750214.0,0.271749,False,False,False,14.7773,2335,"{""gamma"": 0, ""A"": [1.0, 50]}"
2336,08 09 13 17 24 36,M0-H,01 02 03 04 05 07,0,1380341.0,0.5,False,False,False,14.831,2335,"{""weights"": {""M0-A"": 0.0, ""M0-B"": 0.0, ""M0-C"": 0.0, ""M0-D"": 0.0, ""M0-E"": 0.0, ""M0-F"": 0.0}}"
2336,08 09 13 17 24 36,M0-X,05 10 14 19 22 24,1,836412.0,0.302973,False,False,False,nan,2335,"{""rule"": 9}"
2337,02 04 07 18 25 29,M0-A,08 15 18 24 33 38,1,788923.0,0.285771,False,False,False,14.7764,2336,"{""lam"": 1.0, ""a0"": 50}"
2337,02 04 07 18 25 29,M0-B,11 16 25 28 29 34,2,459095.5,0.166298,False,False,False,14.8275,2336,"{""k"": 500}"
2337,02 04 07 18 25 29,M0-C,03 15 18 22 30 31,1,573855.0,0.207867,False,False,False,14.813,2336,"{""ridge"": 100}"
2337,02 04 07 18 25 29,M0-D,08 15 18 24 33 38,1,855518.0,0.309894,False,False,False,14.8004,2336,"{""h"": 1000, ""k"": 1, ""s"": 0.05}"
2337,02 04 07 18 25 29,M0-E,08 15 18 24 33 38,1,800883.5,0.290103,False,False,False,14.7463,2336,"{""K"": 1}"
2337,02 04 07 18 25 29,M0-F,06 18 20 28 30 36,1,642573.0,0.232759,False,False,False,14.8284,2336,"{""ridge"": 1000}"
2337,02 04 07 18 25 29,M0-G,08 15 18 24 33 38,1,788923.0,0.285771,False,False,False,14.7764,2336,"{""gamma"": 0, ""A"": [1.0, 50]}"
2337,02 04 07 18 25 29,M0-H,01 02 03 04 05 07,3,1380341.0,0.5,False,False,False,14.831,2336,"{""weights"": {""M0-A"": 0.0, ""M0-B"": 0.0, ""M0-C"": 0.0, ""M0-D"": 0.0, ""M0-E"": 0.0, ""M0-F"": 0.0}}"
2337,02 04 07 18 25 29,M0-X,02 12 13 17 21 28,1,846702.5,0.3067,False,False,False,nan,2336,"{""rule"": 9}"
2338,01 03 10 13 18 29,M0-A,08 15 18 24 33 38,1,699937.5,0.253538,False,False,False,14.7757,2337,"{""lam"": 1.0, ""a0"": 50}"
2338,01 03 10 13 18 29,M0-B,08 11 16 17 28 34,0,1663031.5,0.602399,False,False,False,14.8272,2337,"{""k"": 500}"
2338,01 03 10 13 18 29,M0-C,08 13 14 17 35 36,1,689558.5,0.249778,False,False,False,14.8128,2337,"{""ridge"": 100}"
2338,01 03 10 13 18 29,M0-D,01 08 18 24 33 38,2,249685.0,0.090443,False,False,False,14.7999,2337,"{""h"": 1000, ""k"": 1, ""s"": 0.05}"
2338,01 03 10 13 18 29,M0-E,08 15 18 24 33 38,1,709445.5,0.256982,False,False,False,14.7453,2337,"{""K"": 1}"
2338,01 03 10 13 18 29,M0-F,16 18 26 28 34 36,1,1316805.0,0.476985,False,False,False,14.8281,2337,"{""ridge"": 1000}"
2338,01 03 10 13 18 29,M0-G,08 15 18 24 33 38,1,699937.5,0.253538,False,False,False,14.7757,2337,"{""gamma"": 0, ""A"": [1.0, 50]}"
2338,01 03 10 13 18 29,M0-H,01 02 03 04 05 07,2,1380341.0,0.5,False,False,False,14.831,2337,"{""weights"": {""M0-A"": 0.0, ""M0-B"": 0.0, ""M0-C"": 0.0, ""M0-D"": 0.0, ""M0-E"": 0.0, ""M0-F"": 0.0}}"
2338,01 03 10 13 18 29,M0-X,06 08 11 22 29 33,1,1556313.0,0.563742,False,False,False,nan,2337,"{""rule"": 9}"
2339,01 04 06 13 23 28,M0-A,01 08 18 24 33 38,1,1789135.0,0.648077,False,False,False,14.7747,2338,"{""lam"": 1.0, ""a0"": 50}"
2339,01 04 06 13 23 28,M0-B,02 11 16 25 28 34,1,491291.0,0.17796,False,False,False,14.8272,2338,"{""k"": 500}"
2339,01 04 06 13 23 28,M0-C,02 22 23 24 25 29,1,2200789.5,0.797191,False,False,False,14.8196,2338,"{""ridge"": 100}"
2339,01 04 06 13 23 28,M0-D,01 04 08 18 33 38,2,1132873.0,0.41036,False,False,False,14.7981,2338,"{""h"": 1000, ""k"": 1, ""s"": 0.05}"
2339,01 04 06 13 23 28,M0-E,01 08 18 24 33 38,1,1802751.0,0.653009,False,False,False,14.744,2338,"{""K"": 1}"
2339,01 04 06 13 23 28,M0-F,04 06 18 20 28 32,3,420843.0,0.152442,False,False,False,14.8276,2338,"{""ridge"": 1000}"
2339,01 04 06 13 23 28,M0-G,01 08 18 24 33 38,1,1789135.0,0.648077,False,False,False,14.7747,2338,"{""gamma"": 0, ""A"": [1.0, 50]}"
2339,01 04 06 13 23 28,M0-H,01 02 03 04 05 07,2,1380341.0,0.5,False,False,False,14.831,2338,"{""weights"": {""M0-A"": 0.0, ""M0-B"": 0.0, ""M0-C"": 0.0, ""M0-D"": 0.0, ""M0-E"": 0.0, ""M0-F"": 0.0}}"
2339,01 04 06 13 23 28,M0-X,05 07 14 17 22 33,0,2160359.0,0.782546,False,False,False,nan,2338,"{""rule"": 9}"
2340,06 08 12 14 18 31,M0-A,01 08 18 24 33 38,2,105849.0,0.038341,False,False,False,14.7754,2339,"{""lam"": 1.0, ""a0"": 50}"
2340,06 08 12 14 18 31,M0-B,03 10 11 16 34 38,0,2074202.0,0.751337,False,False,False,14.8268,2339,"{""k"": 500}"
2340,06 08 12 14 18 31,M0-C,18 23 29 33 35 38,1,1096275.5,0.397103,False,False,False,14.8115,2339,"{""ridge"": 100}"
2340,06 08 12 14 18 31,M0-D,01 08 18 25 33 38,2,87767.0,0.031792,False,False,True,14.7984,2339,"{""h"": 1000, ""k"": 1, ""s"": 0.05}"
2340,06 08 12 14 18 31,M0-E,01 08 18 24 33 38,2,106843.5,0.038702,False,False,False,14.7453,2339,"{""K"": 1}"
2340,06 08 12 14 18 31,M0-F,06 16 18 20 28 36,2,486368.0,0.176177,False,False,False,14.8274,2339,"{""ridge"": 1000}"
2340,06 08 12 14 18 31,M0-G,01 08 18 24 33 38,2,105849.0,0.038341,False,False,False,14.7754,2339,"{""gamma"": 0, ""A"": [1.0, 50]}"
2340,06 08 12 14 18 31,M0-H,01 02 03 04 05 07,0,1380341.0,0.5,False,False,False,14.831,2339,"{""weights"": {""M0-A"": 0.0, ""M0-B"": 0.0, ""M0-C"": 0.0, ""M0-D"": 0.0, ""M0-E"": 0.0, ""M0-F"": 0.0}}"
2340,06 08 12 14 18 31,M0-X,05 08 10 17 27 32,1,787065.5,0.285098,False,False,False,nan,2339,"{""rule"": 9}"
2341,01 04 06 22 33 38,M0-A,01 08 18 24 33 38,3,38210.5,0.013841,False,False,True,14.7729,2340,"{""lam"": 1.0, ""a0"": 50}"
2341,01 04 06 22 33 38,M0-B,01 11 16 27 34 38,2,869853.0,0.315086,False,False,False,14.8271,2340,"{""k"": 500}"
2341,01 04 06 22 33 38,M0-C,01 13 23 25 27 31,1,1083530.5,0.392486,False,False,False,14.815,2340,"{""ridge"": 100}"
2341,01 04 06 22 33 38,M0-D,08 10 18 33 35 38,2,23844.0,0.008637,False,False,True,14.7993,2340,"{""h"": 1000, ""k"": 1, ""s"": 0.05}"
2341,01 04 06 22 33 38,M0-E,01 08 18 24 33 38,3,37572.0,0.01361,False,False,True,14.7417,2340,"{""K"": 1}"
2341,01 04 06 22 33 38,M0-F,06 16 18 28 34 36,1,915769.0,0.331718,False,False,False,14.8278,2340,"{""ridge"": 1000}"
2341,01 04 06 22 33 38,M0-G,01 08 18 24 33 38,3,38210.5,0.013841,False,False,True,14.7729,2340,"{""gamma"": 0, ""A"": [1.0, 50]}"
2341,01 04 06 22 33 38,M0-H,01 02 03 04 05 07,2,1380341.0,0.5,False,False,False,14.831,2340,"{""weights"": {""M0-A"": 0.0, ""M0-B"": 0.0, ""M0-C"": 0.0, ""M0-D"": 0.0, ""M0-E"": 0.0, ""M0-F"": 0.0}}"
2341,01 04 06 22 33 38,M0-X,10 12 16 18 22 35,1,1698148.5,0.615119,False,False,False,nan,2340,"{""rule"": 9}"
2342,12 13 14 15 19 33,M0-A,01 08 18 24 33 38,1,367769.5,0.133217,False,False,False,14.7698,2341,"{""lam"": 1.0, ""a0"": 50}"
2342,12 13 14 15 19 33,M0-B,05 08 11 16 27 34,0,1620814.5,0.587107,False,False,False,14.8265,2341,"{""k"": 500}"
2342,12 13 14 15 19 33,M0-C,12 14 17 18 33 38,3,57086.5,0.020678,False,False,True,14.8102,2341,"{""ridge"": 100}"
2342,12 13 14 15 19 33,M0-D,01 04 06 08 12 18,1,101667.0,0.036827,False,False,False,14.799,2341,"{""h"": 1000, ""k"": 1, ""s"": 0.05}"
2342,12 13 14 15 19 33,M0-E,01 08 18 24 33 38,1,361015.5,0.13077,False,False,False,14.737,2341,"{""K"": 1}"
2342,12 13 14 15 19 33,M0-F,04 06 12 16 18 28,1,2548813.0,0.923255,False,False,False,14.81,2341,"{""ridge"": 100}"
2342,12 13 14 15 19 33,M0-G,01 08 18 24 33 38,1,367769.5,0.133217,False,False,False,14.7698,2341,"{""gamma"": 0, ""A"": [1.0, 50]}"
2342,12 13 14 15 19 33,M0-H,01 02 03 04 05 07,0,1380341.0,0.5,False,False,False,14.831,2341,"{""weights"": {""M0-A"": 0.0, ""M0-B"": 0.0, ""M0-C"": 0.0, ""M0-D"": 0.0, ""M0-E"": 0.0, ""M0-F"": 0.0}}"
2342,12 13 14 15 19 33,M0-X,04 05 08 10 26 37,0,2192360.5,0.794137,False,False,False,nan,2341,"{""rule"": 9}"
2343,04 07 13 23 33 35,M0-A,01 08 18 24 33 38,1,476460.0,0.172588,False,False,False,14.7682,2342,"{""lam"": 1.0, ""a0"": 50}"
2343,04 07 13 23 33 35,M0-B,01 04 05 06 22 38,1,1505201.0,0.545228,False,False,False,14.8266,2342,"{""k"": 500}"
2343,04 07 13 23 33 35,M0-C,01 06 24 25 26 27,0,1044300.5,0.378276,False,False,False,14.7924,2342,"{""ridge"": 100}"
2343,04 07 13 23 33 35,M0-D,06 08 15 18 33 38,1,548804.0,0.198793,False,False,False,14.7982,2342,"{""h"": 1000, ""k"": 1, ""s"": 0.05}"
2343,04 07 13 23 33 35,M0-E,01 08 18 24 33 38,1,480821.0,0.174167,False,False,False,14.7348,2342,"{""K"": 1}"
2343,04 07 13 23 33 35,M0-F,04 06 08 16 18 34,1,2570508.0,0.931114,False,False,False,14.8072,2342,"{""ridge"": 100}"
2343,04 07 13 23 33 35,M0-G,01 08 18 24 33 38,1,476460.0,0.172588,False,False,False,14.7682,2342,"{""gamma"": 0, ""A"": [1.0, 50]}"
2343,04 07 13 23 33 35,M0-H,01 02 03 04 05 07,2,1380341.0,0.5,False,False,False,14.831,2342,"{""weights"": {""M0-A"": 0.0, ""M0-B"": 0.0, ""M0-C"": 0.0, ""M0-D"": 0.0, ""M0-E"": 0.0, ""M0-F"": 0.0}}"
2343,04 07 13 23 33 35,M0-X,16 17 18 19 23 37,1,1476813.0,0.534945,False,False,False,nan,2342,"{""rule"": 9}"
