rank_by_T,numbers,T,EQ,A_long,B_recent,C_gap,D_trend,E_pairs,pair,struct
1,01 04 12 13 14 24,0.13838730,0.69905660,0.193805,2.889874,-1.293117,1.922486,0.000000,0.000000,0.275161
2,02 04 12 13 14 24,0.13049103,0.71653839,-0.221491,2.159373,-0.369462,2.639832,0.000000,0.000000,-0.019322
3,04 12 13 14 22 24,0.12970427,0.64957838,-0.498355,2.521113,-1.293117,2.065956,0.000000,0.000000,0.200658
4,01 04 12 13 22 24,0.12606244,0.68259262,0.193805,2.546572,-1.062203,1.779017,0.000000,0.000000,0.553067
5,01 04 13 14 22 24,0.12403387,0.64414276,-0.221491,2.691182,-1.062203,1.492079,0.000000,0.000000,0.589647
6,01 02 04 12 13 24,0.12377649,0.74955263,0.470668,2.184832,-0.138548,2.352894,0.000000,0.000000,-0.122145
7,01 02 04 13 14 24,0.12171030,0.71110278,0.055373,2.329442,-0.138548,2.065956,0.000000,0.000000,-0.091139
8,01 04 12 13 14 22,0.11901556,0.60230491,-0.498355,2.218291,-2.447685,2.065956,0.000000,0.000000,0.027207
9,02 04 12 13 22 24,0.11815608,0.70007441,-0.221491,1.816070,-0.138548,2.496363,0.000000,0.000000,0.257088
10,04 08 12 13 14 24,0.11657381,0.68959891,0.747532,2.765580,-1.062203,1.205141,0.000000,0.000000,0.148479
11,02 04 13 14 22 24,0.11612499,0.66162456,-0.636787,1.960680,-0.138548,2.209425,0.000000,0.000000,0.293294
12,04 07 12 13 14 24,0.11465442,0.64865919,-0.775218,1.802878,-0.369462,2.352894,0.000000,0.000000,0.304990
13,04 09 12 13 14 24,0.11445772,0.60491942,-1.052082,2.552864,-0.138548,1.348610,0.000000,0.000000,0.320251
14,04 06 12 13 14 24,0.11365430,0.63282214,-0.083059,2.598000,-1.293117,1.348610,0.000000,0.000000,-0.008956
15,04 12 13 14 18 24,0.11213666,0.72026532,0.885964,1.963852,-1.062203,2.065956,0.000000,0.000000,0.192896
16,01 04 08 12 13 24,0.11141188,0.72261315,1.439691,2.791039,-0.831289,0.918202,0.000000,0.000000,0.275680
17,04 12 13 14 24 33,0.11133644,0.66720249,0.470668,1.868981,-1.524031,1.922486,0.000000,0.000000,1.021367
18,04 10 12 13 14 24,0.11120721,0.65957668,-0.083059,2.296583,-0.600376,1.635548,0.000000,0.000000,0.021567
19,02 04 12 13 14 22,0.11107089,0.61978671,-0.913650,1.487790,-1.524031,2.783301,0.000000,0.000000,-0.274447
20,01 02 04 13 22 24,0.10948638,0.69463880,0.055373,1.986139,0.092365,1.922486,0.000000,0.000000,0.201720
21,01 04 08 13 14 24,0.10930524,0.68416330,1.024396,2.935649,-0.831289,0.631264,0.000000,0.000000,0.300694
22,01 04 06 12 13 24,0.10907594,0.66583638,0.609100,2.623458,-1.062203,1.061672,0.000000,0.000000,0.204702
23,01 04 09 12 13 24,0.10861766,0.63793366,-0.359923,2.578323,0.092365,1.061672,0.000000,0.000000,0.346985
24,01 04 07 12 13 24,0.10855668,0.68167343,-0.083059,1.828337,-0.138548,2.065956,0.000000,0.000000,0.293548
25,01 04 12 13 18 24,0.10739916,0.75327956,1.578123,1.989310,-0.831289,1.779017,0.000000,0.000000,0.382978
26,01 04 10 12 13 24,0.10714420,0.69259092,0.609100,2.322041,-0.369462,1.348610,0.000000,0.000000,0.311577
27,01 04 06 13 14 24,0.10698700,0.62738652,0.193805,2.768068,-1.062203,0.774733,0.000000,0.000000,0.232338
28,01 04 09 13 14 24,0.10650217,0.59948381,-0.775218,2.722933,0.092365,0.774733,0.000000,0.000000,0.370687
29,01 04 07 13 14 24,0.10645889,0.64322358,-0.498355,1.972947,-0.138548,1.779017,0.000000,0.000000,0.319872
30,01 04 13 14 18 24,0.10555685,0.71482970,1.162828,2.133920,-0.831289,1.492079,0.000000,0.000000,0.447153
31,01 04 12 13 24 33,0.10542734,0.70021673,1.162828,1.894440,-1.293117,1.635548,0.000000,0.000000,1.037873
32,01 02 04 12 13 14,0.10522342,0.66926493,-0.221491,1.856551,-1.524031,2.639832,0.000000,0.000000,-2.352681
33,01 04 10 13 14 24,0.10512308,0.65414107,0.193805,2.466651,-0.369462,1.061672,0.000000,0.000000,0.349259
34,01 02 04 12 13 22,0.10447691,0.65280095,-0.221491,1.513249,-1.293117,2.496363,0.000000,0.000000,-0.359409
35,02 04 08 12 13 24,0.10437709,0.74009495,1.024396,2.060538,0.092365,1.635548,0.000000,0.000000,0.108826
36,04 08 12 13 22 24,0.10417830,0.67313493,0.747532,2.422278,-0.831289,1.061672,0.000000,0.000000,0.415917
37,01 04 13 14 24 33,0.10329729,0.66176688,0.747532,2.039050,-1.293117,1.348610,0.000000,0.000000,1.059417
38,01 02 04 13 14 22,0.10248950,0.61435110,-0.636787,1.657859,-1.293117,2.209425,0.000000,0.000000,-0.316732
39,02 04 09 12 13 24,0.10238541,0.65541546,-0.775218,1.847822,1.016020,1.779017,0.000000,0.000000,0.299031
40,02 04 07 12 13 24,0.10232696,0.69915522,-0.498355,1.097836,0.785107,2.783301,0.000000,0.000000,0.245967
41,04 07 12 13 22 24,0.10226900,0.63219521,-0.775218,1.459576,-0.138548,2.209425,0.000000,0.000000,0.573923
42,02 04 08 13 14 24,0.10226792,0.70164509,0.609100,2.205148,0.092365,1.348610,0.000000,0.000000,0.133466
43,04 09 12 13 22 24,0.10205212,0.58845544,-1.052082,2.209562,0.092365,1.205141,0.000000,0.000000,0.586194
44,04 08 13 14 22 24,0.10195591,0.63468508,0.332236,2.566888,-0.831289,0.774733,0.000000,0.000000,0.423781
45,04 06 12 13 22 24,0.10127898,0.61635815,-0.083059,2.254697,-1.062203,1.205141,0.000000,0.000000,0.261473
46,02 04 06 12 13 24,0.10118977,0.68331817,0.193805,1.892957,-0.138548,1.779017,0.000000,0.000000,-0.088285
47,02 04 12 13 18 24,0.10035175,0.77076135,1.162828,1.258809,0.092365,2.496363,0.000000,0.000000,0.214255
48,02 04 09 13 14 24,0.10026740,0.61696560,-1.190514,1.992432,1.016020,1.492079,0.000000,0.000000,0.322359
49,02 04 07 13 14 24,0.10022664,0.66070537,-0.913650,1.242446,0.785107,2.496363,0.000000,0.000000,0.271918
50,04 07 13 14 22 24,0.10004913,0.59374535,-1.190514,1.604186,-0.138548,1.922486,0.000000,0.000000,0.582161
51,04 12 13 18 22 24,0.09998712,0.70380133,0.885964,1.620549,-0.831289,1.922486,0.000000,0.000000,0.496775
52,04 09 13 14 22 24,0.09982721,0.55000559,-1.467378,2.354172,0.092365,0.918202,0.000000,0.000000,0.593684
53,02 04 12 13 24 33,0.09939400,0.71769853,0.747532,1.163939,-0.369462,2.352894,0.000000,0.000000,1.019386
54,02 04 10 12 13 24,0.09925298,0.71007272,0.193805,1.591540,0.554193,2.065956,0.000000,0.000000,0.017841
55,02 04 06 13 14 24,0.09909831,0.64486832,-0.221491,2.037567,-0.138548,1.492079,0.000000,0.000000,-0.061023
56,04 06 13 14 22 24,0.09906163,0.57790830,-0.498355,2.399307,-1.062203,0.918202,0.000000,0.000000,0.270085
57,01 12 13 14 22 24,0.09891147,0.58277163,-0.359923,2.252762,-1.293117,1.061672,0.000000,0.000000,0.424986
58,04 10 12 13 22 24,0.09879151,0.64311270,-0.083059,1.953280,-0.369462,1.492079,0.000000,0.000000,0.286014
59,01 04 12 13 14 33,0.09858755,0.61992903,0.470668,1.566160,-2.678599,1.922486,0.000000,0.000000,0.542694
60,02 04 13 14 18 24,0.09850692,0.73231150,0.747532,1.403419,0.092365,2.209425,0.000000,0.000000,0.278056
61,04 12 13 22 24 33,0.09841215,0.65073851,0.470668,1.525679,-1.293117,1.779017,0.000000,0.000000,1.210465
62,02 04 10 13 14 24,0.09808323,0.67162286,-0.221491,1.736150,0.554193,1.779017,0.000000,0.000000,0.181657
63,04 13 14 18 22 24,0.09798254,0.66535148,0.470668,1.765159,-0.831289,1.635548,0.000000,0.000000,0.536910
64,01 02 12 13 14 24,0.09754319,0.64973164,-0.083059,1.891022,-0.369462,1.635548,0.000000,0.000000,-0.114271
65,04 10 13 14 22 24,0.09752119,0.60466285,-0.498355,2.097890,-0.369462,1.205141,0.000000,0.000000,0.434930
66,02 04 13 14 24 33,0.09726142,0.67924868,0.332236,1.308549,-0.369462,2.065956,0.000000,0.000000,1.040557
67,04 08 12 13 14 22,0.09706695,0.59284723,0.055373,2.093998,-2.216772,1.348610,0.000000,0.000000,-0.119494
68,01 04 12 13 14 18,0.09642483,0.67299185,0.885964,1.661030,-2.216772,2.065956,0.000000,0.000000,-0.724745
69,04 13 14 22 24 33,0.09616826,0.61228866,0.055373,1.670289,-1.293117,1.492079,0.000000,0.000000,1.215143
70,01 04 08 13 22 24,0.09616686,0.66769932,1.024396,2.592346,-0.600376,0.487795,0.000000,0.000000,0.458073
71,01 02 04 08 13 24,0.09525998,0.73465934,1.301260,2.230606,0.323279,1.061672,0.000000,0.000000,-0.012826
72,04 07 12 13 14 22,0.09514504,0.55190750,-1.467378,1.131296,-1.524031,2.496363,0.000000,0.000000,0.036643
73,04 09 12 13 14 22,0.09495339,0.50816773,-1.744242,1.881281,-1.293117,1.492079,0.000000,0.000000,0.052652
74,01 04 08 12 13 14,0.09427938,0.64232545,0.747532,2.462759,-2.216772,1.205141,0.000000,0.000000,-1.744395
75,04 06 12 13 14 22,0.09414239,0.53607045,-0.775218,1.926417,-2.447685,1.492079,0.000000,0.000000,-0.277677
76,01 04 06 13 22 24,0.09386880,0.61092254,0.193805,2.424766,-0.831289,0.631264,0.000000,0.000000,0.392708
77,04 12 13 14 22 33,0.09366962,0.57045081,-0.221491,1.197399,-2.678599,2.065956,0.000000,0.000000,1.026001
78,01 04 09 13 22 24,0.09335370,0.58301983,-0.775218,2.379630,0.323279,0.631264,0.000000,0.000000,0.526571
79,01 04 07 13 22 24,0.09333060,0.62675959,-0.498355,1.629644,0.092365,1.635548,0.000000,0.000000,0.478747
80,04 12 13 14 18 22,0.09295614,0.62351363,0.193805,1.292269,-2.216772,2.209425,0.000000,0.000000,-0.026729
81,01 04 13 18 22 24,0.09266444,0.69836572,1.162828,1.790618,-0.600376,1.348610,0.000000,0.000000,0.640973
82,01 02 04 09 13 24,0.09252900,0.64997984,-0.498355,2.017890,1.246934,1.205141,0.000000,0.000000,0.067848
83,01 02 04 07 13 24,0.09234154,0.69371961,-0.221491,1.267905,1.016020,2.209425,0.000000,0.000000,-0.004327
84,01 04 08 12 13 22,0.09212744,0.62586147,0.747532,2.119456,-1.985858,1.061672,0.000000,0.000000,0.040659
85,01 04 10 13 22 24,0.09196451,0.63767709,0.193805,2.123349,-0.138548,0.918202,0.000000,0.000000,0.503648
86,01 02 04 06 13 24,0.09194367,0.67788256,0.470668,2.063026,0.092365,1.205141,0.000000,0.000000,-0.229049
87,01 04 09 12 13 14,0.09187880,0.55764596,-1.052082,2.250043,-1.293117,1.348610,0.000000,0.000000,-1.614771
88,02 12 13 14 22 24,0.09187589,0.60025342,-0.775218,1.522261,-0.369462,1.779017,0.000000,0.000000,0.258014
89,01 02 04 13 18 24,0.09180269,0.76532574,1.439691,1.428878,0.323279,1.922486,0.000000,0.000000,0.176761
90,01 04 07 12 13 14,0.09179259,0.60138573,-0.775218,1.500057,-1.524031,2.352894,0.000000,0.000000,-1.671946
91,01 04 06 12 13 14,0.09177515,0.58554867,-0.083059,2.295178,-2.447685,1.348610,0.000000,0.000000,-1.840305
92,02 04 12 13 14 33,0.09171292,0.63741082,0.055373,0.835659,-1.754944,2.639832,0.000000,0.000000,0.399569
93,04 10 12 13 14 22,0.09170539,0.56282499,-0.775218,1.625000,-1.754944,1.779017,0.000000,0.000000,-0.245659
94,01 02 04 10 13 24,0.09122199,0.70463710,0.470668,1.761609,0.785107,1.492079,0.000000,0.000000,0.057100
95,01 04 08 13 14 22,0.08992341,0.58741161,0.332236,2.264066,-1.985858,0.774733,0.000000,0.000000,0.051244
96,01 04 10 12 13 14,0.08989388,0.61230322,-0.083059,1.993761,-1.754944,1.635548,0.000000,0.000000,-1.725954
97,01 02 04 13 24 33,0.08984396,0.71226292,1.024396,1.334008,-0.138548,1.779017,0.000000,0.000000,0.833594
98,01 04 06 12 13 22,0.08978645,0.56908469,-0.083059,1.951876,-2.216772,1.205141,0.000000,0.000000,-0.031067
99,01 04 13 22 24 33,0.08963013,0.64530290,0.747532,1.695748,-1.062203,1.205141,0.000000,0.000000,1.138456
100,01 04 09 12 13 22,0.08933574,0.54118197,-1.052082,1.906740,-1.062203,1.205141,0.000000,0.000000,0.112337
101,01 04 07 12 13 22,0.08926972,0.58492174,-0.775218,1.156754,-1.293117,2.209425,0.000000,0.000000,0.058153
102,02 04 08 13 22 24,0.08911945,0.68518111,0.609100,1.861845,0.323279,1.205141,0.000000,0.000000,0.289349
103,02 04 12 13 14 18,0.08838335,0.69047365,0.470668,0.930529,-1.293117,2.783301,0.000000,0.000000,-1.040743
104,01 04 12 13 18 22,0.08833863,0.65652787,0.885964,1.317728,-1.985858,1.922486,0.000000,0.000000,0.181130
105,01 04 10 12 13 22,0.08786480,0.59583923,-0.083059,1.650459,-1.524031,1.492079,0.000000,0.000000,0.077303
106,01 04 12 13 22 33,0.08765399,0.60346505,0.470668,1.222857,-2.447685,1.779017,0.000000,0.000000,1.026723
107,01 04 06 13 14 22,0.08760012,0.53063484,-0.498355,2.096486,-2.216772,0.918202,0.000000,0.000000,-0.017859
108,01 04 09 13 14 22,0.08712287,0.50273212,-1.467378,2.051350,-1.062203,0.918202,0.000000,0.000000,0.121611
109,02 04 09 13 22 24,0.08710883,0.60050162,-1.190514,1.649129,1.246934,1.348610,0.000000,0.000000,0.476747
110,02 04 07 13 22 24,0.08708826,0.64424139,-0.913650,0.899143,1.016020,2.352894,0.000000,0.000000,0.429297
111,01 04 07 13 14 22,0.08707454,0.54647189,-1.190514,1.301364,-1.293117,1.922486,0.000000,0.000000,0.070049
112,04 07 08 12 13 24,0.08692683,0.67221574,0.470668,1.704043,0.092365,1.348610,0.000000,0.000000,0.194072
113,04 08 09 12 13 24,0.08685455,0.62847597,0.193805,2.454029,0.323279,0.344326,0.000000,0.000000,0.227765
114,04 06 08 12 13 24,0.08661352,0.65637869,1.162828,2.499165,-0.831289,0.344326,0.000000,0.000000,-0.018121
115,01 04 13 14 18 22,0.08650136,0.61807802,0.470668,1.462338,-1.985858,1.635548,0.000000,0.000000,0.246052
116,01 02 12 13 22 24,0.08621736,0.63326766,-0.083059,1.547719,-0.138548,1.492079,0.000000,0.000000,0.311643
117,02 04 08 12 13 14,0.08614865,0.65980724,0.332236,1.732258,-1.293117,1.922486,0.000000,0.000000,-2.073614
118,02 04 06 13 22 24,0.08597002,0.62840433,-0.221491,1.694265,0.092365,1.348610,0.000000,0.000000,0.097851
119,01 04 10 13 14 22,0.08574629,0.55738938,-0.498355,1.795069,-1.524031,1.205141,0.000000,0.000000,0.100557
120,02 04 13 18 22 24,0.08560441,0.71584751,0.747532,1.060117,0.323279,2.065956,0.000000,0.000000,0.470381
121,01 04 13 14 22 33,0.08560271,0.56501519,0.055373,1.367467,-2.447685,1.492079,0.000000,0.000000,1.059939
122,04 06 09 12 13 24,0.08557392,0.57169920,-0.636787,2.286448,0.092365,0.487795,0.000000,0.000000,0.313135
123,01 04 12 14 22 24,0.08554523,0.57741127,-0.359923,1.733396,-1.062203,1.205141,0.000000,0.000000,0.357951
124,01 08 12 13 14 24,0.08535319,0.62279216,0.885964,2.497229,-1.062203,0.200857,0.000000,0.000000,0.309422
125,04 08 12 13 18 24,0.08504437,0.74382187,2.131851,1.865017,-0.600376,1.061672,0.000000,0.000000,0.176100
126,02 04 08 12 13 22,0.08504424,0.64334326,0.332236,1.388955,-1.062203,1.779017,0.000000,0.000000,-0.133367
127,04 08 12 13 24 33,0.08493741,0.69075905,1.716555,1.770146,-1.062203,0.918202,0.000000,0.000000,1.107279
128,02 04 10 13 22 24,0.08491457,0.65515888,-0.221491,1.392848,0.785107,1.635548,0.000000,0.000000,0.334551
129,04 07 09 12 13 24,0.08481942,0.58753625,-1.328946,1.491327,1.016020,1.492079,0.000000,0.000000,0.367129
130,04 07 08 13 14 24,0.08480505,0.63376589,0.055373,1.848653,0.092365,1.061672,0.000000,0.000000,0.216842
131,04 08 09 13 14 24,0.08472139,0.59002612,-0.221491,2.598639,0.323279,0.057388,0.000000,0.000000,0.248851
132,02 04 09 12 13 14,0.08455063,0.57512775,-1.467378,1.519542,-0.369462,2.065956,0.000000,0.000000,-1.825090
133,04 06 08 13 14 24,0.08449426,0.61792884,0.747532,2.643775,-0.831289,0.057388,0.000000,0.000000,0.005023
134,02 04 07 12 13 14,0.08446694,0.61886752,-1.190514,0.769556,-0.600376,3.070239,0.000000,0.000000,-1.881891
135,04 08 10 12 13 24,0.08440893,0.68313323,1.162828,2.197747,-0.138548,0.631264,0.000000,0.000000,0.048328
136,01 02 13 14 22 24,0.08426757,0.59481781,-0.498355,1.692329,-0.138548,1.205141,0.000000,0.000000,0.359894
137,01 02 04 12 14 24,0.08416321,0.64437129,-0.083059,1.371656,-0.138548,1.779017,0.000000,0.000000,-0.183340
138,04 06 07 12 13 24,0.08387406,0.61543897,-0.359923,1.536463,-0.138548,1.492079,0.000000,0.000000,0.016894
139,01 02 04 12 13 33,0.08365205,0.67042506,0.747532,0.861117,-1.524031,2.352894,0.000000,0.000000,0.097283
140,02 04 13 22 24 33,0.08358417,0.66278469,0.332236,0.965246,-0.138548,1.922486,0.000000,0.000000,1.118101
141,04 06 09 13 14 24,0.08344581,0.53324935,-1.052082,2.431058,0.092365,0.200857,0.000000,0.000000,0.334968
142,04 07 10 12 13 24,0.08344160,0.64219351,-0.359923,1.235046,0.554193,1.779017,0.000000,0.000000,0.345891
143,01 06 12 13 14 24,0.08338322,0.56601539,0.055373,2.329649,-1.293117,0.344326,0.000000,0.000000,0.292666
144,04 08 10 13 14 24,0.08322404,0.64468338,0.747532,2.342357,-0.138548,0.344326,0.000000,0.000000,0.209902
145,04 07 12 13 18 24,0.08313003,0.70288215,0.609100,0.902315,0.092365,2.209425,0.000000,0.000000,0.333359
146,02 04 09 12 13 22,0.08305509,0.55866377,-1.467378,1.176239,-0.138548,1.922486,0.000000,0.000000,0.057212
147,04 08 13 14 18 24,0.08300824,0.70537202,1.716555,2.009627,-0.600376,0.774733,0.000000,0.000000,0.211559
148,02 04 07 12 13 22,0.08299158,0.60240354,-1.190514,0.426253,-0.369462,2.926770,0.000000,0.000000,0.003401
149,04 06 12 13 18 24,0.08298885,0.68704509,1.301260,1.697436,-0.831289,1.205141,0.000000,0.000000,0.146668
150,04 09 12 13 18 24,0.08292324,0.65914238,0.332236,1.652301,0.323279,1.205141,0.000000,0.000000,0.347125
151,04 06 12 13 24 33,0.08291974,0.63398227,0.885964,1.602566,-1.293117,1.061672,0.000000,0.000000,1.083455
152,02 04 08 13 14 22,0.08283769,0.60489341,-0.083059,1.533565,-1.062203,1.492079,0.000000,0.000000,-0.123156
153,02 04 06 12 13 14,0.08279305,0.60303047,-0.498355,1.564677,-1.524031,2.065956,0.000000,0.000000,-2.295658
154,04 08 13 14 24 33,0.08278970,0.65230919,1.301260,1.914756,-1.062203,0.631264,0.000000,0.000000,1.126207
155,04 07 09 13 14 24,0.08268879,0.54908640,-1.744242,1.635937,1.016020,1.205141,0.000000,0.000000,0.388588
156,01 07 12 13 14 24,0.08262620,0.58185244,-0.636787,1.534527,-0.369462,1.348610,0.000000,0.000000,0.346286
157,01 09 12 13 14 24,0.08243708,0.53811267,-0.913650,2.284513,-0.138548,0.344326,0.000000,0.000000,0.362669
158,04 06 10 12 13 24,0.08243644,0.62635646,0.332236,2.030167,-0.369462,0.774733,0.000000,0.000000,0.031198
159,04 07 12 13 24 33,0.08223819,0.64981932,0.193805,0.807444,-0.369462,2.065956,0.000000,0.000000,1.148255
160,01 02 04 13 14 33,0.08202410,0.63197521,0.332236,1.005727,-1.524031,2.065956,0.000000,0.000000,0.193216
161,04 09 12 13 24 33,0.08199355,0.60607955,-0.083059,1.557430,-0.138548,1.061672,0.000000,0.000000,1.156413
162,02 04 06 12 13 22,0.08185187,0.58656648,-0.498355,1.221375,-1.293117,1.922486,0.000000,0.000000,-0.331226
163,04 06 07 13 14 24,0.08176365,0.57698911,-0.775218,1.681073,-0.138548,1.205141,0.000000,0.000000,0.041349
164,01 02 04 12 13 18,0.08164946,0.72348789,1.162828,0.955988,-1.062203,2.496363,0.000000,0.000000,-1.146432
165,02 04 12 13 22 33,0.08162316,0.62094684,0.055373,0.492356,-1.524031,2.496363,0.000000,0.000000,1.008611
166,04 09 10 12 13 24,0.08160351,0.59845374,-0.636787,1.985031,0.785107,0.774733,0.000000,0.000000,0.117974
167,04 07 10 13 14 24,0.08140534,0.60374366,-0.775218,1.379656,0.554193,1.492079,0.000000,0.000000,0.381331
168,01 12 13 14 18 24,0.08132872,0.65345857,1.024396,1.695501,-1.062203,1.061672,0.000000,0.000000,0.414981
169,04 06 10 13 14 24,0.08125659,0.58790661,-0.083059,2.174777,-0.369462,0.487795,0.000000,0.000000,0.193519
170,02 04 12 13 18 22,0.08124281,0.67400966,0.470668,0.587227,-1.062203,2.639832,0.000000,0.000000,0.005235
171,04 06 13 14 18 24,0.08123636,0.64859524,0.885964,1.842046,-0.831289,0.918202,0.000000,0.000000,0.224149
172,04 07 13 14 18 24,0.08109642,0.66443229,0.193805,1.046925,0.092365,1.922486,0.000000,0.000000,0.369191
173,02 04 10 12 13 14,0.08090673,0.62978501,-0.498355,1.263260,-0.831289,2.352894,0.000000,0.000000,-2.182055
174,04 09 13 14 18 24,0.08088458,0.62069253,-0.083059,1.796911,0.323279,0.918202,0.000000,0.000000,0.382210
175,02 04 09 13 14 22,0.08083969,0.52021392,-1.882673,1.320849,-0.138548,1.635548,0.000000,0.000000,0.066112
176,02 04 07 13 14 22,0.08079389,0.56395369,-1.605810,0.570863,-0.369462,2.639832,0.000000,0.000000,0.014923
177,04 06 13 14 24 33,0.08077707,0.59553242,0.470668,1.747176,-1.293117,0.774733,0.000000,0.000000,1.103130
178,04 12 13 18 24 33,0.08058494,0.72142545,1.854987,0.968418,-1.062203,1.779017,0.000000,0.000000,1.164241
179,04 10 12 13 18 24,0.08052157,0.71379964,1.301260,1.396019,-0.138548,1.492079,0.000000,0.000000,0.174200
180,04 09 10 13 14 24,0.08041610,0.56000389,-1.052082,2.129641,0.785107,0.487795,0.000000,0.000000,0.279174
181,04 10 12 13 24 33,0.08037677,0.66073682,0.885964,1.301149,-0.600376,1.348610,0.000000,0.000000,1.099772
182,04 07 13 14 24 33,0.08009299,0.61136947,-0.221491,0.952054,-0.369462,1.779017,0.000000,0.000000,1.167557
183,01 10 12 13 14 24,0.07999416,0.59276993,0.055373,2.028232,-0.600376,0.631264,0.000000,0.000000,0.183632
184,02 04 10 12 13 22,0.07992518,0.61332103,-0.498355,0.919958,-0.600376,2.209425,0.000000,0.000000,-0.223604
185,01 02 04 13 14 18,0.07984830,0.68503804,0.747532,1.100598,-1.062203,2.209425,0.000000,0.000000,-1.076161
186,04 09 13 14 24 33,0.07984331,0.56762970,-0.498355,1.702040,-0.138548,0.774733,0.000000,0.000000,1.174967
187,02 04 06 13 14 22,0.07966302,0.54811663,-0.913650,1.365985,-1.293117,1.635548,0.000000,0.000000,-0.318392
188,02 04 13 14 22 33,0.07956936,0.58249699,-0.359923,0.636966,-1.524031,2.209425,0.000000,0.000000,1.041453
189,02 04 13 14 18 22,0.07940302,0.63555981,0.055373,0.731837,-1.062203,2.352894,0.000000,0.000000,0.069783
190,01 04 06 08 13 24,0.07881922,0.65094308,1.439691,2.669233,-0.600376,-0.229551,0.000000,0.000000,0.056205
191,01 12 13 14 24 33,0.07879282,0.60039574,0.609100,1.600630,-1.524031,0.918202,0.000000,0.000000,0.986304
192,02 04 10 13 14 22,0.07865804,0.57487118,-0.913650,1.064568,-0.600376,1.922486,0.000000,0.000000,-0.074216
193,01 04 08 09 13 24,0.07861154,0.62304036,0.470668,2.624098,0.554193,-0.229551,0.000000,0.000000,0.235613
194,04 10 13 14 18 24,0.07858361,0.67534979,0.885964,1.540629,-0.138548,1.205141,0.000000,0.000000,0.224203
195,01 04 07 08 13 24,0.07848984,0.66678013,0.747532,1.874112,0.323279,0.774733,0.000000,0.000000,0.173181
196,01 02 12 13 14 22,0.07846752,0.55297996,-0.775218,1.219439,-1.524031,1.779017,0.000000,0.000000,-0.318363
197,02 08 12 13 14 24,0.07840899,0.64027396,0.470668,1.766728,-0.138548,0.918202,0.000000,0.000000,0.155991
198,04 13 14 18 24 33,0.07837644,0.68297560,1.439691,1.113028,-1.062203,1.492079,0.000000,0.000000,1.174165
199,04 10 13 14 24 33,0.07832722,0.62228696,0.470668,1.445759,-0.600376,1.061672,0.000000,0.000000,1.133244
200,04 08 12 13 14 33,0.07818594,0.61047134,1.024396,1.441866,-2.447685,1.205141,0.000000,0.000000,0.625184
201,01 02 04 08 12 13,0.07795063,0.69282148,1.024396,1.757716,-1.062203,1.635548,0.000000,0.000000,-2.396219
202,01 02 04 08 13 14,0.07752845,0.65437163,0.609100,1.902326,-1.062203,1.348610,0.000000,0.000000,-2.121649
203,01 04 08 10 13 24,0.07711213,0.67769762,1.439691,2.367816,0.092365,0.057388,0.000000,0.000000,0.196361
204,02 04 12 14 22 24,0.07683380,0.59489307,-0.775218,1.002895,-0.138548,1.922486,0.000000,0.000000,-0.057301
205,02 07 12 13 14 24,0.07648708,0.59933423,-1.052082,0.804026,0.554193,2.065956,0.000000,0.000000,0.312128
206,02 06 12 13 14 24,0.07644155,0.58349718,-0.359923,1.599147,-0.369462,1.061672,0.000000,0.000000,0.139608
207,02 09 12 13 14 24,0.07629543,0.55559447,-1.328946,1.554012,0.785107,1.061672,0.000000,0.000000,0.328137
208,01 04 06 09 13 24,0.07617376,0.56626359,-0.359923,2.456517,0.323279,-0.086081,0.000000,0.000000,0.149548
209,01 04 08 13 18 24,0.07612352,0.73838626,2.408714,2.035085,-0.369462,0.487795,0.000000,0.000000,0.083524
210,01 04 06 07 13 24,0.07607800,0.61000335,-0.083059,1.706531,0.092365,0.918202,0.000000,0.000000,0.090960
211,01 02 04 08 13 22,0.07595031,0.63790765,0.609100,1.559024,-0.831289,1.205141,0.000000,0.000000,-0.251585
212,01 02 04 09 12 13,0.07561582,0.60814199,-0.775218,1.545000,-0.138548,1.779017,0.000000,0.000000,-2.256852
213,08 12 13 14 22 24,0.07548064,0.57331394,0.193805,2.128468,-1.062203,0.344326,0.000000,0.000000,0.058688
214,04 07 12 13 14 33,0.07547409,0.56953162,-0.498355,0.479164,-1.754944,2.352894,0.000000,0.000000,0.664291
215,01 02 04 07 12 13,0.07539809,0.65188176,-0.498355,0.795014,-0.369462,2.783301,0.000000,0.000000,-2.333513
216,04 06 12 13 14 33,0.07528914,0.55369457,0.193805,1.274286,-2.678599,1.348610,0.000000,0.000000,0.471114
217,04 09 12 13 14 33,0.07525469,0.52579185,-0.775218,1.229150,-1.524031,1.348610,0.000000,0.000000,0.676188
218,04 12 13 14 18 33,0.07497306,0.64113775,1.162828,0.640138,-2.447685,2.065956,0.000000,0.000000,0.850982
219,01 04 06 13 18 24,0.07494787,0.68160948,1.578123,1.867505,-0.600376,0.631264,0.000000,0.000000,0.184447
220,01 02 04 07 13 14,0.07492721,0.61343191,-0.913650,0.939624,-0.369462,2.496363,0.000000,0.000000,-2.066157
221,01 04 06 10 13 24,0.07484905,0.62092085,0.609100,2.200236,-0.138548,0.200857,0.000000,0.000000,0.136178
222,01 02 04 09 13 14,0.07481008,0.56969214,-1.190514,1.689610,-0.138548,1.492079,0.000000,0.000000,-2.039107
223,01 04 07 09 13 24,0.07477024,0.58210064,-1.052082,1.661396,1.246934,0.918202,0.000000,0.000000,0.107388
224,01 04 08 13 24 33,0.07473338,0.68532343,1.993419,1.940215,-0.831289,0.344326,0.000000,0.000000,0.824596
225,01 04 09 10 13 24,0.07449261,0.59301813,-0.359923,2.155100,1.016020,0.200857,0.000000,0.000000,0.293548
226,01 02 04 06 12 13,0.07446099,0.63604471,0.193805,1.590136,-1.293117,1.779017,0.000000,0.000000,-2.638122
227,02 12 13 14 18 24,0.07429818,0.67094036,0.609100,0.965000,-0.138548,1.779017,0.000000,0.000000,0.248757
228,06 12 13 14 22 24,0.07423395,0.51653716,-0.636787,1.960887,-1.293117,0.487795,0.000000,0.000000,0.149086
229,07 12 13 14 22 24,0.07395123,0.53237422,-1.328946,1.165766,-0.369462,1.492079,0.000000,0.000000,0.272976
230,01 02 04 06 13 14,0.07394141,0.59759486,-0.221491,1.734746,-1.293117,1.492079,0.000000,0.000000,-2.377980
231,01 02 04 10 13 14,0.07384550,0.62434940,-0.221491,1.433329,-0.600376,1.779017,0.000000,0.000000,-1.999122
232,01 04 07 10 13 24,0.07349107,0.63675790,-0.083059,1.405114,0.785107,1.205141,0.000000,0.000000,0.100765
233,01 04 06 13 24 33,0.07331697,0.62854666,1.162828,1.772634,-1.062203,0.487795,0.000000,0.000000,0.889850
234,01 04 09 13 18 24,0.07331541,0.65370677,0.609100,1.822369,0.554193,0.631264,0.000000,0.000000,0.152770
235,01 04 07 13 18 24,0.07328222,0.69744653,0.885964,1.072383,0.323279,1.635548,0.000000,0.000000,0.103451
236,01 02 04 09 13 22,0.07322185,0.55322816,-1.190514,1.346308,0.092365,1.348610,0.000000,0.000000,-0.170538
237,02 10 12 13 14 24,0.07304744,0.61025173,-0.359923,1.297730,0.323279,1.348610,0.000000,0.000000,0.029827
238,01 02 04 07 13 22,0.07302934,0.59696793,-0.913650,0.596322,-0.138548,2.352894,0.000000,0.000000,-0.243460
239,04 08 12 13 14 18,0.07298915,0.66353417,1.439691,1.536737,-1.985858,1.348610,0.000000,0.000000,-1.091761
240,01 08 12 13 22 24,0.07298796,0.60632818,0.885964,2.153927,-0.831289,0.057388,0.000000,0.000000,0.581346
241,09 12 13 14 22 24,0.07291032,0.48863445,-1.605810,1.915752,-0.138548,0.487795,0.000000,0.000000,0.163164
242,01 02 04 10 12 13,0.07284276,0.66279925,0.193805,1.288719,-0.600376,2.065956,0.000000,0.000000,-2.484800
243,04 10 12 13 14 33,0.07279663,0.58044911,0.193805,0.972868,-1.985858,1.635548,0.000000,0.000000,0.494908
244,02 12 13 14 24 33,0.07277634,0.61787754,0.193805,0.870129,-0.600376,1.635548,0.000000,0.000000,0.970317
245,01 02 04 13 18 22,0.07271693,0.66857405,0.747532,0.757295,-0.831289,2.065956,0.000000,0.000000,-0.028826
246,01 02 04 06 13 22,0.07262894,0.58113087,-0.221491,1.391443,-1.062203,1.348610,0.000000,0.000000,-0.468556
247,04 07 08 13 22 24,0.07246001,0.61730191,0.055373,1.505351,0.323279,0.918202,0.000000,0.000000,0.491757
248,02 04 08 09 13 24,0.07238434,0.64052216,0.055373,1.893597,1.477848,0.487795,0.000000,0.000000,0.188407
249,04 08 09 13 22 24,0.07235616,0.57356214,-0.221491,2.255337,0.554193,-0.086081,0.000000,0.000000,0.520774
250,02 04 07 08 13 24,0.07226517,0.68426192,0.332236,1.143611,1.246934,1.492079,0.000000,0.000000,0.126348
251,01 02 08 12 13 24,0.07226043,0.67328820,1.162828,1.792187,0.092365,0.631264,0.000000,0.000000,0.137019
252,01 02 04 13 22 33,0.07204537,0.61551123,0.332236,0.662425,-1.293117,1.922486,0.000000,0.000000,0.818706
253,01 04 10 13 18 24,0.07193127,0.70836403,1.578123,1.566088,0.092365,0.918202,0.000000,0.000000,0.130595
254,01 02 04 10 13 22,0.07191736,0.60788542,-0.221491,1.090026,-0.369462,1.635548,0.000000,0.000000,-0.180912
255,04 07 12 13 14 18,0.07144322,0.62259444,-0.083059,0.574035,-1.293117,2.496363,0.000000,0.000000,-0.879920
256,01 02 04 12 22 24,0.07137994,0.62790731,-0.083059,1.028354,0.092365,1.635548,0.000000,0.000000,0.026650
257,04 06 08 13 22 24,0.07130542,0.60146485,0.747532,2.300472,-0.600376,-0.086081,0.000000,0.000000,0.154925
258,04 09 12 13 14 18,0.07126166,0.57885467,-0.359923,1.324020,-1.062203,1.492079,0.000000,0.000000,-0.862416
259,01 04 08 12 13 33,0.07121931,0.64348558,1.716555,1.467325,-2.216772,0.918202,0.000000,0.000000,0.485015
260,01 04 07 13 24 33,0.07110719,0.64438371,0.470668,0.977513,-0.138548,1.492079,0.000000,0.000000,0.728239
261,01 04 09 13 24 33,0.07110253,0.60064394,0.193805,1.727499,0.092365,0.487795,0.000000,0.000000,0.771951
262,01 06 12 13 22 24,0.07103818,0.54955140,0.055373,1.986346,-1.062203,0.200857,0.000000,0.000000,0.567580
263,02 04 06 08 13 24,0.07093810,0.66842487,1.024396,1.938732,0.323279,0.487795,0.000000,0.000000,-0.236035
264,01 04 08 12 14 24,0.07093713,0.61743181,0.885964,1.977864,-0.831289,0.344326,0.000000,0.000000,0.086856
265,01 04 13 18 24 33,0.07089350,0.71598984,2.131851,1.138486,-0.831289,1.205141,0.000000,0.000000,0.957501
266,01 08 13 14 22 24,0.07077313,0.56787833,0.470668,2.298537,-0.831289,-0.229551,0.000000,0.000000,0.590332
267,04 06 12 13 14 18,0.07076534,0.60675739,0.609100,1.369156,-2.216772,1.492079,0.000000,0.000000,-1.146125
268,01 04 10 13 24 33,0.07050327,0.65530120,1.162828,1.471217,-0.369462,0.774733,0.000000,0.000000,0.866059
269,01 07 12 13 22 24,0.07027107,0.56538846,-0.636787,1.191225,-0.138548,1.205141,0.000000,0.000000,0.619705
270,04 06 09 13 22 24,0.07024687,0.51678536,-1.052082,2.087756,0.323279,0.057388,0.000000,0.000000,0.483375
271,01 02 08 13 14 24,0.07015883,0.63483834,0.747532,1.936797,0.092365,0.344326,0.000000,0.000000,0.162780
272,02 04 08 10 13 24,0.07007986,0.69517942,1.024396,1.637315,1.016020,0.774733,0.000000,0.000000,0.029881
273,01 09 12 13 22 24,0.07006175,0.52164869,-0.913650,1.941211,0.092365,0.200857,0.000000,0.000000,0.633097
274,01 02 06 12 13 24,0.07002265,0.61651142,0.332236,1.624606,-0.138548,0.774733,0.000000,0.000000,0.080586
275,04 08 10 13 22 24,0.06999482,0.62821940,0.747532,1.999055,0.092365,0.200857,0.000000,0.000000,0.353823
276,02 04 06 09 13 24,0.06994908,0.58374538,-0.775218,1.726016,1.246934,0.631264,0.000000,0.000000,0.102715
277,02 04 08 13 18 24,0.06993505,0.75586805,1.993419,1.304584,0.554193,1.205141,0.000000,0.000000,0.042056
278,04 08 13 18 22 24,0.06971536,0.68890803,1.716555,1.666324,-0.369462,0.631264,0.000000,0.000000,0.346049
279,02 04 08 13 24 33,0.06955898,0.70280523,1.578123,1.209714,0.092365,1.061672,0.000000,0.000000,0.933364
280,01 04 08 13 14 33,0.06955091,0.60503573,1.301260,1.611935,-2.216772,0.631264,0.000000,0.000000,0.574955
281,01 02 04 14 22 24,0.06949303,0.58945745,-0.498355,1.172964,0.092365,1.348610,0.000000,0.000000,0.084217
282,04 07 09 13 22 24,0.06947976,0.53262242,-1.744242,1.292635,1.246934,1.061672,0.000000,0.000000,0.535500
283,01 02 09 12 13 24,0.06946873,0.58860871,-0.636787,1.579471,1.016020,0.774733,0.000000,0.000000,0.208698
284,04 06 07 13 22 24,0.06943880,0.56052513,-0.775218,1.337770,0.092365,1.061672,0.000000,0.000000,0.319254
285,01 02 07 12 13 24,0.06940270,0.63234847,-0.359923,0.829485,0.785107,1.779017,0.000000,0.000000,0.154513
286,02 04 07 09 13 24,0.06934811,0.59958243,-1.467378,0.930895,2.170589,1.635548,0.000000,0.000000,0.179455
287,01 12 13 18 22 24,0.06920946,0.63699458,1.024396,1.352198,-0.831289,0.918202,0.000000,0.000000,0.723346
288,12 13 14 22 24 33,0.06916249,0.55091752,-0.083059,1.231869,-1.524031,1.061672,0.000000,0.000000,0.771455
289,04 08 13 22 24 33,0.06905188,0.63584521,1.301260,1.571454,-0.831289,0.487795,0.000000,0.000000,1.194779
290,02 04 06 07 13 24,0.06900195,0.62748515,-0.498355,0.976030,1.016020,1.635548,0.000000,0.000000,-0.082007
291,01 04 09 12 14 24,0.06894546,0.53275232,-0.913650,1.765148,0.092365,0.487795,0.000000,0.000000,0.277060
292,01 04 06 12 13 33,0.06890608,0.58670881,0.885964,1.299744,-2.447685,1.061672,0.000000,0.000000,0.417401
293,01 04 12 13 18 33,0.06889182,0.67415199,1.854987,0.665596,-2.216772,1.779017,0.000000,0.000000,0.841985
294,01 04 07 12 14 24,0.06888700,0.57649209,-0.636787,1.015162,-0.138548,1.492079,0.000000,0.000000,0.223997
295,01 06 13 14 22 24,0.06882840,0.51110155,-0.359923,2.130956,-1.062203,-0.086081,0.000000,0.000000,0.577314
296,01 04 06 12 14 24,0.06860371,0.56065503,0.055373,1.810283,-1.062203,0.487795,0.000000,0.000000,0.016252
297,01 02 12 13 18 24,0.06857405,0.70395460,1.301260,0.990458,0.092365,1.492079,0.000000,0.000000,0.292666
298,01 04 08 12 13 18,0.06849448,0.69654841,2.131851,1.562195,-1.754944,1.061672,0.000000,0.000000,-0.865703
299,04 10 12 13 14 18,0.06834853,0.63351193,0.609100,1.067739,-1.524031,1.779017,0.000000,0.000000,-1.111116
300,04 06 13 18 22 24,0.06829348,0.63213126,0.885964,1.498744,-0.600376,0.774733,0.000000,0.000000,0.410493
301,10 12 13 14 22 24,0.06828742,0.54329171,-0.636787,1.659470,-0.600376,0.774733,0.000000,0.000000,-0.338843
302,02 04 09 10 13 24,0.06826289,0.61049993,-0.775218,1.424599,1.939675,0.918202,0.000000,0.000000,0.245967
303,04 07 10 13 22 24,0.06818622,0.58727968,-0.775218,1.036353,0.785107,1.348610,0.000000,0.000000,0.526748
304,04 07 13 18 22 24,0.06814345,0.64796831,0.193805,0.703622,0.323279,1.779017,0.000000,0.000000,0.554040
305,02 04 07 10 13 24,0.06811777,0.65423969,-0.498355,0.674613,1.708762,1.922486,0.000000,0.000000,0.180066
306,01 07 13 14 22 24,0.06805877,0.52693860,-1.052082,1.335835,-0.138548,0.918202,0.000000,0.000000,0.629064
307,04 06 10 13 22 24,0.06804756,0.57144262,-0.083059,1.831474,-0.138548,0.344326,0.000000,0.000000,0.340431
308,04 09 10 13 22 24,0.06803068,0.54353991,-1.052082,1.786339,1.016020,0.344326,0.000000,0.000000,0.548107
309,01 02 06 13 14 24,0.06793876,0.57806157,-0.083059,1.769216,-0.138548,0.487795,0.000000,0.000000,0.108969
310,02 04 09 13 18 24,0.06792949,0.67118856,0.193805,1.091868,1.477848,1.348610,0.000000,0.000000,0.230202
311,02 04 06 13 18 24,0.06790802,0.69909127,1.162828,1.137004,0.323279,1.348610,0.000000,0.000000,0.016845
312,12 13 14 18 22 24,0.06790173,0.60398034,0.332236,1.326740,-1.062203,1.205141,0.000000,0.000000,-0.362356
313,02 04 07 13 18 24,0.06789882,0.71492833,0.470668,0.341882,1.246934,2.352894,0.000000,0.000000,0.181256
314,01 09 13 14 22 24,0.06784441,0.48319884,-1.328946,2.085821,0.092365,-0.086081,0.000000,0.000000,0.641709
315,02 04 06 10 13 24,0.06781930,0.63840264,0.193805,1.469734,0.785107,0.918202,0.000000,0.000000,-0.029929
316,01 04 09 12 13 33,0.06760993,0.55880609,-0.083059,1.254609,-1.293117,1.061672,0.000000,0.000000,0.435550
317,01 10 12 13 22 24,0.06760874,0.57630595,0.055373,1.684929,-0.369462,0.487795,0.000000,0.000000,0.452565
318,04 09 13 18 22 24,0.06758161,0.60422854,-0.083059,1.453608,0.554193,0.774733,0.000000,0.000000,0.515204
319,01 04 07 12 13 33,0.06757166,0.60254586,0.193805,0.504623,-1.524031,2.065956,0.000000,0.000000,0.385477
320,04 07 08 12 13 22,0.06750474,0.57546406,-0.221491,1.032461,-1.062203,1.492079,0.000000,0.000000,-0.061343
321,04 08 09 12 13 22,0.06743750,0.53172429,-0.498355,1.782446,-0.831289,0.487795,0.000000,0.000000,-0.026901
322,04 07 08 12 13 14,0.06739829,0.59192804,-0.221491,1.375763,-1.293117,1.635548,0.000000,0.000000,-2.180984
323,01 02 09 13 14 24,0.06735829,0.55015885,-1.052082,1.724081,1.016020,0.487795,0.000000,0.000000,0.233147
324,04 08 09 12 13 14,0.06735124,0.54818827,-0.498355,2.125749,-1.062203,0.631264,0.000000,0.000000,-2.143552
325,01 02 07 13 14 24,0.06730996,0.59389862,-0.775218,0.974095,0.785107,1.492079,0.000000,0.000000,0.181585
326,02 04 06 13 24 33,0.06729120,0.64602845,0.747532,1.042133,-0.138548,1.205141,0.000000,0.000000,0.872486
327,01 04 06 13 14 33,0.06725538,0.54825895,0.470668,1.444354,-2.447685,0.774733,0.000000,0.000000,0.509964
328,04 06 08 12 13 22,0.06718891,0.55962700,0.470668,1.827582,-1.985858,0.487795,0.000000,0.000000,-0.273909
329,04 08 12 13 22 33,0.06718172,0.59400736,1.024396,1.098564,-2.216772,1.061672,0.000000,0.000000,1.098747
330,01 02 10 12 13 24,0.06714390,0.64326597,0.332236,1.323189,0.554193,1.061672,0.000000,0.000000,0.047156
331,04 06 08 12 13 14,0.06707236,0.57609098,0.470668,2.170884,-2.216772,0.631264,0.000000,0.000000,-2.395046
332,01 04 12 14 18 24,0.06706316,0.64809821,1.024396,1.176135,-0.831289,1.205141,0.000000,0.000000,0.214710
333,04 06 13 22 24 33,0.06705945,0.57906843,0.470668,1.403873,-1.062203,0.631264,0.000000,0.000000,1.174693
334,01 13 14 18 22 24,0.06705881,0.59854473,0.609100,1.496808,-0.831289,0.631264,0.000000,0.000000,0.741838
335,01 04 10 12 13 33,0.06692892,0.61346335,0.885964,0.998327,-1.754944,1.348610,0.000000,0.000000,0.517546
336,01 04 13 14 18 33,0.06685064,0.63570213,1.439691,0.810206,-2.216772,1.492079,0.000000,0.000000,0.876696
337,02 04 07 13 24 33,0.06673786,0.66186551,0.055373,0.247012,0.785107,2.209425,0.000000,0.000000,0.956282
338,02 04 09 13 24 33,0.06673067,0.61812574,-0.221491,0.996998,1.016020,1.205141,0.000000,0.000000,0.999619
339,01 04 10 12 14 24,0.06666693,0.58740958,0.055373,1.508866,-0.369462,0.774733,0.000000,0.000000,0.122378
340,01 02 13 14 18 24,0.06663435,0.66550475,0.885964,1.135068,0.092365,1.205141,0.000000,0.000000,0.342412
341,01 10 13 14 22 24,0.06652215,0.53785610,-0.359923,1.829539,-0.369462,0.200857,0.000000,0.000000,0.628702
342,01 04 08 13 14 18,0.06647671,0.65809855,1.716555,1.706805,-1.754944,0.774733,0.000000,0.000000,-0.827524
343,01 04 06 12 13 18,0.06647321,0.63977163,1.301260,1.394615,-1.985858,1.205141,0.000000,0.000000,-0.890061
344,04 06 09 12 13 14,0.06646702,0.49141149,-1.328946,1.958168,-1.293117,0.774733,0.000000,0.000000,-1.999452
345,04 07 13 22 24 33,0.06636527,0.59490549,-0.221491,0.608752,-0.138548,1.635548,0.000000,0.000000,1.237623
346,01 02 12 13 24 33,0.06633897,0.65089178,0.885964,0.895588,-0.369462,1.348610,0.000000,0.000000,0.908557
347,04 06 09 12 13 22,0.06615182,0.47494751,-1.328946,1.614866,-1.062203,0.631264,0.000000,0.000000,0.057721
348,04 09 13 22 24 33,0.06609540,0.55116572,-0.498355,1.358738,0.092365,0.631264,0.000000,0.000000,1.242044
349,02 08 12 13 22 24,0.06603367,0.62380997,0.470668,1.423426,0.092365,0.774733,0.000000,0.000000,0.426420
350,01 12 13 22 24 33,0.06602375,0.58393176,0.609100,1.257328,-1.293117,0.774733,0.000000,0.000000,1.198399
351,01 08 12 13 14 22,0.06599154,0.52604047,0.193805,1.825646,-2.216772,0.344326,0.000000,0.000000,0.062964
352,01 02 10 13 14 24,0.06598172,0.60481611,-0.083059,1.467799,0.554193,0.774733,0.000000,0.000000,0.212094
353,01 04 09 13 14 33,0.06593268,0.52035624,-0.498355,1.399219,-1.293117,0.774733,0.000000,0.000000,0.524179
354,01 04 07 13 14 33,0.06591211,0.56409601,-0.221491,0.649233,-1.524031,1.779017,0.000000,0.000000,0.476729
355,01 04 12 14 24 33,0.06580249,0.59503539,0.609100,1.081265,-1.293117,1.061672,0.000000,0.000000,0.974964
356,02 04 10 13 18 24,0.06574027,0.72584582,1.162828,0.835587,1.016020,1.635548,0.000000,0.000000,0.088752
357,04 07 09 12 13 14,0.06572514,0.50724855,-2.021105,1.163047,-0.369462,1.779017,0.000000,0.000000,-1.943589
358,01 04 09 12 13 18,0.06570783,0.61186891,0.332236,1.349479,-0.831289,1.205141,0.000000,0.000000,-0.793277
359,02 04 13 18 24 33,0.06570648,0.73347163,1.716555,0.407985,0.092365,1.922486,0.000000,0.000000,1.064400
360,01 04 07 12 13 18,0.06563171,0.65560868,0.609100,0.599493,-1.062203,2.209425,0.000000,0.000000,-0.848957
361,04 10 13 18 22 24,0.06560036,0.65888580,0.885964,1.197327,0.092365,1.061672,0.000000,0.000000,0.404566
362,04 08 12 13 18 22,0.06551890,0.64707018,1.439691,1.193434,-1.754944,1.205141,0.000000,0.000000,-0.094631
363,04 07 09 12 13 22,0.06539985,0.49078456,-2.021105,0.819744,-0.138548,1.635548,0.000000,0.000000,0.112088
364,01 04 10 13 14 33,0.06534604,0.57501350,0.470668,1.142937,-1.754944,1.061672,0.000000,0.000000,0.620156
365,02 04 10 13 24 33,0.06532635,0.67278300,0.747532,0.740716,0.554193,1.492079,0.000000,0.000000,0.974454
366,04 07 08 13 14 22,0.06528557,0.53701420,-0.636787,1.177071,-1.062203,1.205141,0.000000,0.000000,-0.053001
367,04 08 09 13 14 22,0.06520696,0.49327443,-0.913650,1.927056,-0.831289,0.200857,0.000000,0.000000,-0.020244
368,02 04 08 12 13 33,0.06520615,0.66096738,1.301260,0.736824,-1.293117,1.635548,0.000000,0.000000,0.469519
369,04 06 12 13 22 33,0.06515900,0.53723058,0.193805,0.930983,-2.447685,1.205141,0.000000,0.000000,1.074175
370,04 08 13 14 22 33,0.06511278,0.55555751,0.609100,1.243174,-2.216772,0.774733,0.000000,0.000000,1.129346
371,04 08 10 12 13 22,0.06499440,0.58638155,0.470668,1.526165,-1.293117,0.774733,0.000000,0.000000,-0.205964
372,04 06 08 13 14 22,0.06497226,0.52117715,0.055373,1.972192,-1.985858,0.200857,0.000000,0.000000,-0.265194
373,04 08 10 12 13 14,0.06491823,0.60284553,0.470668,1.869467,-1.524031,0.918202,0.000000,0.000000,-2.321120
374,01 02 04 12 14 22,0.06476372,0.54761960,-0.775218,0.700074,-1.293117,1.922486,0.000000,0.000000,-0.435407
375,01 04 06 13 14 18,0.06475174,0.60132178,0.885964,1.539225,-1.985858,0.918202,0.000000,0.000000,-0.807984
376,01 04 10 12 13 18,0.06457175,0.66652617,1.301260,1.093198,-1.293117,1.492079,0.000000,0.000000,-0.778701
377,04 10 13 22 24 33,0.06456922,0.60582298,0.470668,1.102456,-0.369462,0.918202,0.000000,0.000000,1.198825
378,04 07 12 13 22 33,0.06447997,0.55306764,-0.498355,0.135862,-1.524031,2.209425,0.000000,0.000000,1.139349
379,04 06 07 12 13 22,0.06444692,0.51868728,-1.052082,0.864880,-1.293117,1.635548,0.000000,0.000000,-0.239268
380,04 13 18 22 24 33,0.06440954,0.66651161,1.439691,0.769725,-0.831289,1.348610,0.000000,0.000000,1.208796
381,04 07 10 12 13 14,0.06435994,0.56190581,-1.052082,0.906765,-0.831289,2.065956,0.000000,0.000000,-1.962958
382,01 02 13 14 24 33,0.06428769,0.61244193,0.470668,1.040198,-0.369462,1.061672,0.000000,0.000000,0.941773
383,04 09 12 13 22 33,0.06424038,0.50932787,-0.775218,0.885848,-1.293117,1.205141,0.000000,0.000000,1.148255
384,02 07 12 13 22 24,0.06412185,0.58287025,-1.052082,0.460724,0.785107,1.922486,0.000000,0.000000,0.584052
385,02 06 12 13 22 24,0.06408641,0.56703320,-0.359923,1.255845,-0.138548,0.918202,0.000000,0.000000,0.413027
386,04 07 10 12 13 22,0.06402456,0.54544182,-1.052082,0.563463,-0.600376,1.922486,0.000000,0.000000,0.091224
387,01 06 12 13 14 22,0.06401653,0.46926370,-0.636787,1.658066,-2.447685,0.487795,0.000000,0.000000,0.045459
388,01 04 07 13 14 18,0.06395260,0.61715883,0.193805,0.744103,-1.062203,1.922486,0.000000,0.000000,-0.760603
389,04 06 09 13 14 22,0.06392633,0.43649766,-1.744242,1.759476,-1.062203,0.344326,0.000000,0.000000,0.065125
390,02 09 12 13 22 24,0.06391001,0.53913048,-1.328946,1.210709,1.016020,0.918202,0.000000,0.000000,0.597070
391,04 06 07 12 13 14,0.06384742,0.53515126,-1.052082,1.208182,-1.524031,1.779017,0.000000,0.000000,-2.431957
392,02 08 13 14 22 24,0.06381632,0.58536012,0.055373,1.568036,0.092365,0.487795,0.000000,0.000000,0.435031
393,01 13 14 22 24 33,0.06380994,0.54548191,0.193805,1.401938,-1.293117,0.487795,0.000000,0.000000,1.207534
394,04 06 12 13 18 22,0.06378815,0.59029340,0.609100,1.025853,-1.985858,1.348610,0.000000,0.000000,-0.075947
395,04 08 10 13 14 22,0.06371213,0.54793170,0.055373,1.670775,-1.293117,0.487795,0.000000,0.000000,-0.058819
396,01 04 09 13 14 18,0.06368121,0.57341906,-0.083059,1.494089,-0.831289,0.918202,0.000000,0.000000,-0.756409
397,04 07 12 13 18 22,0.06360203,0.60613046,-0.083059,0.230732,-1.062203,2.352894,0.000000,0.000000,0.062254
398,02 04 08 13 14 33,0.06353523,0.62251753,0.885964,0.881434,-1.293117,1.348610,0.000000,0.000000,0.559085
399,04 08 13 14 18 22,0.06348781,0.60862033,1.024396,1.338044,-1.754944,0.918202,0.000000,0.000000,-0.058424
400,04 09 12 13 18 22,0.06340029,0.56239069,-0.359923,0.980718,-0.831289,1.348610,0.000000,0.000000,0.076768
401,01 07 12 13 14 22,0.06326204,0.48510075,-1.328946,0.862945,-1.524031,1.492079,0.000000,0.000000,0.099453
402,04 07 09 13 14 22,0.06317183,0.45233471,-2.436401,0.964354,-0.138548,1.348610,0.000000,0.000000,0.119119
403,02 04 08 12 14 24,0.06309727,0.63491360,0.470668,1.247363,0.092365,1.061672,0.000000,0.000000,-0.199272
404,04 06 13 14 22 33,0.06309511,0.49878073,-0.221491,1.075593,-2.447685,0.918202,0.000000,0.000000,1.105521
405,01 09 12 13 14 22,0.06307796,0.44136098,-1.605810,1.612930,-1.293117,0.487795,0.000000,0.000000,0.116584
406,04 12 13 18 22 33,0.06305315,0.62467376,1.162828,0.296835,-2.216772,1.922486,0.000000,0.000000,1.188882
407,04 06 10 12 13 22,0.06301687,0.52960477,-0.359923,1.358584,-1.524031,0.918202,0.000000,0.000000,-0.223843
408,04 06 10 12 13 14,0.06292051,0.54606875,-0.359923,1.701887,-1.754944,1.061672,0.000000,0.000000,-2.341988
409,02 04 12 13 18 33,0.06286605,0.69163378,1.439691,-0.064905,-1.293117,2.496363,0.000000,0.000000,0.824620
410,04 08 12 14 22 24,0.06284845,0.56795358,0.193805,1.609102,-0.831289,0.487795,0.000000,0.000000,0.100406
411,01 04 10 13 14 18,0.06263949,0.62807632,0.885964,1.237808,-1.293117,1.205141,0.000000,0.000000,-0.727852
412,04 10 12 13 22 33,0.06262612,0.56398513,0.193805,0.629566,-1.754944,1.492079,0.000000,0.000000,1.091987
413,01 04 06 08 12 13,0.06242433,0.60910523,1.162828,2.196343,-1.985858,0.344326,0.000000,0.000000,-2.191709
414,04 07 13 14 22 33,0.06241355,0.51461778,-0.913650,0.280472,-1.524031,1.922486,0.000000,0.000000,1.170321
415,02 04 09 12 13 33,0.06239932,0.57628789,-0.498355,0.524108,-0.369462,1.779017,0.000000,0.000000,0.538954
416,02 04 07 12 13 33,0.06236357,0.62002765,-0.221491,-0.225878,-0.600376,2.783301,0.000000,0.000000,0.489256
417,01 12 13 14 18 22,0.06229342,0.55670688,0.332236,1.023918,-2.216772,1.205141,0.000000,0.000000,0.216870
418,01 04 08 09 12 13,0.06226207,0.58120251,0.193805,2.151208,-0.831289,0.344326,0.000000,0.000000,-2.005572
419,04 06 07 13 14 22,0.06223913,0.48023743,-1.467378,1.009490,-1.293117,1.348610,0.000000,0.000000,-0.229241
420,04 09 10 12 13 22,0.06219151,0.50170206,-1.328946,1.313449,-0.369462,0.918202,0.000000,0.000000,-0.135945
421,04 09 13 14 22 33,0.06216892,0.47087802,-1.190514,1.030458,-1.293117,0.918202,0.000000,0.000000,1.178480
422,02 12 13 18 22 24,0.06216883,0.65447638,0.609100,0.621697,0.092365,1.635548,0.000000,0.000000,0.555627
423,01 04 07 08 12 13,0.06211009,0.62494228,0.470668,1.401222,-1.062203,1.348610,0.000000,0.000000,-2.072490
424,02 04 06 12 13 33,0.06204154,0.60419060,0.470668,0.569243,-1.524031,1.779017,0.000000,0.000000,0.275772
425,04 06 13 14 18 22,0.06204070,0.55184355,0.193805,1.170463,-1.985858,1.061672,0.000000,0.000000,0.002282
426,01 04 06 08 13 14,0.06199205,0.57065537,0.747532,2.340953,-1.985858,0.057388,0.000000,0.000000,-1.918635
427,02 04 09 12 14 24,0.06190814,0.55023411,-1.328946,1.034646,1.016020,1.205141,0.000000,0.000000,0.109832
428,02 07 13 14 22 24,0.06190703,0.54442040,-1.467378,0.605334,0.785107,1.635548,0.000000,0.000000,0.593038
429,04 07 13 14 18 22,0.06190328,0.56768061,-0.498355,0.375342,-1.062203,2.065956,0.000000,0.000000,0.147697
430,04 07 10 13 14 22,0.06189091,0.50699197,-1.467378,0.708073,-0.600376,1.635548,0.000000,0.000000,0.112236
431,02 06 13 14 22 24,0.06187411,0.52858334,-0.775218,1.400455,-0.138548,0.631264,0.000000,0.000000,0.422387
432,02 04 07 12 14 24,0.06185221,0.59397388,-1.052082,0.284661,0.785107,2.209425,0.000000,0.000000,0.057143
433,04 07 12 14 22 24,0.06174422,0.52701386,-1.328946,0.646401,-0.138548,1.635548,0.000000,0.000000,0.377686
434,04 06 10 13 14 22,0.06173964,0.49115492,-0.775218,1.503194,-1.524031,0.631264,0.000000,0.000000,-0.075950
435,02 09 13 14 22 24,0.06169014,0.50068063,-1.744242,1.355319,1.016020,0.631264,0.000000,0.000000,0.605308
436,01 04 07 08 13 14,0.06167529,0.58649243,0.055373,1.545832,-1.062203,1.061672,0.000000,0.000000,-1.799789
437,04 09 10 12 13 14,0.06165257,0.51816604,-1.328946,1.656751,-0.600376,1.061672,0.000000,0.000000,-2.319661
438,04 09 12 14 22 24,0.06152482,0.48327409,-1.605810,1.396386,0.092365,0.631264,0.000000,0.000000,0.389583
439,01 04 08 09 13 14,0.06144118,0.54275266,-0.221491,2.295818,-0.831289,0.057388,0.000000,0.000000,-1.790070
440,04 09 13 14 18 22,0.06136668,0.52394084,-0.775218,1.125328,-0.831289,1.061672,0.000000,0.000000,0.112600
441,04 10 12 13 18 22,0.06133096,0.61704795,0.609100,0.724436,-1.293117,1.635548,0.000000,0.000000,-0.046920
442,02 04 08 12 13 18,0.06131446,0.71403020,1.716555,0.831694,-0.831289,1.779017,0.000000,0.000000,-1.054072
443,01 12 13 14 22 33,0.06104469,0.50364406,-0.083059,0.929048,-2.678599,1.061672,0.000000,0.000000,0.978893
444,04 09 10 13 14 22,0.06090671,0.46325220,-1.744242,1.458059,-0.369462,0.631264,0.000000,0.000000,0.010827
445,04 13 14 18 22 33,0.06084971,0.58622391,0.747532,0.441445,-2.216772,1.635548,0.000000,0.000000,1.199553
446,02 04 13 14 18 33,0.06082234,0.65318393,1.024396,0.079705,-1.293117,2.209425,0.000000,0.000000,0.858957
447,01 10 12 13 14 22,0.06081372,0.49601824,-0.636787,1.356649,-1.754944,0.774733,0.000000,0.000000,-0.035980
448,01 04 08 10 13 14,0.06080829,0.59740992,0.747532,2.039536,-1.293117,0.344326,0.000000,0.000000,-1.700945
449,02 04 09 13 14 33,0.06071954,0.53783803,-0.913650,0.668718,-0.369462,1.492079,0.000000,0.000000,0.627209
450,02 04 07 13 14 33,0.06070150,0.58157780,-0.636787,-0.081268,-0.600376,2.496363,0.000000,0.000000,0.580133
451,01 04 08 10 12 13,0.06067458,0.63585977,1.162828,1.894926,-1.293117,0.631264,0.000000,0.000000,-2.057873
452,04 10 13 14 22 33,0.06065535,0.52553528,-0.221491,0.774176,-1.754944,1.205141,0.000000,0.000000,1.137130
453,02 10 12 13 22 24,0.06065193,0.59378774,-0.359923,0.954428,0.554193,1.205141,0.000000,0.000000,0.297265
454,02 04 06 13 14 33,0.06038832,0.56574075,0.055373,0.713853,-1.524031,1.492079,0.000000,0.000000,0.367961
455,01 04 06 09 12 13,0.06021565,0.52442573,-0.636787,1.983627,-1.062203,0.487795,0.000000,0.000000,-2.033655
456,06 08 12 13 14 24,0.06018170,0.55655770,0.609100,2.205355,-1.062203,-0.373020,0.000000,0.000000,-0.039659
457,02 13 14 18 22 24,0.06006687,0.61602652,0.193805,0.766307,0.092365,1.348610,0.000000,0.000000,0.581333
458,02 04 10 12 13 33,0.06005934,0.63094515,0.470668,0.267826,-0.831289,2.065956,0.000000,0.000000,0.375170
459,02 12 13 22 24 33,0.05999719,0.60141355,0.193805,0.526827,-0.369462,1.492079,0.000000,0.000000,1.180917
460,04 06 12 14 22 24,0.05995165,0.51117681,-0.636787,1.441522,-1.062203,0.631264,0.000000,0.000000,-0.053664
461,02 04 06 12 14 24,0.05991247,0.57813683,-0.359923,1.079782,-0.138548,1.205141,0.000000,0.000000,-0.396010
462,01 04 06 09 13 14,0.05983207,0.48597588,-1.052082,2.128237,-1.062203,0.200857,0.000000,0.000000,-1.753366
463,01 04 06 08 13 22,0.05951964,0.55419139,0.747532,1.997651,-1.754944,-0.086081,0.000000,0.000000,-0.181059
464,04 10 13 14 18 22,0.05939804,0.57859810,0.193805,0.869046,-1.293117,1.348610,0.000000,0.000000,0.003831
465,02 10 13 14 22 24,0.05938665,0.55533789,-0.775218,1.099038,0.554193,0.918202,0.000000,0.000000,0.446928
466,02 04 09 12 13 18,0.05933036,0.62935071,-0.083059,0.618978,0.092365,1.922486,0.000000,0.000000,-0.862746
467,02 04 10 13 14 33,0.05932783,0.59249529,0.055373,0.412436,-0.831289,1.779017,0.000000,0.000000,0.603913
468,01 04 08 09 13 22,0.05931953,0.52628868,-0.221491,1.952515,-0.600376,-0.086081,0.000000,0.000000,-0.000529
469,02 04 08 13 14 18,0.05929417,0.67558035,1.301260,0.976304,-0.831289,1.492079,0.000000,0.000000,-1.016266
470,02 04 07 12 13 18,0.05925676,0.67309048,0.193805,-0.131008,-0.138548,2.926770,0.000000,0.000000,-0.918052
471,02 04 12 14 18 24,0.05921068,0.66558001,0.609100,0.445634,0.092365,1.922486,0.000000,0.000000,-0.073287
472,01 04 06 07 12 13,0.05919511,0.56816550,-0.359923,1.233641,-1.293117,1.492079,0.000000,0.000000,-2.229254
473,01 04 07 08 13 22,0.05919278,0.57002844,0.055373,1.202529,-0.831289,0.918202,0.000000,0.000000,-0.063709
474,06 09 12 13 14 24,0.05902020,0.47187821,-1.190514,1.992639,-0.138548,-0.229551,0.000000,0.000000,0.273539
475,02 08 12 13 14 22,0.05899894,0.54352227,-0.221491,1.095145,-1.293117,1.061672,0.000000,0.000000,-0.097639
476,02 04 12 14 24 33,0.05896408,0.61251718,0.193805,0.350764,-0.369462,1.779017,0.000000,0.000000,0.837204
477,01 04 07 09 12 13,0.05882728,0.54026279,-1.328946,1.188506,-0.138548,1.492079,0.000000,0.000000,-2.073572
478,04 12 14 18 22 24,0.05878285,0.59861999,0.332236,0.807374,-0.831289,1.348610,0.000000,0.000000,0.199870
479,01 04 06 07 13 14,0.05871413,0.52971565,-0.775218,1.378251,-1.293117,1.205141,0.000000,0.000000,-1.963394
480,01 04 06 10 13 14,0.05851997,0.54063314,-0.083059,1.871955,-1.524031,0.487795,0.000000,0.000000,-1.764867
481,02 04 06 12 13 18,0.05844182,0.65725342,0.885964,0.664114,-1.062203,1.922486,0.000000,0.000000,-1.204564
482,01 04 07 09 13 14,0.05844117,0.50181294,-1.744242,1.333116,-0.138548,1.205141,0.000000,0.000000,-1.793657
483,01 04 06 10 12 13,0.05838122,0.57908299,0.332236,1.727345,-1.524031,0.774733,0.000000,0.000000,-2.122542
484,07 08 12 13 14 24,0.05836837,0.57239475,-0.083059,1.410233,-0.138548,0.631264,0.000000,0.000000,-0.142534
485,01 04 07 10 12 13,0.05831393,0.59492005,-0.359923,0.932224,-0.600376,1.779017,0.000000,0.000000,-1.966737
486,01 04 08 12 22 24,0.05809331,0.60096782,0.885964,1.634561,-0.600376,0.200857,0.000000,0.000000,0.287875
487,08 12 13 14 24 33,0.05797403,0.59093806,1.162828,1.476337,-1.293117,0.200857,0.000000,0.000000,1.006989
488,02 04 10 12 14 24,0.05797064,0.60489137,-0.359923,0.778365,0.554193,1.492079,0.000000,0.000000,-0.290631
489,04 12 14 22 24 33,0.05796746,0.54555716,-0.083059,0.712504,-1.293117,1.205141,0.000000,0.000000,1.026093
490,01 02 08 13 22 24,0.05789454,0.61837436,0.747532,1.593494,0.323279,0.200857,0.000000,0.000000,0.449657
491,02 13 14 22 24 33,0.05783207,0.56296370,-0.221491,0.671437,-0.369462,1.205141,0.000000,0.000000,1.197266
492,01 04 08 10 13 22,0.05782264,0.58094594,0.747532,1.696233,-1.062203,0.200857,0.000000,0.000000,-0.039408
493,08 09 12 13 14 24,0.05779431,0.52865498,-0.359923,2.160219,0.092365,-0.373020,0.000000,0.000000,-0.183180
494,01 02 12 13 14 33,0.05776615,0.57060407,0.193805,0.567308,-1.754944,1.635548,0.000000,0.000000,0.156625
495,01 04 09 10 13 14,0.05772852,0.51273043,-1.052082,1.826820,-0.369462,0.487795,0.000000,0.000000,-1.671946
496,01 04 09 10 12 13,0.05759733,0.55118028,-0.636787,1.682210,-0.369462,0.774733,0.000000,0.000000,-2.028500
497,01 04 07 10 13 14,0.05759626,0.55647020,-0.775218,1.076834,-0.600376,1.492079,0.000000,0.000000,-1.735942
498,02 04 07 13 14 18,0.05757513,0.63464063,-0.221491,0.013602,-0.138548,2.639832,0.000000,0.000000,-0.830072
499,04 10 12 14 22 24,0.05745914,0.53793135,-0.636787,1.140105,-0.369462,0.918202,0.000000,0.000000,-0.029870
500,08 12 13 14 18 24,0.05742723,0.64400088,1.578123,1.571207,-0.831289,0.344326,0.000000,0.000000,-0.021046
501,02 04 09 13 14 18,0.05730122,0.59090086,-0.498355,0.763588,0.092365,1.635548,0.000000,0.000000,-0.826252
502,01 02 04 08 12 24,0.05716804,0.66792784,1.162828,1.272821,0.323279,0.774733,0.000000,0.000000,-0.185749
503,02 07 12 13 14 22,0.05707451,0.50258255,-1.744242,0.132443,-0.600376,2.209425,0.000000,0.000000,0.058124
504,02 06 12 13 14 22,0.05702646,0.48674549,-1.052082,0.927565,-1.524031,1.205141,0.000000,0.000000,-0.114770
505,07 09 12 13 14 24,0.05699296,0.48771526,-1.882673,1.197517,0.785107,0.774733,0.000000,0.000000,0.138972
506,01 04 08 13 22 33,0.05694993,0.58857175,1.301260,1.268632,-1.985858,0.487795,0.000000,0.000000,0.811951
507,02 09 12 13 14 22,0.05688790,0.45884278,-2.021105,0.882429,-0.369462,1.205141,0.000000,0.000000,0.074881
508,01 04 06 09 13 22,0.05687670,0.46951190,-1.052082,1.784934,-0.831289,0.057388,0.000000,0.000000,-0.087342
509,01 04 06 07 13 22,0.05677590,0.51325167,-0.775218,1.034949,-1.062203,1.061672,0.000000,0.000000,-0.146679
510,01 04 08 13 18 22,0.05672308,0.64163457,1.716555,1.363503,-1.524031,0.631264,0.000000,0.000000,-0.168682
511,02 04 06 13 14 18,0.05671782,0.61880357,0.470668,0.808724,-1.062203,1.635548,0.000000,0.000000,-1.122860
512,06 07 12 13 14 24,0.05671656,0.51561798,-0.913650,1.242653,-0.369462,0.774733,0.000000,0.000000,-0.112155
513,02 04 10 12 13 18,0.05653532,0.68400797,0.885964,0.362696,-0.369462,2.209425,0.000000,0.000000,-1.093951
514,01 06 08 12 13 24,0.05631973,0.58957194,1.301260,2.230813,-0.831289,-0.659958,0.000000,0.000000,0.280136
515,06 12 13 14 24 33,0.05629673,0.53416128,0.332236,1.308756,-1.524031,0.344326,0.000000,0.000000,1.033591
516,06 12 13 14 18 24,0.05617045,0.58722410,0.747532,1.403626,-1.062203,0.487795,0.000000,0.000000,0.067857
517,01 04 09 12 22 24,0.05609154,0.51628833,-0.913650,1.421845,0.323279,0.344326,0.000000,0.000000,0.476584
518,01 04 07 12 22 24,0.05605327,0.56002810,-0.636787,0.671859,0.092365,1.348610,0.000000,0.000000,0.426511
519,07 12 13 14 18 24,0.05589278,0.60306116,0.055373,0.608505,-0.138548,1.492079,0.000000,0.000000,0.192494
520,01 04 06 13 18 22,0.05587219,0.58485779,0.885964,1.195922,-1.754944,0.774733,0.000000,0.000000,-0.019645
521,01 02 12 13 14 18,0.05586669,0.62366690,0.609100,0.662178,-1.293117,1.779017,0.000000,0.000000,-1.071810
522,01 04 08 14 22 24,0.05583953,0.56251797,0.470668,1.779171,-0.600376,-0.086081,0.000000,0.000000,0.291088
523,01 04 06 12 22 24,0.05578007,0.54419105,0.055373,1.466981,-0.831289,0.344326,0.000000,0.000000,0.220261
524,06 10 12 13 14 24,0.05576717,0.52653547,-0.221491,1.736357,-0.600376,0.057388,0.000000,0.000000,-0.025519
525,01 02 06 13 22 24,0.05569465,0.56159758,-0.083059,1.425914,0.092365,0.344326,0.000000,0.000000,0.398837
526,01 04 06 10 13 22,0.05555451,0.52416916,-0.083059,1.528653,-1.293117,0.344326,0.000000,0.000000,-0.100339
527,01 04 06 13 22 33,0.05552848,0.53179497,0.470668,1.101052,-2.216772,0.631264,0.000000,0.000000,0.876458
528,07 10 12 13 14 24,0.05549959,0.54237252,-0.913650,0.941236,0.323279,1.061672,0.000000,0.000000,0.100613
529,01 04 07 09 13 22,0.05547571,0.48534895,-1.744242,0.989813,0.092365,1.061672,0.000000,0.000000,-0.129129
530,02 04 10 13 14 18,0.05545443,0.64555812,0.470668,0.507306,-0.369462,1.922486,0.000000,0.000000,-0.916969
531,07 12 13 14 24 33,0.05542551,0.54999833,-0.359923,0.513635,-0.600376,1.348610,0.000000,0.000000,1.070292
532,01 02 04 09 12 24,0.05524213,0.58324835,-0.636787,1.060105,1.246934,0.918202,0.000000,0.000000,0.014199
533,08 10 12 13 14 24,0.05523313,0.58331224,0.609100,1.903938,-0.369462,-0.086081,0.000000,0.000000,-0.379738
534,02 12 13 14 18 22,0.05521448,0.57418867,-0.083059,0.293417,-1.293117,1.922486,0.000000,0.000000,0.043475
535,01 04 09 10 13 22,0.05520565,0.49626644,-1.052082,1.483517,-0.138548,0.344326,0.000000,0.000000,0.058153
536,01 02 04 08 13 33,0.05518096,0.65553177,1.578123,0.906892,-1.062203,1.061672,0.000000,0.000000,0.213331
537,02 12 13 14 22 33,0.05510447,0.52112585,-0.498355,0.198547,-1.754944,1.779017,0.000000,0.000000,0.974203
538,01 02 09 13 22 24,0.05508390,0.53369487,-1.052082,1.380778,1.246934,0.344326,0.000000,0.000000,0.518529
539,01 02 07 13 22 24,0.05505576,0.57743464,-0.775218,0.630792,1.016020,1.348610,0.000000,0.000000,0.469958
540,01 02 04 07 12 24,0.05505215,0.62698812,-0.359923,0.310119,1.016020,1.922486,0.000000,0.000000,-0.058350
541,01 02 04 08 14 24,0.05495737,0.62947799,0.747532,1.417431,0.323279,0.487795,0.000000,0.000000,-0.176148
542,02 04 08 09 12 13,0.05491600,0.59868431,-0.221491,1.420706,0.092365,1.061672,0.000000,0.000000,-2.218542
543,01 07 08 12 13 24,0.05487590,0.60540899,0.609100,1.435692,0.092365,0.344326,0.000000,0.000000,0.232003
544,09 12 13 14 18 24,0.05486196,0.55932139,-0.221491,1.358491,0.092365,0.487795,0.000000,0.000000,0.084178
545,09 12 13 14 24 33,0.05481521,0.50625856,-0.636787,1.263620,-0.369462,0.344326,0.000000,0.000000,1.024277
546,01 08 09 12 13 24,0.05481119,0.56166922,0.332236,2.185678,0.323279,-0.659958,0.000000,0.000000,0.266818
547,02 04 07 08 12 13,0.05476654,0.64242407,0.055373,0.670721,-0.138548,2.065956,0.000000,0.000000,-2.285087
548,04 06 08 09 13 24,0.05463591,0.55680590,0.193805,2.332223,0.554193,-0.803427,0.000000,0.000000,0.063702
549,01 02 13 18 22 24,0.05461602,0.64904076,0.885964,0.791766,0.323279,1.061672,0.000000,0.000000,0.665730
550,01 04 12 18 22 24,0.05436567,0.63163423,1.024396,0.832833,-0.600376,1.061672,0.000000,0.000000,0.437408
551,02 04 07 08 13 14,0.05435468,0.60397422,-0.359923,0.815331,-0.138548,1.779017,0.000000,0.000000,-2.008987
552,01 04 07 13 18 22,0.05420907,0.60069485,0.193805,0.400801,-0.831289,1.779017,0.000000,0.000000,-0.100267
553,01 06 08 13 14 24,0.05420804,0.55112209,0.885964,2.375423,-0.831289,-0.946896,0.000000,0.000000,0.304401
554,01 04 07 10 13 22,0.05419906,0.54000621,-0.775218,0.733532,-0.369462,1.348610,0.000000,0.000000,-0.135378
555,04 07 08 09 13 24,0.05414920,0.57264295,-0.498355,1.537102,1.477848,0.200857,0.000000,0.000000,0.157369
556,02 04 08 09 13 14,0.05411806,0.56023445,-0.636787,1.565316,0.092365,0.774733,0.000000,0.000000,-1.999641
557,01 08 12 13 18 24,0.05411749,0.67701512,2.270283,1.596666,-0.600376,0.057388,0.000000,0.000000,0.380561
558,01 02 08 12 13 14,0.05410574,0.59300049,0.470668,1.463907,-1.293117,0.918202,0.000000,0.000000,-2.034496
559,01 04 09 13 18 22,0.05391749,0.55695508,-0.083059,1.150787,-0.600376,0.774733,0.000000,0.000000,-0.099063
560,01 02 04 06 12 24,0.05384920,0.61115107,0.332236,1.105241,0.092365,0.918202,0.000000,0.000000,-0.402345
561,04 06 07 08 13 24,0.05383245,0.60054567,0.470668,1.582237,0.323279,0.200857,0.000000,0.000000,-0.099735
562,01 04 09 14 22 24,0.05382258,0.47783848,-1.328946,1.566455,0.323279,0.057388,0.000000,0.000000,0.477549
563,01 04 07 14 22 24,0.05381467,0.52157825,-1.052082,0.816469,0.092365,1.061672,0.000000,0.000000,0.431974
564,01 04 10 12 22 24,0.05380292,0.57094559,0.055373,1.165563,-0.138548,0.631264,0.000000,0.000000,0.320406
565,01 02 10 13 22 24,0.05369723,0.58835213,-0.083059,1.124497,0.785107,0.631264,0.000000,0.000000,0.495980
566,02 10 12 13 14 22,0.05364244,0.51350004,-1.052082,0.626148,-0.831289,1.492079,0.000000,0.000000,-0.223056
567,01 06 09 12 13 24,0.05362621,0.50489245,-0.498355,2.018097,0.092365,-0.516489,0.000000,0.000000,0.366359
568,01 04 06 14 22 24,0.05355665,0.50574120,-0.359923,1.611591,-0.831289,0.057388,0.000000,0.000000,0.227972
569,04 07 08 10 13 24,0.05349612,0.62730021,0.470668,1.280820,1.016020,0.487795,0.000000,0.000000,0.243503
570,02 04 06 08 12 13,0.05342434,0.62658702,0.747532,1.465842,-1.062203,1.061672,0.000000,0.000000,-2.649713
571,01 02 04 12 18 24,0.05339011,0.69859425,1.301260,0.471093,0.323279,1.635548,0.000000,0.000000,-0.043666
572,01 04 13 18 22 33,0.05333396,0.61923815,1.439691,0.466904,-1.985858,1.348610,0.000000,0.000000,0.978029
573,01 04 09 13 22 33,0.05332160,0.50389226,-0.498355,1.055916,-1.062203,0.631264,0.000000,0.000000,0.759680
574,01 04 07 13 22 33,0.05332122,0.54763202,-0.221491,0.305930,-1.293117,1.635548,0.000000,0.000000,0.715221
575,04 07 08 13 18 24,0.05330085,0.68798885,1.439691,0.948090,0.554193,0.918202,0.000000,0.000000,0.248201
576,01 02 04 13 18 33,0.05323274,0.68619817,1.716555,0.105164,-1.062203,1.922486,0.000000,0.000000,0.626491
577,04 08 09 13 18 24,0.05320710,0.64424908,1.162828,1.698075,0.785107,-0.086081,0.000000,0.000000,0.278715
578,01 08 10 12 13 24,0.05317316,0.61632648,1.301260,1.929396,-0.138548,-0.373020,0.000000,0.000000,0.207029
579,02 04 08 09 13 22,0.05304392,0.54377047,-0.636787,1.222014,0.323279,0.631264,0.000000,0.000000,-0.054908
580,01 02 04 09 14 24,0.05302893,0.54479850,-1.052082,1.204715,1.246934,0.631264,0.000000,0.000000,0.023426
581,02 04 06 08 13 14,0.05301500,0.58813717,0.332236,1.610452,-1.062203,0.774733,0.000000,0.000000,-2.373240
582,04 06 08 13 24 33,0.05300169,0.61908897,1.716555,1.648341,-0.831289,-0.229551,0.000000,0.000000,0.985132
583,04 06 08 13 18 24,0.05299510,0.67215179,2.131851,1.743211,-0.369462,-0.086081,0.000000,0.000000,0.037130
584,01 02 08 12 13 22,0.05297094,0.57653651,0.470668,1.120604,-1.062203,0.774733,0.000000,0.000000,-0.098750
585,02 04 07 08 13 22,0.05291970,0.58751024,-0.359923,0.472028,0.092365,1.635548,0.000000,0.000000,-0.117714
586,02 04 06 09 12 13,0.05287211,0.54190753,-1.052082,1.253126,-0.138548,1.205141,0.000000,0.000000,-2.246251
587,01 04 10 13 18 22,0.05286569,0.61161234,0.885964,0.894505,-1.062203,1.061672,0.000000,0.000000,-0.072001
588,01 02 04 07 14 24,0.05284400,0.58853827,-0.775218,0.454729,1.016020,1.635548,0.000000,0.000000,-0.048375
589,01 06 07 12 13 24,0.05277268,0.54863222,-0.221491,1.268112,-0.138548,0.487795,0.000000,0.000000,0.195503
590,01 07 08 13 14 24,0.05276169,0.56695914,0.193805,1.580302,0.092365,0.057388,0.000000,0.000000,0.255895
591,04 08 09 10 13 24,0.05274716,0.58356044,0.193805,2.030806,1.246934,-0.516489,0.000000,0.000000,0.176945
592,01 04 10 13 22 33,0.05272487,0.55854952,0.470668,0.799635,-1.524031,0.918202,0.000000,0.000000,0.854162
593,01 08 09 13 14 24,0.05268561,0.52321937,-0.083059,2.330288,0.323279,-0.946896,0.000000,0.000000,0.289025
594,02 04 08 10 13 14,0.05268009,0.61489171,0.332236,1.309035,-0.369462,1.061672,0.000000,0.000000,-2.029791
595,01 04 14 18 22 24,0.05256232,0.59318438,0.609100,0.977443,-0.600376,0.774733,0.000000,0.000000,0.507355
596,02 04 06 09 13 14,0.05251146,0.50345768,-1.467378,1.397736,-0.138548,0.918202,0.000000,0.000000,-1.962564
597,04 07 08 13 24 33,0.05248470,0.63492602,1.024396,0.853219,0.092365,0.774733,0.000000,0.000000,1.074313
598,01 04 12 22 24 33,0.05248051,0.57857140,0.609100,0.737962,-1.062203,0.918202,0.000000,0.000000,1.105142
599,01 02 04 12 24 33,0.05245278,0.64553142,0.885964,0.376222,-0.138548,1.492079,0.000000,0.000000,0.764491
600,04 08 09 13 24 33,0.05235310,0.59118626,0.747532,1.603205,0.323279,-0.229551,0.000000,0.000000,1.099218
601,04 06 08 10 13 24,0.05232639,0.61146316,1.162828,2.075942,0.092365,-0.516489,0.000000,0.000000,-0.095571
602,01 08 12 13 24 33,0.05229735,0.62395230,1.854987,1.501795,-1.062203,-0.086081,0.000000,0.000000,1.057928
603,02 04 07 09 12 13,0.05228628,0.55774458,-1.744242,0.458005,0.785107,2.209425,0.000000,0.000000,-2.167269
604,01 02 04 08 13 18,0.05226688,0.70859459,1.993419,1.001763,-0.600376,1.205141,0.000000,0.000000,-1.165424
605,12 13 14 18 24 33,0.05226494,0.62160446,1.301260,0.674608,-1.293117,1.061672,0.000000,0.000000,0.862965
606,01 02 04 10 12 24,0.05217546,0.63790561,0.332236,0.803824,0.785107,1.205141,0.000000,0.000000,-0.257248
607,01 06 10 12 13 24,0.05215022,0.55954971,0.470668,1.761816,-0.369462,-0.229551,0.000000,0.000000,0.330576
608,01 08 13 14 18 24,0.05208892,0.63856527,1.854987,1.741276,-0.600376,-0.229551,0.000000,0.000000,0.417142
609,10 12 13 14 24 33,0.05206531,0.56091582,0.332236,1.007339,-0.831289,0.631264,0.000000,0.000000,0.799761
610,01 08 10 13 14 24,0.05199584,0.57787663,0.885964,2.074006,-0.138548,-0.659958,0.000000,0.000000,0.369724
611,01 07 09 12 13 24,0.05196847,0.52072950,-1.190514,1.222976,1.016020,0.487795,0.000000,0.000000,0.286534
612,02 04 07 09 13 14,0.05192311,0.51929473,-2.159537,0.602615,0.785107,1.922486,0.000000,0.000000,-1.883955
613,01 02 04 06 13 33,0.05188735,0.59875499,0.747532,0.739312,-1.293117,1.205141,0.000000,0.000000,0.000472
614,01 06 12 13 18 24,0.05187902,0.62023834,1.439691,1.429085,-0.831289,0.200857,0.000000,0.000000,0.324025
615,01 02 06 12 13 14,0.05184274,0.53622372,-0.359923,1.296326,-1.524031,1.061672,0.000000,0.000000,-2.094667
616,01 02 04 14 18 24,0.05181440,0.66014439,0.885964,0.615703,0.323279,1.348610,0.000000,0.000000,0.060006
617,02 04 08 13 22 33,0.05177805,0.60605354,0.885964,0.538131,-1.062203,1.205141,0.000000,0.000000,0.921094
618,04 06 07 09 13 24,0.05176425,0.51586618,-1.328946,1.369521,1.246934,0.344326,0.000000,0.000000,0.079131
619,02 04 08 10 12 13,0.05166954,0.65334157,0.747532,1.164425,-0.369462,1.348610,0.000000,0.000000,-2.516625
620,01 02 04 06 14 24,0.05164357,0.57270121,-0.083059,1.249851,0.092365,0.631264,0.000000,0.000000,-0.391997
621,01 02 04 09 13 33,0.05163481,0.57085227,-0.221491,0.694176,-0.138548,1.205141,0.000000,0.000000,0.173235
622,01 04 10 14 22 24,0.05162199,0.53249574,-0.359923,1.310173,-0.138548,0.344326,0.000000,0.000000,0.334415
623,01 02 13 22 24 33,0.05161956,0.59597794,0.470668,0.696895,-0.138548,0.918202,0.000000,0.000000,1.168821
624,01 02 09 12 13 14,0.05160526,0.50832100,-1.328946,1.251190,-0.369462,1.061672,0.000000,0.000000,-1.919673
625,02 04 06 08 13 22,0.05159011,0.57167318,0.332236,1.267149,-0.831289,0.631264,0.000000,0.000000,-0.480471
626,01 04 08 12 14 22,0.05155278,0.52068012,0.193805,1.306281,-1.985858,0.487795,0.000000,0.000000,-0.162968
627,01 06 09 13 14 24,0.05150567,0.46644259,-0.913650,2.162707,0.092365,-0.803427,0.000000,0.000000,0.389313
628,01 02 04 07 13 33,0.05147006,0.61459204,0.055373,-0.055810,-0.369462,2.209425,0.000000,0.000000,0.104425
629,04 06 09 10 13 24,0.05146148,0.52678367,-0.636787,1.863226,1.016020,-0.373020,0.000000,0.000000,0.261567
630,01 09 12 13 18 24,0.05142371,0.59233563,0.470668,1.383950,0.323279,0.200857,0.000000,0.000000,0.466747
631,01 07 10 12 13 24,0.05139825,0.57538676,-0.221491,0.966694,0.554193,0.774733,0.000000,0.000000,0.384944
632,04 06 07 10 13 24,0.05138276,0.57052344,-0.359923,1.113240,0.785107,0.631264,0.000000,0.000000,0.205502
633,09 10 12 13 14 24,0.05112967,0.49863275,-1.190514,1.691222,0.554193,0.057388,0.000000,0.000000,-0.502400
634,02 04 07 10 13 14,0.05112703,0.57395199,-1.190514,0.346333,0.323279,2.209425,0.000000,0.000000,-1.819007
635,04 06 07 13 18 24,0.05112344,0.63121207,0.609100,0.780509,0.323279,1.061672,0.000000,0.000000,0.200711
636,01 02 04 10 13 33,0.05112026,0.62550953,0.747532,0.437895,-0.600376,1.492079,0.000000,0.000000,0.279892
637,01 07 12 13 18 24,0.05111695,0.63607540,0.747532,0.633964,0.092365,1.205141,0.000000,0.000000,0.376898
638,10 12 13 14 18 24,0.05109800,0.61397865,0.747532,1.102209,-0.369462,0.774733,0.000000,0.000000,-0.290574
639,04 06 09 13 18 24,0.05108771,0.58747230,0.332236,1.530495,0.554193,0.057388,0.000000,0.000000,0.239820
640,02 04 06 07 12 13,0.05100019,0.58564730,-0.775218,0.503140,-0.369462,2.209425,0.000000,0.000000,-2.567984
641,02 04 07 10 12 13,0.05096786,0.61240184,-0.775218,0.201723,0.323279,2.496363,0.000000,0.000000,-2.179707
642,01 02 04 10 14 24,0.05091686,0.59945576,-0.083059,0.948434,0.785107,0.918202,0.000000,0.000000,-0.106596
643,01 02 07 12 13 14,0.05090559,0.55206077,-1.052082,0.501205,-0.600376,2.065956,0.000000,0.000000,-2.067734
644,04 08 10 13 18 24,0.05085079,0.69890634,2.131851,1.441794,0.323279,0.200857,0.000000,0.000000,0.112511
645,04 08 10 13 24 33,0.05078169,0.64584352,1.716555,1.346924,-0.138548,0.057388,0.000000,0.000000,1.049298
646,01 02 08 13 14 22,0.05077196,0.53808666,0.055373,1.265214,-1.062203,0.487795,0.000000,0.000000,-0.087417
647,02 04 08 10 13 22,0.05074197,0.59842773,0.332236,0.965732,-0.138548,0.918202,0.000000,0.000000,-0.213060
648,01 02 06 12 13 22,0.05072812,0.51975973,-0.359923,0.953023,-1.293117,0.918202,0.000000,0.000000,-0.155931
649,04 07 09 10 13 24,0.05070951,0.54262072,-1.328946,1.068104,1.939675,0.631264,0.000000,0.000000,0.315935
650,01 06 07 13 14 24,0.05066984,0.51018236,-0.636787,1.412722,-0.138548,0.200857,0.000000,0.000000,0.221080
651,02 04 06 09 13 22,0.05060361,0.48699369,-1.467378,1.054433,0.092365,0.774733,0.000000,0.000000,-0.141347
652,02 04 06 07 13 14,0.05054216,0.54719744,-1.190514,0.647750,-0.369462,1.922486,0.000000,0.000000,-2.298725
653,02 04 08 13 18 22,0.05048621,0.65911636,1.301260,0.633002,-0.600376,1.348610,0.000000,0.000000,-0.217322
654,01 02 04 14 24 33,0.05044187,0.60708157,0.470668,0.520832,-0.138548,1.205141,0.000000,0.000000,0.803687
655,02 04 09 10 13 14,0.05040287,0.53021222,-1.467378,1.096319,0.554193,1.205141,0.000000,0.000000,-1.881891
656,02 04 06 10 13 14,0.05039430,0.55811494,-0.498355,1.141454,-0.600376,1.205141,0.000000,0.000000,-2.093338
657,01 06 12 13 24 33,0.05037533,0.56717552,1.024396,1.334215,-1.293117,0.057388,0.000000,0.000000,1.048274
658,04 08 13 18 24 33,0.05035059,0.70653215,2.685578,1.014193,-0.600376,0.487795,0.000000,0.000000,1.019057
659,04 06 07 13 24 33,0.05034514,0.57814925,0.193805,0.685639,-0.138548,0.918202,0.000000,0.000000,1.032430
660,04 07 09 13 18 24,0.05032564,0.60330936,-0.359923,0.735374,1.477848,1.061672,0.000000,0.000000,0.292692
661,01 04 14 22 24 33,0.05028758,0.54012155,0.193805,0.882572,-1.062203,0.631264,0.000000,0.000000,1.117371
662,04 06 09 13 24 33,0.05027156,0.53440948,-0.083059,1.435624,0.092365,-0.086081,0.000000,0.000000,1.065931
663,02 04 08 12 22 24,0.05024335,0.61844962,0.470668,0.904060,0.323279,0.918202,0.000000,0.000000,0.000251
664,01 02 09 12 13 22,0.05018177,0.49185702,-1.328946,0.907888,-0.138548,0.918202,0.000000,0.000000,-0.026697
665,01 08 13 14 24 33,0.05015720,0.58550244,1.439691,1.646405,-1.062203,-0.373020,0.000000,0.000000,1.077977
666,01 06 13 14 18 24,0.05013409,0.58178849,1.024396,1.573695,-0.831289,-0.086081,0.000000,0.000000,0.402628
667,01 06 10 13 14 24,0.05012405,0.52109986,0.055373,1.906426,-0.369462,-0.516489,0.000000,0.000000,0.367511
668,01 02 07 12 13 22,0.05011069,0.53559679,-1.052082,0.157902,-0.369462,1.922486,0.000000,0.000000,-0.081630
669,01 10 12 13 18 24,0.05000580,0.64699289,1.439691,1.127668,-0.138548,0.487795,0.000000,0.000000,0.439569
670,02 04 07 09 13 22,0.05000517,0.50283075,-2.159537,0.259312,1.016020,1.779017,0.000000,0.000000,-0.064233
671,01 07 09 13 14 24,0.04984541,0.48227965,-1.605810,1.367586,1.016020,0.200857,0.000000,0.000000,0.309115
672,01 02 04 07 13 18,0.04967068,0.66765487,0.470668,0.039061,0.092365,2.352894,0.000000,0.000000,-1.109184
673,02 04 06 07 13 22,0.04965144,0.53073346,-1.190514,0.304448,-0.138548,1.779017,0.000000,0.000000,-0.326816
674,01 09 10 12 13 24,0.04956772,0.53164699,-0.498355,1.716680,0.785107,-0.229551,0.000000,0.000000,0.158149
675,01 04 09 12 14 22,0.04956363,0.43600063,-1.605810,1.093565,-1.062203,0.631264,0.000000,0.000000,0.027611
676,01 02 04 06 13 18,0.04954383,0.65181781,1.162828,0.834182,-0.831289,1.348610,0.000000,0.000000,-1.293752
677,01 02 04 09 13 18,0.04954347,0.62391510,0.193805,0.789047,0.323279,1.348610,0.000000,0.000000,-1.083629
678,01 02 12 13 18 22,0.04950847,0.60720291,0.609100,0.318876,-1.062203,1.635548,0.000000,0.000000,0.090070
679,02 04 06 13 22 33,0.04950523,0.54927676,0.055373,0.370551,-1.293117,1.348610,0.000000,0.000000,0.859467
680,01 04 07 12 14 22,0.04950013,0.47974040,-1.328946,0.343579,-1.293117,1.635548,0.000000,0.000000,-0.026200
681,02 04 09 10 12 13,0.04939484,0.56866207,-1.052082,0.951709,0.554193,1.492079,0.000000,0.000000,-2.368351
682,01 09 13 14 18 24,0.04939262,0.55388578,0.055373,1.528560,0.323279,-0.086081,0.000000,0.000000,0.502953
683,02 06 08 12 13 24,0.04938563,0.60705373,0.885964,1.500312,0.092365,0.057388,0.000000,0.000000,0.128200
684,02 04 06 10 12 13,0.04937870,0.59656479,-0.083059,0.996844,-0.600376,1.492079,0.000000,0.000000,-2.580920
685,01 07 10 13 14 24,0.04936955,0.53693691,-0.636787,1.111304,0.554193,0.487795,0.000000,0.000000,0.421505
686,01 04 06 12 14 22,0.04921431,0.46390334,-0.636787,1.138700,-2.216772,0.631264,0.000000,0.000000,-0.234319
687,04 06 13 18 24 33,0.04920195,0.64975537,1.854987,0.846612,-0.831289,0.631264,0.000000,0.000000,1.123983
688,01 07 13 14 18 24,0.04909091,0.59762554,0.332236,0.778574,0.092365,0.918202,0.000000,0.000000,0.413851
689,02 04 09 12 22 24,0.04904413,0.53377013,-1.328946,0.691344,1.246934,1.061672,0.000000,0.000000,0.307861
690,02 04 07 12 22 24,0.04900838,0.57750990,-1.052082,-0.058642,1.016020,2.065956,0.000000,0.000000,0.258162
691,02 04 07 13 22 33,0.04895441,0.56511382,-0.636787,-0.424571,-0.369462,2.352894,0.000000,0.000000,0.943637
692,02 04 09 13 22 33,0.04895227,0.52137405,-0.913650,0.325415,-0.138548,1.348610,0.000000,0.000000,0.987723
693,02 04 09 10 13 22,0.04892751,0.51374824,-1.467378,0.753016,0.785107,1.061672,0.000000,0.000000,0.003401
694,04 06 10 13 18 24,0.04889345,0.64212956,1.301260,1.274213,0.092365,0.344326,0.000000,0.000000,0.097623
695,04 09 10 13 18 24,0.04889171,0.61422685,0.332236,1.229078,1.246934,0.344326,0.000000,0.000000,0.307543
696,04 06 10 13 24 33,0.04886219,0.58906674,0.885964,1.179343,-0.369462,0.200857,0.000000,0.000000,1.040017
697,01 07 12 13 24 33,0.04879052,0.58301257,0.332236,0.539093,-0.369462,1.061672,0.000000,0.000000,0.979256
698,02 04 06 13 18 22,0.04878395,0.60233959,0.470668,0.465421,-0.831289,1.492079,0.000000,0.000000,-0.194418
699,02 04 07 10 13 22,0.04877735,0.55748801,-1.190514,0.003030,0.554193,2.065956,0.000000,0.000000,-0.063249
700,02 04 07 13 18 22,0.04877727,0.61817664,-0.221491,-0.329700,0.092365,2.496363,0.000000,0.000000,-0.029633
701,02 07 08 12 13 24,0.04874435,0.62289079,0.193805,0.705191,1.016020,1.061672,0.000000,0.000000,0.198967
702,04 07 09 13 24 33,0.04868676,0.55024653,-0.775218,0.640503,1.016020,0.918202,0.000000,0.000000,0.996913
703,02 08 09 12 13 24,0.04867712,0.57915102,-0.083059,1.455177,1.246934,0.057388,0.000000,0.000000,0.233408
704,01 02 10 12 13 14,0.04866652,0.56297826,-0.359923,0.994909,-0.831289,1.348610,0.000000,0.000000,-2.172166
705,01 02 04 10 13 18,0.04857384,0.67857236,1.162828,0.532765,-0.138548,1.635548,0.000000,0.000000,-1.044392
706,01 02 12 13 22 33,0.04856057,0.55414009,0.193805,0.224005,-1.524031,1.492079,0.000000,0.000000,0.896660
707,01 09 12 13 24 33,0.04855346,0.53927280,0.055373,1.289079,-0.138548,0.057388,0.000000,0.000000,0.988536
708,01 02 06 13 14 22,0.04854684,0.48130988,-0.775218,1.097633,-1.293117,0.631264,0.000000,0.000000,-0.141976
709,02 04 09 13 18 22,0.04848316,0.57443687,-0.498355,0.420286,0.323279,1.492079,0.000000,0.000000,-0.028803
710,02 04 06 10 13 22,0.04847636,0.54165095,-0.498355,0.798152,-0.369462,1.061672,0.000000,0.000000,-0.273617
711,04 08 12 13 18 33,0.04845489,0.66469430,2.408714,0.541303,-1.985858,1.061672,0.000000,0.000000,0.919242
712,01 09 10 13 14 24,0.04838788,0.49319714,-0.913650,1.861290,0.785107,-0.516489,0.000000,0.000000,0.320470
713,01 06 13 14 24 33,0.04824023,0.52872567,0.609100,1.478825,-1.293117,-0.229551,0.000000,0.000000,1.069071
714,04 07 10 13 18 24,0.04818325,0.65796662,0.609100,0.479092,1.016020,1.348610,0.000000,0.000000,0.158180
715,01 12 13 18 24 33,0.04818140,0.65461870,1.993419,0.700067,-1.062203,0.774733,0.000000,0.000000,1.149932
716,02 04 13 18 22 33,0.04814947,0.63671994,1.024396,-0.263597,-1.062203,2.065956,0.000000,0.000000,1.085303
717,01 04 12 14 22 33,0.04810539,0.49828370,-0.083059,0.409682,-2.447685,1.205141,0.000000,0.000000,0.975112
718,01 10 13 14 18 24,0.04807541,0.60854304,1.024396,1.272278,-0.138548,0.200857,0.000000,0.000000,0.490694
719,01 04 12 14 18 22,0.04800515,0.55134652,0.332236,0.504553,-1.985858,1.348610,0.000000,0.000000,0.013235
720,04 09 10 13 24 33,0.04799986,0.56116402,-0.083059,1.134207,0.785107,0.200857,0.000000,0.000000,1.122439
721,02 04 08 14 22 24,0.04798704,0.57999977,0.055373,1.048670,0.323279,0.631264,0.000000,0.000000,0.003091
722,01 02 09 13 14 22,0.04797393,0.45340717,-1.744242,1.052498,-0.138548,0.631264,0.000000,0.000000,-0.016676
723,01 02 07 13 14 22,0.04792056,0.49714694,-1.467378,0.302512,-0.369462,1.635548,0.000000,0.000000,-0.068986
724,01 02 10 12 13 22,0.04785945,0.54651428,-0.359923,0.651606,-0.600376,1.205141,0.000000,0.000000,-0.187866
725,04 06 08 12 13 33,0.04785553,0.57725112,1.439691,1.175450,-2.216772,0.344326,0.000000,0.000000,0.403751
726,06 08 12 13 22 24,0.04776600,0.54009371,0.609100,1.862052,-0.831289,-0.516489,0.000000,0.000000,0.224789
727,01 10 12 13 24 33,0.04774427,0.59393006,1.024396,1.032798,-0.600376,0.344326,0.000000,0.000000,1.051542
728,04 07 13 18 24 33,0.04765893,0.66559243,1.162828,0.051491,0.092365,1.635548,0.000000,0.000000,1.061154
729,01 02 13 14 18 22,0.04757382,0.56875306,0.193805,0.463486,-1.062203,1.348610,0.000000,0.000000,0.140564
730,02 04 10 13 22 33,0.04755047,0.57603131,0.055373,0.069134,-0.600376,1.635548,0.000000,0.000000,0.962930
731,02 06 09 12 13 24,0.04749465,0.52237424,-0.913650,1.287596,1.016020,0.200857,0.000000,0.000000,0.333322
732,04 09 13 18 24 33,0.04739915,0.62185266,0.885964,0.801477,0.323279,0.631264,0.000000,0.000000,1.067070
733,04 07 08 12 13 33,0.04735368,0.59308817,0.747532,0.380329,-1.293117,1.348610,0.000000,0.000000,0.495175
734,04 07 10 13 24 33,0.04732926,0.60490379,0.193805,0.384222,0.554193,1.205141,0.000000,0.000000,0.978684
735,04 07 08 12 14 24,0.04729841,0.56703440,-0.083059,0.890868,0.092365,0.774733,0.000000,0.000000,0.130633
736,01 04 10 12 14 22,0.04728762,0.49065789,-0.636787,0.837283,-1.524031,0.918202,0.000000,0.000000,-0.126698
737,02 06 08 13 14 24,0.04727142,0.56860388,0.470668,1.644922,0.092365,-0.229551,0.000000,0.000000,0.152091
738,04 08 09 12 13 33,0.04725869,0.54934840,0.470668,1.130315,-1.062203,0.344326,0.000000,0.000000,0.525504
739,04 08 09 12 14 24,0.04722360,0.52329463,-0.359923,1.640854,0.323279,-0.229551,0.000000,0.000000,0.163953
740,02 04 06 12 22 24,0.04707874,0.56167284,-0.359923,0.736479,0.092365,1.061672,0.000000,0.000000,-0.193496
741,02 08 12 13 18 24,0.04688965,0.69449691,1.854987,0.866164,0.323279,0.774733,0.000000,0.000000,0.185107
742,07 08 12 13 22 24,0.04679648,0.55593077,-0.083059,1.066931,0.092365,0.487795,0.000000,0.000000,0.246925
743,02 04 09 14 22 24,0.04677265,0.49532027,-1.744242,0.835954,1.246934,0.774733,0.000000,0.000000,0.308451
744,02 04 07 14 22 24,0.04676726,0.53906004,-1.467378,0.085968,1.016020,1.779017,0.000000,0.000000,0.263250
745,01 02 12 14 22 24,0.04673273,0.52808632,-0.636787,0.734544,-0.138548,0.918202,0.000000,0.000000,0.269508
746,01 07 13 14 24 33,0.04665290,0.54456272,-0.083059,0.683703,-0.369462,0.774733,0.000000,0.000000,0.999679
747,02 06 07 12 13 24,0.04664365,0.56611401,-0.636787,0.537610,0.785107,1.205141,0.000000,0.000000,0.162841
748,02 07 09 12 13 24,0.04663946,0.53821130,-1.605810,0.492475,1.939675,1.205141,0.000000,0.000000,0.372398
749,02 07 08 13 14 24,0.04662762,0.58444093,-0.221491,0.849801,1.016020,0.774733,0.000000,0.000000,0.222485
750,02 04 10 13 18 22,0.04662629,0.62909413,0.470668,0.164004,-0.138548,1.779017,0.000000,0.000000,-0.121015
751,01 02 10 13 14 22,0.04659989,0.50806443,-0.775218,0.796216,-0.600376,0.918202,0.000000,0.000000,-0.037356
752,06 09 12 13 22 24,0.04659442,0.45541422,-1.190514,1.649336,0.092365,-0.373020,0.000000,0.000000,0.536491
753,02 08 09 13 14 24,0.04654901,0.54070117,-0.498355,1.599787,1.246934,-0.229551,0.000000,0.000000,0.255241
754,01 02 13 14 22 33,0.04651434,0.51569024,-0.221491,0.368615,-1.524031,1.205141,0.000000,0.000000,0.930624
755,02 04 12 18 22 24,0.04650309,0.64911602,0.609100,0.102332,0.323279,1.779017,0.000000,0.000000,0.147916
756,04 06 12 13 18 33,0.04642208,0.60791752,1.578123,0.373722,-2.216772,1.205141,0.000000,0.000000,0.893175
757,01 09 13 14 24 33,0.04641079,0.50082295,-0.359923,1.433689,-0.138548,-0.229551,0.000000,0.000000,1.008211
758,04 08 13 14 18 33,0.04639604,0.62624445,1.993419,0.685913,-1.985858,0.774733,0.000000,0.000000,0.951336
759,02 08 12 13 24 33,0.04636217,0.64143409,1.439691,0.771294,-0.138548,0.631264,0.000000,0.000000,1.053986
760,02 08 10 12 13 24,0.04623402,0.63380828,0.885964,1.198895,0.785107,0.344326,0.000000,0.000000,0.054345
761,08 09 12 13 22 24,0.04620223,0.51219100,-0.359923,1.816917,0.323279,-0.516489,0.000000,0.000000,0.203289
762,04 06 08 13 14 33,0.04617452,0.53880127,1.024396,1.320060,-2.216772,0.057388,0.000000,0.000000,0.491822
763,01 13 14 18 24 33,0.04600299,0.61616885,1.578123,0.844677,-1.062203,0.487795,0.000000,0.000000,1.164312
764,04 06 09 12 13 33,0.04600076,0.49257163,-0.359923,0.962734,-1.293117,0.487795,0.000000,0.000000,0.614238
765,04 10 13 18 24 33,0.04587802,0.67650992,1.854987,0.545195,-0.138548,0.918202,0.000000,0.000000,1.024599
766,04 07 12 13 18 33,0.04574809,0.62375458,0.885964,-0.421399,-1.293117,2.209425,0.000000,0.000000,0.959096
767,01 02 04 07 08 13,0.04574591,0.63698846,0.332236,0.840789,0.092365,1.492079,0.000000,0.000000,-2.392447
768,01 10 13 14 24 33,0.04570230,0.55548021,0.609100,1.177408,-0.600376,0.057388,0.000000,0.000000,1.086136
769,04 07 08 13 14 33,0.04567014,0.55463832,0.332236,0.524939,-1.293117,1.061672,0.000000,0.000000,0.582872
770,02 04 12 22 24 33,0.04563200,0.59605320,0.193805,0.007461,-0.138548,1.635548,0.000000,0.000000,0.965887
771,04 08 10 12 13 33,0.04560552,0.60400566,1.439691,0.874033,-1.524031,0.631264,0.000000,0.000000,0.463471
772,04 08 09 13 14 33,0.04556378,0.51089855,0.055373,1.274925,-1.062203,0.057388,0.000000,0.000000,0.611516
773,06 08 13 14 22 24,0.04553856,0.50164386,0.193805,2.006662,-0.831289,-0.803427,0.000000,0.000000,0.231905
774,04 09 12 13 18 33,0.04551859,0.58001481,0.609100,0.328586,-1.062203,1.205141,0.000000,0.000000,0.969498
775,01 08 12 13 14 33,0.04550802,0.54366459,1.162828,1.173515,-2.447685,0.200857,0.000000,0.000000,0.570226
776,01 02 04 08 09 13,0.04543281,0.59324869,0.055373,1.590775,0.323279,0.487795,0.000000,0.000000,-2.394430
777,02 06 09 13 14 24,0.04537159,0.48392439,-1.328946,1.432206,1.016020,-0.086081,0.000000,0.000000,0.355903
778,04 06 08 12 14 24,0.04532865,0.55119734,0.609100,1.685989,-0.831289,-0.229551,0.000000,0.000000,-0.326967
779,01 02 04 12 14 33,0.04529217,0.56524372,0.193805,0.047942,-1.524031,1.779017,0.000000,0.000000,0.221783
780,02 07 10 12 13 24,0.04526417,0.59286856,-0.636787,0.236193,1.477848,1.492079,0.000000,0.000000,0.351534
781,02 06 10 12 13 24,0.04521360,0.57703150,0.055373,1.031315,0.554193,0.487795,0.000000,0.000000,0.178266
782,01 02 04 06 08 13,0.04516832,0.62115141,1.024396,1.635911,-0.831289,0.487795,0.000000,0.000000,-2.643792
783,06 07 12 13 22 24,0.04516485,0.49915399,-0.913650,0.899350,-0.138548,0.631264,0.000000,0.000000,0.280295
784,04 07 09 12 14 24,0.04513965,0.48235491,-1.882673,0.678152,1.016020,0.918202,0.000000,0.000000,0.296083
785,02 04 10 12 22 24,0.04509654,0.58842739,-0.359923,0.435062,0.785107,1.348610,0.000000,0.000000,-0.094098
786,04 06 09 12 14 24,0.04509160,0.46651785,-1.190514,1.473273,0.092365,-0.086081,0.000000,0.000000,0.123189
787,02 08 10 13 14 24,0.04505417,0.59535843,0.470668,1.343505,0.785107,0.057388,0.000000,0.000000,0.216666
788,02 09 12 13 18 24,0.04504964,0.60981742,0.055373,0.653448,1.246934,0.918202,0.000000,0.000000,0.397781
789,08 12 13 22 24 33,0.04500937,0.57447407,1.162828,1.133034,-1.062203,0.057388,0.000000,0.000000,1.190105
790,02 07 12 13 18 24,0.04497278,0.65355719,0.332236,-0.096537,1.016020,1.922486,0.000000,0.000000,0.341992
791,02 06 12 13 18 24,0.04493230,0.63772014,1.024396,0.698584,0.092365,0.918202,0.000000,0.000000,0.170220
792,08 12 13 18 22 24,0.04490751,0.62753689,1.578123,1.227904,-0.600376,0.200857,0.000000,0.000000,0.227989
793,04 08 10 13 14 33,0.04485887,0.56555581,1.024396,1.018643,-1.524031,0.344326,0.000000,0.000000,0.689972
794,02 08 13 14 18 24,0.04485856,0.65604706,1.439691,1.010774,0.323279,0.487795,0.000000,0.000000,0.221314
795,02 04 06 14 22 24,0.04485279,0.52322299,-0.775218,0.881089,0.092365,0.774733,0.000000,0.000000,-0.186158
796,02 04 14 18 22 24,0.04469722,0.61066617,0.193805,0.246942,0.323279,1.492079,0.000000,0.000000,0.217489
797,01 02 04 08 10 13,0.04468680,0.64790595,1.024396,1.334494,-0.138548,0.774733,0.000000,0.000000,-2.322064
798,07 08 13 14 22 24,0.04456651,0.51748092,-0.498355,1.211541,0.092365,0.200857,0.000000,0.000000,0.253668
799,07 09 12 13 22 24,0.04455708,0.47125128,-1.882673,0.854215,1.016020,0.631264,0.000000,0.000000,0.400429
800,02 06 07 13 14 24,0.04453829,0.52766416,-1.052082,0.682220,0.785107,0.918202,0.000000,0.000000,0.188044
801,02 07 09 13 14 24,0.04451388,0.49976144,-2.021105,0.637085,1.939675,0.918202,0.000000,0.000000,0.394605
802,04 08 12 14 24 33,0.04449993,0.58557770,1.162828,0.956971,-1.062203,0.344326,0.000000,0.000000,0.923975
803,02 06 12 13 24 33,0.04444268,0.58465731,0.609100,0.603714,-0.369462,0.774733,0.000000,0.000000,1.044706
804,04 07 09 12 13 33,0.04443110,0.50840868,-1.052082,0.167613,-0.369462,1.492079,0.000000,0.000000,0.547463
805,04 06 13 14 18 33,0.04436828,0.56946767,1.162828,0.518332,-2.216772,0.918202,0.000000,0.000000,0.926016
806,06 09 13 14 22 24,0.04436445,0.41696437,-1.605810,1.793946,0.092365,-0.659958,0.000000,0.000000,0.543234
807,04 06 07 12 13 33,0.04432362,0.53631140,-0.083059,0.212748,-1.524031,1.492079,0.000000,0.000000,0.321361
808,04 06 09 13 14 33,0.04431090,0.45412178,-0.775218,1.107344,-1.293117,0.200857,0.000000,0.000000,0.700998
809,04 06 07 12 14 24,0.04424816,0.51025762,-0.913650,0.723287,-0.138548,0.918202,0.000000,0.000000,-0.046171
810,02 08 13 14 24 33,0.04421950,0.60298424,1.024396,0.915904,-0.138548,0.344326,0.000000,0.000000,1.073662
811,06 12 13 18 22 24,0.04400072,0.57076012,0.747532,1.060324,-0.831289,0.344326,0.000000,0.000000,0.368746
812,08 09 13 14 22 24,0.04396722,0.47374115,-0.775218,1.961527,0.323279,-0.803427,0.000000,0.000000,0.209284
813,04 10 12 13 18 33,0.04390938,0.63467207,1.578123,0.072305,-1.524031,1.492079,0.000000,0.000000,0.913978
814,04 08 12 14 18 24,0.04389573,0.63864052,1.578123,1.051841,-0.600376,0.487795,0.000000,0.000000,-0.112564
815,04 07 10 12 13 33,0.04384574,0.56306594,-0.083059,-0.088669,-0.831289,1.779017,0.000000,0.000000,0.643630
816,02 04 10 14 22 24,0.04376699,0.54997754,-0.775218,0.579672,0.785107,1.061672,0.000000,0.000000,0.046044
817,01 02 04 06 09 13,0.04373014,0.53647192,-0.775218,1.423195,0.092365,0.631264,0.000000,0.000000,-2.371587
818,04 07 13 14 18 33,0.04369177,0.58530472,0.470668,-0.276789,-1.293117,1.922486,0.000000,0.000000,0.991564
819,02 04 08 12 14 22,0.04366451,0.53816191,-0.221491,0.575780,-1.062203,1.205141,0.000000,0.000000,-0.456267
820,02 07 12 13 24 33,0.04366042,0.60049437,-0.083059,-0.191408,0.554193,1.779017,0.000000,0.000000,1.094588
821,04 06 10 12 13 33,0.04365574,0.54722889,0.609100,0.706453,-1.754944,0.774733,0.000000,0.000000,0.449705
822,04 07 08 12 13 18,0.04359648,0.64615100,1.162828,0.475199,-0.831289,1.492079,0.000000,0.000000,-1.008491
823,01 06 12 13 14 33,0.04356077,0.48688782,0.332236,1.005934,-2.678599,0.344326,0.000000,0.000000,0.556833
824,04 08 09 12 13 18,0.04353934,0.60241123,0.885964,1.225185,-0.600376,0.487795,0.000000,0.000000,-0.972554
825,04 09 13 14 18 33,0.04345722,0.54156496,0.193805,0.473196,-1.062203,0.918202,0.000000,0.000000,1.001218
826,02 04 14 22 24 33,0.04343655,0.55760335,-0.221491,0.152071,-0.138548,1.348610,0.000000,0.000000,0.977742
827,02 09 10 12 13 24,0.04343112,0.54912879,-0.913650,0.986179,1.708762,0.487795,0.000000,0.000000,0.124365
828,02 09 12 13 24 33,0.04342083,0.55675460,-0.359923,0.558578,0.785107,0.774733,0.000000,0.000000,1.103494
829,07 12 13 18 22 24,0.04338315,0.58659717,0.055373,0.265202,0.092365,1.348610,0.000000,0.000000,0.443024
830,06 12 13 22 24 33,0.04335225,0.51769729,0.332236,0.965453,-1.293117,0.200857,0.000000,0.000000,1.219698
831,06 10 12 13 22 24,0.04333128,0.51007148,-0.221491,1.393055,-0.369462,-0.086081,0.000000,0.000000,0.235938
832,04 06 08 12 13 18,0.04327560,0.63031394,1.854987,1.270321,-1.754944,0.487795,0.000000,0.000000,-1.221806
833,02 07 10 13 14 24,0.04323295,0.55441870,-1.052082,0.380803,1.477848,1.205141,0.000000,0.000000,0.387722
834,01 08 12 13 14 18,0.04319362,0.59672741,1.578123,1.268385,-1.985858,0.344326,0.000000,0.000000,-0.719685
835,02 06 10 13 14 24,0.04318490,0.53858165,-0.359923,1.175925,0.554193,0.200857,0.000000,0.000000,0.214828
836,02 06 13 14 18 24,0.04318485,0.59927028,0.609100,0.843194,0.092365,0.631264,0.000000,0.000000,0.248449
837,04 08 10 12 14 24,0.04311901,0.57795189,0.609100,1.384572,-0.138548,0.057388,0.000000,0.000000,-0.261265
838,07 10 12 13 22 24,0.04305361,0.52590854,-0.913650,0.597933,0.554193,0.918202,0.000000,0.000000,0.360575
839,02 09 13 14 18 24,0.04301602,0.57136757,-0.359923,0.798058,1.246934,0.631264,0.000000,0.000000,0.433613
840,04 07 10 12 14 24,0.04295676,0.53701217,-0.913650,0.421870,0.554193,1.205141,0.000000,0.000000,0.155571
841,02 07 13 14 18 24,0.04294422,0.61510734,-0.083059,0.048073,1.016020,1.635548,0.000000,0.000000,0.378572
842,06 07 13 14 22 24,0.04293994,0.46070414,-1.328946,1.043960,-0.138548,0.344326,0.000000,0.000000,0.287785
843,04 06 10 13 14 33,0.04291414,0.50877904,0.193805,0.851063,-1.754944,0.487795,0.000000,0.000000,0.676953
844,02 10 12 13 18 24,0.04287787,0.66447468,1.024396,0.397167,0.785107,1.205141,0.000000,0.000000,0.258917
845,04 07 12 14 18 24,0.04278646,0.59770080,0.055373,0.089139,0.092365,1.635548,0.000000,0.000000,0.163969
846,08 10 12 13 22 24,0.04277706,0.56684826,0.609100,1.560635,-0.138548,-0.229551,0.000000,0.000000,-0.121272
847,08 13 14 22 24 33,0.04275538,0.53602422,0.747532,1.277644,-1.062203,-0.229551,0.000000,0.000000,1.193289
848,04 07 09 13 14 33,0.04273871,0.46995883,-1.467378,0.312223,-0.369462,1.205141,0.000000,0.000000,0.633849
849,08 13 14 18 22 24,0.04271668,0.58908704,1.162828,1.372514,-0.600376,-0.086081,0.000000,0.000000,0.240530
850,04 06 07 13 14 33,0.04265145,0.49786154,-0.498355,0.357358,-1.524031,1.205141,0.000000,0.000000,0.410743
851,04 07 12 14 24 33,0.04260577,0.54463798,-0.359923,-0.005731,-0.369462,1.492079,0.000000,0.000000,1.084225
852,04 09 12 14 18 24,0.04257715,0.55396103,-0.221491,0.839125,0.323279,0.631264,0.000000,0.000000,0.177361
853,04 06 12 14 24 33,0.04248478,0.52880092,0.332236,0.789390,-1.293117,0.487795,0.000000,0.000000,0.900525
854,02 04 09 12 14 22,0.04247791,0.45348242,-2.021105,0.363064,-0.138548,1.348610,0.000000,0.000000,-0.146789
855,07 12 13 22 24 33,0.04247094,0.53353435,-0.359923,0.170332,-0.369462,1.205141,0.000000,0.000000,1.254903
856,02 04 07 12 14 22,0.04241692,0.49722219,-1.744242,-0.386922,-0.369462,2.352894,0.000000,0.000000,-0.200226
857,01 02 04 07 09 13,0.04238601,0.55230897,-1.467378,0.628073,1.016020,1.635548,0.000000,0.000000,-2.404948
858,04 09 12 14 24 33,0.04235861,0.50089821,-0.636787,0.744255,-0.138548,0.487795,0.000000,0.000000,1.092009
859,08 10 13 14 22 24,0.04235054,0.52839841,0.193805,1.705245,-0.138548,-0.516489,0.000000,0.000000,0.152656
860,01 12 13 14 18 33,0.04233300,0.57433100,1.301260,0.371787,-2.447685,1.061672,0.000000,0.000000,0.801631
861,09 12 13 18 22 24,0.04233214,0.54285740,-0.221491,1.015188,0.323279,0.344326,0.000000,0.000000,0.331718
862,07 09 13 14 22 24,0.04232460,0.43280142,-2.297969,0.998825,1.016020,0.344326,0.000000,0.000000,0.406798
863,02 06 13 14 24 33,0.04230505,0.54620746,0.193805,0.748324,-0.369462,0.487795,0.000000,0.000000,1.065129
864,01 02 04 06 10 13,0.04229227,0.59112918,0.193805,1.166913,-0.369462,0.918202,0.000000,0.000000,-2.401722
865,01 02 04 07 10 13,0.04227556,0.60696623,-0.498355,0.371792,0.554193,1.922486,0.000000,0.000000,-2.238422
866,02 09 10 13 14 24,0.04224876,0.51067894,-1.328946,1.130789,1.708762,0.200857,0.000000,0.000000,0.286312
867,04 07 10 13 14 33,0.04224772,0.52461609,-0.498355,0.055941,-0.831289,1.492079,0.000000,0.000000,0.743996
868,04 06 09 12 13 18,0.04224357,0.54563445,0.055373,1.057605,-0.831289,0.631264,0.000000,0.000000,-0.889428
869,02 12 13 18 24 33,0.04215988,0.67210049,1.578123,-0.030434,-0.138548,1.492079,0.000000,0.000000,1.133198
870,01 02 04 12 14 18,0.04211748,0.61830654,0.609100,0.142813,-1.062203,1.922486,0.000000,0.000000,-1.195583
871,06 13 14 18 22 24,0.04209354,0.53231027,0.332236,1.204934,-0.831289,0.057388,0.000000,0.000000,0.423309
872,06 10 13 14 22 24,0.04205591,0.47162163,-0.636787,1.537665,-0.369462,-0.373020,0.000000,0.000000,0.384106
873,01 02 04 06 07 13,0.04202883,0.58021169,-0.498355,0.673209,-0.138548,1.635548,0.000000,0.000000,-2.668043
874,01 07 12 13 14 33,0.04198858,0.50272487,-0.359923,0.210813,-1.754944,1.348610,0.000000,0.000000,0.489684
875,04 09 10 12 13 33,0.04198494,0.51932617,-0.359923,0.661317,-0.600376,0.774733,0.000000,0.000000,0.412348
876,04 09 10 12 14 24,0.04197004,0.49327240,-1.190514,1.171856,0.785107,0.200857,0.000000,0.000000,0.053788
877,04 10 13 14 18 33,0.04194870,0.59622222,1.162828,0.216915,-1.524031,1.205141,0.000000,0.000000,0.960616
878,04 06 12 14 18 24,0.04184273,0.58186375,0.747532,0.884261,-0.831289,0.631264,0.000000,0.000000,-0.141622
879,09 12 13 22 24 33,0.04184045,0.48979458,-0.636787,0.920318,-0.138548,0.200857,0.000000,0.000000,1.205897
880,02 10 12 13 24 33,0.04180657,0.61141186,0.609100,0.302296,0.323279,1.061672,0.000000,0.000000,1.047226
881,01 09 12 13 14 33,0.04177675,0.45898510,-0.636787,0.960799,-1.524031,0.344326,0.000000,0.000000,0.502703
882,07 10 13 14 22 24,0.04177572,0.48745869,-1.328946,0.742543,0.554193,0.631264,0.000000,0.000000,0.508369
883,01 02 04 09 10 13,0.04166013,0.56322646,-0.775218,1.121777,0.785107,0.918202,0.000000,0.000000,-2.285197
884,04 07 08 13 14 18,0.04156357,0.60770114,0.747532,0.619809,-0.831289,1.205141,0.000000,0.000000,-0.972554
885,07 13 14 18 22 24,0.04152465,0.54814732,-0.359923,0.409812,0.092365,1.061672,0.000000,0.000000,0.504802
886,02 07 13 14 24 33,0.04152028,0.56204452,-0.498355,-0.046798,0.554193,1.492079,0.000000,0.000000,1.114637
887,04 07 09 12 13 18,0.04149664,0.56147150,-0.636787,0.262483,0.092365,1.635548,0.000000,0.000000,-0.834312
888,01 04 08 09 12 24,0.04133224,0.55630887,0.332236,1.666312,0.554193,-0.516489,0.000000,0.000000,0.183086
889,02 09 13 14 24 33,0.04127564,0.51830475,-0.775218,0.703188,0.785107,0.487795,0.000000,0.000000,1.122796
890,02 04 12 14 22 33,0.04126950,0.51576550,-0.498355,-0.320819,-1.524031,1.922486,0.000000,0.000000,0.837726
891,04 06 08 13 14 18,0.04124521,0.59186409,1.439691,1.414931,-1.754944,0.200857,0.000000,0.000000,-1.185495
892,01 02 04 08 22 24,0.04124498,0.61301401,0.747532,1.074129,0.554193,0.344326,0.000000,0.000000,-0.103810
893,04 09 10 13 14 33,0.04123577,0.48087632,-0.775218,0.805927,-0.600376,0.487795,0.000000,0.000000,0.638475
894,01 04 07 08 12 24,0.04120802,0.60004864,0.609100,0.916327,0.323279,0.487795,0.000000,0.000000,0.120280
895,04 06 10 12 14 24,0.04114905,0.52117511,-0.221491,1.216992,-0.369462,0.200857,0.000000,0.000000,-0.278022
896,04 08 09 13 14 18,0.04111402,0.56396137,0.470668,1.369795,-0.600376,0.200857,0.000000,0.000000,-0.994754
897,06 13 14 22 24 33,0.04110331,0.47924744,-0.083059,1.110063,-1.293117,-0.086081,0.000000,0.000000,1.223629
898,04 08 10 12 13 18,0.04110129,0.65706849,1.854987,0.968904,-1.062203,0.774733,0.000000,0.000000,-1.150870
899,01 06 08 13 22 24,0.04104948,0.53465810,0.885964,2.032121,-0.600376,-1.090365,0.000000,0.000000,0.458790
900,02 10 13 14 18 24,0.04094496,0.62602483,0.609100,0.541777,0.785107,0.918202,0.000000,0.000000,0.309668
901,01 06 12 13 14 18,0.04092992,0.53995064,0.747532,1.100805,-2.216772,0.487795,0.000000,0.000000,-0.779960
902,01 04 06 08 12 24,0.04073233,0.58421158,1.301260,1.711448,-0.600376,-0.516489,0.000000,0.000000,-0.115970
903,01 02 06 08 13 24,0.04060974,0.60161812,1.162828,1.670381,0.323279,-0.516489,0.000000,0.000000,0.057100
904,06 08 12 13 14 22,0.04057802,0.45980601,-0.083059,1.533772,-2.216772,-0.229551,0.000000,0.000000,-0.321975
905,04 06 07 12 13 18,0.04052857,0.58937422,0.332236,0.307619,-1.062203,1.635548,0.000000,0.000000,-1.187912
906,01 09 12 13 14 18,0.04051246,0.51204792,-0.221491,1.055669,-1.062203,0.487795,0.000000,0.000000,-0.631630
907,02 04 06 12 14 22,0.04047466,0.48138514,-1.052082,0.408199,-1.293117,1.348610,0.000000,0.000000,-0.653752
908,01 07 08 13 22 24,0.04044693,0.55049516,0.193805,1.237000,0.323279,-0.086081,0.000000,0.000000,0.535295
909,01 08 09 13 22 24,0.04035066,0.50675539,-0.083059,1.986985,0.554193,-1.090365,0.000000,0.000000,0.565435
910,08 12 13 14 22 33,0.04031730,0.49418637,0.470668,0.804754,-2.447685,0.344326,0.000000,0.000000,1.013118
911,07 13 14 22 24 33,0.04021947,0.49508450,-0.775218,0.314942,-0.369462,0.918202,0.000000,0.000000,1.258460
912,01 07 12 13 14 18,0.04018047,0.55578769,0.055373,0.305683,-1.293117,1.492079,0.000000,0.000000,-0.725218
913,04 12 14 18 24 33,0.04017060,0.61624410,1.301260,0.155243,-1.062203,1.205141,0.000000,0.000000,0.984367
914,04 07 10 12 13 18,0.04012639,0.61612876,0.332236,0.006202,-0.369462,1.922486,0.000000,0.000000,-0.854429
915,01 10 12 13 14 33,0.04012628,0.51364236,0.332236,0.704517,-1.985858,0.631264,0.000000,0.000000,0.441071
916,02 04 12 14 18 22,0.04010426,0.56882832,-0.083059,-0.225949,-1.062203,2.065956,0.000000,0.000000,-0.281934
917,02 13 14 18 24 33,0.04003016,0.63365064,1.162828,0.114176,-0.138548,1.205141,0.000000,0.000000,1.154792
918,04 10 12 14 24 33,0.03993676,0.55555547,0.332236,0.487973,-0.600376,0.774733,0.000000,0.000000,0.916094
919,04 06 09 13 14 18,0.03982330,0.50718460,-0.359923,1.202215,-0.831289,0.344326,0.000000,0.000000,-0.910879
920,02 10 13 14 24 33,0.03976208,0.57296201,0.193805,0.446906,0.323279,0.774733,0.000000,0.000000,1.081446
921,09 13 14 18 22 24,0.03975776,0.50440755,-0.636787,1.159798,0.323279,0.057388,0.000000,0.000000,0.287433
922,01 02 04 08 12 14,0.03971472,0.58764014,0.470668,0.944541,-1.062203,1.061672,0.000000,0.000000,-2.253354
923,04 08 10 13 14 18,0.03962423,0.61861864,1.439691,1.113514,-1.062203,0.487795,0.000000,0.000000,-1.032581
924,02 08 12 13 14 33,0.03958546,0.56114639,0.747532,0.443014,-1.524031,0.918202,0.000000,0.000000,0.568153
925,09 13 14 22 24 33,0.03958394,0.45134473,-1.052082,1.064928,-0.138548,-0.086081,0.000000,0.000000,1.208707
926,09 10 12 13 22 24,0.03951741,0.48216877,-1.190514,1.347919,0.785107,-0.086081,0.000000,0.000000,-0.118922
927,01 02 08 09 13 24,0.03945252,0.57371541,0.193805,1.625246,1.477848,-0.516489,0.000000,0.000000,0.095831
928,06 09 12 13 14 22,0.03941905,0.37512652,-1.882673,1.321056,-1.293117,-0.086081,0.000000,0.000000,-0.008403
929,01 02 04 09 22 24,0.03938637,0.52833452,-1.052082,0.861413,1.477848,0.487795,0.000000,0.000000,0.106109
930,04 10 12 14 18 24,0.03937041,0.60861829,0.747532,0.582844,-0.138548,0.918202,0.000000,0.000000,-0.114837
931,01 02 07 08 13 24,0.03932577,0.61745517,0.470668,0.875260,1.246934,0.487795,0.000000,0.000000,0.032651
932,01 08 13 18 22 24,0.03915613,0.62210128,1.854987,1.397973,-0.369462,-0.373020,0.000000,0.000000,0.604981
933,04 06 10 12 13 18,0.03911366,0.60029171,1.024396,0.801323,-1.293117,0.918202,0.000000,0.000000,-1.170243
934,01 04 08 09 14 24,0.03910390,0.51785902,-0.083059,1.810922,0.554193,-0.803427,0.000000,0.000000,0.190070
935,09 10 13 14 22 24,0.03908836,0.44371892,-1.605810,1.492529,0.785107,-0.373020,0.000000,0.000000,0.154632
936,10 12 13 22 24 33,0.03908047,0.54445184,0.332236,0.664036,-0.600376,0.487795,0.000000,0.000000,0.979887
937,04 07 09 13 14 18,0.03907385,0.52302165,-1.052082,0.407093,0.092365,1.348610,0.000000,0.000000,-0.856138
938,12 13 18 22 24 33,0.03907119,0.60514047,1.301260,0.331306,-1.062203,0.918202,0.000000,0.000000,1.012141
939,01 02 04 07 22 24,0.03901057,0.57207428,-0.775218,0.111427,1.246934,1.492079,0.000000,0.000000,0.006030
940,01 04 07 08 14 24,0.03898473,0.56159879,0.193805,1.060937,0.323279,0.200857,0.000000,0.000000,0.128011
941,01 04 08 10 12 24,0.03892706,0.61096613,1.301260,1.410031,0.092365,-0.229551,0.000000,0.000000,0.009642
942,01 04 06 09 12 24,0.03889193,0.49953209,-0.498355,1.498732,0.323279,-0.373020,0.000000,0.000000,0.096646
943,04 06 07 13 14 18,0.03883685,0.55092437,-0.083059,0.452229,-1.062203,1.348610,0.000000,0.000000,-1.101427
944,01 02 08 10 13 24,0.03880953,0.62837267,1.162828,1.368964,1.016020,-0.229551,0.000000,0.000000,0.183460
945,01 08 10 13 22 24,0.03879690,0.56141265,0.885964,1.730704,0.092365,-0.803427,0.000000,0.000000,0.518131
946,01 04 06 07 12 24,0.03879366,0.54327186,-0.221491,0.748746,0.092365,0.631264,0.000000,0.000000,0.037684
947,01 06 08 12 13 14,0.03873959,0.50928423,0.609100,1.902533,-2.216772,-0.373020,0.000000,0.000000,-1.806258
948,07 08 12 13 14 22,0.03871629,0.47564306,-0.775218,0.738651,-1.293117,0.774733,0.000000,0.000000,-0.432022
949,01 02 08 13 18 24,0.03869500,0.68906130,2.131851,1.036233,0.554193,0.200857,0.000000,0.000000,0.200121
950,01 04 06 08 13 33,0.03869478,0.57181551,1.716555,1.345519,-1.985858,-0.229551,0.000000,0.000000,0.275633
951,06 12 13 14 22 33,0.03863495,0.43740959,-0.359923,0.637173,-2.678599,0.487795,0.000000,0.000000,1.038973
952,10 12 13 18 22 24,0.03855809,0.59751466,0.747532,0.758907,-0.138548,0.631264,0.000000,0.000000,-0.044530
953,02 04 10 12 14 22,0.03854293,0.50813968,-1.052082,0.106782,-0.600376,1.635548,0.000000,0.000000,-0.546878
954,01 04 06 08 14 24,0.03851156,0.54576173,0.885964,1.856058,-0.600376,-0.803427,0.000000,0.000000,-0.107865
955,01 02 04 18 22 24,0.03845083,0.64368041,0.885964,0.272400,0.554193,1.205141,0.000000,0.000000,0.184023
956,01 06 07 13 22 24,0.03837526,0.49371838,-0.636787,1.069419,0.092365,0.057388,0.000000,0.000000,0.503471
957,01 06 09 13 22 24,0.03833701,0.44997861,-0.913650,1.819405,0.323279,-0.946896,0.000000,0.000000,0.542206
958,04 09 10 12 13 18,0.03830344,0.57238900,0.055373,0.756188,-0.138548,0.918202,0.000000,0.000000,-1.080102
959,01 04 07 09 12 24,0.03829349,0.51536915,-1.190514,0.703610,1.246934,0.631264,0.000000,0.000000,0.173760
960,01 10 12 13 14 18,0.03825327,0.56670518,0.747532,0.799388,-1.524031,0.774733,0.000000,0.000000,-0.783446
961,01 02 04 09 12 14,0.03818246,0.50296065,-1.328946,0.731825,-0.138548,1.205141,0.000000,0.000000,-1.995086
962,01 04 08 13 18 33,0.03816758,0.65925869,2.685578,0.711371,-1.754944,0.487795,0.000000,0.000000,0.624222
963,08 09 12 13 14 22,0.03809635,0.43190330,-1.052082,1.488637,-1.062203,-0.229551,0.000000,0.000000,-0.479466
964,01 02 04 07 12 14,0.03796724,0.54670042,-1.052082,-0.018161,-0.369462,2.209425,0.000000,0.000000,-2.071373
965,01 02 06 09 13 24,0.03796680,0.51693863,-0.636787,1.457665,1.246934,-0.373020,0.000000,0.000000,0.150817
966,01 02 04 08 12 22,0.03795827,0.57117615,0.470668,0.601239,-0.831289,0.918202,0.000000,0.000000,-0.409706
967,01 04 08 12 18 24,0.03791998,0.67165476,2.270283,1.077300,-0.369462,0.200857,0.000000,0.000000,-0.105933
968,04 07 10 13 14 18,0.03779797,0.57767891,-0.083059,0.150812,-0.369462,1.635548,0.000000,0.000000,-0.862273
969,10 13 14 22 24 33,0.03777854,0.50600199,-0.083059,0.808646,-0.600376,0.200857,0.000000,0.000000,1.124122
970,07 12 13 14 22 33,0.03776625,0.45324665,-1.052082,-0.157948,-1.754944,1.492079,0.000000,0.000000,1.076047
971,01 04 08 09 13 33,0.03764922,0.54391279,0.747532,1.300384,-0.831289,-0.229551,0.000000,0.000000,0.330907
972,04 06 10 13 14 18,0.03764165,0.56184186,0.609100,0.945933,-1.293117,0.631264,0.000000,0.000000,-1.051207
973,02 06 12 13 14 33,0.03764073,0.50436961,-0.083059,0.275433,-1.754944,1.061672,0.000000,0.000000,0.555135
974,01 04 07 08 13 33,0.03755024,0.58765256,1.024396,0.550398,-1.062203,0.774733,0.000000,0.000000,0.271840
975,01 04 08 12 24 33,0.03737508,0.61859194,1.854987,0.982430,-0.831289,0.057388,0.000000,0.000000,0.760365
976,07 09 12 13 14 22,0.03734341,0.39096357,-2.574833,0.525935,-0.369462,0.918202,0.000000,0.000000,-0.150142
977,01 02 08 13 24 33,0.03734271,0.63599848,1.716555,0.941363,0.092365,0.057388,0.000000,0.000000,0.946800
978,08 12 13 14 18 22,0.03734225,0.54724919,0.885964,0.899624,-1.985858,0.487795,0.000000,0.000000,-0.374670
979,01 02 04 10 22 24,0.03729291,0.58299178,-0.083059,0.605131,1.016020,0.774733,0.000000,0.000000,-0.021155
980,01 06 13 18 22 24,0.03722150,0.56532451,1.024396,1.230393,-0.600376,-0.229551,0.000000,0.000000,0.593458
981,04 09 10 13 14 18,0.03720490,0.53393914,-0.359923,0.900798,-0.138548,0.631264,0.000000,0.000000,-0.905737
982,09 12 13 14 22 33,0.03716100,0.40950688,-1.328946,0.592038,-1.524031,0.487795,0.000000,0.000000,1.030780
983,01 04 09 10 12 24,0.03711261,0.52628664,-0.498355,1.197315,1.016020,-0.086081,0.000000,0.000000,0.226102
984,06 07 12 13 14 22,0.03711036,0.41886629,-1.605810,0.571070,-1.524031,0.918202,0.000000,0.000000,-0.394846
985,01 06 08 12 13 22,0.03704034,0.49282025,0.609100,1.559231,-1.985858,-0.516489,0.000000,0.000000,0.045862
986,01 08 09 12 13 14,0.03702342,0.48138152,-0.359923,1.857398,-1.062203,-0.373020,0.000000,0.000000,-1.850337
987,01 02 06 07 13 24,0.03701211,0.56067840,-0.359923,0.707679,1.016020,0.631264,0.000000,0.000000,-0.035026
988,01 04 07 10 12 24,0.03696245,0.57002641,-0.221491,0.447329,0.785107,0.918202,0.000000,0.000000,0.159452
989,01 06 10 13 22 24,0.03694530,0.50463587,0.055373,1.563123,-0.138548,-0.659958,0.000000,0.000000,0.518909
990,01 04 08 10 13 33,0.03694227,0.59857005,1.716555,1.044102,-1.293117,0.057388,0.000000,0.000000,0.409060
991,10 13 14 18 22 24,0.03693830,0.55906481,0.332236,0.903517,-0.138548,0.344326,0.000000,0.000000,0.052611
992,01 06 09 12 13 14,0.03691258,0.42460474,-1.190514,1.689817,-1.293117,-0.229551,0.000000,0.000000,-1.591659
993,06 12 13 14 18 22,0.03689312,0.49047241,0.055373,0.732044,-2.216772,0.631264,0.000000,0.000000,-0.166111
994,02 07 12 13 14 33,0.03687110,0.52020666,-0.775218,-0.519688,-0.831289,2.065956,0.000000,0.000000,0.606885
995,01 04 08 10 14 24,0.03679942,0.57251628,0.885964,1.554641,0.092365,-0.516489,0.000000,0.000000,0.031544
996,01 07 08 12 13 14,0.03678430,0.52512129,-0.083059,1.107412,-1.293117,0.631264,0.000000,0.000000,-1.930166
997,01 02 04 06 22 24,0.03678398,0.55623723,-0.083059,0.906548,0.323279,0.487795,0.000000,0.000000,-0.489620
998,01 02 06 13 18 24,0.03676362,0.63228452,1.301260,0.868653,0.323279,0.344326,0.000000,0.000000,0.189080
999,01 04 06 13 18 33,0.03673604,0.60248191,1.854987,0.543791,-1.985858,0.631264,0.000000,0.000000,0.687234
1000,01 04 06 09 14 24,0.03666864,0.46108224,-0.913650,1.643342,0.323279,-0.659958,0.000000,0.000000,0.104378
1001,01 07 09 13 22 24,0.03666665,0.46581567,-1.605810,1.024284,1.246934,0.057388,0.000000,0.000000,0.460513
1002,01 04 06 10 12 24,0.03666146,0.55418935,0.470668,1.242450,-0.138548,-0.086081,0.000000,0.000000,-0.050916
1003,02 09 12 13 14 33,0.03665674,0.47646690,-1.052082,0.230298,-0.600376,1.061672,0.000000,0.000000,0.619530
1004,01 02 06 10 13 24,0.03664462,0.57159589,0.332236,1.201383,0.785107,-0.086081,0.000000,0.000000,0.137821
1005,01 04 06 07 14 24,0.03657542,0.50482201,-0.636787,0.893356,0.092365,0.344326,0.000000,0.000000,0.046164
1006,01 02 07 09 13 24,0.03646259,0.53277568,-1.328946,0.662544,2.170589,0.631264,0.000000,0.000000,0.093739
1007,01 04 06 12 18 24,0.03645055,0.61487799,1.439691,0.909719,-0.600376,0.344326,0.000000,0.000000,-0.048534
1008,01 09 13 18 22 24,0.03644974,0.53742179,0.055373,1.185257,0.554193,-0.229551,0.000000,0.000000,0.689297
1009,01 08 13 22 24 33,0.03644967,0.56903846,1.439691,1.303103,-0.831289,-0.516489,0.000000,0.000000,1.151035
1010,02 12 13 14 18 33,0.03639782,0.59181279,0.885964,-0.358715,-1.524031,1.779017,0.000000,0.000000,0.797689
1011,13 14 18 22 24 33,0.03631824,0.56669062,0.885964,0.475916,-1.062203,0.631264,0.000000,0.000000,0.941402
1012,07 12 13 14 18 22,0.03623723,0.50630947,-0.636787,-0.063078,-1.293117,1.635548,0.000000,0.000000,-0.097508
1013,01 02 04 06 12 14,0.03622760,0.53086336,-0.359923,0.776960,-1.293117,1.205141,0.000000,0.000000,-2.494882
1014,01 07 10 13 22 24,0.03618071,0.52047293,-0.636787,0.768002,0.785107,0.344326,0.000000,0.000000,0.571408
1015,06 10 12 13 14 22,0.03616854,0.42978378,-0.913650,1.064775,-1.754944,0.200857,0.000000,0.000000,-0.307088
1016,01 07 13 18 22 24,0.03616822,0.58116156,0.332236,0.435271,0.323279,0.774733,0.000000,0.000000,0.603186
1017,01 02 09 13 18 24,0.03616801,0.60438181,0.332236,0.823517,1.477848,0.344326,0.000000,0.000000,0.311015
1018,01 04 07 09 14 24,0.03606768,0.47691929,-1.605810,0.848220,1.246934,0.344326,0.000000,0.000000,0.181118
1019,01 02 07 10 13 24,0.03603984,0.58743294,-0.359923,0.406262,1.708762,0.918202,0.000000,0.000000,0.213997
1020,01 02 04 09 12 22,0.03603489,0.48649666,-1.328946,0.388522,0.092365,1.061672,0.000000,0.000000,-0.209385
1021,01 09 10 13 22 24,0.03603274,0.47673316,-0.913650,1.517988,1.016020,-0.659958,0.000000,0.000000,0.593889
1022,01 04 08 14 18 24,0.03597740,0.63320491,1.854987,1.221910,-0.369462,-0.086081,0.000000,0.000000,-0.056613
1023,01 04 06 12 24 33,0.03594350,0.56181516,1.024396,0.814849,-1.062203,0.200857,0.000000,0.000000,0.823371
1024,01 04 09 12 18 24,0.03592326,0.58697527,0.470668,0.864584,0.554193,0.344326,0.000000,0.000000,0.083524
1025,01 04 07 12 18 24,0.03587490,0.63071504,0.747532,0.114598,0.323279,1.348610,0.000000,0.000000,0.031956
1026,01 04 06 08 13 18,0.03585640,0.62487833,2.131851,1.440389,-1.524031,-0.086081,0.000000,0.000000,-1.091908
1027,07 10 12 13 14 22,0.03585255,0.44562083,-1.605810,0.269653,-0.831289,1.205141,0.000000,0.000000,-0.188127
1028,01 02 07 13 18 24,0.03585118,0.64812158,0.609100,0.073531,1.246934,1.348610,0.000000,0.000000,0.219674
1029,01 02 04 07 12 22,0.03583986,0.53023643,-1.052082,-0.361463,-0.138548,2.065956,0.000000,0.000000,-0.282681
1030,02 08 12 13 14 18,0.03582561,0.61420921,1.162828,0.537884,-1.062203,1.061672,0.000000,0.000000,-0.935906
1031,01 02 04 22 24 33,0.03582444,0.59061759,0.470668,0.177530,0.092365,1.061672,0.000000,0.000000,0.741941
1032,01 04 08 09 13 18,0.03567143,0.59697562,1.162828,1.395254,-0.369462,-0.086081,0.000000,0.000000,-0.909135
1033,01 07 08 12 13 22,0.03559903,0.50865730,-0.083059,0.764109,-1.062203,0.487795,0.000000,0.000000,-0.001897
1034,01 02 04 08 14 22,0.03554778,0.53272630,0.055373,0.745849,-0.831289,0.631264,0.000000,0.000000,-0.429710
1035,01 08 09 12 13 22,0.03553937,0.46491754,-0.359923,1.514095,-0.831289,-0.516489,0.000000,0.000000,0.033666
1036,08 10 12 13 14 22,0.03553769,0.48656056,-0.083059,1.232355,-1.524031,0.057388,0.000000,0.000000,-0.675650
1037,01 04 07 08 13 18,0.03553459,0.64071538,1.439691,0.645268,-0.600376,0.918202,0.000000,0.000000,-0.973810
1038,01 08 10 12 13 14,0.03539800,0.53603878,0.609100,1.601116,-1.524031,-0.086081,0.000000,0.000000,-1.908258
1039,04 06 08 09 12 13,0.03538176,0.51496805,-0.083059,1.859333,-0.831289,-0.229551,0.000000,0.000000,-2.607820
1040,01 02 09 10 13 24,0.03533863,0.54369318,-0.636787,1.156248,1.939675,-0.086081,0.000000,0.000000,0.154513
1041,01 04 08 14 24 33,0.03529841,0.58014209,1.439691,1.127040,-0.831289,-0.229551,0.000000,0.000000,0.789818
1042,01 04 06 09 13 33,0.03523415,0.48713602,-0.083059,1.132803,-1.062203,-0.086081,0.000000,0.000000,0.248207
1043,04 06 08 13 22 33,0.03523086,0.52233728,1.024396,0.976758,-1.985858,-0.086081,0.000000,0.000000,0.974356
1044,04 06 08 09 13 22,0.03520373,0.46005421,-0.498355,1.660641,-0.600376,-0.659958,0.000000,0.000000,-0.193207
1045,01 02 06 13 24 33,0.03517058,0.57922170,0.885964,0.773782,-0.138548,0.200857,0.000000,0.000000,0.900091
1046,01 04 06 07 13 33,0.03516111,0.53087578,0.193805,0.382817,-1.293117,0.918202,0.000000,0.000000,0.192983
1047,01 10 13 18 22 24,0.03512244,0.59207905,1.024396,0.928975,0.092365,0.057388,0.000000,0.000000,0.675542
1048,01 08 12 13 18 22,0.03506705,0.58026343,1.578123,0.925083,-1.754944,0.200857,0.000000,0.000000,0.180208
1049,04 06 08 09 13 14,0.03505690,0.47651819,-0.498355,2.003943,-0.831289,-0.516489,0.000000,0.000000,-2.318830
1050,01 04 06 14 18 24,0.03504430,0.57642814,1.024396,1.054329,-0.600376,0.057388,0.000000,0.000000,0.080245
1051,01 02 10 13 18 24,0.03501377,0.65903907,1.301260,0.567236,1.016020,0.631264,0.000000,0.000000,0.322901
1052,01 04 09 10 14 24,0.03498245,0.48783679,-0.913650,1.341925,1.016020,-0.373020,0.000000,0.000000,0.247630
1053,04 07 08 09 12 13,0.03491019,0.53080510,-0.775218,1.064212,0.092365,0.774733,0.000000,0.000000,-2.511910
1054,01 06 08 13 14 22,0.03483126,0.45437040,0.193805,1.703841,-1.985858,-0.803427,0.000000,0.000000,0.055699
1055,12 13 14 18 22 33,0.03475839,0.52485277,0.609100,0.003025,-2.447685,1.205141,0.000000,0.000000,0.891344
1056,01 07 09 12 13 14,0.03474337,0.44044180,-1.882673,0.894696,-0.369462,0.774733,0.000000,0.000000,-1.747258
1057,09 12 13 14 18 22,0.03472857,0.46256970,-0.913650,0.686908,-1.062203,0.631264,0.000000,0.000000,-0.276618
1058,04 07 08 09 13 22,0.03471954,0.47589126,-1.190514,0.865519,0.323279,0.344326,0.000000,0.000000,-0.099167
1059,04 07 08 13 22 33,0.03471639,0.53817434,0.332236,0.181637,-1.062203,0.918202,0.000000,0.000000,1.063911
1060,01 04 06 10 13 33,0.03470190,0.54179328,0.885964,0.876521,-1.524031,0.200857,0.000000,0.000000,0.352241
1061,01 02 04 06 12 22,0.03463439,0.51439938,-0.359923,0.433658,-1.062203,1.061672,0.000000,0.000000,-0.627051
1062,01 02 04 12 22 33,0.03462915,0.54877974,0.193805,-0.295360,-1.293117,1.635548,0.000000,0.000000,0.745895
1063,01 02 04 10 12 14,0.03460432,0.55761791,-0.359923,0.475543,-0.600376,1.492079,0.000000,0.000000,-2.342308
1064,01 06 10 12 13 14,0.03459531,0.47926200,-0.221491,1.433536,-1.754944,0.057388,0.000000,0.000000,-1.752079
1065,04 08 09 13 22 33,0.03458984,0.49443457,0.055373,0.931622,-0.831289,-0.086081,0.000000,0.000000,1.089564
1066,04 07 08 09 13 14,0.03458281,0.49235525,-1.190514,1.208822,0.092365,0.487795,0.000000,0.000000,-2.223294
1067,01 04 09 12 24 33,0.03455563,0.53391245,0.055373,0.769714,0.092365,0.200857,0.000000,0.000000,0.827931
1068,01 06 13 22 24 33,0.03455288,0.51226168,0.609100,1.135522,-1.062203,-0.373020,0.000000,0.000000,1.145119
1069,01 04 07 12 24 33,0.03454511,0.57765222,0.332236,0.019728,-0.138548,1.205141,0.000000,0.000000,0.781971
1070,01 04 09 13 18 33,0.03454430,0.57457920,0.885964,0.498655,-0.831289,0.631264,0.000000,0.000000,0.572699
1071,01 04 06 10 14 24,0.03453886,0.51573950,0.055373,1.387060,-0.138548,-0.373020,0.000000,0.000000,-0.028266
1072,01 08 12 13 22 33,0.03453408,0.52720061,1.162828,0.830213,-2.216772,0.057388,0.000000,0.000000,1.048274
1073,01 04 07 13 18 33,0.03453382,0.61831896,1.162828,-0.251331,-1.062203,1.635548,0.000000,0.000000,0.526744
1074,01 04 10 12 18 24,0.03449358,0.64163253,1.439691,0.608302,0.092365,0.631264,0.000000,0.000000,0.054602
1075,10 12 13 14 22 33,0.03441363,0.46416414,-0.359923,0.335756,-1.985858,0.774733,0.000000,0.000000,0.806638
1076,04 06 07 08 13 22,0.03439522,0.50379398,-0.221491,0.910655,-0.831289,0.344326,0.000000,0.000000,-0.357392
1077,04 07 08 12 22 24,0.03439403,0.55057041,-0.083059,0.547565,0.323279,0.631264,0.000000,0.000000,0.322680
1078,04 07 08 10 13 14,0.03436399,0.54701251,-0.221491,0.952540,-0.369462,0.774733,0.000000,0.000000,-2.072822
1079,01 06 09 12 13 22,0.03434933,0.40814076,-1.190514,1.346515,-1.062203,-0.373020,0.000000,0.000000,0.132459
1080,01 06 07 12 13 14,0.03432602,0.46834451,-0.913650,0.939831,-1.524031,0.774733,0.000000,0.000000,-2.019267
1081,02 07 08 13 22 24,0.03430276,0.56797695,-0.221491,0.506499,1.246934,0.631264,0.000000,0.000000,0.500390
1082,02 04 08 09 12 24,0.03430249,0.57379066,-0.083059,0.935811,1.477848,0.200857,0.000000,0.000000,0.016979
1083,01 02 04 12 18 22,0.03430182,0.60184256,0.609100,-0.200490,-0.831289,1.779017,0.000000,0.000000,-0.249627
1084,04 08 09 12 22 24,0.03429903,0.50683064,-0.359923,1.297551,0.554193,-0.373020,0.000000,0.000000,0.353009
1085,01 04 07 14 18 24,0.03422609,0.59226519,0.332236,0.259208,0.323279,1.061672,0.000000,0.000000,0.124799
1086,02 08 09 13 22 24,0.03420396,0.52423718,-0.498355,1.256484,1.477848,-0.373020,0.000000,0.000000,0.530156
1087,02 10 12 13 14 33,0.03420120,0.53112416,-0.083059,-0.025984,-1.062203,1.348610,0.000000,0.000000,0.438624
1088,01 07 10 12 13 14,0.03418577,0.49509906,-0.913650,0.638414,-0.831289,1.061672,0.000000,0.000000,-1.646979
1089,02 04 07 08 12 24,0.03418079,0.61753043,0.193805,0.185825,1.246934,1.205141,0.000000,0.000000,-0.045453
1090,01 04 08 10 13 18,0.03417959,0.65163288,2.131851,1.138972,-0.831289,0.200857,0.000000,0.000000,-0.947265
1091,04 06 07 08 12 13,0.03412638,0.55870781,0.193805,1.109347,-1.062203,0.774733,0.000000,0.000000,-2.838211
1092,02 06 08 13 22 24,0.03410276,0.55213990,0.470668,1.301620,0.323279,-0.373020,0.000000,0.000000,0.304985
1093,04 07 08 10 13 22,0.03406898,0.53054852,-0.221491,0.609238,-0.138548,0.631264,0.000000,0.000000,-0.012659
1094,02 09 12 13 14 18,0.03399822,0.52952972,-0.636787,0.325168,-0.138548,1.205141,0.000000,0.000000,-0.721363
1095,01 04 07 10 14 24,0.03398344,0.53157656,-0.636787,0.591939,0.785107,0.631264,0.000000,0.000000,0.055221
1096,01 04 09 14 18 24,0.03396550,0.54852542,0.055373,1.009194,0.554193,0.057388,0.000000,0.000000,0.130595
1097,01 04 10 13 18 33,0.03395261,0.62923646,1.854987,0.242374,-1.293117,0.918202,0.000000,0.000000,0.667928
1098,01 04 10 12 24 33,0.03391083,0.58856971,1.024396,0.513432,-0.369462,0.487795,0.000000,0.000000,0.915292
1099,01 08 10 12 13 22,0.03390386,0.51957480,0.609100,1.257814,-1.293117,-0.229551,0.000000,0.000000,-0.025750
1100,01 04 06 14 24 33,0.03389718,0.52336531,0.609100,0.959459,-1.062203,-0.086081,0.000000,0.000000,0.857321
1101,02 06 12 13 14 18,0.03384303,0.55743243,0.332236,0.370304,-1.293117,1.205141,0.000000,0.000000,-0.954532
1102,04 07 08 13 18 22,0.03376276,0.59123716,0.747532,0.276507,-0.600376,1.061672,0.000000,0.000000,-0.024398
1103,04 06 07 08 13 14,0.03375535,0.52025796,-0.221491,1.253957,-1.062203,0.487795,0.000000,0.000000,-2.556061
1104,01 02 13 18 24 33,0.03372674,0.66666488,1.854987,0.139634,0.092365,0.918202,0.000000,0.000000,1.112878
1105,01 02 09 13 24 33,0.03371438,0.55131899,-0.083059,0.728647,1.016020,0.200857,0.000000,0.000000,0.894529
1106,01 02 07 13 24 33,0.03371399,0.59505876,0.193805,-0.021339,0.785107,1.205141,0.000000,0.000000,0.850069
1107,04 08 09 13 18 22,0.03367405,0.54749739,0.470668,1.026493,-0.369462,0.057388,0.000000,0.000000,0.006862
1108,01 02 04 09 14 22,0.03362187,0.44804681,-1.744242,0.533132,0.092365,0.774733,0.000000,0.000000,-0.229762
1109,01 04 12 18 24 33,0.03358858,0.64925834,1.993419,0.180701,-0.831289,0.918202,0.000000,0.000000,0.901178
1110,02 07 12 13 14 18,0.03356632,0.57326949,-0.359923,-0.424818,-0.369462,2.209425,0.000000,0.000000,-0.829753
1111,01 04 09 10 13 33,0.03350758,0.51389056,-0.083059,0.831386,-0.369462,0.200857,0.000000,0.000000,0.385477
1112,01 06 07 12 13 22,0.03349076,0.45188053,-0.913650,0.596529,-1.293117,0.631264,0.000000,0.000000,-0.039145
1113,04 06 08 13 18 22,0.03345449,0.57540010,1.439691,1.071628,-1.524031,0.057388,0.000000,0.000000,-0.235844
1114,01 04 06 07 13 18,0.03343743,0.58393861,0.609100,0.477688,-0.831289,1.061672,0.000000,0.000000,-1.009412
1115,01 02 04 07 14 22,0.03343189,0.49178658,-1.467378,-0.216853,-0.138548,1.779017,0.000000,0.000000,-0.302311
1116,01 07 08 13 14 22,0.03338743,0.47020745,-0.498355,0.908719,-1.062203,0.200857,0.000000,0.000000,0.007567
1117,04 08 09 10 13 22,0.03332507,0.48680876,-0.498355,1.359224,0.092365,-0.373020,0.000000,0.000000,-0.078469
1118,01 08 09 13 14 22,0.03331639,0.42646768,-0.775218,1.658705,-0.831289,-0.803427,0.000000,0.000000,0.041444
1119,04 07 08 10 12 13,0.03331513,0.58546236,0.193805,0.807930,-0.369462,1.061672,0.000000,0.000000,-2.565332
1120,04 08 09 10 13 14,0.03321862,0.50327274,-0.498355,1.702526,-0.138548,-0.229551,0.000000,0.000000,-2.198110
1121,01 04 06 09 13 18,0.03321850,0.54019884,0.332236,1.227673,-0.600376,0.057388,0.000000,0.000000,-0.997443
1122,04 06 08 10 13 14,0.03318164,0.53117545,0.470668,1.747662,-1.293117,-0.229551,0.000000,0.000000,-2.413766
1123,01 02 10 13 24 33,0.03311765,0.60597625,0.885964,0.472365,0.554193,0.487795,0.000000,0.000000,0.989010
1124,01 08 13 14 18 22,0.03304352,0.54181358,1.162828,1.069693,-1.754944,-0.086081,0.000000,0.000000,0.217536
1125,04 08 10 13 22 33,0.03302095,0.54909183,1.024396,0.675341,-1.293117,0.200857,0.000000,0.000000,1.040017
1126,01 04 07 09 13 33,0.03301547,0.50297307,-0.775218,0.337682,-0.138548,0.918202,0.000000,0.000000,0.085277
1127,02 04 08 13 18 33,0.03300075,0.67674048,2.270283,-0.019130,-0.831289,1.205141,0.000000,0.000000,0.734112
1128,01 02 04 10 12 22,0.03297074,0.54115392,-0.359923,0.132241,-0.369462,1.348610,0.000000,0.000000,-0.480458
1129,01 07 13 22 24 33,0.03295546,0.52809874,-0.083059,0.340401,-0.138548,0.631264,0.000000,0.000000,1.074232
1130,04 06 08 10 13 22,0.03289673,0.51471147,0.470668,1.404359,-1.062203,-0.373020,0.000000,0.000000,-0.352107
1131,01 06 10 12 13 22,0.03287587,0.46279802,-0.221491,1.090233,-1.524031,-0.086081,0.000000,0.000000,0.097050
1132,01 06 12 13 18 22,0.03282353,0.52348665,0.747532,0.757502,-1.985858,0.344326,0.000000,0.000000,0.122924
1133,04 08 13 18 22 33,0.03280871,0.60978046,1.993419,0.342610,-1.754944,0.631264,0.000000,0.000000,1.042202
1134,01 02 04 14 18 22,0.03273115,0.56339271,0.193805,-0.055880,-0.831289,1.492079,0.000000,0.000000,-0.145207
1135,01 02 04 14 22 33,0.03271953,0.51032988,-0.221491,-0.150750,-1.293117,1.348610,0.000000,0.000000,0.800097
1136,01 07 09 12 13 22,0.03269412,0.42397781,-1.882673,0.551393,-0.138548,0.631264,0.000000,0.000000,0.053008
1137,01 09 13 22 24 33,0.03269316,0.48435897,-0.359923,1.090387,0.092365,-0.373020,0.000000,0.000000,1.079774
1138,01 02 08 12 14 24,0.03264210,0.56810685,0.609100,0.979011,0.092365,0.057388,0.000000,0.000000,0.075076
1139,01 08 10 13 14 22,0.03262915,0.48112494,0.193805,1.402424,-1.293117,-0.516489,0.000000,0.000000,0.122517
1140,01 06 12 13 22 33,0.03260702,0.47042383,0.332236,0.662632,-2.447685,0.200857,0.000000,0.000000,1.037873
1141,04 06 07 13 22 33,0.03257179,0.48139756,-0.498355,0.014056,-1.293117,1.061672,0.000000,0.000000,1.021280
1142,01 04 07 10 13 33,0.03252876,0.55763033,0.193805,0.081400,-0.600376,1.205141,0.000000,0.000000,0.196059
1143,04 06 09 13 22 33,0.03250325,0.43765779,-0.775218,0.764042,-1.062203,0.057388,0.000000,0.000000,1.055530
1144,04 06 07 09 12 13,0.03249496,0.47402832,-1.605810,0.896631,-0.138548,0.918202,0.000000,0.000000,-2.594634
1145,01 04 07 14 24 33,0.03248362,0.53920237,-0.083059,0.164338,-0.138548,0.918202,0.000000,0.000000,0.813672
1146,01 08 13 14 22 33,0.03247272,0.48875076,0.747532,0.974823,-2.216772,-0.229551,0.000000,0.000000,1.079994
1147,01 08 12 14 22 24,0.03246570,0.50114683,0.332236,1.340751,-0.831289,-0.516489,0.000000,0.000000,0.385483
1148,01 04 09 14 24 33,0.03246378,0.49546260,-0.359923,0.914324,0.092365,-0.086081,0.000000,0.000000,0.855135
1149,02 04 08 09 13 33,0.03244366,0.56139459,0.332236,0.569882,0.092365,0.487795,0.000000,0.000000,0.435059
1150,04 06 08 12 22 24,0.03243436,0.53473336,0.609100,1.342687,-0.600376,-0.373020,0.000000,0.000000,-0.133425
1151,01 09 12 13 18 22,0.03237579,0.49558394,-0.221491,0.712367,-0.831289,0.344326,0.000000,0.000000,0.266768
1152,02 04 07 08 13 33,0.03234720,0.60513435,0.609100,-0.180103,-0.138548,1.492079,0.000000,0.000000,0.376366
1153,04 06 07 09 13 22,0.03232954,0.41911449,-2.021105,0.697939,0.092365,0.487795,0.000000,0.000000,-0.178152
1154,04 06 09 10 13 14,0.03232935,0.44649596,-1.328946,1.534946,-0.369462,-0.086081,0.000000,0.000000,-2.054758
1155,02 06 07 13 22 24,0.03223362,0.51120017,-1.052082,0.338918,1.016020,0.774733,0.000000,0.000000,0.468940
1156,01 02 04 06 14 22,0.03222894,0.47594953,-0.775218,0.578268,-1.062203,0.774733,0.000000,0.000000,-0.646306
1157,04 06 07 10 13 14,0.03222540,0.49023573,-1.052082,0.784960,-0.600376,0.918202,0.000000,0.000000,-2.114562
1158,04 07 09 12 22 24,0.03222517,0.46589092,-1.882673,0.334849,1.246934,0.774733,0.000000,0.000000,0.486635
1159,02 06 09 13 22 24,0.03219284,0.46746040,-1.328946,1.088904,1.246934,-0.229551,0.000000,0.000000,0.507301
1160,04 06 09 12 22 24,0.03218721,0.45005387,-1.190514,1.129971,0.323279,-0.229551,0.000000,0.000000,0.315236
1161,04 08 09 10 12 13,0.03217481,0.54172259,-0.083059,1.557916,-0.138548,0.057388,0.000000,0.000000,-2.689873
1162,04 06 07 09 13 14,0.03217263,0.43557847,-2.021105,1.041241,-0.138548,0.631264,0.000000,0.000000,-2.305270
1163,01 06 09 13 14 22,0.03213141,0.36969091,-1.605810,1.491125,-1.062203,-0.659958,0.000000,0.000000,0.140985
1164,01 07 10 12 13 22,0.03212642,0.47863507,-0.913650,0.295112,-0.600376,0.918202,0.000000,0.000000,0.151792
1165,04 07 08 14 22 24,0.03212510,0.51212056,-0.498355,0.692175,0.323279,0.344326,0.000000,0.000000,0.323651
1166,01 02 08 12 13 33,0.03209057,0.59416063,1.439691,0.468473,-1.293117,0.631264,0.000000,0.000000,0.349718
1167,02 04 08 09 14 24,0.03207163,0.53534081,-0.498355,1.080421,1.477848,-0.086081,0.000000,0.000000,0.023589
1168,02 04 07 09 12 24,0.03206881,0.53285094,-1.605810,-0.026891,2.170589,1.348610,0.000000,0.000000,0.126927
1169,01 13 18 22 24 33,0.03206636,0.59970486,1.578123,0.501374,-0.831289,0.344326,0.000000,0.000000,1.203429
1170,01 07 12 13 18 22,0.03206399,0.53932371,0.055373,-0.037619,-1.062203,1.348610,0.000000,0.000000,0.176171
1171,02 04 06 08 12 24,0.03204866,0.60169338,0.885964,0.980947,0.323279,0.200857,0.000000,0.000000,-0.527110
1172,04 06 09 10 13 22,0.03203434,0.43003198,-1.328946,1.191643,-0.138548,-0.229551,0.000000,0.000000,0.005405
1173,04 08 09 14 22 24,0.03201241,0.46838079,-0.775218,1.442161,0.554193,-0.659958,0.000000,0.000000,0.351357
1174,01 04 08 12 14 33,0.03199797,0.53830424,1.162828,0.654149,-2.216772,0.344326,0.000000,0.000000,0.481886
1175,01 10 13 22 24 33,0.03197458,0.53901623,0.609100,0.834105,-0.369462,-0.086081,0.000000,0.000000,1.156203
1176,02 04 07 08 14 24,0.03195498,0.57908058,-0.221491,0.330435,1.246934,0.918202,0.000000,0.000000,-0.038095
1177,04 06 07 10 13 22,0.03195057,0.47377175,-1.052082,0.441657,-0.369462,0.774733,0.000000,0.000000,-0.051408
1178,02 08 13 18 22 24,0.03191568,0.63958308,1.439691,0.667472,0.554193,0.344326,0.000000,0.000000,0.407657
1179,04 06 07 13 18 22,0.03191012,0.53446038,-0.083059,0.108926,-0.831289,1.205141,0.000000,0.000000,-0.023773
1180,01 04 06 10 13 18,0.03190136,0.59485610,1.301260,0.971392,-1.062203,0.344326,0.000000,0.000000,-1.009692
1181,02 04 06 09 12 24,0.03186471,0.51701389,-0.913650,0.768231,1.246934,0.344326,0.000000,0.000000,-0.069086
1182,02 08 10 13 22 24,0.03184514,0.57889444,0.470668,1.000203,1.016020,-0.086081,0.000000,0.000000,0.363578
1183,02 04 06 08 13 33,0.03183530,0.58929730,1.301260,0.615018,-1.062203,0.487795,0.000000,0.000000,0.134751
1184,01 04 07 09 13 18,0.03182256,0.55603589,-0.359923,0.432552,0.323279,1.061672,0.000000,0.000000,-1.038482
1185,01 04 10 14 18 24,0.03176996,0.60318268,1.024396,0.752912,0.092365,0.344326,0.000000,0.000000,-0.011792
1186,04 06 13 18 22 33,0.03165503,0.55300369,1.162828,0.175029,-1.985858,0.774733,0.000000,0.000000,1.146380
1187,04 07 09 10 13 14,0.03159000,0.46233302,-2.021105,0.739824,0.554193,0.918202,0.000000,0.000000,-1.998521
1188,01 04 14 18 24 33,0.03158132,0.61080849,1.578123,0.325311,-0.831289,0.631264,0.000000,0.000000,0.940914
1189,01 04 09 10 13 18,0.03156764,0.56695338,0.332236,0.926256,0.092365,0.344326,0.000000,0.000000,-0.848957
1190,04 06 09 13 18 22,0.03154962,0.49072061,-0.359923,0.858912,-0.600376,0.200857,0.000000,0.000000,-0.032780
1191,01 02 04 10 14 22,0.03151232,0.50270407,-0.775218,0.276851,-0.369462,1.061672,0.000000,0.000000,-0.359410
1192,02 04 08 12 24 33,0.03139813,0.63607374,1.439691,0.251929,0.092365,0.774733,0.000000,0.000000,0.750233
1193,09 10 12 13 14 22,0.03138583,0.40188107,-1.882673,1.019639,-0.600376,0.200857,0.000000,0.000000,-0.805483
1194,04 06 07 12 22 24,0.03136396,0.49379364,-0.913650,0.379985,0.092365,0.774733,0.000000,0.000000,0.148866
1195,02 07 09 13 22 24,0.03132503,0.48329746,-2.021105,0.293782,2.170589,0.774733,0.000000,0.000000,0.544507
1196,04 08 10 13 18 22,0.03132028,0.60215465,1.439691,0.770211,-0.831289,0.344326,0.000000,0.000000,-0.158968
1197,01 06 07 13 14 22,0.03129053,0.41343068,-1.328946,0.741139,-1.293117,0.344326,0.000000,0.000000,-0.027996
1198,04 07 09 10 13 22,0.03128489,0.44586903,-2.021105,0.396522,0.785107,0.774733,0.000000,0.000000,0.060147
1199,04 06 09 10 12 13,0.03128049,0.48494582,-0.913650,1.390336,-0.369462,0.200857,0.000000,0.000000,-2.547268
1200,02 06 08 12 13 14,0.03118243,0.52676603,0.193805,1.172032,-1.293117,0.344326,0.000000,0.000000,-2.050503
1201,01 09 10 12 13 14,0.03117866,0.45135929,-1.190514,1.388400,-0.600376,0.057388,0.000000,0.000000,-2.048089
1202,04 06 07 10 12 13,0.03117149,0.52868558,-0.636787,0.640350,-0.600376,1.205141,0.000000,0.000000,-2.607820
1203,04 08 12 18 22 24,0.03112759,0.62217654,1.578123,0.708539,-0.369462,0.344326,0.000000,0.000000,0.099668
1204,04 08 12 22 24 33,0.03110729,0.56911372,1.162828,0.613668,-0.831289,0.200857,0.000000,0.000000,1.043686
1205,04 06 10 13 22 33,0.03109640,0.49231505,0.193805,0.507760,-1.524031,0.344326,0.000000,0.000000,1.029990
1206,01 06 13 14 18 22,0.03108365,0.48503680,0.332236,0.902112,-1.985858,0.057388,0.000000,0.000000,0.202275
1207,01 04 10 14 24 33,0.03105312,0.55011986,0.609100,0.658042,-0.369462,0.200857,0.000000,0.000000,0.829032
1208,01 07 12 13 22 33,0.03102474,0.48626089,-0.359923,-0.132489,-1.524031,1.205141,0.000000,0.000000,0.969228
1209,02 10 12 13 14 18,0.03098517,0.58418698,0.332236,0.068887,-0.600376,1.492079,0.000000,0.000000,-0.984865
1210,01 10 12 13 18 22,0.03096041,0.55024120,0.747532,0.456085,-1.293117,0.631264,0.000000,0.000000,0.239964
1211,02 04 08 10 13 33,0.03093164,0.61605185,1.301260,0.313601,-0.369462,0.774733,0.000000,0.000000,0.393938
1212,02 04 08 12 18 24,0.03092896,0.68913656,1.854987,0.346799,0.554193,0.918202,0.000000,0.000000,-0.266301
1213,04 07 09 13 22 33,0.03092098,0.45349485,-1.467378,-0.031080,-0.138548,1.061672,0.000000,0.000000,0.986885
1214,10 12 13 14 18 22,0.03091620,0.51722696,0.055373,0.430627,-1.524031,0.918202,0.000000,0.000000,-0.658542
1215,02 04 06 07 12 24,0.03091506,0.56075365,-0.636787,0.018245,1.016020,1.348610,0.000000,0.000000,-0.254182
1216,04 06 08 10 12 13,0.03079290,0.56962531,0.885964,1.603052,-1.293117,0.057388,0.000000,0.000000,-3.104784
1217,01 09 12 13 22 33,0.03079272,0.44252112,-0.636787,0.617496,-1.293117,0.200857,0.000000,0.000000,0.979256
1218,04 07 09 13 18 22,0.03079008,0.50655767,-1.052082,0.063791,0.323279,1.205141,0.000000,0.000000,0.020466
1219,01 06 10 13 14 22,0.03075231,0.42434817,-0.636787,1.234843,-1.524031,-0.373020,0.000000,0.000000,0.119557
1220,02 04 06 13 18 33,0.03071783,0.61996370,1.439691,-0.186710,-1.062203,1.348610,0.000000,0.000000,0.670991
1221,01 02 09 12 14 24,0.03065295,0.48342736,-1.190514,0.766295,1.016020,0.200857,0.000000,0.000000,0.265654
1222,01 02 07 12 14 24,0.03058944,0.52716713,-0.913650,0.016310,0.785107,1.205141,0.000000,0.000000,0.211843
1223,01 07 12 14 22 24,0.03055388,0.46020711,-1.190514,0.378049,-0.138548,0.631264,0.000000,0.000000,0.543116
1224,01 04 07 10 13 18,0.03055096,0.61069315,0.609100,0.176270,-0.138548,1.348610,0.000000,0.000000,-1.043983
1225,01 06 13 14 22 33,0.03055069,0.43197398,-0.083059,0.807242,-2.447685,-0.086081,0.000000,0.000000,1.070340
1226,04 07 09 10 12 13,0.03054366,0.50078287,-1.605810,0.595214,0.554193,1.205141,0.000000,0.000000,-2.490658
1227,01 06 12 14 22 24,0.03051844,0.44437006,-0.498355,1.173171,-1.062203,-0.373020,0.000000,0.000000,0.372091
1228,02 08 13 22 24 33,0.03050188,0.58652025,1.024396,0.572602,0.092365,0.200857,0.000000,0.000000,1.145224
1229,06 08 09 12 13 24,0.03047505,0.49543476,0.055373,1.893804,0.323279,-1.233835,0.000000,0.000000,0.041497
1230,01 07 09 13 14 22,0.03047367,0.38552796,-2.297969,0.696003,-0.138548,0.344326,0.000000,0.000000,0.061160
1231,01 12 13 18 22 33,0.03044337,0.55786701,1.301260,0.028484,-2.216772,0.918202,0.000000,0.000000,1.144016
1232,01 02 08 13 14 33,0.03042722,0.55571077,1.024396,0.613083,-1.293117,0.344326,0.000000,0.000000,0.440406
1233,01 02 06 12 14 24,0.03040685,0.51133007,-0.221491,0.811431,-0.138548,0.200857,0.000000,0.000000,0.019016
1234,02 08 09 12 13 14,0.03036871,0.49886331,-0.775218,1.126897,-0.138548,0.344326,0.000000,0.000000,-1.960880
1235,01 09 13 14 18 22,0.03034975,0.45713409,-0.636787,0.856977,-0.831289,0.057388,0.000000,0.000000,0.303722
1236,01 09 12 14 22 24,0.03034204,0.41646734,-1.467378,1.128035,0.092365,-0.373020,0.000000,0.000000,0.556134
1237,01 09 10 12 13 22,0.03030094,0.43489531,-1.190514,1.045098,-0.369462,-0.086081,0.000000,0.000000,-0.074256
1238,02 06 13 18 22 24,0.03026216,0.58280630,0.609100,0.499891,0.323279,0.487795,0.000000,0.000000,0.437783
1239,04 09 10 13 22 33,0.03024165,0.46441234,-0.775218,0.462625,-0.369462,0.344326,0.000000,0.000000,1.113532
1240,02 04 08 10 12 24,0.03023835,0.62844792,0.885964,0.679530,1.016020,0.487795,0.000000,0.000000,-0.402246
1241,04 08 10 12 22 24,0.03018435,0.56148791,0.609100,1.041270,0.092365,-0.086081,0.000000,0.000000,-0.073704
1242,02 04 09 13 18 33,0.03018002,0.59206099,0.470668,-0.231846,0.092365,1.348610,0.000000,0.000000,0.801489
1243,02 04 07 13 18 33,0.03017206,0.63580076,0.747532,-0.981832,-0.138548,2.352894,0.000000,0.000000,0.755908
1244,04 06 08 14 22 24,0.03016796,0.49628351,0.193805,1.487297,-0.600376,-0.659958,0.000000,0.000000,-0.132081
1245,02 06 09 12 13 14,0.03015797,0.44208654,-1.605810,0.959316,-0.369462,0.487795,0.000000,0.000000,-1.717003
1246,04 07 13 18 22 33,0.03011453,0.56884074,0.470668,-0.620092,-1.062203,1.779017,0.000000,0.000000,1.083926
1247,02 07 08 12 13 14,0.03008090,0.54260308,-0.498355,0.376911,-0.369462,1.348610,0.000000,0.000000,-2.047922
1248,02 09 13 18 22 24,0.03006305,0.55490359,-0.359923,0.454756,1.477848,0.487795,0.000000,0.000000,0.618462
1249,02 06 08 12 13 22,0.03005783,0.51030204,0.193805,0.828730,-1.062203,0.200857,0.000000,0.000000,-0.113246
1250,01 07 13 14 18 22,0.03004299,0.50087386,-0.359923,0.106991,-1.062203,1.061672,0.000000,0.000000,0.213872
1251,02 07 10 13 22 24,0.03003401,0.53795472,-1.052082,0.037501,1.708762,1.061672,0.000000,0.000000,0.536129
1252,04 07 10 12 22 24,0.03003219,0.52054818,-0.913650,0.078568,0.785107,1.061672,0.000000,0.000000,0.344628
1253,02 04 06 09 13 33,0.03003111,0.50461781,-0.498355,0.402302,-0.138548,0.631264,0.000000,0.000000,0.352732
1254,04 07 12 18 22 24,0.03002841,0.58123682,0.055373,-0.254163,0.323279,1.492079,0.000000,0.000000,0.377696
1255,02 07 13 18 22 24,0.03001143,0.59864335,-0.083059,-0.295230,1.246934,1.492079,0.000000,0.000000,0.566411
1256,01 07 10 13 14 22,0.03000034,0.44018522,-1.328946,0.439722,-0.600376,0.631264,0.000000,0.000000,0.173925
1257,02 06 10 13 22 24,0.02999606,0.52211767,-0.359923,0.832622,0.785107,0.057388,0.000000,0.000000,0.364730
1258,01 10 12 13 22 33,0.02998605,0.49717838,0.332236,0.361215,-1.754944,0.487795,0.000000,0.000000,1.042636
1259,04 07 09 14 22 24,0.02994107,0.42744107,-2.297969,0.479459,1.246934,0.487795,0.000000,0.000000,0.485356
1260,02 04 07 10 12 24,0.02993270,0.58750820,-0.636787,-0.283172,1.708762,1.635548,0.000000,0.000000,-0.006654
1261,01 04 06 08 09 13,0.02992165,0.50953243,0.193805,2.029402,-0.600376,-0.803427,0.000000,0.000000,-2.187677
1262,04 06 09 14 22 24,0.02990564,0.41160402,-1.605810,1.274581,0.323279,-0.516489,0.000000,0.000000,0.314332
1263,02 09 10 13 22 24,0.02988353,0.49421495,-1.328946,0.787487,1.939675,0.057388,0.000000,0.000000,0.558236
1264,01 02 06 12 13 33,0.02987550,0.53738385,0.609100,0.300892,-1.524031,0.774733,0.000000,0.000000,0.296649
1265,04 09 13 18 22 33,0.02985980,0.52510097,0.193805,0.129894,-0.831289,0.774733,0.000000,0.000000,1.090589
1266,02 04 07 09 14 24,0.02984048,0.49440109,-2.021105,0.117719,2.170589,1.061672,0.000000,0.000000,0.133911
1267,02 04 06 08 14 24,0.02982537,0.56324353,0.470668,1.125557,0.323279,-0.086081,0.000000,0.000000,-0.519379
1268,06 08 12 13 24 33,0.02980962,0.55771783,1.578123,1.209921,-1.062203,-0.659958,0.000000,0.000000,1.106454
1269,04 09 12 18 22 24,0.02979891,0.53749705,-0.221491,0.495823,0.554193,0.487795,0.000000,0.000000,0.388097
1270,01 02 12 13 18 33,0.02978831,0.62482703,1.578123,-0.333256,-1.293117,1.492079,0.000000,0.000000,0.710426
1271,02 04 09 12 18 24,0.02973479,0.60445707,0.055373,0.134083,1.477848,1.061672,0.000000,0.000000,0.042056
1272,02 04 07 12 18 24,0.02968895,0.64819684,0.332236,-0.615903,1.246934,2.065956,0.000000,0.000000,-0.009138
1273,01 04 06 12 14 33,0.02968726,0.48152746,0.332236,0.486569,-2.447685,0.487795,0.000000,0.000000,0.414646
1274,01 02 08 12 13 18,0.02965770,0.64722345,1.854987,0.563343,-0.831289,0.774733,0.000000,0.000000,-0.957744
1275,02 04 06 09 14 24,0.02963889,0.47856403,-1.328946,0.912841,1.246934,0.057388,0.000000,0.000000,-0.061728
1276,04 07 10 13 22 33,0.02956599,0.50815211,-0.498355,-0.287361,-0.600376,1.348610,0.000000,0.000000,0.969030
1277,01 04 06 07 08 13,0.02956311,0.55327220,0.470668,1.279416,-0.831289,0.200857,0.000000,0.000000,-2.285197
1278,06 08 12 13 18 24,0.02949606,0.61078065,1.993419,1.304791,-0.600376,-0.516489,0.000000,0.000000,0.112974
1279,02 07 08 12 13 22,0.02941907,0.52613910,-0.498355,0.033608,-0.138548,1.205141,0.000000,0.000000,-0.042104
1280,02 04 09 12 24 33,0.02938123,0.55139424,-0.359923,0.039212,1.016020,0.918202,0.000000,0.000000,0.936700
1281,02 04 07 12 24 33,0.02937324,0.59513401,-0.083059,-0.710773,0.785107,1.922486,0.000000,0.000000,0.891113
1282,04 09 10 13 18 22,0.02936371,0.51747516,-0.359923,0.557495,0.092365,0.487795,0.000000,0.000000,0.036438
1283,04 06 10 13 18 22,0.02935788,0.54537787,0.609100,0.602631,-1.062203,0.487795,0.000000,0.000000,-0.174603
1284,02 08 09 12 13 22,0.02935688,0.48239933,-0.775218,0.783594,0.092365,0.200857,0.000000,0.000000,-0.006915
1285,01 04 12 14 18 33,0.02934828,0.56897064,1.301260,-0.147579,-2.216772,1.205141,0.000000,0.000000,0.791121
1286,02 04 08 14 24 33,0.02931894,0.59762388,1.024396,0.396539,0.092365,0.487795,0.000000,0.000000,0.779313
1287,02 04 08 09 13 18,0.02929901,0.61445741,0.747532,0.664753,0.554193,0.631264,0.000000,0.000000,-0.977856
1288,02 04 09 10 12 24,0.02922644,0.54376843,-0.913650,0.466814,1.939675,0.631264,0.000000,0.000000,-0.066886
1289,04 07 12 22 24 33,0.02922323,0.52817399,-0.359923,-0.349033,-0.138548,1.348610,0.000000,0.000000,1.205431
1290,01 04 09 12 14 33,0.02919113,0.45362475,-0.636787,0.441433,-1.293117,0.487795,0.000000,0.000000,0.551321
1291,02 04 07 08 13 18,0.02916469,0.65819718,1.024396,-0.085233,0.323279,1.635548,0.000000,0.000000,-1.042157
1292,01 04 07 12 14 33,0.02915538,0.49736452,-0.359923,-0.308552,-1.524031,1.492079,0.000000,0.000000,0.501623
1293,02 04 06 12 24 33,0.02911518,0.57929696,0.609100,0.084348,-0.138548,0.918202,0.000000,0.000000,0.687106
1294,04 06 07 14 22 24,0.02911274,0.45534378,-1.328946,0.524595,0.092365,0.487795,0.000000,0.000000,0.152459
1295,04 06 12 22 24 33,0.02911233,0.51233694,0.332236,0.446088,-1.062203,0.344326,0.000000,0.000000,1.023226
1296,02 04 06 07 13 33,0.02910669,0.54835758,-0.221491,-0.347684,-0.369462,1.635548,0.000000,0.000000,0.171375
1297,04 06 12 18 22 24,0.02909478,0.56539976,0.747532,0.540958,-0.600376,0.487795,0.000000,0.000000,0.073600
1298,01 02 12 14 18 24,0.02909447,0.59877326,0.747532,0.177283,0.092365,0.918202,0.000000,0.000000,0.251278
1299,01 10 13 14 18 22,0.02903506,0.51179135,0.332236,0.600695,-1.293117,0.344326,0.000000,0.000000,0.291836
1300,04 09 10 12 22 24,0.02902529,0.47680841,-1.190514,0.828554,1.016020,0.057388,0.000000,0.000000,0.239854
1301,01 09 10 13 14 22,0.02902371,0.39644545,-1.605810,1.189708,-0.369462,-0.373020,0.000000,0.000000,0.073637
1302,04 08 14 18 22 24,0.02900547,0.58372669,1.162828,0.853149,-0.369462,0.057388,0.000000,0.000000,0.122387
1303,06 07 08 12 13 24,0.02900411,0.53917453,0.332236,1.143818,0.092365,-0.229551,0.000000,0.000000,-0.220830
1304,02 04 08 14 18 24,0.02898386,0.65068671,1.439691,0.491409,0.554193,0.631264,0.000000,0.000000,-0.217356
1305,01 07 13 14 22 33,0.02896589,0.44781103,-0.775218,0.012121,-1.524031,0.918202,0.000000,0.000000,1.001322
1306,02 04 08 10 14 24,0.02896208,0.58999807,0.470668,0.824140,1.016020,0.200857,0.000000,0.000000,-0.254210
1307,04 09 12 22 24 33,0.02895588,0.48443423,-0.636787,0.400952,0.092365,0.344326,0.000000,0.000000,1.210225
1308,02 07 09 12 13 14,0.02884253,0.45792359,-2.297969,0.164195,0.554193,1.492079,0.000000,0.000000,-1.746115
1309,04 08 10 14 22 24,0.02883966,0.52303805,0.193805,1.185880,0.092365,-0.373020,0.000000,0.000000,0.064194
1310,01 12 14 18 22 24,0.02881279,0.53181324,0.470668,0.539023,-0.831289,0.344326,0.000000,0.000000,0.546088
1311,01 04 07 08 09 13,0.02880738,0.52536949,-0.498355,1.234280,0.323279,0.200857,0.000000,0.000000,-2.186984
1312,02 04 10 13 18 33,0.02878326,0.64671825,1.439691,-0.488128,-0.369462,1.635548,0.000000,0.000000,0.777444
1313,04 08 14 22 24 33,0.02877175,0.53066386,0.747532,0.758278,-0.831289,-0.086081,0.000000,0.000000,1.034788
1314,01 09 13 14 22 33,0.02872883,0.40407127,-1.052082,0.762106,-1.293117,-0.086081,0.000000,0.000000,1.010602
1315,02 04 06 07 14 24,0.02869429,0.52230380,-1.052082,0.162855,1.016020,1.061672,0.000000,0.000000,-0.246077
1316,02 04 06 10 13 33,0.02869378,0.55927507,0.470668,0.146020,-0.600376,0.918202,0.000000,0.000000,0.337493
1317,04 07 10 13 18 22,0.02865021,0.56121493,-0.083059,-0.192491,-0.138548,1.492079,0.000000,0.000000,-0.113672
1318,02 04 07 09 13 33,0.02861498,0.52045486,-1.190514,-0.392819,0.785107,1.635548,0.000000,0.000000,0.308703
1319,02 04 06 12 18 24,0.02860816,0.63235978,1.024396,0.179218,0.323279,1.061672,0.000000,0.000000,-0.335036
1320,02 06 13 22 24 33,0.02860761,0.52974348,0.193805,0.405021,-0.138548,0.344326,0.000000,0.000000,1.139682
1321,02 08 12 13 22 33,0.02860144,0.54468240,0.747532,0.099711,-1.293117,0.774733,0.000000,0.000000,1.044706
1322,07 08 12 13 18 24,0.02853159,0.62661771,1.301260,0.509670,0.323279,0.487795,0.000000,0.000000,0.135859
1323,01 02 09 12 13 33,0.02848371,0.50948114,-0.359923,0.255756,-0.369462,0.774733,0.000000,0.000000,0.300627
1324,01 02 07 12 13 33,0.02844039,0.55322090,-0.083059,-0.494229,-0.600376,1.779017,0.000000,0.000000,0.249807
1325,01 04 07 08 10 13,0.02842662,0.58002675,0.470668,0.977999,-0.138548,0.487795,0.000000,0.000000,-2.060505
1326,04 10 13 18 22 33,0.02834119,0.57975823,1.162828,-0.126388,-1.293117,1.061672,0.000000,0.000000,1.048492
1327,06 08 09 13 14 24,0.02833685,0.45698491,-0.359923,2.038414,0.323279,-1.520773,0.000000,0.000000,0.061834
1328,01 04 08 09 10 13,0.02832152,0.53628698,0.193805,1.727985,0.092365,-0.516489,0.000000,0.000000,-2.031674
1329,02 04 09 10 13 33,0.02829950,0.53137236,-0.498355,0.100885,0.554193,0.918202,0.000000,0.000000,0.489256
1330,01 13 14 18 22 33,0.02827000,0.51941716,0.885964,0.173094,-2.216772,0.631264,0.000000,0.000000,1.159145
1331,07 08 12 13 24 33,0.02825159,0.57355489,0.885964,0.414799,-0.138548,0.344326,0.000000,0.000000,1.041402
1332,04 06 10 12 22 24,0.02823457,0.50471113,-0.221491,0.873689,-0.138548,0.057388,0.000000,0.000000,-0.087470
1333,01 02 06 13 14 33,0.02822985,0.49893400,0.193805,0.445502,-1.524031,0.487795,0.000000,0.000000,0.389959
1334,04 07 14 18 22 24,0.02818741,0.54278697,-0.359923,-0.109553,0.323279,1.205141,0.000000,0.000000,0.442064
1335,02 04 07 10 13 33,0.02817709,0.57511212,-0.221491,-0.649101,0.323279,1.922486,0.000000,0.000000,0.426718
1336,02 06 09 12 13 22,0.02816937,0.42562255,-1.605810,0.616014,-0.138548,0.344326,0.000000,0.000000,0.092251
1337,02 04 07 14 18 24,0.02803762,0.60974698,-0.083059,-0.471293,1.246934,1.779017,0.000000,0.000000,0.083331
1338,01 10 13 14 22 33,0.02802286,0.45872853,-0.083059,0.505825,-1.754944,0.200857,0.000000,0.000000,1.088901
1339,02 10 13 18 22 24,0.02798189,0.60956085,0.609100,0.198474,1.016020,0.774733,0.000000,0.000000,0.493021
1340,02 04 06 10 12 24,0.02797526,0.57167115,0.055373,0.511949,0.785107,0.631264,0.000000,0.000000,-0.462429
1341,02 06 07 12 13 14,0.02795496,0.48582631,-1.328946,0.209330,-0.600376,1.492079,0.000000,0.000000,-2.087787
1342,02 04 09 10 14 24,0.02794766,0.50531858,-1.328946,0.611424,1.939675,0.344326,0.000000,0.000000,0.080776
1343,08 09 12 13 18 24,0.02794743,0.58287794,1.024396,1.259656,0.554193,-0.516489,0.000000,0.000000,0.093717
1344,02 08 10 12 13 14,0.02793823,0.55352057,0.193805,0.870615,-0.600376,0.631264,0.000000,0.000000,-2.138074
1345,01 04 06 08 10 13,0.02788444,0.56418969,1.162828,1.773120,-1.062203,-0.516489,0.000000,0.000000,-2.306605
1346,07 08 09 12 13 24,0.02786422,0.51127181,-0.636787,1.098682,1.246934,-0.229551,0.000000,0.000000,-0.179531
1347,08 09 12 13 24 33,0.02785877,0.52981512,0.609100,1.164785,0.092365,-0.659958,0.000000,0.000000,1.027607
1348,02 06 08 13 14 22,0.02784623,0.47185219,-0.221491,0.973340,-1.062203,-0.086081,0.000000,0.000000,-0.103782
1349,04 07 10 14 22 24,0.02783613,0.48209833,-1.328946,0.223178,0.785107,0.774733,0.000000,0.000000,0.356393
1350,02 04 06 08 13 18,0.02783006,0.64236012,1.716555,0.709888,-0.600376,0.631264,0.000000,0.000000,-1.405662
1351,02 07 13 22 24 33,0.02781274,0.54558053,-0.498355,-0.390100,0.785107,1.348610,0.000000,0.000000,1.187695
1352,02 04 07 10 14 24,0.02780506,0.54905835,-1.052082,-0.138562,1.708762,1.348610,0.000000,0.000000,0.015248
1353,02 08 12 13 18 22,0.02779080,0.59774522,1.162828,0.194582,-0.831289,0.918202,0.000000,0.000000,-0.022417
1354,04 07 08 12 14 22,0.02777641,0.47028271,-0.775218,0.219285,-1.062203,0.918202,0.000000,0.000000,-0.139583
1355,02 04 09 14 18 24,0.02777451,0.56600721,-0.359923,0.278693,1.477848,0.774733,0.000000,0.000000,0.088752
1356,01 02 13 14 18 33,0.02775217,0.58637718,1.162828,-0.188646,-1.293117,1.205141,0.000000,0.000000,0.745885
1357,06 07 09 12 13 24,0.02774807,0.45449504,-1.467378,0.931102,1.016020,-0.086081,0.000000,0.000000,0.078360
1358,01 04 08 12 14 18,0.02772000,0.59136706,1.578123,0.749020,-1.754944,0.487795,0.000000,0.000000,-1.098934
1359,04 08 09 12 14 22,0.02770665,0.42654294,-1.052082,0.969271,-0.831289,-0.086081,0.000000,0.000000,-0.105516
1360,01 04 10 12 14 33,0.02770505,0.50828201,0.332236,0.185152,-1.754944,0.774733,0.000000,0.000000,0.514044
1361,04 09 10 14 22 24,0.02767807,0.43835856,-1.605810,0.973164,1.016020,-0.229551,0.000000,0.000000,0.377378
1362,06 08 13 14 24 33,0.02765686,0.51926798,1.162828,1.354531,-1.062203,-0.946896,0.000000,0.000000,1.124634
1363,01 02 08 13 14 18,0.02764497,0.60877360,1.439691,0.707953,-0.831289,0.487795,0.000000,0.000000,-0.918817
1364,02 04 12 18 24 33,0.02759902,0.66674014,1.578123,-0.549800,0.092365,1.635548,0.000000,0.000000,0.889178
1365,01 02 12 14 24 33,0.02757054,0.54571043,0.332236,0.082413,-0.369462,0.774733,0.000000,0.000000,0.972530
1366,02 09 13 22 24 33,0.02754792,0.50184076,-0.775218,0.359885,1.016020,0.344326,0.000000,0.000000,1.192863
1367,01 02 10 12 14 24,0.02752304,0.53808462,-0.221491,0.510014,0.554193,0.487795,0.000000,0.000000,-0.015161
1368,04 06 14 18 22 24,0.02748368,0.52694991,0.332236,0.685568,-0.600376,0.200857,0.000000,0.000000,0.172030
1369,02 07 10 12 13 14,0.02747985,0.51258085,-1.328946,-0.092087,0.092365,1.779017,0.000000,0.000000,-1.765110
1370,06 09 12 13 18 24,0.02747563,0.52610116,0.193805,1.092075,0.323279,-0.373020,0.000000,0.000000,0.298917
1371,06 08 13 14 18 24,0.02745488,0.57233080,1.578123,1.449401,-0.600376,-0.803427,0.000000,0.000000,0.147685
1372,01 02 06 12 13 18,0.02740478,0.59044667,1.024396,0.395762,-1.062203,0.918202,0.000000,0.000000,-1.016421
1373,04 09 14 18 22 24,0.02734445,0.49904720,-0.636787,0.640433,0.554193,0.200857,0.000000,0.000000,0.361580
1374,02 07 09 12 13 22,0.02731671,0.44145961,-2.297969,-0.179108,0.785107,1.348610,0.000000,0.000000,0.131701
1375,02 06 07 12 13 22,0.02731332,0.46936232,-1.328946,-0.133972,-0.369462,1.348610,0.000000,0.000000,-0.078978
1376,02 04 07 14 24 33,0.02730922,0.55668416,-0.498355,-0.566163,0.785107,1.635548,0.000000,0.000000,0.922441
1377,02 04 09 14 24 33,0.02728685,0.51294439,-0.775218,0.183822,1.016020,0.631264,0.000000,0.000000,0.963530
1378,01 10 12 14 22 24,0.02726012,0.47112460,-0.498355,0.871754,-0.369462,-0.086081,0.000000,0.000000,0.282428
1379,02 07 08 13 14 22,0.02720495,0.48768925,-0.913650,0.178218,-0.138548,0.918202,0.000000,0.000000,-0.033015
1380,08 12 13 18 24 33,0.02720234,0.64516101,2.547146,0.575773,-0.831289,0.057388,0.000000,0.000000,1.146873
1381,02 04 06 14 18 24,0.02719939,0.59390993,0.609100,0.323828,0.323279,0.774733,0.000000,0.000000,-0.206631
1382,06 08 10 12 13 24,0.02717301,0.55009202,1.024396,1.637522,-0.138548,-0.946896,0.000000,0.000000,-0.264821
1383,01 02 09 12 13 18,0.02715217,0.56254396,0.055373,0.350627,0.092365,0.918202,0.000000,0.000000,-0.843669
1384,02 08 09 13 14 22,0.02713139,0.44394948,-1.190514,0.928204,0.092365,-0.086081,0.000000,0.000000,0.000489
1385,02 04 10 12 24 33,0.02707746,0.60605150,0.609100,-0.217069,0.554193,1.205141,0.000000,0.000000,0.778279
1386,02 04 06 14 24 33,0.02706634,0.54084711,0.193805,0.228958,-0.138548,0.631264,0.000000,0.000000,0.720683
1387,02 06 10 12 13 14,0.02703563,0.49674380,-0.636787,0.703035,-0.831289,0.774733,0.000000,0.000000,-1.996698
1388,02 04 08 10 13 18,0.02700210,0.66911467,1.716555,0.408471,0.092365,0.918202,0.000000,0.000000,-1.135260
1389,06 09 12 13 24 33,0.02696645,0.47303834,-0.221491,0.997205,-0.138548,-0.516489,0.000000,0.000000,1.170507
1390,01 02 10 12 13 33,0.02695133,0.56413840,0.609100,-0.000525,-0.831289,1.061672,0.000000,0.000000,0.256490
1391,02 08 10 12 13 22,0.02691631,0.53705659,0.193805,0.527313,-0.369462,0.487795,0.000000,0.000000,-0.185605
1392,04 06 10 14 22 24,0.02689493,0.46626128,-0.636787,1.018299,-0.138548,-0.229551,0.000000,0.000000,0.051176
1393,04 07 14 22 24 33,0.02689021,0.48972414,-0.775218,-0.204423,-0.138548,1.061672,0.000000,0.000000,1.196906
1394,06 07 12 13 18 24,0.02688987,0.56984093,0.470668,0.342089,0.092365,0.631264,0.000000,0.000000,0.167733
1395,06 07 08 13 14 24,0.02687728,0.50072468,-0.083059,1.288428,0.092365,-0.516489,0.000000,0.000000,-0.198808
1396,02 04 06 09 13 18,0.02684861,0.55768063,-0.083059,0.497172,0.323279,0.774733,0.000000,0.000000,-1.065790
1397,06 08 10 13 14 24,0.02683697,0.51164217,0.609100,1.782132,-0.138548,-1.233835,0.000000,0.000000,0.022512
1398,04 08 12 14 22 33,0.02682049,0.48882601,0.470668,0.285388,-2.216772,0.487795,0.000000,0.000000,0.926740
1399,01 02 09 13 14 33,0.02681150,0.47103128,-0.775218,0.400366,-0.369462,0.487795,0.000000,0.000000,0.390004
1400,01 02 07 13 14 33,0.02678589,0.51477105,-0.498355,-0.349619,-0.600376,1.492079,0.000000,0.000000,0.341806
1401,04 06 14 22 24 33,0.02678184,0.47388709,-0.083059,0.590698,-1.062203,0.057388,0.000000,0.000000,1.015075
1402,02 04 06 10 14 24,0.02670404,0.53322129,-0.359923,0.656559,0.785107,0.344326,0.000000,0.000000,-0.313646
1403,02 06 12 13 22 33,0.02667689,0.48790563,-0.083059,-0.067869,-1.524031,0.918202,0.000000,0.000000,1.034678
1404,02 04 10 12 18 24,0.02664614,0.65911433,1.024396,-0.122199,1.016020,1.348610,0.000000,0.000000,-0.232648
1405,04 09 14 22 24 33,0.02661782,0.44598437,-1.052082,0.545562,0.092365,0.057388,0.000000,0.000000,1.200952
1406,04 10 12 18 22 24,0.02658208,0.59215431,0.747532,0.239541,0.092365,0.774733,0.000000,0.000000,0.094403
1407,02 08 13 14 22 33,0.02653754,0.50623255,0.332236,0.244321,-1.293117,0.487795,0.000000,0.000000,1.076053
1408,04 10 12 22 24 33,0.02652394,0.53909149,0.332236,0.144671,-0.369462,0.631264,0.000000,0.000000,1.032815
1409,07 08 13 14 18 24,0.02648788,0.58816786,0.885964,0.654280,0.323279,0.200857,0.000000,0.000000,0.170196
1410,01 02 07 12 13 18,0.02646259,0.60628373,0.332236,-0.399359,-0.138548,1.922486,0.000000,0.000000,-0.990235
1411,06 07 12 13 24 33,0.02641854,0.51677811,0.055373,0.247219,-0.369462,0.487795,0.000000,0.000000,1.044930
1412,01 12 14 22 24 33,0.02638665,0.47875041,0.055373,0.444153,-1.293117,0.200857,0.000000,0.000000,1.133674
1413,04 12 18 22 24 33,0.02637331,0.59978012,1.301260,-0.188060,-0.831289,1.061672,0.000000,0.000000,1.044127
1414,06 07 10 12 13 24,0.02636773,0.50915230,-0.498355,0.674820,0.554193,0.200857,0.000000,0.000000,0.056749
1415,07 09 12 13 18 24,0.02629724,0.54193822,-0.498355,0.296954,1.246934,0.631264,0.000000,0.000000,0.290110
1416,01 04 06 09 10 13,0.02627006,0.47951020,-0.636787,1.560404,-0.138548,-0.373020,0.000000,0.000000,-2.060505
1417,02 04 07 09 13 18,0.02625521,0.57351769,-0.775218,-0.297949,1.246934,1.779017,0.000000,0.000000,-0.987929
1418,01 04 08 09 22 24,0.02625468,0.50139503,-0.083059,1.467620,0.785107,-0.946896,0.000000,0.000000,0.390288
1419,01 02 10 13 14 33,0.02622739,0.52568854,0.193805,0.144085,-0.831289,0.774733,0.000000,0.000000,0.486355
1420,07 08 10 12 13 24,0.02621863,0.56592907,0.332236,0.842401,0.785107,0.057388,0.000000,0.000000,-0.240442
1421,02 04 06 07 13 18,0.02621616,0.60142040,0.193805,-0.252814,0.092365,1.779017,0.000000,0.000000,-1.203892
1422,01 04 06 07 09 13,0.02619817,0.46859271,-1.328946,1.066700,0.092365,0.344326,0.000000,0.000000,-2.298447
1423,06 09 10 12 13 24,0.02617608,0.46541253,-0.775218,1.424806,0.785107,-0.803427,0.000000,0.000000,0.072758
1424,01 04 09 12 14 18,0.02611693,0.50668757,-0.221491,0.536304,-0.831289,0.631264,0.000000,0.000000,-0.851157
1425,07 08 13 14 24 33,0.02609631,0.53510503,0.470668,0.559409,-0.138548,0.057388,0.000000,0.000000,1.059208
1426,02 13 18 22 24 33,0.02608344,0.61718666,1.162828,-0.229127,0.092365,1.061672,0.000000,0.000000,1.192414
1427,01 04 06 07 10 13,0.02608268,0.52324997,-0.359923,0.810418,-0.369462,0.631264,0.000000,0.000000,-2.132668
1428,01 04 06 12 14 18,0.02608228,0.53459028,0.747532,0.581439,-1.985858,0.631264,0.000000,0.000000,-1.066467
1429,08 10 12 13 24 33,0.02607743,0.58447238,1.578123,0.908504,-0.369462,-0.373020,0.000000,0.000000,0.946585
1430,01 04 07 08 22 24,0.02607577,0.54513480,0.193805,0.717634,0.554193,0.057388,0.000000,0.000000,0.319380
1431,01 04 07 12 14 18,0.02604333,0.55042734,0.055373,-0.213682,-1.062203,1.635548,0.000000,0.000000,-0.906463
1432,02 10 13 22 24 33,0.02602426,0.55649802,0.193805,0.103604,0.554193,0.631264,0.000000,0.000000,1.150018
1433,02 09 12 13 18 22,0.02595331,0.51306573,-0.636787,-0.018134,0.092365,1.061672,0.000000,0.000000,0.190630
1434,02 06 09 13 14 22,0.02594893,0.38717270,-2.021105,0.760624,-0.138548,0.057388,0.000000,0.000000,0.100403
1435,02 07 10 12 13 22,0.02594394,0.49611687,-1.328946,-0.435389,0.323279,1.635548,0.000000,0.000000,0.111210
1436,08 09 13 14 18 24,0.02589868,0.54442809,0.609100,1.404266,0.554193,-0.803427,0.000000,0.000000,0.127307
1437,02 07 12 13 22 33,0.02589716,0.50374268,-0.775218,-0.862991,-0.600376,1.922486,0.000000,0.000000,1.084934
1438,02 06 10 12 13 22,0.02589084,0.48027981,-0.636787,0.359732,-0.600376,0.631264,0.000000,0.000000,-0.062431
1439,07 08 10 13 14 24,0.02588006,0.52747922,-0.083059,0.987011,0.785107,-0.229551,0.000000,0.000000,0.046518
1440,02 06 12 13 18 22,0.02582841,0.54096845,0.332236,0.027001,-1.062203,1.061672,0.000000,0.000000,-0.038052
1441,04 06 08 12 14 22,0.02580413,0.45444566,-0.083059,1.014407,-1.985858,-0.086081,0.000000,0.000000,-0.597557
1442,02 08 13 14 18 22,0.02576476,0.55929537,0.747532,0.339192,-0.831289,0.631264,0.000000,0.000000,0.014537
1443,07 08 09 13 14 24,0.02572350,0.47282196,-1.052082,1.243292,1.246934,-0.516489,0.000000,0.000000,-0.159567
1444,08 09 13 14 24 33,0.02569844,0.49136526,0.193805,1.309395,0.092365,-0.946896,0.000000,0.000000,1.044666
1445,01 02 06 13 14 18,0.02568836,0.55199682,0.609100,0.540372,-1.062203,0.631264,0.000000,0.000000,-0.933596
1446,02 09 12 13 22 33,0.02566262,0.46000291,-1.052082,-0.113005,-0.369462,0.918202,0.000000,0.000000,1.094588
1447,02 08 10 13 14 22,0.02563908,0.49860674,-0.221491,0.671923,-0.369462,0.200857,0.000000,0.000000,-0.037712
1448,04 07 09 12 14 22,0.02562017,0.38560322,-2.574833,0.006569,-0.138548,1.061672,0.000000,0.000000,0.026240
1449,06 07 09 13 14 24,0.02561239,0.41604518,-1.882673,1.075712,1.016020,-0.373020,0.000000,0.000000,0.099072
1450,02 04 14 18 24 33,0.02558923,0.62829029,1.162828,-0.405190,0.092365,1.348610,0.000000,0.000000,0.928539
1451,04 06 09 12 14 22,0.02556959,0.36976616,-1.882673,0.801691,-1.062203,0.057388,0.000000,0.000000,-0.147027
1452,02 07 12 13 18 22,0.02554160,0.55680550,-0.359923,-0.768120,-0.138548,2.065956,0.000000,0.000000,0.085231
1453,06 12 13 18 24 33,0.02553513,0.58838423,1.716555,0.408192,-1.062203,0.200857,0.000000,0.000000,1.174970
1454,06 09 13 14 18 24,0.02543192,0.48765131,-0.221491,1.236685,0.323279,-0.659958,0.000000,0.000000,0.333254
1455,08 10 12 13 18 24,0.02538120,0.63753520,1.993419,1.003374,0.092365,-0.229551,0.000000,0.000000,-0.103588
1456,06 10 12 13 24 33,0.02534715,0.52769560,0.747532,0.740923,-0.600376,-0.229551,0.000000,0.000000,1.113491
1457,07 09 12 13 24 33,0.02519451,0.48887539,-0.913650,0.202083,0.785107,0.487795,0.000000,0.000000,1.073763
1458,02 04 09 10 13 18,0.02519269,0.58443518,-0.083059,0.195755,1.016020,1.061672,0.000000,0.000000,-0.918052
1459,06 07 10 13 14 24,0.02518032,0.47070244,-0.913650,0.819430,0.554193,-0.086081,0.000000,0.000000,0.217948
1460,02 04 08 12 14 33,0.02517974,0.55578603,0.747532,-0.076352,-1.293117,1.061672,0.000000,0.000000,0.347117
1461,01 02 09 13 14 18,0.02513059,0.52409411,-0.359923,0.495237,0.092365,0.631264,0.000000,0.000000,-0.806054
1462,02 06 07 13 14 22,0.02511057,0.43091247,-1.744242,0.010638,-0.369462,1.061672,0.000000,0.000000,-0.068203
1463,02 07 09 13 14 22,0.02509374,0.40300976,-2.713265,-0.034498,0.785107,1.061672,0.000000,0.000000,0.139479
1464,06 10 12 13 18 24,0.02507144,0.58075842,1.162828,0.835794,-0.138548,-0.086081,0.000000,0.000000,0.125619
1465,02 04 10 14 24 33,0.02507113,0.56760165,0.193805,-0.072459,0.554193,0.918202,0.000000,0.000000,0.818153
1466,01 02 10 12 13 18,0.02506228,0.61720122,1.024396,0.094345,-0.369462,1.205141,0.000000,0.000000,-0.970403
1467,02 04 07 10 13 18,0.02503244,0.62817495,0.193805,-0.554231,0.785107,2.065956,0.000000,0.000000,-0.986197
1468,08 13 14 18 24 33,0.02498375,0.60671116,2.131851,0.720383,-0.831289,-0.229551,0.000000,0.000000,1.155301
1469,06 09 10 13 14 24,0.02498362,0.42696268,-1.190514,1.569416,0.785107,-1.090365,0.000000,0.000000,0.233209
1470,01 04 08 18 22 24,0.02497929,0.61674093,1.854987,0.878608,-0.138548,-0.229551,0.000000,0.000000,0.417854
1471,04 07 12 14 22 33,0.02492381,0.44788629,-1.052082,-0.677314,-1.524031,1.635548,0.000000,0.000000,1.086616
1472,01 04 07 09 10 13,0.02488420,0.49534726,-1.328946,0.765283,0.785107,0.631264,0.000000,0.000000,-2.100048
1473,08 10 13 14 24 33,0.02487168,0.54602252,1.162828,1.053114,-0.369462,-0.659958,0.000000,0.000000,1.105069
1474,06 07 13 14 18 24,0.02485121,0.53139108,0.055373,0.486699,0.092365,0.344326,0.000000,0.000000,0.202818
1475,01 04 08 09 12 14,0.02482113,0.47602117,-0.359923,1.338032,-0.831289,-0.229551,0.000000,0.000000,-1.744928
1476,06 09 13 14 24 33,0.02481116,0.43458849,-0.636787,1.141815,-0.138548,-0.803427,0.000000,0.000000,1.188313
1477,04 06 12 14 22 33,0.02480029,0.43204924,-0.359923,0.117808,-2.447685,0.631264,0.000000,0.000000,0.902542
1478,07 10 12 13 18 24,0.02479881,0.59659548,0.470668,0.040672,0.785107,0.918202,0.000000,0.000000,0.251004
1479,01 02 07 13 14 18,0.02478853,0.56783388,-0.083059,-0.254749,-0.138548,1.635548,0.000000,0.000000,-0.901134
1480,02 04 10 14 18 24,0.02477390,0.62066448,0.609100,0.022411,1.016020,1.061672,0.000000,0.000000,-0.172908
1481,01 04 06 08 22 24,0.02475880,0.52929775,0.885964,1.512755,-0.369462,-0.946896,0.000000,0.000000,-0.041508
1482,02 04 06 10 13 18,0.02472640,0.61233789,0.885964,0.240891,-0.138548,1.061672,0.000000,0.000000,-1.197313
1483,04 06 07 12 14 22,0.02472111,0.41350593,-1.605810,0.051705,-1.293117,1.061672,0.000000,0.000000,-0.317135
1484,02 08 12 14 22 24,0.02470634,0.51862863,-0.083059,0.610250,0.092365,0.200857,0.000000,0.000000,0.111283
1485,04 09 12 14 22 33,0.02468169,0.40414652,-1.328946,0.072672,-1.293117,0.631264,0.000000,0.000000,1.095148
1486,01 04 07 08 12 14,0.02467168,0.51976093,-0.083059,0.588046,-1.062203,0.774733,0.000000,0.000000,-1.811472
1487,07 12 13 18 24 33,0.02465886,0.60422129,1.024396,-0.386929,-0.138548,1.205141,0.000000,0.000000,1.210923
1488,02 06 13 14 22 33,0.02461804,0.44945577,-0.498355,0.076741,-1.524031,0.631264,0.000000,0.000000,1.066772
1489,02 09 10 12 13 14,0.02457265,0.46884108,-1.605810,0.657899,0.323279,0.774733,0.000000,0.000000,-2.151417
1490,04 10 14 18 22 24,0.02455813,0.55370446,0.332236,0.384151,0.092365,0.487795,0.000000,0.000000,0.131667
1491,02 12 13 18 22 33,0.02449810,0.57534881,0.885964,-0.702017,-1.293117,1.635548,0.000000,0.000000,1.138579
1492,07 10 12 13 24 33,0.02448097,0.54353265,0.055373,-0.054198,0.323279,0.774733,0.000000,0.000000,1.150939
1493,08 10 13 14 18 24,0.02428704,0.59908535,1.578123,1.147984,0.092365,-0.516489,0.000000,0.000000,0.071427
1494,04 10 14 22 24 33,0.02428657,0.50064163,-0.083059,0.289281,-0.369462,0.344326,0.000000,0.000000,1.038460
1495,06 07 13 14 24 33,0.02426830,0.47832826,-0.359923,0.391829,-0.369462,0.200857,0.000000,0.000000,1.063484
1496,07 09 13 14 18 24,0.02425101,0.50348836,-0.913650,0.441564,1.246934,0.344326,0.000000,0.000000,0.324073
1497,04 14 18 22 24 33,0.02422738,0.56133027,0.885964,-0.043450,-0.831289,0.774733,0.000000,0.000000,1.063320
1498,01 04 10 12 14 18,0.02417578,0.56134483,0.747532,0.280022,-1.293117,0.918202,0.000000,0.000000,-0.955855
1499,02 09 10 12 13 22,0.02411594,0.45237710,-1.605810,0.314597,0.554193,0.631264,0.000000,0.000000,-0.115211
1500,08 09 10 12 13 24,0.02410639,0.52218930,0.055373,1.592387,1.016020,-0.946896,0.000000,0.000000,-0.508974
1501,02 06 13 14 18 22,0.02408601,0.50251860,-0.083059,0.171611,-1.062203,0.774733,0.000000,0.000000,0.040924
1502,02 10 12 13 22 33,0.02405088,0.51466017,-0.083059,-0.369286,-0.831289,1.205141,0.000000,0.000000,1.038694
1503,09 12 13 18 24 33,0.02403847,0.56048152,0.747532,0.363057,0.092365,0.200857,0.000000,0.000000,1.163412
1504,04 08 12 14 18 22,0.02399175,0.54188884,0.885964,0.380259,-1.754944,0.631264,0.000000,0.000000,-0.439371
1505,01 02 10 13 14 18,0.02398897,0.57875137,0.609100,0.238955,-0.369462,0.918202,0.000000,0.000000,-0.792299
1506,01 04 08 10 22 24,0.02396881,0.55605229,0.885964,1.211338,0.323279,-0.659958,0.000000,0.000000,0.234520
1507,02 09 13 14 18 22,0.02392475,0.47461588,-1.052082,0.126476,0.092365,0.774733,0.000000,0.000000,0.227210
1508,02 07 13 14 18 22,0.02384789,0.51835565,-0.775218,-0.623510,-0.138548,1.779017,0.000000,0.000000,0.171422
1509,01 04 06 09 22 24,0.02383961,0.44461826,-0.913650,1.300039,0.554193,-0.803427,0.000000,0.000000,0.307588
1510,02 07 13 14 22 33,0.02383579,0.46529283,-1.190514,-0.718381,-0.600376,1.635548,0.000000,0.000000,1.116654
1511,02 07 10 13 14 22,0.02381534,0.45766702,-1.744242,-0.290779,0.323279,1.348610,0.000000,0.000000,0.132970
1512,02 10 12 13 18 22,0.02378407,0.56772299,0.332236,-0.274416,-0.369462,1.348610,0.000000,0.000000,0.052140
1513,02 06 10 13 14 22,0.02376476,0.44182996,-1.052082,0.504342,-0.600376,0.344326,0.000000,0.000000,-0.040298
1514,08 09 10 13 14 24,0.02376278,0.48373945,-0.359923,1.736997,1.016020,-1.233835,0.000000,0.000000,-0.222762
1515,04 08 10 12 14 22,0.02360458,0.48120020,-0.083059,0.712990,-1.293117,0.200857,0.000000,0.000000,-0.530360
1516,01 02 04 08 09 24,0.02360440,0.56835505,0.193805,1.105880,1.708762,-0.373020,0.000000,0.000000,-0.338900
1517,02 07 12 14 22 24,0.02359959,0.47768890,-1.605810,-0.352452,0.785107,1.348610,0.000000,0.000000,0.388189
1518,02 09 13 14 22 33,0.02359620,0.42155306,-1.467378,0.031605,-0.369462,0.631264,0.000000,0.000000,1.125560
1519,01 02 04 08 18 24,0.02354845,0.68370095,2.131851,0.516868,0.785107,0.344326,0.000000,0.000000,-0.130672
1520,01 06 08 09 13 24,0.02352696,0.48999915,0.332236,2.063872,0.554193,-1.807711,0.000000,0.000000,0.241190
1521,04 07 10 12 14 22,0.02343981,0.44026048,-1.605810,-0.249712,-0.600376,1.348610,0.000000,0.000000,-0.113897
1522,02 09 12 14 22 24,0.02338523,0.43394914,-1.882673,0.397534,1.016020,0.344326,0.000000,0.000000,0.400834
1523,01 02 04 07 08 24,0.02338187,0.61209482,0.470668,0.355894,1.477848,0.631264,0.000000,0.000000,-0.416271
1524,01 02 06 08 12 13,0.02333068,0.55978027,0.885964,1.197491,-1.062203,0.057388,0.000000,0.000000,-2.321807
1525,01 04 06 08 12 14,0.02332947,0.50392388,0.609100,1.383168,-1.985858,-0.229551,0.000000,0.000000,-2.176099
1526,06 13 14 18 24 33,0.02332159,0.54993438,1.301260,0.552802,-1.062203,-0.086081,0.000000,0.000000,1.184146
1527,07 09 10 12 13 24,0.02329999,0.48124958,-1.467378,0.629685,1.708762,0.200857,0.000000,0.000000,-0.187569
1528,06 10 13 14 24 33,0.02329256,0.48924575,0.332236,0.885533,-0.600376,-0.516489,0.000000,0.000000,1.146216
1529,04 07 12 14 18 22,0.02326099,0.50094911,-0.636787,-0.582443,-1.062203,1.779017,0.000000,0.000000,-0.106762
1530,01 04 07 09 22 24,0.02322855,0.46045531,-1.605810,0.504918,1.477848,0.200857,0.000000,0.000000,0.382832
1531,02 04 09 12 14 33,0.02317545,0.47110654,-1.052082,-0.289068,-0.369462,1.205141,0.000000,0.000000,0.535452
1532,02 04 07 12 14 33,0.02314222,0.51484631,-0.775218,-1.039054,-0.600376,2.209425,0.000000,0.000000,0.486127
1533,06 10 13 14 18 24,0.02312843,0.54230857,0.747532,0.980404,-0.138548,-0.373020,0.000000,0.000000,0.174874
1534,01 04 07 18 22 24,0.02305852,0.57580121,0.332236,-0.084094,0.554193,0.918202,0.000000,0.000000,0.574160
1535,04 09 12 14 18 22,0.02305672,0.45720935,-0.913650,0.167543,-0.831289,0.774733,0.000000,0.000000,-0.092622
1536,07 09 13 14 24 33,0.02303670,0.45042554,-1.328946,0.346693,0.785107,0.200857,0.000000,0.000000,1.091195
1537,07 09 10 13 14 24,0.02295891,0.44279973,-1.882673,0.774295,1.708762,-0.086081,0.000000,0.000000,0.099016
1538,01 04 08 22 24 33,0.02295758,0.56367811,1.439691,0.783737,-0.600376,-0.373020,0.000000,0.000000,1.065357
1539,01 02 06 08 13 14,0.02290344,0.52133042,0.470668,1.342101,-1.062203,-0.229551,0.000000,0.000000,-2.047985
1540,01 04 06 18 22 24,0.02285337,0.55996415,1.024396,0.711027,-0.369462,-0.086081,0.000000,0.000000,0.377991
1541,07 10 13 14 18 24,0.02285328,0.55814563,0.055373,0.185282,0.785107,0.631264,0.000000,0.000000,0.299885
1542,02 09 10 13 14 22,0.02283618,0.41392725,-2.021105,0.459207,0.554193,0.344326,0.000000,0.000000,0.032308
1543,01 04 09 18 22 24,0.02280704,0.53206144,0.055373,0.665891,0.785107,-0.086081,0.000000,0.000000,0.581306
1544,02 06 12 14 22 24,0.02276161,0.46185185,-0.913650,0.442670,-0.138548,0.344326,0.000000,0.000000,0.098265
1545,01 06 07 08 13 24,0.02271593,0.53373892,0.609100,1.313886,0.323279,-0.803427,0.000000,0.000000,0.076632
1546,01 04 06 07 22 24,0.02270161,0.48835802,-0.636787,0.550054,0.323279,0.200857,0.000000,0.000000,0.094587
1547,04 06 12 14 18 22,0.02264455,0.48511206,0.055373,0.212678,-1.985858,0.774733,0.000000,0.000000,-0.363863
1548,04 12 14 18 22 33,0.02264134,0.51949242,0.609100,-0.516340,-2.216772,1.348610,0.000000,0.000000,1.009381
1549,02 04 12 14 18 33,0.02251743,0.58645244,0.885964,-0.878080,-1.293117,1.922486,0.000000,0.000000,0.654482
1550,04 09 10 12 14 22,0.02245813,0.39652071,-1.882673,0.500273,-0.369462,0.344326,0.000000,0.000000,-0.214933
1551,07 13 14 18 24 33,0.02244280,0.56577144,0.609100,-0.242319,-0.138548,0.918202,0.000000,0.000000,1.219725
1552,07 10 13 14 24 33,0.02242386,0.50508280,-0.359923,0.090412,0.323279,0.487795,0.000000,0.000000,1.183290
1553,02 13 14 18 22 33,0.02229970,0.53689895,0.470668,-0.557407,-1.293117,1.348610,0.000000,0.000000,1.149998
1554,02 04 07 08 09 13,0.02227143,0.54285128,-0.913650,0.503779,1.246934,0.918202,0.000000,0.000000,-2.279933
1555,04 10 12 14 22 33,0.02226236,0.45880378,-0.359923,-0.183609,-1.754944,0.918202,0.000000,0.000000,0.919607
1556,06 08 12 13 14 33,0.02222948,0.47743013,0.885964,0.881641,-2.447685,-0.373020,0.000000,0.000000,0.501590
1557,09 10 12 13 24 33,0.02222927,0.49979289,-0.221491,0.695788,0.554193,-0.229551,0.000000,0.000000,0.861746
1558,01 02 04 08 10 24,0.02217184,0.62301231,1.162828,0.849598,1.246934,-0.086081,0.000000,0.000000,-0.368248
1559,01 04 09 10 22 24,0.02214175,0.47137280,-0.913650,0.998622,1.246934,-0.516489,0.000000,0.000000,0.449111
1560,01 04 08 09 12 22,0.02214013,0.45955718,-0.359923,0.994730,-0.600376,-0.373020,0.000000,0.000000,-0.038255
1561,10 12 13 18 24 33,0.02213742,0.61513878,1.716555,0.106775,-0.369462,0.487795,0.000000,0.000000,1.064657
1562,09 10 12 13 18 24,0.02212660,0.55285571,0.193805,0.790658,1.016020,-0.086081,0.000000,0.000000,-0.100491
1563,02 10 13 14 22 33,0.02208516,0.47621032,-0.498355,-0.224676,-0.831289,0.918202,0.000000,0.000000,1.084585
1564,01 02 08 09 12 13,0.02207581,0.53187755,-0.083059,1.152355,0.092365,0.057388,0.000000,0.000000,-2.297541
1565,01 06 08 10 13 24,0.02202503,0.54465641,1.301260,1.807591,0.092365,-1.520773,0.000000,0.000000,0.201564
1566,02 04 06 12 14 33,0.02201765,0.49900926,-0.083059,-0.243932,-1.524031,1.205141,0.000000,0.000000,0.153744
1567,01 04 07 10 22 24,0.02201682,0.51511257,-0.636787,0.248636,1.016020,0.487795,0.000000,0.000000,0.386200
1568,01 02 04 06 08 24,0.02201436,0.59625777,1.162828,1.151016,0.554193,-0.373020,0.000000,0.000000,-0.784647
1569,01 04 07 08 12 22,0.02201087,0.50329695,-0.083059,0.244744,-0.831289,0.631264,0.000000,0.000000,-0.101809
1570,01 02 04 08 24 33,0.02196359,0.63063812,1.716555,0.421997,0.323279,0.200857,0.000000,0.000000,0.581552
1571,01 02 04 06 09 24,0.02192949,0.51157827,-0.636787,0.938299,1.477848,-0.229551,0.000000,0.000000,-0.311944
1572,01 04 06 09 12 14,0.02192334,0.41924439,-1.190514,1.170452,-1.062203,-0.086081,0.000000,0.000000,-1.899144
1573,01 06 08 13 18 24,0.02187013,0.60534504,2.270283,1.474860,-0.369462,-1.090365,0.000000,0.000000,0.212244
1574,02 10 13 14 18 22,0.02185620,0.52927314,-0.083059,-0.129806,-0.369462,1.061672,0.000000,0.000000,0.103639
1575,09 13 14 18 24 33,0.02181736,0.52203167,0.332236,0.507667,0.092365,-0.086081,0.000000,0.000000,1.171467
1576,01 04 06 07 12 14,0.02175922,0.46298416,-0.913650,0.420466,-1.293117,0.918202,0.000000,0.000000,-1.967862
1577,02 04 06 08 09 13,0.02172925,0.52701423,-0.221491,1.298901,0.323279,-0.086081,0.000000,0.000000,-2.526033
1578,01 04 06 10 22 24,0.02172844,0.49927552,0.055373,1.043758,0.092365,-0.516489,0.000000,0.000000,0.177701
1579,08 12 13 14 18 33,0.02164093,0.56487331,1.854987,0.247493,-2.216772,0.344326,0.000000,0.000000,0.841090
1580,04 06 10 12 14 22,0.02162957,0.42442343,-0.913650,0.545409,-1.524031,0.344326,0.000000,0.000000,-0.547864
1581,01 02 07 08 12 13,0.02158898,0.57561732,0.193805,0.402370,-0.138548,1.061672,0.000000,0.000000,-2.414070
1582,01 04 08 10 12 14,0.02157468,0.53067843,0.609100,1.081751,-1.293117,0.057388,0.000000,0.000000,-2.043010
1583,01 02 06 09 12 13,0.02155677,0.47510078,-0.913650,0.984775,-0.138548,0.200857,0.000000,0.000000,-2.099340
1584,01 04 06 08 12 22,0.02153265,0.48745990,0.609100,1.039865,-1.754944,-0.373020,0.000000,0.000000,-0.338433
1585,01 02 04 07 18 24,0.02151385,0.64276122,0.609100,-0.445834,1.477848,1.492079,0.000000,0.000000,0.008772
1586,01 02 04 09 18 24,0.02149002,0.59902146,0.332236,0.304152,1.708762,0.487795,0.000000,0.000000,0.049643
1587,01 02 08 10 13 14,0.02148351,0.54808496,0.470668,1.040684,-0.369462,0.057388,0.000000,0.000000,-1.865286
1588,01 08 09 13 18 24,0.02146505,0.57744233,1.301260,1.429724,0.785107,-1.090365,0.000000,0.000000,0.362407
1589,01 07 08 10 13 24,0.02143762,0.56049346,0.609100,1.012469,1.016020,-0.516489,0.000000,0.000000,0.280313
1590,01 02 04 07 09 24,0.02137530,0.52741533,-1.328946,0.143178,2.401503,0.774733,0.000000,0.000000,-0.228274
1591,02 04 06 07 08 13,0.02137324,0.57075400,0.055373,0.548915,0.092365,0.918202,0.000000,0.000000,-2.623180
1592,01 04 07 09 12 14,0.02133751,0.43508144,-1.882673,0.375330,-0.138548,0.918202,0.000000,0.000000,-1.820162
1593,01 02 06 08 13 22,0.02130511,0.50486643,0.470668,0.998798,-0.831289,-0.373020,0.000000,0.000000,-0.180912
1594,01 07 08 09 13 24,0.02128311,0.50583620,-0.359923,1.268751,1.477848,-0.803427,0.000000,0.000000,0.074532
1595,01 07 08 13 18 24,0.02127263,0.62118210,1.578123,0.679739,0.554193,-0.086081,0.000000,0.000000,0.289497
1596,01 02 08 09 13 14,0.02125998,0.49342770,-0.498355,1.296965,0.092365,-0.229551,0.000000,0.000000,-2.081291
1597,02 04 07 08 10 13,0.02108560,0.59750854,0.055373,0.247498,0.785107,1.205141,0.000000,0.000000,-2.272728
1598,09 10 13 14 18 24,0.02102991,0.51440586,-0.221491,0.935268,1.016020,-0.373020,0.000000,0.000000,0.074151
1599,09 10 13 14 24 33,0.02102101,0.46134303,-0.636787,0.840398,0.554193,-0.516489,0.000000,0.000000,1.019856
1600,01 02 04 07 10 24,0.02101054,0.58207259,-0.359923,-0.113103,1.939675,1.061672,0.000000,0.000000,-0.099424
1601,02 04 08 09 10 13,0.02097797,0.55376877,-0.221491,0.997484,1.016020,0.200857,0.000000,0.000000,-2.244271
1602,02 12 14 18 22 24,0.02096708,0.54929503,0.055373,-0.191478,0.092365,1.061672,0.000000,0.000000,0.259095
1603,01 02 07 08 13 14,0.02077819,0.53716747,-0.221491,0.546980,-0.138548,0.774733,0.000000,0.000000,-2.197072
1604,01 02 06 09 13 14,0.02074598,0.43665093,-1.328946,1.129385,-0.138548,-0.086081,0.000000,0.000000,-1.882343
1605,01 08 09 10 13 24,0.02069623,0.51675369,0.332236,1.762455,1.246934,-1.520773,0.000000,0.000000,0.214876
1606,01 04 06 22 24 33,0.02051040,0.50690133,0.609100,0.616157,-0.831289,-0.229551,0.000000,0.000000,0.977898
1607,01 02 08 10 12 13,0.02049085,0.58653482,0.885964,0.896074,-0.369462,0.344326,0.000000,0.000000,-2.349469
1608,01 06 08 13 24 33,0.02044214,0.55228222,1.854987,1.379989,-0.831289,-1.233835,0.000000,0.000000,0.947708
1609,01 04 10 18 22 24,0.02039994,0.58671870,1.024396,0.409610,0.323279,0.200857,0.000000,0.000000,0.407575
1610,01 02 04 06 18 24,0.02034099,0.62692417,1.301260,0.349287,0.554193,0.487795,0.000000,0.000000,-0.330767
1611,06 09 12 13 14 33,0.02025282,0.39275064,-0.913650,0.668925,-1.524031,-0.229551,0.000000,0.000000,0.694019
1612,04 10 12 14 18 22,0.02018232,0.51186661,0.055373,-0.088739,-1.293117,1.061672,0.000000,0.000000,-0.335584
1613,01 02 08 09 13 22,0.02015546,0.47696372,-0.498355,0.953663,0.323279,-0.373020,0.000000,0.000000,-0.141060
1614,01 04 09 10 12 14,0.02015387,0.44599894,-1.190514,0.869035,-0.369462,0.200857,0.000000,0.000000,-1.768230
1615,01 04 09 22 24 33,0.02014216,0.47899861,-0.359923,0.571021,0.323279,-0.229551,0.000000,0.000000,1.133520
1616,01 04 07 22 24 33,0.02007237,0.52273838,-0.083059,-0.178965,0.092365,0.774733,0.000000,0.000000,1.078778
1617,02 04 10 12 14 33,0.02003040,0.52576380,-0.083059,-0.545349,-0.831289,1.492079,0.000000,0.000000,0.252393
1618,01 02 07 08 13 22,0.02002367,0.52070349,-0.221491,0.203677,0.092365,0.631264,0.000000,0.000000,-0.204987
1619,01 04 07 10 12 14,0.02001909,0.48973870,-0.913650,0.119049,-0.600376,1.205141,0.000000,0.000000,-1.832600
1620,10 13 14 18 24 33,0.02001701,0.57668893,1.301260,0.251385,-0.369462,0.200857,0.000000,0.000000,1.087629
1621,06 12 13 14 18 33,0.01994849,0.50809653,1.024396,0.079912,-2.447685,0.487795,0.000000,0.000000,0.865449
1622,01 08 10 13 18 24,0.01991634,0.63209959,2.270283,1.173443,0.323279,-0.803427,0.000000,0.000000,0.315851
1623,01 06 07 09 13 24,0.01984770,0.44905942,-1.190514,1.101170,1.246934,-0.659958,0.000000,0.000000,0.136972
1624,07 08 12 13 14 33,0.01983017,0.49326718,0.193805,0.086519,-1.524031,0.631264,0.000000,0.000000,0.311900
1625,01 02 08 12 22 24,0.01981846,0.55164287,0.609100,0.635709,0.323279,-0.086081,0.000000,0.000000,0.279085
1626,01 02 04 06 10 24,0.01980507,0.56623554,0.332236,0.682018,1.016020,0.057388,0.000000,0.000000,-0.443793
1627,01 04 08 10 12 22,0.01973749,0.51421444,0.609100,0.738448,-1.062203,-0.086081,0.000000,0.000000,-0.211325
1628,02 04 08 12 14 18,0.01973491,0.60884885,1.162828,0.018519,-0.831289,1.205141,0.000000,0.000000,-1.406577
1629,01 04 08 09 14 22,0.01971198,0.42110733,-0.775218,1.139340,-0.600376,-0.659958,0.000000,0.000000,-0.060875
1630,01 04 06 09 12 22,0.01969478,0.40278041,-1.190514,0.827149,-0.831289,-0.229551,0.000000,0.000000,-0.125442
1631,01 02 08 13 18 22,0.01961933,0.59230961,1.439691,0.364651,-0.600376,0.344326,0.000000,0.000000,-0.003971
1632,01 02 07 09 12 13,0.01959483,0.49093783,-1.605810,0.189653,0.785107,1.205141,0.000000,0.000000,-2.224232
1633,01 04 06 07 12 22,0.01959146,0.44652017,-0.913650,0.077163,-1.062203,0.774733,0.000000,0.000000,-0.185152
1634,01 04 07 08 14 22,0.01958776,0.46484710,-0.498355,0.389354,-0.831289,0.344326,0.000000,0.000000,-0.123681
1635,01 04 08 12 22 33,0.01956660,0.52184025,1.162828,0.310847,-1.985858,0.200857,0.000000,0.000000,0.744011
1636,02 12 14 22 24 33,0.01955501,0.49623221,-0.359923,-0.286349,-0.369462,0.918202,0.000000,0.000000,0.996918
1637,01 02 08 13 22 33,0.01955421,0.53924679,1.024396,0.269780,-1.062203,0.200857,0.000000,0.000000,0.933407
1638,01 02 04 09 10 24,0.01955408,0.53833282,-0.636787,0.636882,2.170589,0.057388,0.000000,0.000000,-0.270801
1639,01 02 08 10 13 22,0.01951499,0.53162098,0.470668,0.697381,-0.138548,-0.086081,0.000000,0.000000,-0.053057
1640,01 06 09 10 13 24,0.01950620,0.45997692,-0.498355,1.594875,1.016020,-1.377304,0.000000,0.000000,0.313669
1641,08 09 12 13 14 33,0.01946258,0.44952741,-0.083059,0.836505,-1.293117,-0.373020,0.000000,0.000000,0.301844
1642,01 02 06 10 13 14,0.01943641,0.49130819,-0.359923,0.873103,-0.600376,0.200857,0.000000,0.000000,-1.893470
1643,01 06 07 10 13 24,0.01941991,0.50371669,-0.221491,0.844889,0.785107,-0.373020,0.000000,0.000000,0.256482
1644,01 02 04 09 24 33,0.01938973,0.54595863,-0.083059,0.209281,1.246934,0.344326,0.000000,0.000000,0.685504
1645,01 02 04 18 24 33,0.01934415,0.66130453,1.854987,-0.379731,0.323279,1.061672,0.000000,0.000000,0.895269
1646,02 10 12 14 22 24,0.01932208,0.48860640,-0.913650,0.141253,0.554193,0.631264,0.000000,0.000000,-0.018246
1647,01 02 06 10 12 13,0.01929261,0.52975804,0.055373,0.728493,-0.600376,0.487795,0.000000,0.000000,-2.251893
1648,01 04 06 10 12 14,0.01928384,0.47390165,-0.221491,0.914170,-1.524031,0.200857,0.000000,0.000000,-2.107306
1649,01 02 06 07 12 13,0.01924503,0.51884055,-0.636787,0.234789,-0.369462,1.205141,0.000000,0.000000,-2.486233
1650,01 02 07 10 13 14,0.01922529,0.50714524,-1.052082,0.077982,0.323279,1.205141,0.000000,0.000000,-1.758974
1651,01 02 04 10 18 24,0.01919673,0.65367872,1.301260,0.047870,1.246934,0.774733,0.000000,0.000000,-0.107225
1652,01 06 07 13 18 24,0.01919087,0.56440532,0.747532,0.512158,0.323279,0.057388,0.000000,0.000000,0.256178
1653,01 02 04 06 07 24,0.01912917,0.55531804,-0.359923,0.188314,1.246934,0.774733,0.000000,0.000000,-0.771222
1654,01 04 06 08 14 22,0.01911207,0.44901004,0.193805,1.184475,-1.754944,-0.659958,0.000000,0.000000,-0.359931
1655,01 04 07 09 12 22,0.01909886,0.41861746,-1.882673,0.032028,0.092365,0.774733,0.000000,0.000000,-0.047955
1656,07 12 13 14 18 33,0.01908484,0.52393359,0.332236,-0.715209,-1.524031,1.492079,0.000000,0.000000,0.903271
1657,01 02 07 10 12 13,0.01908401,0.54559509,-0.636787,-0.066628,0.323279,1.492079,0.000000,0.000000,-2.117023
1658,01 07 08 13 24 33,0.01902190,0.56811927,1.162828,0.584868,0.092365,-0.229551,0.000000,0.000000,0.903071
1659,02 04 09 12 14 18,0.01893439,0.52416936,-0.636787,-0.194197,0.092365,1.348610,0.000000,0.000000,-1.039900
1660,02 04 06 09 10 13,0.01892903,0.49699200,-1.052082,0.829903,0.785107,0.344326,0.000000,0.000000,-2.272728
1661,01 08 09 13 24 33,0.01889787,0.52437950,0.885964,1.334854,0.323279,-1.233835,0.000000,0.000000,0.929098
1662,02 04 06 08 10 13,0.01888698,0.58167149,0.747532,1.042619,-0.138548,0.200857,0.000000,0.000000,-2.764235
1663,02 04 07 12 14 18,0.01886331,0.56790913,-0.359923,-0.944183,-0.138548,2.352894,0.000000,0.000000,-1.094832
1664,01 04 08 12 18 22,0.01884683,0.57490308,1.578123,0.405717,-1.524031,0.344326,0.000000,0.000000,-0.309650
1665,01 02 04 07 24 33,0.01883681,0.58969840,0.193805,-0.540705,1.016020,1.348610,0.000000,0.000000,0.559185
1666,02 04 06 07 09 13,0.01881085,0.48607451,-1.744242,0.336199,1.016020,1.061672,0.000000,0.000000,-2.517529
1667,01 02 07 09 13 14,0.01878152,0.45248798,-2.021105,0.334263,0.785107,0.918202,0.000000,0.000000,-2.007608
1668,01 02 06 07 13 14,0.01876911,0.48039069,-1.052082,0.379399,-0.369462,0.918202,0.000000,0.000000,-2.219625
1669,02 04 06 07 10 13,0.01874418,0.54073177,-0.775218,0.079917,0.554193,1.348610,0.000000,0.000000,-2.344517
1670,01 04 10 22 24 33,0.01869949,0.53365587,0.609100,0.314740,-0.138548,0.057388,0.000000,0.000000,1.102674
1671,01 02 06 09 13 22,0.01866470,0.42018694,-1.328946,0.786082,0.092365,-0.229551,0.000000,0.000000,-0.086821
1672,01 04 18 22 24 33,0.01863334,0.59434451,1.578123,-0.017991,-0.600376,0.487795,0.000000,0.000000,1.126503
1673,09 12 13 14 18 33,0.01848967,0.48019382,0.055373,0.034777,-1.293117,0.487795,0.000000,0.000000,0.859499
1674,02 04 08 09 22 24,0.01835842,0.51887683,-0.498355,0.737119,1.708762,-0.229551,0.000000,0.000000,0.095805
1675,02 04 07 09 10 13,0.01834573,0.51282905,-1.744242,0.034782,1.708762,1.348610,0.000000,0.000000,-2.193371
1676,01 06 09 13 18 24,0.01830881,0.52066555,0.470668,1.262144,0.554193,-0.946896,0.000000,0.000000,0.169901
1677,01 02 04 10 24 33,0.01818863,0.60061589,0.885964,-0.047000,0.785107,0.631264,0.000000,0.000000,0.690447
1678,02 04 07 08 22 24,0.01818203,0.56261660,-0.221491,-0.012867,1.477848,0.774733,0.000000,0.000000,0.025271
1679,01 02 04 06 24 33,0.01817938,0.57386135,0.885964,0.254417,0.092365,0.344326,0.000000,0.000000,0.296009
1680,01 08 10 13 24 33,0.01813405,0.57903677,1.854987,1.078572,-0.138548,-0.946896,0.000000,0.000000,0.998825
1681,01 04 06 12 22 33,0.01812997,0.46506348,0.332236,0.143266,-2.216772,0.344326,0.000000,0.000000,0.806269
1682,06 07 12 13 14 33,0.01797189,0.43649041,-0.636787,-0.081061,-1.754944,0.774733,0.000000,0.000000,0.311689
1683,01 04 09 10 12 22,0.01792556,0.42953495,-1.190514,0.525732,-0.138548,0.057388,0.000000,0.000000,0.005509
1684,01 07 09 10 13 24,0.01785098,0.47581397,-1.190514,0.799753,1.939675,-0.373020,0.000000,0.000000,0.234219
1685,01 02 09 12 22 24,0.01781922,0.46696338,-1.190514,0.422993,1.246934,0.057388,0.000000,0.000000,0.468168
1686,06 10 12 13 14 33,0.01779224,0.44740790,0.055373,0.412643,-1.985858,0.057388,0.000000,0.000000,0.512366
1687,01 02 07 12 22 24,0.01777590,0.51070315,-0.913650,-0.326993,1.016020,1.061672,0.000000,0.000000,0.417348
1688,01 04 07 10 12 22,0.01777035,0.47327472,-0.913650,-0.224254,-0.369462,1.061672,0.000000,0.000000,-0.061888
1689,01 08 13 18 24 33,0.01773323,0.63972540,2.824010,0.745842,-0.600376,-0.516489,0.000000,0.000000,0.973070
1690,01 02 06 07 13 22,0.01770495,0.46392671,-1.052082,0.036096,-0.138548,0.774733,0.000000,0.000000,-0.273412
1691,08 10 12 13 14 33,0.01769385,0.50418467,0.885964,0.580224,-1.754944,-0.086081,0.000000,0.000000,0.222690
1692,01 02 06 13 18 22,0.01768290,0.53553284,0.609100,0.197070,-0.831289,0.487795,0.000000,0.000000,-0.015759
1693,07 09 12 13 14 33,0.01763960,0.40858769,-1.605810,-0.126197,-0.600376,0.774733,0.000000,0.000000,0.472637
1694,01 02 06 12 22 24,0.01760340,0.49486609,-0.221491,0.468128,0.092365,0.057388,0.000000,0.000000,0.226016
1695,01 04 08 14 22 33,0.01759121,0.48339040,0.747532,0.455457,-1.985858,-0.086081,0.000000,0.000000,0.788470
1696,01 02 08 14 22 24,0.01756972,0.51319302,0.193805,0.780319,0.323279,-0.373020,0.000000,0.000000,0.283046
1697,01 07 09 13 18 24,0.01749740,0.53650261,-0.221491,0.467022,1.477848,0.057388,0.000000,0.000000,0.215462
1698,01 04 06 10 12 22,0.01746683,0.45743767,-0.221491,0.570868,-1.293117,0.057388,0.000000,0.000000,-0.272630
1699,01 02 09 10 13 14,0.01744993,0.46340547,-1.328946,0.827968,0.554193,0.200857,0.000000,0.000000,-1.977596
1700,01 02 04 08 12 33,0.01744323,0.58880027,1.439691,-0.050893,-1.062203,0.774733,0.000000,0.000000,0.092886
1701,01 04 08 10 14 22,0.01741003,0.47576459,0.193805,0.883058,-1.062203,-0.373020,0.000000,0.000000,-0.219027
1702,02 06 08 09 13 24,0.01740045,0.50748094,-0.083059,1.333371,1.477848,-1.090365,0.000000,0.000000,0.208902
1703,01 09 10 13 18 24,0.01738460,0.54742010,0.470668,0.960727,1.246934,-0.659958,0.000000,0.000000,0.426043
1704,01 02 06 13 22 33,0.01737704,0.48247001,0.193805,0.102200,-1.293117,0.344326,0.000000,0.000000,0.885952
1705,01 04 06 12 18 22,0.01737235,0.51812630,0.747532,0.238137,-1.754944,0.487795,0.000000,0.000000,-0.252999
1706,01 02 06 10 13 22,0.01734503,0.47484420,-0.359923,0.529801,-0.369462,0.057388,0.000000,0.000000,-0.099443
1707,01 04 06 09 14 22,0.01727167,0.36433055,-1.605810,0.971759,-0.831289,-0.516489,0.000000,0.000000,-0.147314
1708,02 04 06 12 14 18,0.01724582,0.55207208,0.332236,-0.149062,-1.062203,1.348610,0.000000,0.000000,-1.500243
1709,01 04 06 07 14 22,0.01717340,0.40807032,-1.328946,0.221773,-1.062203,0.487795,0.000000,0.000000,-0.206277
1710,01 02 07 09 13 22,0.01716301,0.43602400,-2.021105,-0.009039,1.016020,0.774733,0.000000,0.000000,-0.143526
1711,02 04 08 18 22 24,0.01712176,0.63422272,1.439691,0.148106,0.785107,0.487795,0.000000,0.000000,0.129109
1712,01 02 09 13 18 22,0.01709486,0.50763012,-0.359923,0.151934,0.323279,0.487795,0.000000,0.000000,0.107298
1713,01 06 07 13 24 33,0.01697799,0.51134250,0.332236,0.417288,-0.138548,-0.086081,0.000000,0.000000,0.875358
1714,07 10 12 13 14 33,0.01693868,0.46324495,-0.636787,-0.382478,-1.062203,1.061672,0.000000,0.000000,0.551683
1715,01 06 10 13 18 24,0.01692215,0.57532281,1.439691,1.005862,0.092365,-0.659958,0.000000,0.000000,0.147351
1716,01 04 08 14 18 22,0.01690930,0.53645322,1.162828,0.550327,-1.524031,0.057388,0.000000,0.000000,-0.259583
1717,04 07 08 09 12 24,0.01687746,0.50591146,-0.636787,0.579317,1.477848,-0.086081,0.000000,0.000000,0.105963
1718,01 04 09 12 18 22,0.01685264,0.49022359,-0.221491,0.193001,-0.600376,0.487795,0.000000,0.000000,-0.119819
1719,01 04 07 12 18 22,0.01679922,0.53396335,0.055373,-0.556985,-0.831289,1.492079,0.000000,0.000000,-0.172135
1720,01 02 07 13 18 22,0.01677298,0.55136989,-0.083059,-0.598051,0.092365,1.492079,0.000000,0.000000,0.015208
1721,01 04 09 12 22 33,0.01674967,0.43716076,-0.636787,0.098131,-1.062203,0.344326,0.000000,0.000000,0.811951
1722,01 02 07 10 13 22,0.01674278,0.49068126,-1.052082,-0.265321,0.554193,1.061672,0.000000,0.000000,-0.022894
1723,01 04 07 12 22 33,0.01673411,0.48090053,-0.359923,-0.651855,-1.293117,1.348610,0.000000,0.000000,0.765243
1724,02 04 08 09 12 14,0.01669545,0.49350296,-0.775218,0.607531,0.092365,0.487795,0.000000,0.000000,-2.073399
1725,01 04 07 09 14 22,0.01667323,0.38016761,-2.297969,0.176638,0.092365,0.487795,0.000000,0.000000,-0.070201
1726,02 06 07 08 13 24,0.01659195,0.55122071,0.193805,0.583385,1.246934,-0.086081,0.000000,0.000000,0.044717
1727,04 06 08 09 12 24,0.01655911,0.49007440,0.055373,1.374438,0.554193,-1.090365,0.000000,0.000000,-0.106978
1728,02 04 07 08 12 14,0.01654852,0.53724273,-0.498355,-0.142455,-0.138548,1.492079,0.000000,0.000000,-2.139570
1729,04 06 08 13 18 33,0.01647375,0.59302422,2.408714,0.419497,-1.754944,-0.086081,0.000000,0.000000,0.790365
1730,01 02 09 10 12 13,0.01645980,0.50185532,-0.913650,0.683358,0.554193,0.487795,0.000000,0.000000,-2.461405
1731,01 02 12 18 22 24,0.01641717,0.58230927,0.747532,-0.166019,0.323279,0.774733,0.000000,0.000000,0.476968
1732,06 08 12 13 14 18,0.01630660,0.53049295,1.301260,0.976511,-1.985858,-0.229551,0.000000,0.000000,-1.322928
1733,01 04 06 14 22 33,0.01618494,0.42661363,-0.083059,0.287876,-2.216772,0.057388,0.000000,0.000000,0.855226
1734,01 07 10 13 18 24,0.01616260,0.59115987,0.747532,0.210741,1.016020,0.344326,0.000000,0.000000,0.200598
1735,02 04 07 09 22 24,0.01613736,0.47793710,-2.021105,-0.225583,2.401503,0.918202,0.000000,0.000000,0.207623
1736,01 02 04 08 14 33,0.01613175,0.55035042,1.024396,0.093717,-1.062203,0.487795,0.000000,0.000000,0.235705
1737,02 04 08 22 24 33,0.01611412,0.58115990,1.024396,0.053236,0.323279,0.344326,0.000000,0.000000,0.926849
1738,01 04 10 12 22 33,0.01610739,0.49181802,0.332236,-0.158151,-1.524031,0.631264,0.000000,0.000000,0.899686
1739,01 06 08 12 13 33,0.01610445,0.51044437,1.578123,0.907099,-2.216772,-0.659958,0.000000,0.000000,0.486105
1740,01 06 09 13 24 33,0.01605808,0.46760273,0.055373,1.167273,0.092365,-1.090365,0.000000,0.000000,0.783474
1741,01 07 08 12 14 24,0.01605507,0.50022765,0.055373,0.622517,0.092365,-0.229551,0.000000,0.000000,0.288212
1742,01 02 09 10 13 22,0.01604662,0.44694149,-1.328946,0.484665,0.785107,0.057388,0.000000,0.000000,-0.081630
1743,01 04 12 18 22 33,0.01602652,0.55250666,1.301260,-0.490881,-1.985858,1.061672,0.000000,0.000000,0.921333
1744,02 04 07 18 22 24,0.01600606,0.59328300,-0.083059,-0.814595,1.477848,1.635548,0.000000,0.000000,0.404689
1745,01 08 09 12 14 24,0.01598784,0.45648788,-0.221491,1.372503,0.323279,-1.233835,0.000000,0.000000,0.322653
1746,01 04 06 14 18 22,0.01597115,0.47967645,0.332236,0.382747,-1.754944,0.200857,0.000000,0.000000,-0.123473
1747,04 07 08 13 18 33,0.01596432,0.60886128,1.716555,-0.375625,-0.831289,0.918202,0.000000,0.000000,0.880668
1748,01 02 13 18 22 33,0.01596348,0.56991319,1.162828,-0.531948,-1.062203,1.061672,0.000000,0.000000,1.103224
1749,02 07 08 09 13 24,0.01595915,0.52331800,-0.775218,0.538250,2.401503,-0.086081,0.000000,0.000000,0.161143
1750,06 08 09 13 22 24,0.01595144,0.44052092,-0.359923,1.695111,0.554193,-1.664242,0.000000,0.000000,0.330767
1751,02 04 06 09 22 24,0.01594587,0.46210005,-1.328946,0.569538,1.477848,-0.086081,0.000000,0.000000,0.013478
1752,01 02 10 13 18 22,0.01594314,0.56228738,0.609100,-0.104347,-0.138548,0.774733,0.000000,0.000000,0.119557
1753,01 02 09 13 22 33,0.01592841,0.45456730,-0.775218,0.057064,-0.138548,0.344326,0.000000,0.000000,0.881510
1754,01 02 07 13 22 33,0.01592298,0.49830707,-0.498355,-0.692922,-0.369462,1.348610,0.000000,0.000000,0.836303
1755,04 08 09 13 18 33,0.01584786,0.56512151,1.439691,0.374361,-0.600376,-0.086081,0.000000,0.000000,0.907816
1756,01 06 08 12 14 24,0.01584246,0.48439059,0.747532,1.417638,-0.831289,-1.233835,0.000000,0.000000,0.090937
1757,01 06 13 18 24 33,0.01582635,0.58294862,1.993419,0.578261,-0.831289,-0.373020,0.000000,0.000000,0.965659
1758,01 02 04 12 18 33,0.01581148,0.61946668,1.578123,-0.852621,-1.062203,1.635548,0.000000,0.000000,0.552932
1759,01 08 12 13 18 33,0.01579211,0.59788755,2.547146,0.272951,-1.985858,0.057388,0.000000,0.000000,0.866526
1760,04 06 07 08 12 24,0.01575313,0.53381417,0.332236,0.624452,0.323279,-0.086081,0.000000,0.000000,-0.270788
1761,02 04 09 18 22 24,0.01575206,0.54954323,-0.359923,-0.064610,1.708762,0.631264,0.000000,0.000000,0.411461
1762,10 12 13 14 18 33,0.01574735,0.53485108,1.024396,-0.221505,-1.754944,0.774733,0.000000,0.000000,0.636105
1763,01 04 09 10 14 22,0.01559558,0.39108510,-1.605810,0.670342,-0.138548,-0.229551,0.000000,0.000000,-0.002567
1764,01 02 09 14 22 24,0.01555530,0.42851352,-1.605810,0.567603,1.246934,-0.229551,0.000000,0.000000,0.469881
1765,01 02 07 14 22 24,0.01554234,0.47225329,-1.328946,-0.182383,1.016020,0.774733,0.000000,0.000000,0.423558
1766,01 06 10 13 24 33,0.01545630,0.52225999,1.024396,0.910992,-0.369462,-0.803427,0.000000,0.000000,0.877208
1767,01 04 10 12 18 22,0.01542547,0.54488085,0.747532,-0.063280,-1.062203,0.774733,0.000000,0.000000,-0.148368
1768,01 02 06 14 22 24,0.01538502,0.45641624,-0.636787,0.612738,0.092365,-0.229551,0.000000,0.000000,0.234475
1769,06 07 08 13 22 24,0.01536595,0.48426069,-0.083059,0.945125,0.323279,-0.659958,0.000000,0.000000,0.199623
1770,02 04 10 12 14 18,0.01533427,0.57882662,0.332236,-0.450479,-0.369462,1.635548,0.000000,0.000000,-1.390378
1771,01 02 10 13 22 33,0.01533420,0.50922456,0.193805,-0.199218,-0.600376,0.631264,0.000000,0.000000,0.976366
1772,02 07 08 10 13 24,0.01530859,0.57797526,0.193805,0.281968,1.939675,0.200857,0.000000,0.000000,0.247651
1773,02 04 08 10 22 24,0.01526748,0.57353409,0.470668,0.480837,1.246934,0.057388,0.000000,0.000000,-0.179237
1774,02 04 06 08 22 24,0.01520862,0.54677954,0.470668,0.782254,0.554193,-0.229551,0.000000,0.000000,-0.581024
1775,01 04 07 14 18 22,0.01515547,0.49551350,-0.359923,-0.412375,-0.831289,1.205141,0.000000,0.000000,-0.078544
1776,06 09 12 13 14 18,0.01515268,0.44581346,-0.498355,0.763795,-1.062203,-0.086081,0.000000,0.000000,-1.008608
1777,01 04 06 10 14 22,0.01514442,0.41898781,-0.636787,0.715478,-1.293117,-0.229551,0.000000,0.000000,-0.279584
1778,04 07 08 12 24 33,0.01513397,0.56819453,0.885964,-0.104566,0.092365,0.487795,0.000000,0.000000,1.011203
1779,02 07 08 13 18 24,0.01513351,0.63866389,1.162828,-0.050763,1.477848,0.631264,0.000000,0.000000,0.255340
1780,04 06 08 09 13 33,0.01510818,0.47767833,0.470668,1.008509,-0.831289,-0.803427,0.000000,0.000000,0.371534
1781,04 07 08 12 18 24,0.01510487,0.62125735,1.301260,-0.009696,0.554193,0.631264,0.000000,0.000000,0.059866
1782,02 06 08 10 13 24,0.01509345,0.56213820,0.885964,1.077090,1.016020,-0.803427,0.000000,0.000000,0.050002
1783,02 04 08 09 12 22,0.01506198,0.47703898,-0.775218,0.264229,0.323279,0.344326,0.000000,0.000000,-0.211533
1784,02 08 09 13 18 24,0.01504480,0.59492412,0.885964,0.699223,1.708762,-0.373020,0.000000,0.000000,0.286600
1785,04 08 09 12 18 24,0.01501997,0.57751758,1.024396,0.740290,0.785107,-0.373020,0.000000,0.000000,0.091690
1786,04 08 09 12 24 33,0.01501123,0.52445476,0.609100,0.645420,0.323279,-0.516489,0.000000,0.000000,1.037420
1787,02 04 07 10 22 24,0.01497445,0.53259437,-1.052082,-0.481865,1.939675,1.205141,0.000000,0.000000,0.218224
1788,02 04 07 08 12 22,0.01493524,0.52077874,-0.498355,-0.485757,0.092365,1.348610,0.000000,0.000000,-0.274713
1789,02 06 08 13 18 24,0.01492846,0.62282684,1.854987,0.744359,0.554193,-0.373020,0.000000,0.000000,0.059186
1790,04 06 08 12 24 33,0.01484589,0.55235748,1.578123,0.690555,-0.831289,-0.516489,0.000000,0.000000,0.802748
1791,01 04 07 14 22 33,0.01477390,0.44245068,-0.775218,-0.507245,-1.293117,1.061672,0.000000,0.000000,0.811951
1792,01 04 09 14 22 33,0.01475911,0.39871091,-1.052082,0.242741,-1.062203,0.057388,0.000000,0.000000,0.854162
1793,01 02 04 09 12 33,0.01470215,0.50412078,-0.359923,-0.263609,-0.138548,0.918202,0.000000,0.000000,0.172064
1794,01 02 10 12 22 24,0.01467922,0.52162064,-0.221491,0.166711,0.785107,0.344326,0.000000,0.000000,0.185857
1795,04 07 08 09 14 24,0.01463399,0.46746161,-1.052082,0.723927,1.477848,-0.373020,0.000000,0.000000,0.110704
1796,01 04 07 10 14 22,0.01459152,0.43482487,-1.328946,-0.079644,-0.369462,0.774733,0.000000,0.000000,-0.195724
1797,01 04 09 14 18 22,0.01457011,0.45177373,-0.636787,0.337611,-0.600376,0.200857,0.000000,0.000000,-0.120864
1798,02 08 09 10 13 24,0.01456468,0.53423549,-0.083059,1.031954,2.170589,-0.803427,0.000000,0.000000,0.181840
1799,01 09 10 13 24 33,0.01455220,0.49435727,0.055373,0.865856,0.785107,-0.803427,0.000000,0.000000,0.953440
1800,01 02 04 07 12 33,0.01453488,0.54786055,-0.083059,-1.013595,-0.369462,1.922486,0.000000,0.000000,0.102880
1801,02 06 07 09 13 24,0.01452627,0.46654122,-1.605810,0.370669,2.170589,0.057388,0.000000,0.000000,0.223957
1802,02 06 08 13 24 33,0.01451453,0.56976401,1.439691,0.649488,0.092365,-0.516489,0.000000,0.000000,0.944887
1803,04 06 07 09 12 24,0.01448999,0.44913468,-1.467378,0.411736,1.246934,0.057388,0.000000,0.000000,0.027351
1804,01 02 04 08 12 18,0.01447467,0.64186309,1.854987,0.043977,-0.600376,0.918202,0.000000,0.000000,-1.293941
1805,04 07 08 10 12 24,0.01446472,0.56056872,0.332236,0.323035,1.016020,0.200857,0.000000,0.000000,-0.068603
1806,01 06 08 13 14 33,0.01443101,0.47199452,1.162828,1.051709,-2.216772,-0.946896,0.000000,0.000000,0.575298
1807,01 07 09 13 24 33,0.01442394,0.48343978,-0.636787,0.372152,1.016020,-0.086081,0.000000,0.000000,0.707145
1808,01 02 14 18 22 24,0.01441400,0.54385942,0.332236,-0.021409,0.323279,0.487795,0.000000,0.000000,0.517310
1809,07 08 12 13 14 18,0.01434805,0.54633000,0.609100,0.181390,-1.062203,0.774733,0.000000,0.000000,-1.447317
1810,04 06 07 08 13 33,0.01432743,0.52141810,0.747532,0.258523,-1.062203,0.200857,0.000000,0.000000,0.211462
1811,04 06 08 09 14 24,0.01431816,0.45162455,-0.359923,1.519048,0.554193,-1.377304,0.000000,0.000000,-0.101863
1812,04 08 10 13 18 33,0.01428402,0.61977877,2.408714,0.118080,-1.062203,0.200857,0.000000,0.000000,0.859017
1813,01 02 12 22 24 33,0.01426875,0.52924645,0.332236,-0.260890,-0.138548,0.631264,0.000000,0.000000,1.105699
1814,02 04 09 10 22 24,0.01424296,0.48885460,-1.328946,0.268121,2.170589,0.200857,0.000000,0.000000,0.154254
1815,01 07 13 18 24 33,0.01423398,0.59878568,1.301260,-0.216860,0.092365,0.631264,0.000000,0.000000,0.895520
1816,07 08 09 13 22 24,0.01418189,0.45635798,-1.052082,0.899990,1.477848,-0.659958,0.000000,0.000000,0.234378
1817,01 02 04 06 12 33,0.01414710,0.53202350,0.609100,-0.218474,-1.293117,0.918202,0.000000,0.000000,-0.120347
1818,02 04 06 18 22 24,0.01414447,0.57744594,0.609100,-0.019474,0.554193,0.631264,0.000000,0.000000,-0.036887
1819,06 08 13 18 22 24,0.01414182,0.55586682,1.578123,1.106099,-0.369462,-0.946896,0.000000,0.000000,0.279185
1820,02 04 09 22 24 33,0.01410124,0.49648041,-0.775218,-0.159480,1.246934,0.487795,0.000000,0.000000,1.113912
1821,02 04 07 22 24 33,0.01403398,0.54022018,-0.498355,-0.909466,1.016020,1.492079,0.000000,0.000000,1.059544
1822,07 08 13 18 22 24,0.01401862,0.57170387,0.885964,0.310977,0.554193,0.057388,0.000000,0.000000,0.426707
1823,02 04 07 09 12 14,0.01401691,0.45256324,-2.297969,-0.355171,0.785107,1.635548,0.000000,0.000000,-2.029359
1824,04 06 08 12 18 24,0.01399406,0.60542030,1.993419,0.785426,-0.369462,-0.373020,0.000000,0.000000,-0.270479
1825,01 09 13 18 24 33,0.01398177,0.55504591,1.024396,0.533126,0.323279,-0.373020,0.000000,0.000000,0.902557
1826,02 04 06 07 22 24,0.01395650,0.50583982,-1.052082,-0.180448,1.246934,0.918202,0.000000,0.000000,-0.325655
1827,01 06 07 12 14 24,0.01395437,0.44345087,-0.775218,0.454936,-0.138548,-0.086081,0.000000,0.000000,0.252086
1828,01 06 09 12 14 24,0.01395148,0.39971110,-1.052082,1.204922,0.092365,-1.090365,0.000000,0.000000,0.296060
1829,04 07 08 10 13 33,0.01394567,0.54817264,0.747532,-0.042894,-0.369462,0.487795,0.000000,0.000000,0.547970
1830,01 02 04 14 18 33,0.01391195,0.58101682,1.162828,-0.708011,-1.062203,1.348610,0.000000,0.000000,0.608629
1831,01 04 14 18 22 33,0.01389935,0.51405681,0.885964,-0.346271,-1.985858,0.774733,0.000000,0.000000,0.943305
1832,06 08 13 22 24 33,0.01389886,0.50280399,1.162828,1.011228,-0.831289,-1.090365,0.000000,0.000000,1.190215
1833,02 07 08 13 24 33,0.01389685,0.58560107,0.747532,-0.145633,1.016020,0.487795,0.000000,0.000000,1.019150
1834,01 07 10 13 24 33,0.01387403,0.53809704,0.332236,0.115870,0.554193,0.200857,0.000000,0.000000,0.808564
1835,01 06 12 13 18 33,0.01385495,0.54111077,1.716555,0.105371,-2.216772,0.200857,0.000000,0.000000,0.854629
1836,01 07 08 12 13 33,0.01384546,0.52628142,0.885964,0.111978,-1.293117,0.344326,0.000000,0.000000,0.317204
1837,04 06 07 13 18 33,0.01380962,0.55208450,0.885964,-0.543205,-1.062203,1.061672,0.000000,0.000000,0.836542
1838,04 07 08 09 13 33,0.01380630,0.49351538,-0.221491,0.213388,0.092365,0.200857,0.000000,0.000000,0.344432
1839,02 04 06 09 12 14,0.01380019,0.43672618,-1.605810,0.439951,-0.138548,0.631264,0.000000,0.000000,-2.227242
1840,01 08 12 14 18 24,0.01377644,0.57183377,1.716555,0.783490,-0.600376,-0.516489,0.000000,0.000000,0.211545
1841,02 08 09 13 24 33,0.01377029,0.54186130,0.470668,0.604353,1.246934,-0.516489,0.000000,0.000000,1.044803
1842,01 08 09 12 13 33,0.01375804,0.48254165,0.609100,0.861964,-1.062203,-0.659958,0.000000,0.000000,0.348654
1843,04 06 09 13 18 33,0.01375118,0.50834473,0.609100,0.206781,-0.831289,0.057388,0.000000,0.000000,0.872286
1844,01 08 13 14 18 33,0.01374083,0.55943770,2.131851,0.417561,-1.985858,-0.229551,0.000000,0.000000,0.899742
1845,04 08 09 10 12 24,0.01371829,0.51682895,0.055373,1.073021,1.246934,-0.803427,0.000000,0.000000,-0.134787
1846,08 09 12 13 14 18,0.01363635,0.50259024,0.332236,0.931376,-0.831289,-0.229551,0.000000,0.000000,-1.508357
1847,02 04 08 12 22 33,0.01359217,0.53932205,0.747532,-0.419654,-1.062203,0.918202,0.000000,0.000000,0.734254
1848,04 06 08 10 13 33,0.01359111,0.53233559,1.439691,0.752228,-1.293117,-0.516489,0.000000,0.000000,0.329665
1849,06 08 10 13 22 24,0.01358757,0.49517818,0.609100,1.438830,0.092365,-1.377304,0.000000,0.000000,0.163442
1850,02 04 06 08 12 14,0.01354988,0.52140567,0.193805,0.652667,-1.062203,0.487795,0.000000,0.000000,-2.749603
1851,04 06 07 08 14 24,0.01351722,0.49536432,-0.083059,0.769062,0.323279,-0.373020,0.000000,0.000000,-0.264926
1852,07 08 10 13 22 24,0.01347446,0.51101524,-0.083059,0.643708,1.016020,-0.373020,0.000000,0.000000,0.312460
1853,01 06 08 12 13 18,0.01341747,0.56350719,1.993419,1.001970,-1.754944,-0.516489,0.000000,0.000000,-0.859005
1854,08 09 13 18 22 24,0.01340923,0.52796410,0.609100,1.060963,0.785107,-0.946896,0.000000,0.000000,0.380828
1855,01 02 04 09 14 33,0.01338815,0.46567093,-0.775218,-0.118999,-0.138548,0.631264,0.000000,0.000000,0.314509
1856,02 06 09 10 13 24,0.01337717,0.47745871,-0.913650,0.864374,1.939675,-0.659958,0.000000,0.000000,0.281007
1857,01 02 10 14 22 24,0.01335724,0.48317078,-0.636787,0.311321,0.785107,0.057388,0.000000,0.000000,0.327120
1858,01 04 10 14 22 33,0.01335097,0.45336817,-0.083059,-0.013541,-1.524031,0.344326,0.000000,0.000000,0.828432
1859,02 06 07 10 13 24,0.01329340,0.52119848,-0.636787,0.114388,1.708762,0.344326,0.000000,0.000000,0.224194
1860,01 10 13 18 24 33,0.01326823,0.60970317,1.993419,0.276844,-0.138548,-0.086081,0.000000,0.000000,0.979734
1861,01 02 08 12 14 22,0.01325270,0.47135516,-0.083059,0.307429,-1.062203,0.200857,0.000000,0.000000,-0.175495
1862,06 07 09 13 22 24,0.01323707,0.39958120,-1.882673,0.732409,1.246934,-0.516489,0.000000,0.000000,0.369500
1863,01 02 04 07 14 33,0.01322593,0.50941070,-0.498355,-0.868985,-0.369462,1.635548,0.000000,0.000000,0.246073
1864,06 07 12 13 14 18,0.01321492,0.48955323,-0.221491,0.013809,-1.293117,0.918202,0.000000,0.000000,-1.340095
1865,07 08 13 22 24 33,0.01318211,0.51864105,0.470668,0.216107,0.092365,-0.086081,0.000000,0.000000,1.249801
1866,04 07 08 10 14 24,0.01317584,0.52211887,-0.083059,0.467645,1.016020,-0.086081,0.000000,0.000000,0.077564
1867,04 08 09 10 13 33,0.01317401,0.50443287,0.470668,0.707092,-0.138548,-0.516489,0.000000,0.000000,0.478048
1868,04 07 08 14 18 24,0.01314715,0.58280750,0.885964,0.134914,0.554193,0.344326,0.000000,0.000000,0.106942
1869,01 07 09 12 14 24,0.01309629,0.41554816,-1.744242,0.409801,1.016020,-0.086081,0.000000,0.000000,0.335136
1870,02 06 07 13 18 24,0.01305427,0.58188711,0.332236,-0.218343,1.246934,0.774733,0.000000,0.000000,0.222394
1871,04 08 09 14 18 24,0.01304455,0.53906773,0.609100,0.884900,0.785107,-0.659958,0.000000,0.000000,0.136144
1872,04 07 08 14 24 33,0.01304216,0.52974468,0.470668,0.040044,0.092365,0.200857,0.000000,0.000000,1.038413
1873,02 04 06 10 22 24,0.01302963,0.51675731,-0.359923,0.313257,1.016020,0.200857,0.000000,0.000000,-0.235682
1874,09 10 12 13 14 33,0.01300442,0.41950518,-0.913650,0.367508,-0.831289,0.057388,0.000000,0.000000,0.013213
1875,04 06 07 12 24 33,0.01298556,0.51141775,0.055373,-0.272147,-0.138548,0.631264,0.000000,0.000000,0.968009
1876,07 09 12 13 14 18,0.01298022,0.46165051,-1.190514,-0.031326,-0.138548,0.918202,0.000000,0.000000,-1.164690
1877,04 07 09 12 18 24,0.01294107,0.53657786,-0.498355,-0.222412,1.477848,0.774733,0.000000,0.000000,0.224568
1878,04 06 09 12 24 33,0.01292716,0.46767799,-0.221491,0.477839,0.092365,-0.373020,0.000000,0.000000,1.003759
1879,04 06 07 12 18 24,0.01291861,0.56448058,0.470668,-0.177276,0.323279,0.774733,0.000000,0.000000,0.011064
1880,01 08 10 12 13 33,0.01291246,0.53719891,1.578123,0.605682,-1.524031,-0.373020,0.000000,0.000000,0.406270
1881,04 08 09 14 24 33,0.01290171,0.48600491,0.193805,0.790030,0.323279,-0.803427,0.000000,0.000000,1.062007
1882,04 06 09 12 18 24,0.01289806,0.52074081,0.193805,0.572710,0.554193,-0.229551,0.000000,0.000000,0.052422
1883,01 02 04 06 14 33,0.01284067,0.49357364,0.193805,-0.073864,-1.293117,0.631264,0.000000,0.000000,0.023220
1884,02 04 07 09 12 22,0.01282578,0.43609925,-2.297969,-0.698473,1.016020,1.492079,0.000000,0.000000,-0.101959
1885,02 04 06 22 24 33,0.01281556,0.52438312,0.193805,-0.114345,0.092365,0.487795,0.000000,0.000000,0.713257
1886,02 04 06 08 12 22,0.01280058,0.50494169,0.193805,0.309364,-0.831289,0.344326,0.000000,0.000000,-0.756744
1887,06 07 10 13 22 24,0.01279490,0.45423846,-0.913650,0.476128,0.785107,-0.229551,0.000000,0.000000,0.486881
1888,02 04 06 07 12 14,0.01278469,0.48046595,-1.328946,-0.310035,-0.369462,1.635548,0.000000,0.000000,-2.422094
1889,08 09 13 22 24 33,0.01276406,0.47490128,0.193805,0.966093,0.323279,-1.090365,0.000000,0.000000,1.232268
1890,04 06 08 14 24 33,0.01275661,0.51390762,1.162828,0.835165,-0.831289,-0.803427,0.000000,0.000000,0.830332
1891,06 07 13 18 22 24,0.01273195,0.51492709,0.055373,0.143397,0.323279,0.200857,0.000000,0.000000,0.511183
1892,01 04 10 14 18 22,0.01270691,0.50643099,0.332236,0.081330,-1.062203,0.487795,0.000000,0.000000,-0.214014
1893,02 08 10 13 18 24,0.01269102,0.64958138,1.854987,0.442942,1.246934,-0.086081,0.000000,0.000000,0.120771
1894,01 08 10 12 14 24,0.01269084,0.51114514,0.747532,1.116221,-0.138548,-0.946896,0.000000,0.000000,0.017083
1895,01 08 12 14 24 33,0.01266745,0.51877095,1.301260,0.688620,-1.062203,-0.659958,0.000000,0.000000,0.994272
1896,02 04 08 09 14 22,0.01263130,0.43858912,-1.190514,0.408839,0.323279,0.057388,0.000000,0.000000,-0.234527
1897,02 04 06 09 12 22,0.01261915,0.42026220,-1.605810,0.096648,0.092365,0.487795,0.000000,0.000000,-0.298346
1898,01 06 09 12 13 33,0.01259576,0.42576488,-0.221491,0.694383,-1.293117,-0.516489,0.000000,0.000000,0.451559
1899,06 09 10 13 22 24,0.01257802,0.41049869,-1.190514,1.226113,1.016020,-1.233835,0.000000,0.000000,0.499152
1900,01 02 04 09 12 18,0.01255633,0.55718360,0.055373,-0.168739,0.323279,1.061672,0.000000,0.000000,-1.092872
1901,04 08 10 12 24 33,0.01254037,0.57911202,1.578123,0.389138,-0.138548,-0.229551,0.000000,0.000000,0.854245
1902,01 08 09 12 13 18,0.01254005,0.53560448,1.024396,0.956834,-0.600376,-0.516489,0.000000,0.000000,-0.778820
1903,02 04 10 18 22 24,0.01253988,0.60420049,0.609100,-0.320891,1.246934,0.918202,0.000000,0.000000,0.118456
1904,02 07 09 10 13 24,0.01252450,0.49329577,-1.605810,0.069252,2.863330,0.344326,0.000000,0.000000,0.320456
1905,02 04 07 08 14 22,0.01250961,0.48232889,-0.913650,-0.341147,0.092365,1.061672,0.000000,0.000000,-0.296959
1906,04 07 09 10 12 24,0.01248318,0.47588923,-1.467378,0.110319,1.939675,0.344326,0.000000,0.000000,0.123103
1907,04 06 09 10 12 24,0.01243008,0.46005217,-0.775218,0.905440,1.016020,-0.659958,0.000000,0.000000,-0.050538
1908,01 02 04 10 12 33,0.01242794,0.55877804,0.609100,-0.519891,-0.600376,1.205141,0.000000,0.000000,0.018022
1909,04 08 09 10 14 24,0.01242436,0.47837910,-0.359923,1.217631,1.246934,-1.090365,0.000000,0.000000,0.010632
1910,01 02 04 08 14 18,0.01237538,0.60341324,1.439691,0.188587,-0.600376,0.631264,0.000000,0.000000,-1.267839
1911,01 02 04 07 12 18,0.01235121,0.60092337,0.332236,-0.918724,0.092365,2.065956,0.000000,0.000000,-1.167664
1912,04 06 10 13 18 33,0.01234938,0.56300199,1.578123,-0.049501,-1.293117,0.344326,0.000000,0.000000,0.847494
1913,04 06 07 10 12 24,0.01234884,0.50379194,-0.498355,0.155455,0.785107,0.344326,0.000000,0.000000,-0.106978
1914,01 07 08 12 13 18,0.01231102,0.57934424,1.301260,0.206848,-0.831289,0.487795,0.000000,0.000000,-0.857153
1915,01 07 12 13 18 33,0.01227772,0.55694783,1.024396,-0.689750,-1.293117,1.205141,0.000000,0.000000,0.786733
1916,04 06 07 09 14 24,0.01225157,0.41068483,-1.882673,0.556346,1.246934,-0.229551,0.000000,0.000000,0.032840
1917,04 08 12 18 24 33,0.01225069,0.63980066,2.547146,0.056407,-0.600376,0.200857,0.000000,0.000000,0.844956
1918,02 08 10 13 24 33,0.01220140,0.59651856,1.439691,0.348071,0.785107,-0.229551,0.000000,0.000000,0.995257
1919,08 09 10 13 22 24,0.01219088,0.46727547,-0.359923,1.393694,1.246934,-1.377304,0.000000,0.000000,0.166697
1920,01 02 14 22 24 33,0.01217711,0.49079660,-0.083059,-0.116280,-0.138548,0.344326,0.000000,0.000000,1.132934
1921,04 07 09 13 18 33,0.01217395,0.52418179,-0.083059,-0.588341,0.092365,1.061672,0.000000,0.000000,0.804390
1922,01 08 10 13 14 33,0.01217338,0.49874906,1.162828,0.750292,-1.524031,-0.659958,0.000000,0.000000,0.633891
1923,02 06 09 13 18 24,0.01216969,0.53814734,0.055373,0.531643,1.477848,-0.229551,0.000000,0.000000,0.135743
1924,01 07 08 13 14 33,0.01216949,0.48783157,0.470668,0.256588,-1.293117,0.057388,0.000000,0.000000,0.406022
1925,02 07 09 13 18 24,0.01216082,0.55398440,-0.636787,-0.263479,2.401503,0.774733,0.000000,0.000000,0.300204
1926,04 07 09 12 24 33,0.01214743,0.48351504,-0.913650,-0.317282,1.016020,0.631264,0.000000,0.000000,1.054015
1927,06 09 13 18 22 24,0.01210876,0.47118733,-0.221491,0.893383,0.554193,-0.803427,0.000000,0.000000,0.463259
1928,01 08 09 13 14 33,0.01207069,0.44409180,0.193805,1.006574,-1.062203,-0.946896,0.000000,0.000000,0.435788
1929,01 02 04 10 14 33,0.01206853,0.52032819,0.193805,-0.375281,-0.600376,0.918202,0.000000,0.000000,0.301892
1930,06 08 12 13 22 33,0.01205898,0.46096614,0.885964,0.538338,-2.216772,-0.516489,0.000000,0.000000,1.098670
1931,01 09 12 13 18 33,0.01205579,0.51320806,0.747532,0.060235,-1.062203,0.200857,0.000000,0.000000,0.798256
1932,04 06 08 14 18 24,0.01203886,0.56697045,1.578123,0.930036,-0.369462,-0.659958,0.000000,0.000000,-0.223029
1933,01 06 10 12 13 33,0.01191223,0.48042214,0.747532,0.438102,-1.754944,-0.229551,0.000000,0.000000,0.533181
1934,04 06 09 10 13 33,0.01191104,0.44765610,-0.359923,0.539512,-0.369462,-0.373020,0.000000,0.000000,0.566035
1935,06 10 12 13 14 18,0.01190721,0.50047072,0.470668,0.507513,-1.524031,0.200857,0.000000,0.000000,-1.306545
1936,02 04 07 10 12 14,0.01189342,0.50722050,-1.328946,-0.611452,0.323279,1.922486,0.000000,0.000000,-2.161071
1937,01 09 12 14 18 24,0.01188521,0.48715428,-0.083059,0.570774,0.323279,-0.373020,0.000000,0.000000,0.416631
1938,02 06 07 13 24 33,0.01185546,0.52882429,-0.083059,-0.313214,0.785107,0.631264,0.000000,0.000000,0.991812
1939,04 06 07 10 13 33,0.01185502,0.49139587,-0.083059,-0.210474,-0.600376,0.631264,0.000000,0.000000,0.513334
1940,02 04 10 22 24 33,0.01185351,0.55113767,0.193805,-0.415762,0.785107,0.774733,0.000000,0.000000,0.963793
1941,01 06 13 14 18 33,0.01180872,0.50266092,1.301260,0.249981,-2.216772,-0.086081,0.000000,0.000000,0.888593
1942,02 04 08 12 18 22,0.01180741,0.59238487,1.162828,-0.324784,-0.600376,1.061672,0.000000,0.000000,-0.477190
1943,02 08 13 18 24 33,0.01179049,0.65720719,2.408714,0.015341,0.323279,0.200857,0.000000,0.000000,0.968007
1944,02 04 08 10 12 14,0.01179003,0.54816022,0.193805,0.351250,-0.369462,0.774733,0.000000,0.000000,-2.617263
1945,02 04 18 22 24 33,0.01177726,0.61182630,1.162828,-0.748492,0.323279,1.205141,0.000000,0.000000,0.986126
1946,01 06 07 12 13 33,0.01176494,0.46950465,0.055373,-0.055603,-1.524031,0.487795,0.000000,0.000000,0.284068
1947,04 08 10 12 18 24,0.01176423,0.63217484,1.993419,0.484009,0.323279,-0.086081,0.000000,0.000000,-0.207768
1948,01 07 10 12 14 24,0.01172100,0.47020542,-0.775218,0.153519,0.554193,0.200857,0.000000,0.000000,0.314272
1949,01 06 10 12 14 24,0.01167042,0.45436836,-0.083059,0.948641,-0.369462,-0.803427,0.000000,0.000000,0.141004
1950,02 04 06 07 12 22,0.01166446,0.46400197,-1.328946,-0.653338,-0.138548,1.492079,0.000000,0.000000,-0.484190
1951,04 06 08 10 12 24,0.01163602,0.54473166,1.024396,1.118157,0.092365,-0.803427,0.000000,0.000000,-0.653458
1952,02 04 08 14 22 33,0.01161426,0.50087220,0.332236,-0.275044,-1.062203,0.631264,0.000000,0.000000,0.778339
1953,01 07 12 14 18 24,0.01158097,0.53089405,0.193805,-0.179212,0.092365,0.631264,0.000000,0.000000,0.327155
1954,02 04 09 12 22 33,0.01157779,0.45464256,-1.052082,-0.632370,-0.138548,1.061672,0.000000,0.000000,0.921094
1955,02 04 07 12 22 33,0.01156475,0.49838233,-0.775218,-1.382356,-0.369462,2.065956,0.000000,0.000000,0.874759
1956,01 06 12 14 18 24,0.01154049,0.51505700,0.885964,0.615910,-0.831289,-0.373020,0.000000,0.000000,0.155383
1957,04 09 10 13 18 33,0.01150976,0.53509928,0.609100,-0.094636,-0.138548,0.344326,0.000000,0.000000,0.933280
1958,07 10 12 13 14 18,0.01149441,0.51630777,-0.221491,-0.287608,-0.600376,1.205141,0.000000,0.000000,-1.201927
1959,04 06 07 09 13 33,0.01144406,0.43673861,-1.052082,0.045807,-0.138548,0.344326,0.000000,0.000000,0.269559
1960,01 06 08 13 14 18,0.01139465,0.52505734,1.578123,1.146580,-1.754944,-0.803427,0.000000,0.000000,-0.821573
1961,06 07 13 22 24 33,0.01137429,0.46186427,-0.359923,0.048526,-0.138548,0.057388,0.000000,0.000000,1.257067
1962,02 04 06 12 22 33,0.01130417,0.48254527,-0.083059,-0.587235,-1.293117,1.061672,0.000000,0.000000,0.670378
1963,04 06 08 09 13 18,0.01127528,0.53074115,0.885964,1.103380,-0.369462,-0.659958,0.000000,0.000000,-1.143346
1964,01 02 09 12 14 22,0.01126607,0.38667567,-1.882673,0.094713,-0.138548,0.344326,0.000000,0.000000,0.015457
1965,04 06 07 14 18 24,0.01125719,0.52603072,0.055373,-0.032666,0.323279,0.487795,0.000000,0.000000,0.102038
1966,01 10 12 13 18 33,0.01125417,0.56786532,1.716555,-0.196046,-1.524031,0.487795,0.000000,0.000000,0.862383
1967,04 06 08 10 14 24,0.01120356,0.50628181,0.609100,1.262767,0.092365,-1.090365,0.000000,0.000000,-0.380410
1968,01 02 07 12 14 22,0.01119752,0.43041544,-1.605810,-0.655273,-0.369462,1.348610,0.000000,0.000000,-0.039102
1969,04 07 09 10 14 24,0.01119178,0.43743938,-1.882673,0.254929,1.939675,0.057388,0.000000,0.000000,0.268896
1970,02 04 09 10 12 14,0.01117178,0.46348073,-1.605810,0.138534,0.554193,0.918202,0.000000,0.000000,-2.223582
1971,04 06 09 10 14 24,0.01114120,0.42160232,-1.190514,1.050050,1.016020,-0.946896,0.000000,0.000000,0.095628
1972,01 02 04 06 12 18,0.01114069,0.58508632,1.024396,-0.123603,-0.831289,1.061672,0.000000,0.000000,-1.512781
1973,04 06 12 18 24 33,0.01109953,0.58302388,1.716555,-0.111173,-0.831289,0.344326,0.000000,0.000000,0.949508
1974,08 10 12 13 14 18,0.01108273,0.55724750,1.301260,0.675094,-1.293117,0.057388,0.000000,0.000000,-1.703793
1975,08 10 13 22 24 33,0.01107331,0.52955854,1.162828,0.709811,-0.138548,-0.803427,0.000000,0.000000,1.164669
1976,04 06 07 10 14 24,0.01106500,0.46534209,-0.913650,0.300065,0.785107,0.057388,0.000000,0.000000,0.039937
1977,06 09 13 22 24 33,0.01104307,0.41812450,-0.636787,0.798512,0.092365,-0.946896,0.000000,0.000000,1.252399
1978,02 09 10 13 18 24,0.01101306,0.56490189,0.055373,0.230226,2.170589,0.057388,0.000000,0.000000,0.357451
1979,01 02 06 12 14 22,0.01101240,0.41457839,-0.913650,0.139848,-1.293117,0.344326,0.000000,0.000000,-0.232303
1980,02 04 08 10 12 22,0.01100036,0.53169624,0.193805,0.007947,-0.138548,0.631264,0.000000,0.000000,-0.630385
1981,08 13 18 22 24 33,0.01097648,0.59024718,2.131851,0.377080,-0.600376,-0.373020,0.000000,0.000000,1.183951
1982,04 07 09 14 18 24,0.01096817,0.49812801,-0.913650,-0.077802,1.477848,0.487795,0.000000,0.000000,0.269396
1983,06 08 09 12 13 22,0.01096120,0.39868307,-0.636787,1.222221,-0.831289,-1.090365,0.000000,0.000000,-0.227513
1984,08 10 13 18 22 24,0.01093360,0.58262136,1.578123,0.804682,0.323279,-0.659958,0.000000,0.000000,0.196945
1985,02 06 09 13 24 33,0.01093303,0.48508452,-0.359923,0.436772,1.016020,-0.373020,0.000000,0.000000,0.899553
1986,04 06 09 14 18 24,0.01092768,0.48229096,-0.221491,0.717320,0.554193,-0.516489,0.000000,0.000000,0.097623
1987,07 09 13 18 22 24,0.01091776,0.48702438,-0.913650,0.098261,1.477848,0.200857,0.000000,0.000000,0.452582
1988,01 06 09 13 14 33,0.01091347,0.38731503,-0.636787,0.838993,-1.293117,-0.803427,0.000000,0.000000,0.539440
1989,04 06 07 14 24 33,0.01091145,0.47296790,-0.359923,-0.127537,-0.138548,0.344326,0.000000,0.000000,0.997842
1990,01 08 10 12 13 18,0.01090959,0.59026174,1.993419,0.700553,-1.062203,-0.229551,0.000000,0.000000,-0.837488
1991,04 07 10 13 18 33,0.01082402,0.57883905,0.885964,-0.844622,-0.369462,1.348610,0.000000,0.000000,0.787282
1992,04 06 09 14 24 33,0.01082269,0.42922813,-0.636787,0.622449,0.092365,-0.659958,0.000000,0.000000,1.029094
1993,04 07 08 09 13 18,0.01079614,0.54657820,0.193805,0.308258,0.554193,0.344326,0.000000,0.000000,-1.048558
1994,04 07 10 12 18 24,0.01075313,0.59123512,0.470668,-0.478693,1.016020,1.061672,0.000000,0.000000,0.083309
1995,01 06 12 14 24 33,0.01074796,0.46199417,0.470668,0.521039,-1.293117,-0.516489,0.000000,0.000000,0.984992
1996,04 07 10 12 24 33,0.01074439,0.53817230,0.055373,-0.573564,0.554193,0.918202,0.000000,0.000000,1.029039
1997,01 09 10 12 14 24,0.01074185,0.42646565,-1.052082,0.903505,0.785107,-0.803427,0.000000,0.000000,0.213610
1998,01 06 09 12 13 18,0.01073151,0.47882770,0.193805,0.789254,-0.831289,-0.373020,0.000000,0.000000,-0.771661
1999,02 04 07 10 12 22,0.01069219,0.49075651,-1.328946,-0.954755,0.554193,1.779017,0.000000,0.000000,-0.235167
2000,04 06 10 12 24 33,0.01061835,0.52233525,0.747532,0.221558,-0.369462,-0.086081,0.000000,0.000000,0.844591
2001,02 04 09 12 18 22,0.01061576,0.50770538,-0.636787,-0.537500,0.323279,1.205141,0.000000,0.000000,-0.168459
2002,04 09 10 12 18 24,0.01061021,0.54749535,0.193805,0.271293,1.246934,0.057388,0.000000,0.000000,0.106538
2003,02 04 07 12 18 22,0.01056487,0.55144515,-0.359923,-1.287486,0.092365,2.209425,0.000000,0.000000,-0.220401
2004,04 09 10 12 24 33,0.01056362,0.49443253,-0.221491,0.176422,0.785107,-0.086081,0.000000,0.000000,1.046660
2005,07 09 10 13 22 24,0.01054321,0.42633575,-1.882673,0.430992,1.939675,-0.229551,0.000000,0.000000,0.363463
2006,01 02 04 07 14 18,0.01053304,0.56247352,-0.083059,-0.774114,0.092365,1.779017,0.000000,0.000000,-1.099913
2007,04 08 10 14 24 33,0.01051890,0.54066217,1.162828,0.533748,-0.138548,-0.516489,0.000000,0.000000,0.891876
2008,07 08 12 13 22 33,0.01050347,0.47680320,0.193805,-0.256783,-1.293117,0.487795,0.000000,0.000000,1.033991
2009,01 08 09 13 14 18,0.01050333,0.49715462,0.609100,1.101444,-0.600376,-0.803427,0.000000,0.000000,-0.743447
2010,04 06 07 08 13 18,0.01045668,0.57448092,1.162828,0.353394,-0.600376,0.344326,0.000000,0.000000,-1.309026
2011,02 04 07 09 14 22,0.01039762,0.39764940,-2.713265,-0.553863,1.016020,1.205141,0.000000,0.000000,-0.124579
2012,02 04 06 08 14 22,0.01037747,0.46649184,-0.221491,0.453974,-0.831289,0.057388,0.000000,0.000000,-0.778617
2013,04 07 12 18 24 33,0.01036158,0.59886093,1.024396,-0.906295,0.092365,1.348610,0.000000,0.000000,1.005953
2014,01 07 10 12 13 33,0.01034509,0.49625919,0.055373,-0.357020,-0.831289,0.774733,0.000000,0.000000,0.466780
2015,04 07 09 10 13 33,0.01034390,0.46349315,-1.052082,-0.255610,0.554193,0.631264,0.000000,0.000000,0.499633
2016,01 06 10 13 14 33,0.01032430,0.44197229,0.332236,0.582712,-1.754944,-0.516489,0.000000,0.000000,0.635043
2017,01 07 08 13 14 18,0.01028568,0.54089439,0.885964,0.351458,-0.831289,0.200857,0.000000,0.000000,-0.820095
2018,01 07 13 14 18 33,0.01022896,0.51849797,0.609100,-0.545140,-1.293117,0.918202,0.000000,0.000000,0.820322
2019,02 04 06 09 14 22,0.01019352,0.38181235,-2.021105,0.241258,0.092365,0.200857,0.000000,0.000000,-0.320593
2020,02 06 08 12 13 33,0.01019199,0.52792616,1.162828,0.176598,-1.293117,0.057388,0.000000,0.000000,0.485528
2021,04 07 08 10 13 18,0.01015063,0.60123546,1.162828,0.051977,0.092365,0.631264,0.000000,0.000000,-0.961303
2022,01 02 04 09 14 18,0.01012470,0.51873375,-0.359923,-0.024129,0.323279,0.774733,0.000000,0.000000,-1.116007
2023,01 07 09 12 13 33,0.01012286,0.44160193,-0.913650,-0.100738,-0.369462,0.487795,0.000000,0.000000,0.250966
2024,08 09 12 13 22 33,0.01011570,0.43306343,-0.083059,0.493203,-1.062203,-0.516489,0.000000,0.000000,1.020944
2025,04 09 12 18 24 33,0.01010433,0.55512117,0.747532,-0.156309,0.323279,0.344326,0.000000,0.000000,1.012243
2026,02 07 09 13 24 33,0.01010143,0.50092158,-1.052082,-0.358349,1.939675,0.631264,0.000000,0.000000,0.942124
2027,04 08 14 18 24 33,0.01010081,0.60135080,2.131851,0.201017,-0.600376,-0.086081,0.000000,0.000000,0.863564
2028,01 06 07 13 14 33,0.01010035,0.43105479,-0.359923,0.089007,-1.524031,0.200857,0.000000,0.000000,0.374572
2029,04 07 09 14 24 33,0.01004044,0.44506519,-1.328946,-0.172672,1.016020,0.344326,0.000000,0.000000,1.078976
2030,02 04 12 18 22 33,0.01003948,0.56998845,0.885964,-1.221383,-1.062203,1.779017,0.000000,0.000000,0.909706
2031,01 02 12 14 18 22,0.01003141,0.50202157,0.055373,-0.494300,-1.062203,1.061672,0.000000,0.000000,0.049056
2032,02 07 10 13 18 24,0.01002096,0.60864166,0.332236,-0.519760,1.939675,1.061672,0.000000,0.000000,0.166066
2033,01 09 13 14 18 33,0.01000199,0.47475821,0.332236,0.204845,-1.062203,-0.086081,0.000000,0.000000,0.831097
2034,02 04 09 10 12 22,0.00999098,0.44701675,-1.605810,-0.204769,0.785107,0.774733,0.000000,0.000000,-0.294650
2035,06 08 13 14 22 33,0.00998499,0.42251629,0.470668,0.682948,-2.216772,-0.803427,0.000000,0.000000,1.128521
2036,02 06 10 13 18 24,0.00997795,0.59280461,1.024396,0.275361,1.016020,0.057388,0.000000,0.000000,-0.006080
2037,01 07 12 14 24 33,0.00996570,0.47783123,-0.221491,-0.274082,-0.369462,0.487795,0.000000,0.000000,1.034873
2038,02 06 13 18 24 33,0.00988613,0.60043042,1.578123,-0.152240,0.092365,0.344326,0.000000,0.000000,0.960970
2039,04 08 10 14 18 24,0.00987685,0.59372499,1.578123,0.628619,0.323279,-0.373020,0.000000,0.000000,-0.150271
2040,06 08 12 13 18 22,0.00987378,0.51402897,1.301260,0.633209,-1.754944,-0.373020,0.000000,0.000000,-0.172099
2041,01 02 12 14 22 33,0.00986839,0.44895875,-0.359923,-0.589170,-1.524031,0.918202,0.000000,0.000000,0.971930
2042,02 04 08 14 18 22,0.00986735,0.55393502,0.747532,-0.180174,-0.600376,0.774733,0.000000,0.000000,-0.427497
2043,02 08 12 13 18 33,0.00986451,0.61536934,2.131851,-0.457550,-1.062203,0.774733,0.000000,0.000000,0.863706
2044,01 06 07 12 13 18,0.00986284,0.52256747,0.470668,0.039268,-1.062203,0.631264,0.000000,0.000000,-0.944759
2045,01 08 10 13 14 18,0.00982114,0.55181188,1.578123,0.845163,-1.062203,-0.516489,0.000000,0.000000,-0.661627
2046,04 06 10 12 18 24,0.00980436,0.57539807,1.162828,0.316428,0.092365,0.057388,0.000000,0.000000,-0.223029
2047,06 10 13 18 22 24,0.00979518,0.52584459,0.747532,0.637101,0.092365,-0.516489,0.000000,0.000000,0.303383
2048,01 09 12 14 24 33,0.00972611,0.43409146,-0.498355,0.475904,-0.138548,-0.516489,0.000000,0.000000,1.043780
2049,08 12 13 18 22 33,0.00968065,0.54840932,1.854987,-0.095810,-1.985858,0.200857,0.000000,0.000000,1.173008
2050,01 10 12 14 18 24,0.00966223,0.54181154,0.885964,0.314493,-0.138548,-0.086081,0.000000,0.000000,0.270179
2051,02 04 07 14 22 33,0.00960202,0.45993247,-1.190514,-1.237746,-0.369462,1.779017,0.000000,0.000000,0.921094
2052,02 04 09 14 22 33,0.00958471,0.41619271,-1.467378,-0.487760,-0.138548,0.774733,0.000000,0.000000,0.962930
2053,01 02 04 06 14 18,0.00955242,0.54663647,0.609100,0.021007,-0.831289,0.774733,0.000000,0.000000,-1.410969
2054,02 06 10 13 24 33,0.00952618,0.53974178,0.609100,0.180491,0.554193,-0.086081,0.000000,0.000000,0.874014
2055,02 04 08 10 14 22,0.00952428,0.49324638,-0.221491,0.152557,-0.138548,0.344326,0.000000,0.000000,-0.511953
2056,06 10 13 22 24 33,0.00951437,0.47278176,0.332236,0.542231,-0.369462,-0.659958,0.000000,0.000000,1.208806
2057,07 10 13 18 22 24,0.00950994,0.54168164,0.055373,-0.158020,1.016020,0.487795,0.000000,0.000000,0.426899
2058,02 04 06 10 12 14,0.00950172,0.49138344,-0.636787,0.183669,-0.600376,0.918202,0.000000,0.000000,-2.681184
2059,01 02 04 10 12 18,0.00949723,0.61184086,1.024396,-0.425020,-0.138548,1.348610,0.000000,0.000000,-1.363198
2060,06 07 08 12 13 22,0.00948521,0.44242284,-0.359923,0.472235,-1.062203,-0.086081,0.000000,0.000000,-0.490588
2061,02 04 06 12 18 22,0.00948155,0.53560809,0.332236,-0.492364,-0.831289,1.205141,0.000000,0.000000,-0.546673
2062,02 09 10 13 24 33,0.00942210,0.51183907,-0.359923,0.135355,1.708762,-0.086081,0.000000,0.000000,1.068772
2063,04 08 09 10 13 18,0.00941681,0.55749570,0.885964,0.801963,0.323279,-0.373020,0.000000,0.000000,-1.025618
2064,01 07 09 12 13 18,0.00941116,0.49466475,-0.498355,-0.005868,0.092365,0.631264,0.000000,0.000000,-0.801500
2065,02 04 06 14 22 33,0.00935662,0.44409542,-0.498355,-0.442625,-1.293117,0.774733,0.000000,0.000000,0.718962
2066,06 13 18 22 24 33,0.00933450,0.53347040,1.301260,0.209500,-0.831289,-0.229551,0.000000,0.000000,1.215786
2067,01 10 13 14 18 33,0.00930107,0.52941547,1.301260,-0.051436,-1.524031,0.200857,0.000000,0.000000,0.910143
2068,02 04 10 12 22 33,0.00927655,0.50929982,-0.083059,-0.888652,-0.600376,1.348610,0.000000,0.000000,0.763047
2069,01 06 10 12 13 18,0.00926309,0.53348496,1.162828,0.532972,-1.293117,-0.086081,0.000000,0.000000,-0.806321
2070,07 09 13 22 24 33,0.00925851,0.43396156,-1.328946,0.003391,1.016020,0.057388,0.000000,0.000000,1.153785
2071,02 04 06 07 14 22,0.00924387,0.42555212,-1.744242,-0.508728,-0.138548,1.205141,0.000000,0.000000,-0.505688
2072,06 09 12 13 22 33,0.00921833,0.37628665,-0.913650,0.325622,-1.293117,-0.373020,0.000000,0.000000,1.163096
2073,06 08 09 12 13 14,0.00920154,0.41514706,-0.636787,1.565523,-1.062203,-0.946896,0.000000,0.000000,-2.592082
2074,02 07 08 12 14 24,0.00911845,0.51770944,-0.359923,-0.107984,1.016020,0.487795,0.000000,0.000000,0.135902
2075,02 07 13 18 24 33,0.00909630,0.61626747,0.885964,-0.947361,1.016020,1.348610,0.000000,0.000000,1.009730
2076,02 08 09 12 14 24,0.00904869,0.47396967,-0.636787,0.642002,1.246934,-0.516489,0.000000,0.000000,0.169970
2077,04 07 08 12 14 33,0.00897866,0.48790683,0.193805,-0.432846,-1.293117,0.774733,0.000000,0.000000,0.617432
2078,04 06 08 10 13 18,0.00897333,0.58539841,1.854987,0.847098,-0.831289,-0.373020,0.000000,0.000000,-1.301498
2079,04 06 14 18 24 33,0.00895470,0.54457403,1.301260,0.033437,-0.831289,0.057388,0.000000,0.000000,0.968863
2080,02 04 07 14 18 22,0.00891859,0.51299530,-0.775218,-1.142876,0.092365,1.922486,0.000000,0.000000,-0.127184
2081,04 08 09 12 14 33,0.00888115,0.44416706,-0.083059,0.317140,-1.062203,-0.229551,0.000000,0.000000,0.647387
2082,07 08 12 13 18 22,0.00886089,0.52986602,0.609100,-0.161913,-0.831289,0.631264,0.000000,0.000000,-0.156386
2083,01 07 10 12 13 18,0.00884851,0.54932201,0.470668,-0.262149,-0.369462,0.918202,0.000000,0.000000,-0.701969
2084,02 09 13 18 24 33,0.00884157,0.57252770,0.609100,-0.197376,1.246934,0.344326,0.000000,0.000000,1.016393
2085,01 07 10 13 14 33,0.00875464,0.45780934,-0.359923,-0.212410,-0.831289,0.487795,0.000000,0.000000,0.568268
2086,02 07 10 13 24 33,0.00874645,0.55557884,-0.083059,-0.614631,1.477848,0.918202,0.000000,0.000000,0.924269
2087,02 07 08 12 13 33,0.00873554,0.54376322,0.470668,-0.618523,-0.369462,1.061672,0.000000,0.000000,0.435526
2088,02 04 06 10 12 22,0.00873223,0.47491946,-0.636787,-0.159633,-0.369462,0.774733,0.000000,0.000000,-0.691316
2089,06 08 09 13 14 22,0.00872561,0.36023322,-1.052082,1.366831,-0.831289,-1.377304,0.000000,0.000000,-0.221604
2090,04 09 10 14 18 24,0.00872031,0.50904550,-0.221491,0.415903,1.246934,-0.229551,0.000000,0.000000,0.163661
2091,01 06 09 13 14 18,0.00869984,0.44037785,-0.221491,0.933864,-0.831289,-0.659958,0.000000,0.000000,-0.735540
2092,06 07 12 13 22 33,0.00866537,0.42002642,-0.636787,-0.424364,-1.524031,0.631264,0.000000,0.000000,1.036771
2093,02 08 09 12 13 33,0.00864560,0.50002345,0.193805,0.131463,-0.138548,0.057388,0.000000,0.000000,0.466603
2094,07 10 13 22 24 33,0.00863558,0.48861882,-0.359923,-0.252891,0.554193,0.344326,0.000000,0.000000,1.244385
2095,04 06 10 14 24 33,0.00860192,0.48388539,0.332236,0.366168,-0.369462,-0.373020,0.000000,0.000000,0.882969
2096,01 12 14 18 24 33,0.00857465,0.54943735,1.439691,-0.113109,-1.062203,0.200857,0.000000,0.000000,1.089705
2097,04 09 10 14 24 33,0.00853962,0.45598268,-0.636787,0.321032,0.785107,-0.373020,0.000000,0.000000,1.083917
2098,04 10 12 18 24 33,0.00853132,0.60977843,1.716555,-0.412590,-0.138548,0.631264,0.000000,0.000000,0.962087
2099,09 10 13 18 22 24,0.00852028,0.49794187,-0.221491,0.591966,1.246934,-0.516489,0.000000,0.000000,0.324681
2100,02 06 08 13 14 33,0.00851602,0.48947631,0.747532,0.321208,-1.293117,-0.229551,0.000000,0.000000,0.574347
2101,02 04 09 10 14 22,0.00851237,0.40856689,-2.021105,-0.060159,0.785107,0.487795,0.000000,0.000000,-0.176593
2102,01 09 10 12 13 33,0.00849186,0.45251942,-0.221491,0.392966,-0.600376,-0.229551,0.000000,0.000000,0.236620
2103,07 13 18 22 24 33,0.00844561,0.54930745,0.609100,-0.585621,0.092365,0.774733,0.000000,0.000000,1.249870
2104,01 07 09 13 14 33,0.00843804,0.40315208,-1.328946,0.043872,-0.369462,0.200857,0.000000,0.000000,0.338473
2105,07 08 13 14 22 33,0.00842696,0.43835335,-0.221491,-0.112173,-1.293117,0.200857,0.000000,0.000000,1.063469
2106,04 06 07 09 13 18,0.00839605,0.48980143,-0.636787,0.140678,0.323279,0.487795,0.000000,0.000000,-1.129039
2107,02 04 07 10 14 22,0.00836473,0.45230666,-1.744242,-0.810145,0.554193,1.492079,0.000000,0.000000,-0.242868
2108,01 02 04 10 14 18,0.00835001,0.57339101,0.609100,-0.280410,-0.138548,1.061672,0.000000,0.000000,-1.196044
2109,08 10 12 13 22 33,0.00833687,0.48772069,0.885964,0.236921,-1.524031,-0.229551,0.000000,0.000000,0.940296
2110,02 04 09 14 18 22,0.00833071,0.46925553,-1.052082,-0.392890,0.323279,0.918202,0.000000,0.000000,-0.169878
2111,07 08 09 12 13 22,0.00830196,0.41452013,-1.328946,0.427100,0.092365,-0.086081,0.000000,0.000000,-0.455712
2112,06 07 09 12 13 22,0.00823169,0.35774335,-2.159537,0.259519,-0.138548,0.057388,0.000000,0.000000,-0.191023
2113,08 09 12 13 18 22,0.00823086,0.48612625,0.332236,0.588073,-0.600376,-0.373020,0.000000,0.000000,-0.205326
2114,04 07 14 18 24 33,0.00821423,0.56041108,0.609100,-0.761685,0.092365,1.061672,0.000000,0.000000,1.024934
2115,01 06 07 13 14 18,0.00817869,0.48411762,0.055373,0.183878,-1.062203,0.344326,0.000000,0.000000,-0.857153
2116,01 02 10 12 14 22,0.00813869,0.44133293,-0.913650,-0.161569,-0.600376,0.631264,0.000000,0.000000,-0.264985
2117,04 06 09 10 13 18,0.00811599,0.50071892,0.055373,0.634382,0.092365,-0.229551,0.000000,0.000000,-0.943239
2118,01 10 12 14 24 33,0.00811185,0.48874872,0.470668,0.219622,-0.600376,-0.229551,0.000000,0.000000,0.987512
2119,02 06 08 12 14 24,0.00810329,0.50187239,0.332236,0.687137,0.092365,-0.516489,0.000000,0.000000,-0.180273
2120,04 08 12 14 18 33,0.00809870,0.55951295,1.854987,-0.271873,-1.985858,0.487795,0.000000,0.000000,0.747983
2121,02 04 06 14 18 22,0.00807783,0.49715824,-0.083059,-0.347754,-0.831289,0.918202,0.000000,0.000000,-0.417520
2122,09 10 13 22 24 33,0.00806644,0.44487905,-0.636787,0.497095,0.785107,-0.659958,0.000000,0.000000,1.204468
2123,01 04 06 08 09 24,0.00803773,0.48463879,0.332236,1.544507,0.785107,-1.664242,0.000000,0.000000,-0.140371
2124,08 09 13 14 22 33,0.00803414,0.39461358,-0.498355,0.637813,-1.062203,-0.803427,0.000000,0.000000,1.049674
2125,04 06 07 10 13 18,0.00802213,0.54445869,0.332236,-0.115604,-0.138548,0.774733,0.000000,0.000000,-1.001547
2126,04 07 10 14 18 24,0.00801438,0.55278527,0.055373,-0.334083,1.016020,0.774733,0.000000,0.000000,0.014672
2127,06 12 13 18 22 33,0.00800839,0.49163255,1.024396,-0.263390,-2.216772,0.344326,0.000000,0.000000,1.200358
2128,01 02 04 07 08 14,0.00795555,0.53180712,-0.221491,0.027614,0.092365,0.918202,0.000000,0.000000,-2.183571
2129,04 09 14 18 24 33,0.00795192,0.51667131,0.332236,-0.011699,0.323279,0.057388,0.000000,0.000000,1.030476
2130,02 06 12 13 18 33,0.00792987,0.55859257,1.301260,-0.625130,-1.293117,0.918202,0.000000,0.000000,0.852183
2131,04 06 10 14 18 24,0.00792203,0.53694822,0.747532,0.461038,0.092365,-0.229551,0.000000,0.000000,-0.164785
2132,02 04 14 18 22 33,0.00790979,0.53153860,0.470668,-1.076773,-1.062203,1.492079,0.000000,0.000000,0.931304
2133,04 07 10 14 24 33,0.00787154,0.49972245,-0.359923,-0.428954,0.554193,0.631264,0.000000,0.000000,0.940536
2134,06 09 12 13 18 22,0.00785587,0.42934948,-0.498355,0.420493,-0.831289,-0.229551,0.000000,0.000000,0.014217
2135,06 08 13 14 18 22,0.00783764,0.47557911,0.885964,0.777819,-1.754944,-0.659958,0.000000,0.000000,-0.136641
2136,04 06 08 12 14 33,0.00782407,0.47206977,0.885964,0.362275,-2.216772,-0.229551,0.000000,0.000000,0.280601
2137,02 08 13 14 18 33,0.00781071,0.57691949,1.716555,-0.312940,-1.062203,0.487795,0.000000,0.000000,0.896548
2138,09 13 18 22 24 33,0.00779999,0.50556768,0.332236,0.164364,0.323279,-0.229551,0.000000,0.000000,1.198621
2139,01 09 10 13 14 33,0.00775026,0.41406957,-0.636787,0.537576,-0.600376,-0.516489,0.000000,0.000000,0.463868
2140,01 04 07 08 09 24,0.00771339,0.50047585,-0.359923,0.749385,1.708762,-0.659958,0.000000,0.000000,-0.022647
2141,01 02 04 08 09 14,0.00769114,0.48806735,-0.498355,0.777600,0.323279,-0.086081,0.000000,0.000000,-2.178340
2142,06 08 10 12 13 22,0.00766168,0.45334033,0.332236,0.965939,-1.293117,-0.803427,0.000000,0.000000,-0.533457
2143,06 10 12 13 22 33,0.00760155,0.43094391,0.055373,0.069341,-1.754944,-0.086081,0.000000,0.000000,1.106454
2144,01 04 07 08 18 24,0.00755058,0.61582174,1.578123,0.160373,0.785107,0.057388,0.000000,0.000000,0.169749
2145,01 09 10 12 13 18,0.00753910,0.50558225,0.193805,0.487837,-0.138548,-0.086081,0.000000,0.000000,-0.851559
2146,01 04 08 09 18 24,0.00753471,0.57208197,1.301260,0.910359,1.016020,-0.946896,0.000000,0.000000,0.211801
2147,02 04 10 12 18 22,0.00752963,0.56236264,0.332236,-0.793781,-0.138548,1.492079,0.000000,0.000000,-0.442789
2148,02 06 09 12 13 33,0.00748585,0.44324667,-0.636787,-0.036118,-0.369462,0.200857,0.000000,0.000000,0.569882
2149,08 13 14 18 22 33,0.00746711,0.50995947,1.439691,0.048800,-1.985858,-0.086081,0.000000,0.000000,1.182184
2150,07 09 12 13 22 33,0.00744891,0.39212371,-1.605810,-0.469499,-0.369462,0.631264,0.000000,0.000000,1.066726
2151,01 07 09 13 14 18,0.00737696,0.45621490,-0.913650,0.138742,0.092365,0.344326,0.000000,0.000000,-0.765754
2152,04 07 09 10 13 18,0.00737159,0.51655597,-0.636787,-0.160739,1.016020,0.774733,0.000000,0.000000,-0.887749
2153,02 04 10 14 22 33,0.00737150,0.47084997,-0.498355,-0.744042,-0.600376,1.061672,0.000000,0.000000,0.817927
2154,01 06 10 13 14 18,0.00732579,0.49503511,0.747532,0.677582,-1.293117,-0.373020,0.000000,0.000000,-0.756220
2155,02 10 13 18 24 33,0.00732296,0.62718496,1.578123,-0.453657,0.785107,0.631264,0.000000,0.000000,0.974296
2156,06 07 08 12 13 14,0.00728372,0.45888682,-0.359923,0.815538,-1.293117,0.057388,0.000000,0.000000,-2.920616
2157,06 07 12 13 18 22,0.00726506,0.47308924,-0.221491,-0.329493,-1.062203,0.774733,0.000000,0.000000,-0.117715
2158,02 04 06 10 14 22,0.00726119,0.43646961,-1.052082,-0.015023,-0.369462,0.487795,0.000000,0.000000,-0.572136
2159,06 07 08 13 14 22,0.00726099,0.40397299,-0.775218,0.616845,-1.062203,-0.373020,0.000000,0.000000,-0.482993
2160,06 08 10 13 14 22,0.00722825,0.41489048,-0.083059,1.110549,-1.293117,-1.090365,0.000000,0.000000,-0.260552
2161,08 10 13 14 22 33,0.00720991,0.44927084,0.470668,0.381531,-1.524031,-0.516489,0.000000,0.000000,1.110451
2162,02 07 12 13 18 33,0.00715519,0.57442962,0.609100,-1.420252,-0.369462,1.922486,0.000000,0.000000,0.903186
2163,01 04 06 07 08 24,0.00714357,0.52837856,0.609100,0.794521,0.554193,-0.659958,0.000000,0.000000,-0.317246
2164,06 09 13 14 22 33,0.00714182,0.33783680,-1.328946,0.470232,-1.293117,-0.659958,0.000000,0.000000,1.192573
2165,07 12 13 18 22 33,0.00713465,0.50746960,0.332236,-1.058512,-1.293117,1.348610,0.000000,0.000000,1.236685
2166,07 08 12 14 22 24,0.00712055,0.45074942,-0.636787,0.253756,0.092365,-0.086081,0.000000,0.000000,0.176448
2167,01 04 06 08 18 24,0.00708245,0.59998469,2.270283,0.955494,-0.138548,-0.946896,0.000000,0.000000,-0.065379
2168,01 04 07 08 10 24,0.00707833,0.55513311,0.609100,0.493104,1.246934,-0.373020,0.000000,0.000000,0.066157
2169,02 07 08 13 14 33,0.00705705,0.50531336,0.055373,-0.473913,-0.369462,0.774733,0.000000,0.000000,0.523971
2170,02 06 07 12 14 24,0.00702027,0.46093266,-1.190514,-0.275565,0.785107,0.631264,0.000000,0.000000,0.100150
2171,02 06 09 12 14 24,0.00701486,0.41719290,-1.467378,0.474421,1.016020,-0.373020,0.000000,0.000000,0.143750
2172,02 08 10 12 13 33,0.00699495,0.55468071,1.162828,-0.124819,-0.600376,0.344326,0.000000,0.000000,0.404945
2173,02 07 09 12 14 24,0.00696221,0.43302995,-2.159537,-0.320700,1.939675,0.631264,0.000000,0.000000,0.301726
2174,02 08 09 13 14 33,0.00695573,0.46157360,-0.221491,0.276073,-0.138548,-0.229551,0.000000,0.000000,0.553363
2175,02 09 12 13 18 33,0.00693073,0.53068985,0.332236,-0.670266,-0.138548,0.918202,0.000000,0.000000,0.914335
2176,01 07 10 13 14 18,0.00690868,0.51087216,0.055373,-0.117539,-0.369462,0.631264,0.000000,0.000000,-0.652242
2177,06 07 10 12 13 22,0.00685388,0.41240061,-1.190514,0.003237,-0.600376,0.344326,0.000000,0.000000,-0.212261
2178,09 10 12 13 14 18,0.00683406,0.47256801,-0.498355,0.462378,-0.369462,0.200857,0.000000,0.000000,-1.847970
2179,07 08 13 14 18 22,0.00682223,0.49141617,0.193805,-0.017303,-0.831289,0.344326,0.000000,0.000000,-0.121302
2180,04 06 09 12 14 33,0.00677185,0.38739028,-0.913650,0.149559,-1.293117,-0.086081,0.000000,0.000000,0.609988
2181,01 02 04 08 09 12,0.00675044,0.52651720,-0.083059,0.632990,0.323279,0.200857,0.000000,0.000000,-2.654827
2182,07 10 12 13 22 33,0.00673789,0.44678097,-0.636787,-0.725781,-0.831289,0.918202,0.000000,0.000000,1.144276
2183,01 06 08 09 12 13,0.00673490,0.44816130,0.055373,1.590982,-0.831289,-1.233835,0.000000,0.000000,-2.065566
2184,01 02 04 07 08 12,0.00667998,0.57025697,0.193805,-0.116996,0.092365,1.205141,0.000000,0.000000,-2.709668
2185,06 09 10 12 13 22,0.00666727,0.36866084,-1.467378,0.753223,-0.369462,-0.659958,0.000000,0.000000,-0.195505
2186,07 08 10 12 13 22,0.00665889,0.46917739,-0.359923,0.170818,-0.369462,0.200857,0.000000,0.000000,-0.516249
2187,02 06 07 12 13 33,0.00665755,0.48698644,-0.359923,-0.786104,-0.600376,1.205141,0.000000,0.000000,0.402764
2188,07 09 12 13 18 22,0.00662907,0.44518653,-1.190514,-0.374629,0.092365,0.774733,0.000000,0.000000,-0.001761
2189,06 07 13 14 22 33,0.00659391,0.38157657,-1.052082,-0.279754,-1.524031,0.344326,0.000000,0.000000,1.066996
2190,01 02 04 06 08 14,0.00657542,0.51597006,0.470668,0.822735,-0.831289,-0.086081,0.000000,0.000000,-2.553816
2191,08 09 12 14 22 24,0.00652378,0.40700965,-0.913650,1.003742,0.323279,-1.090365,0.000000,0.000000,0.132438
2192,09 12 13 18 22 33,0.00651930,0.46372983,0.055373,-0.308526,-1.062203,0.344326,0.000000,0.000000,1.189922
2193,01 04 08 09 10 24,0.00651322,0.51139334,0.332236,1.243090,1.477848,-1.377304,0.000000,0.000000,0.026836
2194,06 07 09 12 13 14,0.00646194,0.37420733,-2.159537,0.602822,-0.369462,0.200857,0.000000,0.000000,-2.557087
2195,01 09 10 13 14 18,0.00644812,0.46713239,-0.221491,0.632447,-0.138548,-0.373020,0.000000,0.000000,-0.676072
2196,06 08 12 14 22 24,0.00643363,0.43491237,0.055373,1.048877,-0.831289,-1.090365,0.000000,0.000000,-0.091096
2197,02 06 08 12 13 18,0.00633815,0.58098898,1.578123,0.271469,-0.831289,0.200857,0.000000,0.000000,-1.032456
2198,02 08 10 13 14 33,0.00625335,0.51623086,0.747532,0.019791,-0.600376,0.057388,0.000000,0.000000,0.632192
2199,07 08 10 13 14 22,0.00622294,0.43072753,-0.775218,0.315428,-0.369462,-0.086081,0.000000,0.000000,-0.243718
2200,04 07 12 14 18 33,0.00619697,0.51857323,0.332236,-1.234575,-1.293117,1.635548,0.000000,0.000000,0.907111
2201,04 06 12 14 18 33,0.00606841,0.50273618,1.024396,-0.439453,-2.216772,0.631264,0.000000,0.000000,0.722289
2202,06 09 12 14 22 24,0.00606459,0.35023288,-1.744242,0.836161,0.092365,-0.946896,0.000000,0.000000,0.339507
2203,07 08 09 13 14 22,0.00606385,0.37607027,-1.744242,0.571710,0.092365,-0.373020,0.000000,0.000000,-0.450177
2204,04 07 09 12 14 33,0.00600474,0.40322734,-1.605810,-0.645562,-0.369462,0.918202,0.000000,0.000000,0.662113
2205,06 07 09 13 14 22,0.00599863,0.31929350,-2.574833,0.404129,-0.138548,-0.229551,0.000000,0.000000,-0.184740
2206,02 06 10 12 13 33,0.00599724,0.49790393,0.332236,-0.292399,-0.831289,0.487795,0.000000,0.000000,0.532230
2207,01 02 04 06 09 14,0.00599099,0.43129057,-1.328946,0.610019,0.092365,0.057388,0.000000,0.000000,-2.155123
2208,10 13 18 22 24 33,0.00598955,0.56022494,1.301260,-0.091917,-0.138548,0.057388,0.000000,0.000000,1.113288
2209,02 08 09 12 13 18,0.00598216,0.55308627,0.609100,0.226333,0.323279,0.200857,0.000000,0.000000,-0.875020
2210,04 09 12 14 18 33,0.00596495,0.47483346,0.055373,-0.484589,-1.062203,0.631264,0.000000,0.000000,0.917139
2211,04 06 07 12 14 33,0.00595112,0.43113005,-0.636787,-0.600427,-1.524031,0.918202,0.000000,0.000000,0.443992
2212,02 08 12 14 24 33,0.00592721,0.53625274,0.885964,-0.041881,-0.138548,0.057388,0.000000,0.000000,0.871056
2213,01 06 08 09 13 14,0.00590897,0.40971144,-0.359923,1.735592,-0.831289,-1.520773,0.000000,0.000000,-1.850811
2214,02 06 13 14 18 33,0.00588111,0.52014271,0.885964,-0.480520,-1.293117,0.631264,0.000000,0.000000,0.885772
2215,02 07 09 12 13 33,0.00581549,0.45908373,-1.328946,-0.831239,0.554193,1.205141,0.000000,0.000000,0.488188
2216,08 09 13 14 18 22,0.00580612,0.44767640,-0.083059,0.732683,-0.600376,-0.659958,0.000000,0.000000,-0.227439
2217,02 06 09 13 14 33,0.00580103,0.40479682,-1.052082,0.108492,-0.369462,-0.086081,0.000000,0.000000,0.657389
2218,06 13 14 18 22 33,0.00579990,0.45318270,0.609100,-0.118780,-2.216772,0.057388,0.000000,0.000000,1.210282
2219,01 02 04 08 10 14,0.00575903,0.54272461,0.470668,0.521318,-0.138548,0.200857,0.000000,0.000000,-2.281699
2220,01 04 06 08 10 24,0.00574622,0.53929605,1.301260,1.288225,0.323279,-1.377304,0.000000,0.000000,-0.296975
2221,02 08 12 14 18 24,0.00574353,0.58931557,1.301260,0.052989,0.323279,0.200857,0.000000,0.000000,-0.103182
2222,02 07 08 12 13 18,0.00570444,0.59682604,0.885964,-0.523653,0.092365,1.205141,0.000000,0.000000,-0.960567
2223,08 10 12 13 18 22,0.00566715,0.54078351,1.301260,0.331792,-1.062203,-0.086081,0.000000,0.000000,-0.402257
2224,02 04 10 14 18 22,0.00566243,0.52391279,-0.083059,-0.649171,-0.138548,1.205141,0.000000,0.000000,-0.382302
2225,06 10 13 14 22 33,0.00562573,0.39249406,-0.359923,0.213951,-1.754944,-0.373020,0.000000,0.000000,1.150850
2226,04 10 14 18 24 33,0.00562572,0.57132857,1.301260,-0.267980,-0.138548,0.344326,0.000000,0.000000,0.868731
2227,06 07 10 13 14 22,0.00556908,0.37395076,-1.605810,0.147847,-0.600376,0.057388,0.000000,0.000000,-0.065490
2228,04 08 10 12 14 33,0.00556901,0.49882432,0.885964,0.060858,-1.524031,0.057388,0.000000,0.000000,0.339574
2229,06 07 13 14 18 22,0.00556126,0.43463939,-0.636787,-0.184883,-1.062203,0.487795,0.000000,0.000000,-0.033019
2230,07 08 09 12 13 14,0.00549478,0.43098411,-1.328946,0.770402,-0.138548,0.057388,0.000000,0.000000,-2.975474
2231,06 07 12 14 22 24,0.00549145,0.39397265,-1.467378,0.086175,-0.138548,0.057388,0.000000,0.000000,0.210191
2232,06 10 12 13 18 22,0.00545420,0.48400674,0.470668,0.164211,-1.293117,0.057388,0.000000,0.000000,-0.158707
2233,01 02 04 07 09 14,0.00544942,0.44712763,-2.021105,-0.185102,1.016020,1.061672,0.000000,0.000000,-2.069584
2234,06 09 13 14 18 22,0.00543618,0.39089962,-0.913650,0.565102,-0.831289,-0.516489,0.000000,0.000000,-0.007149
2235,06 08 10 12 13 14,0.00542865,0.46980432,0.332236,1.309242,-1.524031,-0.659958,0.000000,0.000000,-2.968157
2236,01 04 06 08 24 33,0.00542190,0.54692186,1.854987,0.860624,-0.600376,-1.090365,0.000000,0.000000,0.635630
2237,06 09 10 13 14 22,0.00537743,0.33021099,-1.882673,0.897833,-0.369462,-0.946896,0.000000,0.000000,-0.049481
2238,07 09 13 14 22 33,0.00536988,0.35367386,-2.021105,-0.324889,-0.369462,0.344326,0.000000,0.000000,1.095829
2239,02 10 12 13 18 33,0.00532405,0.58534711,1.301260,-0.926547,-0.600376,1.205141,0.000000,0.000000,0.859189
2240,01 04 08 09 24 33,0.00532087,0.51901915,0.885964,0.815488,0.554193,-1.090365,0.000000,0.000000,0.830840
2241,01 02 04 06 08 12,0.00529733,0.55441991,0.885964,0.678125,-0.831289,0.200857,0.000000,0.000000,-3.080287
2242,01 06 08 10 13 14,0.00527355,0.46436870,0.609100,1.479311,-1.293117,-1.233835,0.000000,0.000000,-1.762061
2243,02 07 10 12 13 33,0.00523265,0.51374099,-0.359923,-1.087521,0.092365,1.492079,0.000000,0.000000,0.584729
2244,01 04 06 07 18 24,0.00522508,0.55904496,0.747532,-0.007208,0.554193,0.200857,0.000000,0.000000,0.100320
2245,07 10 12 13 18 22,0.00513317,0.49984379,-0.221491,-0.630910,-0.369462,1.061672,0.000000,0.000000,-0.040494
2246,01 04 06 07 09 24,0.00513194,0.44369907,-1.190514,0.581805,1.477848,-0.516489,0.000000,0.000000,-0.129997
2247,01 04 06 09 18 24,0.00510954,0.51530520,0.470668,0.742778,0.785107,-0.803427,0.000000,0.000000,0.127605
2248,02 07 13 14 18 33,0.00510391,0.53597977,0.193805,-1.275642,-0.369462,1.635548,0.000000,0.000000,0.936402
2249,06 07 10 12 13 14,0.00509422,0.42886459,-1.190514,0.346540,-0.831289,0.487795,0.000000,0.000000,-2.576830
2250,01 04 07 08 24 33,0.00506729,0.56275892,1.162828,0.065503,0.323279,-0.086081,0.000000,0.000000,0.748868
2251,01 04 08 10 18 24,0.00504902,0.62673923,2.270283,0.654077,0.554193,-0.659958,0.000000,0.000000,0.026428
2252,01 06 07 08 12 13,0.00503970,0.49190106,0.332236,0.840996,-1.062203,-0.229551,0.000000,0.000000,-2.361117
2253,02 06 07 13 14 33,0.00499043,0.44853659,-0.775218,-0.641494,-0.600376,0.918202,0.000000,0.000000,0.492894
2254,02 08 10 12 14 24,0.00494662,0.52862693,0.332236,0.385720,0.785107,-0.229551,0.000000,0.000000,-0.254875
2255,06 09 10 12 13 14,0.00492780,0.38512483,-1.467378,1.096526,-0.600376,-0.516489,0.000000,0.000000,-2.557083
2256,07 13 14 18 22 33,0.00492363,0.46901975,-0.083059,-0.913902,-1.293117,1.061672,0.000000,0.000000,1.246235
2257,01 04 06 09 10 24,0.00492177,0.45461656,-0.498355,1.075509,1.246934,-1.233835,0.000000,0.000000,0.066157
2258,02 09 13 14 18 33,0.00487441,0.49224000,-0.083059,-0.525656,-0.138548,0.631264,0.000000,0.000000,0.946803
2259,07 09 12 14 22 24,0.00482980,0.36606993,-2.436401,0.041040,1.016020,0.057388,0.000000,0.000000,0.322344
2260,02 07 10 12 14 24,0.00478185,0.48768721,-1.190514,-0.576982,1.477848,0.918202,0.000000,0.000000,0.161588
2261,01 04 06 07 10 24,0.00476214,0.49835633,-0.221491,0.325523,1.016020,-0.229551,0.000000,0.000000,-0.001895
2262,07 10 13 14 22 33,0.00475956,0.40833112,-1.052082,-0.581171,-0.831289,0.631264,0.000000,0.000000,1.188298
2263,02 09 12 14 18 24,0.00470607,0.50463608,-0.498355,-0.159727,1.246934,0.344326,0.000000,0.000000,0.228391
2264,01 02 04 08 09 22,0.00469437,0.47160336,-0.498355,0.434297,0.554193,-0.229551,0.000000,0.000000,-0.518451
2265,02 07 12 14 18 24,0.00463173,0.54837584,-0.221491,-0.909713,1.016020,1.348610,0.000000,0.000000,0.172976
2266,10 12 13 18 22 33,0.00462078,0.51838709,1.024396,-0.564807,-1.524031,0.631264,0.000000,0.000000,1.091540
2267,04 07 10 12 14 33,0.00461431,0.45788460,-0.636787,-0.901844,-0.831289,1.205141,0.000000,0.000000,0.639006
2268,01 02 04 06 09 12,0.00461299,0.46974042,-0.913650,0.465409,0.092365,0.344326,0.000000,0.000000,-2.696396
2269,01 02 04 07 10 14,0.00458511,0.50178489,-1.052082,-0.441384,0.554193,1.348610,0.000000,0.000000,-2.014744
2270,01 02 04 07 08 22,0.00456922,0.51534313,-0.221491,-0.315689,0.323279,0.774733,0.000000,0.000000,-0.581394
2271,08 12 14 22 24 33,0.00455962,0.46929273,0.609100,0.319859,-1.062203,-0.516489,0.000000,0.000000,1.004986
2272,01 04 07 09 18 24,0.00450353,0.53114225,-0.221491,-0.052343,1.708762,0.200857,0.000000,0.000000,0.203597
2273,08 09 10 12 13 22,0.00450077,0.42543762,-0.636787,0.920804,-0.138548,-0.803427,0.000000,0.000000,-0.791579
2274,09 10 12 13 22 33,0.00449124,0.40304120,-0.913650,0.024205,-0.600376,-0.086081,0.000000,0.000000,0.855830
2275,01 02 04 08 22 33,0.00446588,0.53388644,1.024396,-0.249585,-0.831289,0.344326,0.000000,0.000000,0.611240
2276,02 06 09 12 13 18,0.00445474,0.49630949,-0.221491,0.058753,0.092365,0.344326,0.000000,0.000000,-0.826211
2277,01 02 04 08 18 22,0.00445006,0.58694926,1.439691,-0.154715,-0.369462,0.487795,0.000000,0.000000,-0.338128
2278,02 06 10 13 14 33,0.00440679,0.45945408,-0.083059,-0.147789,-0.831289,0.200857,0.000000,0.000000,0.633718
2279,01 04 07 09 10 24,0.00432585,0.47045362,-1.190514,0.280388,2.170589,-0.229551,0.000000,0.000000,0.143644
2280,02 06 08 13 14 18,0.00431281,0.54253913,1.162828,0.416079,-0.831289,-0.086081,0.000000,0.000000,-0.995398
2281,09 13 14 18 22 33,0.00430324,0.42527998,-0.359923,-0.163916,-1.062203,0.057388,0.000000,0.000000,1.198724
2282,01 06 08 10 12 13,0.00429099,0.50281856,1.024396,1.334701,-1.293117,-0.946896,0.000000,0.000000,-2.244748
2283,01 06 08 09 13 22,0.00423999,0.39324746,-0.359923,1.392290,-0.600376,-1.664242,0.000000,0.000000,0.005795
2284,01 06 07 08 13 14,0.00421881,0.45345121,-0.083059,0.985606,-1.062203,-0.516489,0.000000,0.000000,-2.145615
2285,07 09 13 14 18 22,0.00420685,0.40673668,-1.605810,-0.230019,0.092365,0.487795,0.000000,0.000000,-0.023501
2286,08 10 13 14 18 22,0.00419701,0.50233366,0.885964,0.476402,-1.062203,-0.373020,0.000000,0.000000,-0.282945
2287,01 02 04 06 07 14,0.00418978,0.47503034,-1.052082,-0.139967,-0.138548,1.061672,0.000000,0.000000,-2.466381
2288,01 07 08 10 13 14,0.00417468,0.48020576,-0.083059,0.684189,-0.369462,-0.229551,0.000000,0.000000,-1.759087
2289,02 07 09 13 14 33,0.00412815,0.42063387,-1.744242,-0.686629,0.554193,0.918202,0.000000,0.000000,0.575322
2290,01 04 08 18 24 33,0.00408155,0.63436505,2.824010,0.226476,-0.369462,-0.373020,0.000000,0.000000,0.863749
2291,01 02 04 07 09 12,0.00407394,0.48557748,-1.605810,-0.329712,1.016020,1.348610,0.000000,0.000000,-2.610483
2292,08 09 10 13 14 22,0.00405977,0.38698777,-1.052082,1.065414,-0.138548,-1.090365,0.000000,0.000000,-0.519796
2293,02 07 12 14 24 33,0.00403053,0.49531302,-0.636787,-1.004583,0.554193,1.205141,0.000000,0.000000,1.030932
2294,02 06 12 14 24 33,0.00401023,0.47947597,0.055373,-0.209462,-0.369462,0.200857,0.000000,0.000000,0.862150
2295,01 07 08 09 12 13,0.00398210,0.46399835,-0.636787,0.795861,0.092365,-0.229551,0.000000,0.000000,-2.307626
2296,02 08 09 13 14 18,0.00394292,0.51463642,0.193805,0.370943,0.323279,-0.086081,0.000000,0.000000,-0.840020
2297,02 06 10 12 14 24,0.00392873,0.47185016,-0.498355,0.218139,0.554193,-0.086081,0.000000,0.000000,-0.130580
2298,01 04 08 10 24 33,0.00392737,0.57367641,1.854987,0.559207,0.092365,-0.803427,0.000000,0.000000,0.807278
2299,02 09 10 12 14 24,0.00380018,0.44394744,-1.467378,0.173004,1.708762,-0.086081,0.000000,0.000000,0.060552
2300,02 06 12 14 18 24,0.00378870,0.53253879,0.470668,-0.114591,0.092365,0.344326,0.000000,0.000000,-0.117696
2301,02 09 12 14 24 33,0.00378842,0.45157325,-0.913650,-0.254597,0.785107,0.200857,0.000000,0.000000,1.039464
2302,07 09 10 12 13 22,0.00374278,0.38449790,-2.159537,-0.041898,0.554193,0.344326,0.000000,0.000000,-0.463003
2303,02 07 08 13 14 18,0.00367657,0.55837619,0.470668,-0.379043,0.092365,0.918202,0.000000,0.000000,-0.923882
2304,04 07 08 12 14 18,0.00366833,0.54096965,0.609100,-0.337976,-0.831289,0.918202,0.000000,0.000000,-1.116336
2305,02 07 10 13 14 33,0.00363968,0.47529113,-0.775218,-0.942911,0.092365,1.205141,0.000000,0.000000,0.685843
2306,04 06 10 12 14 33,0.00362176,0.44204754,0.055373,-0.106722,-1.754944,0.200857,0.000000,0.000000,0.326182
2307,04 08 09 12 14 18,0.00360866,0.49722988,0.332236,0.412010,-0.600376,-0.086081,0.000000,0.000000,-1.080773
2308,02 07 09 12 13 18,0.00360712,0.51214655,-0.913650,-0.736369,1.016020,1.348610,0.000000,0.000000,-0.786014
2309,04 09 10 12 14 33,0.00360488,0.41414483,-0.913650,-0.151858,-0.600376,0.200857,0.000000,0.000000,0.533858
2310,02 06 07 12 13 18,0.00358859,0.54004926,0.055373,-0.691233,-0.138548,1.348610,0.000000,0.000000,-0.998936
2311,04 10 12 14 18 33,0.00355067,0.52949072,1.024396,-0.740870,-1.524031,0.918202,0.000000,0.000000,0.742345
2312,02 08 10 12 13 18,0.00354663,0.60774353,1.578123,-0.029948,-0.138548,0.487795,0.000000,0.000000,-1.052961
2313,01 02 04 09 10 14,0.00353491,0.45804512,-1.328946,0.308602,0.785107,0.344326,0.000000,0.000000,-2.125932
2314,01 06 07 08 13 22,0.00342392,0.43698723,-0.083059,0.642304,-0.831289,-0.659958,0.000000,0.000000,-0.159511
2315,01 02 04 08 10 12,0.00339087,0.58117446,0.885964,0.376708,-0.138548,0.487795,0.000000,0.000000,-2.969668
2316,07 08 10 12 13 14,0.00337834,0.48564137,-0.359923,0.514121,-0.600376,0.344326,0.000000,0.000000,-3.106142
2317,02 09 10 12 13 33,0.00337690,0.47000122,-0.636787,-0.337535,0.323279,0.487795,0.000000,0.000000,0.354195
2318,02 10 13 14 18 33,0.00336842,0.54689726,0.885964,-0.781937,-0.600376,0.918202,0.000000,0.000000,0.906575
2319,01 02 04 06 10 14,0.00336703,0.48594783,-0.359923,0.353738,-0.369462,0.344326,0.000000,0.000000,-2.360982
2320,09 10 13 14 22 33,0.00336175,0.36459135,-1.328946,0.168815,-0.600376,-0.373020,0.000000,0.000000,1.025612
2321,08 12 14 18 22 24,0.00331716,0.52235555,1.024396,0.414729,-0.600376,-0.373020,0.000000,0.000000,-0.126115
2322,07 09 10 13 14 22,0.00330430,0.34604804,-2.574833,0.102712,0.554193,0.057388,0.000000,0.000000,-0.190846
2323,01 04 09 10 18 24,0.00322700,0.54205974,0.470668,0.441361,1.477848,-0.516489,0.000000,0.000000,0.241767
2324,01 02 04 06 08 22,0.00319919,0.49950608,0.470668,0.479433,-0.600376,-0.229551,0.000000,0.000000,-0.950144
2325,01 07 08 10 12 13,0.00319464,0.51865561,0.332236,0.539579,-0.369462,0.057388,0.000000,0.000000,-2.241401
2326,01 07 08 12 22 24,0.00318097,0.48376366,0.055373,0.279214,0.323279,-0.373020,0.000000,0.000000,0.484745
2327,01 02 04 08 10 22,0.00316190,0.52626062,0.470668,0.178016,0.092365,0.057388,0.000000,0.000000,-0.562602
2328,01 07 08 09 13 14,0.00315365,0.42554850,-1.052082,0.940471,0.092365,-0.516489,0.000000,0.000000,-2.093245
2329,06 10 13 14 18 22,0.00313520,0.44555688,0.055373,0.308821,-1.293117,-0.229551,0.000000,0.000000,-0.165155
2330,01 08 09 12 22 24,0.00309355,0.44002389,-0.221491,1.029200,0.554193,-1.377304,0.000000,0.000000,0.516195
2331,01 06 07 09 12 13,0.00304050,0.40722157,-1.467378,0.628280,-0.138548,-0.086081,0.000000,0.000000,-2.172027
2332,01 02 04 06 09 22,0.00301441,0.41482659,-1.328946,0.266717,0.323279,-0.086081,0.000000,0.000000,-0.492244
2333,01 02 04 06 07 12,0.00301160,0.51348019,-0.636787,-0.284577,-0.138548,1.348610,0.000000,0.000000,-2.978050
2334,07 12 14 18 22 24,0.00297890,0.48141583,-0.498355,-0.547973,0.092365,0.774733,0.000000,0.000000,0.264645
2335,01 06 08 12 22 24,0.00297845,0.46792661,0.747532,1.074336,-0.600376,-1.377304,0.000000,0.000000,0.288965
2336,01 04 06 09 24 33,0.00293356,0.46224237,0.055373,0.647908,0.323279,-0.946896,0.000000,0.000000,0.752251
2337,06 12 14 22 24 33,0.00290503,0.41251595,-0.221491,0.152278,-1.293117,-0.373020,0.000000,0.000000,1.034952
2338,01 08 09 10 13 14,0.00288322,0.43646599,-0.359923,1.434175,-0.138548,-1.233835,0.000000,0.000000,-1.906018
2339,01 04 06 18 24 33,0.00283728,0.57758827,1.993419,0.058896,-0.600376,-0.229551,0.000000,0.000000,0.954506
2340,07 12 14 22 24 33,0.00282626,0.42835300,-0.913650,-0.642843,-0.369462,0.631264,0.000000,0.000000,1.189058
2341,07 10 13 14 18 22,0.00281165,0.46139394,-0.636787,-0.486300,-0.369462,0.774733,0.000000,0.000000,-0.047316
2342,01 04 06 10 18 24,0.00279855,0.56996246,1.439691,0.486497,0.323279,-0.516489,0.000000,0.000000,-0.031886
2343,06 12 14 18 22 24,0.00279393,0.46557877,0.193805,0.247149,-0.831289,-0.229551,0.000000,0.000000,0.071467
2344,01 06 09 10 13 14,0.00276734,0.37968921,-1.190514,1.266594,-0.369462,-1.090365,0.000000,0.000000,-1.648087
2345,01 06 08 10 13 22,0.00274059,0.44790472,0.609100,1.136008,-1.062203,-1.377304,0.000000,0.000000,-0.033457
2346,01 06 08 13 22 33,0.00266373,0.45553053,1.162828,0.708407,-1.985858,-1.090365,0.000000,0.000000,0.935811
2347,01 06 07 10 13 14,0.00265582,0.42342898,-0.913650,0.516609,-0.600376,-0.086081,0.000000,0.000000,-1.709012
2348,01 06 09 10 12 13,0.00264120,0.41813907,-0.775218,1.121984,-0.369462,-0.803427,0.000000,0.000000,-2.003893
2349,01 02 04 07 10 12,0.00263608,0.54023474,-0.636787,-0.585994,0.554193,1.635548,0.000000,0.000000,-2.640618
2350,02 09 10 13 14 33,0.00263277,0.43155137,-1.052082,-0.192925,0.323279,0.200857,0.000000,0.000000,0.581069
2351,01 06 07 10 12 13,0.00252463,0.46187883,-0.498355,0.371999,-0.600376,0.200857,0.000000,0.000000,-2.065566
2352,07 10 12 14 22 24,0.00252126,0.42072719,-1.467378,-0.215242,0.554193,0.344326,0.000000,0.000000,0.163216
2353,01 02 06 08 12 24,0.00252032,0.53488663,1.024396,0.712596,0.323279,-0.803427,0.000000,0.000000,-0.115449
2354,10 13 14 18 22 33,0.00250541,0.47993724,0.609100,-0.420197,-1.524031,0.344326,0.000000,0.000000,1.115260
2355,01 06 08 13 18 22,0.00247474,0.50859335,1.578123,0.803277,-1.524031,-0.946896,0.000000,0.000000,-0.039215
2356,01 04 06 07 24 33,0.00247234,0.50598214,0.332236,-0.102078,0.092365,0.057388,0.000000,0.000000,0.639518
2357,01 02 04 07 09 22,0.00246274,0.43066364,-2.021105,-0.528405,1.246934,0.918202,0.000000,0.000000,-0.408200
2358,02 08 10 13 14 18,0.00245565,0.56929368,1.162828,0.114662,-0.138548,0.200857,0.000000,0.000000,-0.877474
2359,01 02 04 07 18 22,0.00241295,0.54600954,-0.083059,-1.117417,0.323279,1.635548,0.000000,0.000000,-0.199058
2360,01 08 09 13 18 22,0.00240704,0.48069064,0.609100,0.758142,-0.369462,-0.946896,0.000000,0.000000,0.160932
2361,01 02 04 09 18 22,0.00239416,0.50226977,-0.359923,-0.367431,0.554193,0.631264,0.000000,0.000000,-0.157440
2362,09 10 12 13 18 22,0.00236414,0.45610402,-0.498355,0.119075,-0.138548,0.057388,0.000000,0.000000,-0.406331
2363,02 07 10 12 13 18,0.00223940,0.56680381,0.055373,-0.992650,0.554193,1.635548,0.000000,0.000000,-0.805757
2364,01 04 07 10 18 24,0.00223808,0.58579951,0.747532,-0.308625,1.246934,0.487795,0.000000,0.000000,0.050853
2365,01 06 07 09 13 14,0.00221710,0.36877172,-1.882673,0.772890,-0.138548,-0.373020,0.000000,0.000000,-1.956899
2366,01 07 08 13 18 22,0.00220957,0.52443041,0.885964,0.008156,-0.600376,0.057388,0.000000,0.000000,0.087275
2367,09 12 14 22 24 33,0.00219325,0.38461324,-1.190514,0.107143,-0.138548,-0.373020,0.000000,0.000000,1.139678
2368,02 06 10 12 13 18,0.00218125,0.55096675,0.747532,-0.197529,-0.369462,0.631264,0.000000,0.000000,-0.980146
2369,01 02 08 09 12 24,0.00217069,0.50698391,0.055373,0.667460,1.477848,-0.803427,0.000000,0.000000,0.042929
2370,01 07 08 10 13 22,0.00215570,0.46374177,-0.083059,0.340887,-0.138548,-0.373020,0.000000,0.000000,0.045665
2371,01 02 07 08 12 24,0.00204142,0.55072368,0.332236,-0.082526,1.246934,0.200857,0.000000,0.000000,-0.020624
2372,02 06 09 13 14 18,0.00203952,0.45785964,-0.636787,0.203363,0.092365,0.057388,0.000000,0.000000,-0.846915
2373,01 07 08 09 13 22,0.00199866,0.40908451,-1.052082,0.597168,0.323279,-0.659958,0.000000,0.000000,-0.160490
2374,01 02 04 07 10 22,0.00199808,0.48532090,-1.052082,-0.784686,0.785107,1.205141,0.000000,0.000000,-0.294151
2375,06 10 12 14 22 24,0.00199638,0.40489014,-0.775218,0.579879,-0.369462,-0.659958,0.000000,0.000000,-0.080320
2376,01 08 09 10 12 13,0.00190824,0.47491584,0.055373,1.289565,-0.138548,-0.946896,0.000000,0.000000,-2.387583
2377,02 06 07 13 14 18,0.00190192,0.50159941,-0.359923,-0.546623,-0.138548,1.061672,0.000000,0.000000,-0.911704
2378,01 02 04 09 22 33,0.00179211,0.44920695,-0.775218,-0.462302,0.092365,0.487795,0.000000,0.000000,0.700390
2379,02 12 14 18 24 33,0.00174806,0.56691915,1.024396,-0.843610,-0.138548,0.918202,0.000000,0.000000,0.953697
2380,02 10 12 14 18 24,0.00172923,0.55929334,0.470668,-0.416008,0.785107,0.631264,0.000000,0.000000,-0.029746
2381,01 04 06 10 24 33,0.00171475,0.51689963,1.024396,0.391626,-0.138548,-0.659958,0.000000,0.000000,0.754571
2382,04 06 08 12 14 18,0.00169100,0.52513260,1.301260,0.457146,-1.754944,-0.086081,0.000000,0.000000,-1.575058
2383,04 06 07 08 09 13,0.00164640,0.45913502,-0.775218,0.942406,0.323279,-0.373020,0.000000,0.000000,-2.830815
2384,02 07 09 13 14 18,0.00157040,0.47369670,-1.328946,-0.591759,1.016020,1.061672,0.000000,0.000000,-0.750641
2385,01 02 04 18 22 33,0.00155818,0.56455284,1.162828,-1.051314,-0.831289,1.205141,0.000000,0.000000,0.882251
2386,09 12 14 18 22 24,0.00154434,0.43767606,-0.775218,0.202013,0.323279,-0.229551,0.000000,0.000000,0.096514
2387,04 07 09 12 14 18,0.00151714,0.45629016,-1.190514,-0.550692,0.092365,1.061672,0.000000,0.000000,-0.949764
2388,01 04 07 09 24 33,0.00150481,0.47807943,-0.636787,-0.147213,1.246934,0.057388,0.000000,0.000000,0.706352
2389,04 06 09 12 14 18,0.00146151,0.44045310,-0.498355,0.244429,-0.831289,0.057388,0.000000,0.000000,-1.123780
2390,04 06 08 09 10 13,0.00145383,0.47005252,-0.083059,1.436110,0.092365,-1.090365,0.000000,0.000000,-2.632053
2391,08 10 12 14 22 24,0.00143964,0.46166691,0.055373,0.747460,-0.138548,-0.803427,0.000000,0.000000,-0.437904
2392,01 02 04 07 22 33,0.00143901,0.49294671,-0.498355,-1.212287,-0.138548,1.492079,0.000000,0.000000,0.603675
2393,01 08 09 10 13 22,0.00141936,0.42000201,-0.359923,1.090873,0.092365,-1.377304,0.000000,0.000000,-0.019023
2394,01 04 07 18 24 33,0.00137085,0.59342532,1.301260,-0.736226,0.323279,0.774733,0.000000,0.000000,0.903024
2395,02 10 12 14 24 33,0.00136909,0.50623051,0.055373,-0.510879,0.323279,0.487795,0.000000,0.000000,0.863922
2396,04 06 07 08 10 13,0.00130942,0.51379228,0.193805,0.686125,-0.138548,-0.086081,0.000000,0.000000,-2.697850
2397,01 04 09 10 24 33,0.00128262,0.48899692,0.055373,0.346491,1.016020,-0.659958,0.000000,0.000000,0.900726
2398,01 07 08 13 22 33,0.00124602,0.47136759,0.470668,-0.086715,-1.062203,-0.086081,0.000000,0.000000,0.891547
2399,01 02 04 06 18 22,0.00123756,0.53017248,0.609100,-0.322296,-0.600376,0.631264,0.000000,0.000000,-0.538971
2400,04 07 08 18 22 24,0.00123459,0.56634352,0.885964,-0.208388,0.785107,0.200857,0.000000,0.000000,0.445930
2401,01 02 04 09 10 12,0.00116928,0.49649497,-0.913650,0.163992,0.785107,0.631264,0.000000,0.000000,-2.813527
2402,01 08 09 13 22 33,0.00112704,0.42762782,0.193805,0.663271,-0.831289,-1.090365,0.000000,0.000000,0.918322
2403,01 06 07 12 22 24,0.00110045,0.42698689,-0.775218,0.111634,0.092365,-0.229551,0.000000,0.000000,0.451609
2404,01 04 09 18 24 33,0.00109162,0.54968555,1.024396,0.013760,0.554193,-0.229551,0.000000,0.000000,0.906058
2405,01 06 09 12 22 24,0.00107738,0.38324712,-1.052082,0.861620,0.323279,-1.233835,0.000000,0.000000,0.492593
2406,01 08 12 18 22 24,0.00103858,0.55536979,1.716555,0.440188,-0.369462,-0.659958,0.000000,0.000000,0.428263
2407,02 09 10 12 13 18,0.00102990,0.52306404,-0.221491,-0.242664,0.785107,0.631264,0.000000,0.000000,-0.940545
2408,01 02 04 06 10 12,0.00099382,0.52439768,0.055373,0.209128,-0.369462,0.631264,0.000000,0.000000,-3.049699
2409,04 07 08 09 10 13,0.00098478,0.48588957,-0.775218,0.640989,1.016020,-0.086081,0.000000,0.000000,-2.535769
2410,04 06 07 12 14 18,0.00098397,0.48419287,-0.221491,-0.505556,-1.062203,1.061672,0.000000,0.000000,-1.238932
2411,01 04 06 08 12 33,0.00096210,0.50508401,1.578123,0.387734,-1.985858,-0.516489,0.000000,0.000000,0.155935
2412,04 08 09 18 22 24,0.00096154,0.52260375,0.609100,0.541598,1.016020,-0.803427,0.000000,0.000000,0.449880
2413,01 07 08 14 22 24,0.00091962,0.44531381,-0.359923,0.423824,0.323279,-0.659958,0.000000,0.000000,0.486837
2414,09 10 13 14 18 22,0.00089147,0.41765417,-0.913650,0.263685,-0.138548,-0.229551,0.000000,0.000000,-0.287393
2415,01 02 04 06 22 33,0.00088149,0.47710966,0.193805,-0.417166,-1.062203,0.487795,0.000000,0.000000,0.355302
2416,04 07 08 09 22 24,0.00087031,0.45099762,-1.052082,0.380624,1.708762,-0.516489,0.000000,0.000000,0.175444
2417,01 08 10 13 18 22,0.00086085,0.53534790,1.578123,0.501860,-0.831289,-0.659958,0.000000,0.000000,0.114750
2418,01 08 09 14 22 24,0.00081449,0.40157404,-0.636787,1.173810,0.554193,-1.664242,0.000000,0.000000,0.515665
2419,01 02 04 06 10 22,0.00079008,0.46948385,-0.359923,0.010435,-0.138548,0.200857,0.000000,0.000000,-0.638895
2420,01 04 08 12 18 33,0.00077920,0.59252719,2.547146,-0.246414,-1.754944,0.200857,0.000000,0.000000,0.555534
2421,01 02 08 13 18 33,0.00076177,0.60993373,2.408714,-0.287481,-0.831289,0.200857,0.000000,0.000000,0.744183
2422,01 04 08 09 12 33,0.00072413,0.47718130,0.609100,0.342598,-0.831289,-0.516489,0.000000,0.000000,0.330857
2423,01 06 08 14 22 24,0.00071962,0.42947676,0.332236,1.218946,-0.600376,-1.664242,0.000000,0.000000,0.291431
2424,01 02 06 09 12 24,0.00068245,0.45020714,-0.775218,0.499880,1.246934,-0.659958,0.000000,0.000000,0.097542
2425,02 04 07 08 09 24,0.00063987,0.51795764,-0.775218,0.018884,2.632416,0.057388,0.000000,0.000000,-0.195239
2426,01 04 07 08 12 33,0.00062262,0.52092107,0.885964,-0.407388,-1.062203,0.487795,0.000000,0.000000,0.271416
2427,01 07 09 10 13 14,0.00060066,0.39552627,-1.882673,0.471473,0.554193,-0.086081,0.000000,0.000000,-1.803312
2428,01 06 07 09 13 22,0.00055821,0.35230774,-1.882673,0.429588,0.092365,-0.516489,0.000000,0.000000,-0.098797
2429,01 02 04 09 10 22,0.00054666,0.44158113,-1.328946,-0.034700,1.016020,0.200857,0.000000,0.000000,-0.464781
2430,02 04 07 08 18 24,0.00051578,0.63330354,1.162828,-0.570128,1.708762,0.774733,0.000000,0.000000,0.002895
2431,01 02 06 08 13 33,0.00050801,0.52249055,1.439691,0.346667,-1.062203,-0.516489,0.000000,0.000000,0.279892
2432,02 04 08 09 18 24,0.00049739,0.58956377,0.885964,0.179858,1.939675,-0.229551,0.000000,0.000000,0.044573
2433,01 02 04 10 22 33,0.00049109,0.50386421,0.193805,-0.718583,-0.369462,0.774733,0.000000,0.000000,0.690531
2434,01 02 08 12 18 24,0.00048893,0.62232981,1.993419,0.078448,0.554193,-0.086081,0.000000,0.000000,0.010290
2435,07 09 10 12 13 14,0.00047232,0.40096188,-2.159537,0.301404,0.323279,0.487795,0.000000,0.000000,-3.051401
2436,01 02 04 06 07 22,0.00041391,0.45856636,-1.052082,-0.483269,0.092365,0.918202,0.000000,0.000000,-0.921917
2437,01 08 10 13 22 33,0.00036574,0.48228508,1.162828,0.406990,-1.293117,-0.803427,0.000000,0.000000,0.988423
2438,01 04 07 10 24 33,0.00033155,0.53273669,0.332236,-0.403495,0.785107,0.344326,0.000000,0.000000,0.715420
2439,01 02 06 08 14 24,0.00030461,0.49643678,0.609100,0.857206,0.323279,-1.090365,0.000000,0.000000,-0.106596
2440,02 07 10 13 14 18,0.00029705,0.52835396,-0.359923,-0.848040,0.554193,1.348610,0.000000,0.000000,-0.756403
2441,01 06 09 10 13 22,0.00022428,0.36322523,-1.190514,0.923292,-0.138548,-1.233835,0.000000,0.000000,0.079022
2442,01 07 09 12 22 24,0.00021209,0.39908417,-1.744242,0.066498,1.246934,-0.229551,0.000000,0.000000,0.530173
2443,01 08 13 18 22 33,0.00018378,0.54297371,2.131851,0.074259,-1.754944,-0.373020,0.000000,0.000000,0.995094
2444,08 09 10 12 13 14,0.00018279,0.44190160,-0.636787,1.264106,-0.369462,-0.659958,0.000000,0.000000,-3.535170
2445,01 06 07 10 13 22,0.00013294,0.40696500,-0.913650,0.173306,-0.369462,-0.229551,0.000000,0.000000,0.021087
2446,01 06 07 13 18 22,0.00012276,0.46765363,0.055373,-0.159425,-0.831289,0.200857,0.000000,0.000000,0.053207
2447,01 02 04 10 18 22,0.00010339,0.55692703,0.609100,-0.623713,0.092365,0.918202,0.000000,0.000000,-0.313934
2448,01 02 07 09 12 24,-0.00001669,0.46604419,-1.467378,-0.295242,2.170589,0.344326,0.000000,0.000000,0.159737
2449,01 02 08 12 24 33,-0.00001811,0.56926698,1.578123,-0.016423,0.092365,-0.229551,0.000000,0.000000,0.882195
2450,02 06 08 09 12 13,-0.00003761,0.46564309,-0.359923,0.860481,0.092365,-0.516489,0.000000,0.000000,-2.193561
2451,01 02 08 09 14 24,-0.00005260,0.46853406,-0.359923,0.812070,1.477848,-1.090365,0.000000,0.000000,0.050661
2452,02 09 10 13 14 18,-0.00006360,0.48461419,-0.636787,-0.098055,0.785107,0.344326,0.000000,0.000000,-0.765431
2453,02 06 10 13 14 18,-0.00013960,0.51251690,0.332236,-0.052919,-0.369462,0.344326,0.000000,0.000000,-0.986869
2454,09 10 12 14 22 24,-0.00016357,0.37698742,-1.744242,0.534744,0.785107,-0.659958,0.000000,0.000000,-0.190147
2455,01 02 07 08 14 24,-0.00017682,0.51227383,-0.083059,0.062084,1.246934,-0.086081,0.000000,0.000000,-0.012145
2456,04 07 08 22 24 33,-0.00021312,0.51328069,0.470668,-0.303259,0.323279,0.057388,0.000000,0.000000,1.178473
2457,01 08 10 12 22 24,-0.00021354,0.49468115,0.747532,0.772919,0.092365,-1.090365,0.000000,0.000000,0.209130
2458,01 02 08 10 12 24,-0.00023196,0.56164117,1.024396,0.411179,1.016020,-0.516489,0.000000,0.000000,-0.130141
2459,01 02 06 07 12 24,-0.00027477,0.49394690,-0.498355,-0.250106,1.016020,0.344326,0.000000,0.000000,-0.088676
2460,04 06 08 09 22 24,-0.00028932,0.43516057,-0.359923,1.175746,0.785107,-1.520773,0.000000,0.000000,-0.162135
2461,04 08 09 22 24 33,-0.00034446,0.46954093,0.193805,0.446727,0.554193,-0.946896,0.000000,0.000000,1.203417
2462,01 04 10 18 24 33,-0.00034939,0.60434281,1.993419,-0.242522,0.092365,0.057388,0.000000,0.000000,0.875457
2463,01 04 06 08 14 33,-0.00035947,0.46663416,1.162828,0.532344,-1.985858,-0.803427,0.000000,0.000000,0.297259
2464,01 07 09 10 12 13,-0.00037685,0.43397612,-1.467378,0.326863,0.554193,0.200857,0.000000,0.000000,-2.285252
2465,04 08 10 12 14 18,-0.00048836,0.55188714,1.301260,0.155728,-1.062203,0.200857,0.000000,0.000000,-1.504870
2466,04 07 08 10 22 24,-0.00056923,0.50565488,-0.083059,0.124343,1.246934,-0.229551,0.000000,0.000000,0.145061
2467,01 04 08 09 14 33,-0.00060501,0.43873145,0.193805,0.487208,-0.831289,-0.803427,0.000000,0.000000,0.471060
2468,04 07 10 12 14 18,-0.00065818,0.51094742,-0.221491,-0.806973,-0.369462,1.348610,0.000000,0.000000,-1.089155
2469,01 04 06 12 18 33,-0.00066752,0.53575042,1.716555,-0.413995,-1.985858,0.344326,0.000000,0.000000,0.616297
2470,02 04 06 08 09 24,-0.00069224,0.50212059,-0.083059,0.814006,1.708762,-0.946896,0.000000,0.000000,-0.558371
2471,01 08 12 22 24 33,-0.00069490,0.50230697,1.301260,0.345317,-0.831289,-0.803427,0.000000,0.000000,1.118469
2472,01 04 07 08 14 33,-0.00070147,0.48247122,0.470668,-0.262778,-1.062203,0.200857,0.000000,0.000000,0.412366
2473,02 04 08 09 24 33,-0.00070238,0.53650094,0.470668,0.084987,1.477848,-0.373020,0.000000,0.000000,0.813849
2474,04 06 08 18 22 24,-0.00071750,0.55050646,1.578123,0.586733,-0.138548,-0.803427,0.000000,0.000000,-0.009053
2475,02 04 07 08 10 24,-0.00080026,0.57261490,0.193805,-0.237397,2.170589,0.344326,0.000000,0.000000,-0.225710
2476,01 06 07 13 22 33,-0.00080294,0.41459081,-0.359923,-0.254295,-1.293117,0.057388,0.000000,0.000000,0.863088
2477,02 06 08 09 13 14,-0.00084060,0.42719324,-0.775218,1.005091,0.092365,-0.803427,0.000000,0.000000,-1.975408
2478,01 09 12 18 22 24,-0.00086274,0.47069030,-0.083059,0.227472,0.554193,-0.516489,0.000000,0.000000,0.631853
2479,01 04 08 10 12 33,-0.00088858,0.53183856,1.578123,0.086317,-1.293117,-0.229551,0.000000,0.000000,0.274818
2480,02 04 07 08 24 33,-0.00095344,0.58024071,0.747532,-0.664998,1.246934,0.631264,0.000000,0.000000,0.732251
2481,01 08 14 18 22 24,-0.00107598,0.51691994,1.301260,0.584798,-0.369462,-0.946896,0.000000,0.000000,0.452104
2482,01 06 09 13 18 22,-0.00108406,0.42391386,-0.221491,0.590561,-0.600376,-0.803427,0.000000,0.000000,-0.081185
2483,04 07 09 18 22 24,-0.00110475,0.48166403,-0.913650,-0.421104,1.708762,0.344326,0.000000,0.000000,0.584627
2484,04 06 09 18 22 24,-0.00113514,0.46582697,-0.221491,0.374017,0.785107,-0.659958,0.000000,0.000000,0.414350
2485,01 06 07 14 22 24,-0.00114320,0.38853703,-1.190514,0.256244,0.092365,-0.516489,0.000000,0.000000,0.456324
2486,01 07 12 18 22 24,-0.00114679,0.51443007,0.193805,-0.522514,0.323279,0.487795,0.000000,0.000000,0.545368
2487,04 06 07 08 22 24,-0.00114999,0.47890034,-0.083059,0.425760,0.554193,-0.516489,0.000000,0.000000,-0.334048
2488,01 07 10 12 22 24,-0.00117329,0.45374143,-0.775218,-0.189783,0.785107,0.057388,0.000000,0.000000,0.507814
2489,01 06 12 18 22 24,-0.00117718,0.49859301,0.885964,0.272607,-0.600376,-0.516489,0.000000,0.000000,0.375091
2490,01 04 08 14 18 33,-0.00118609,0.55407734,2.131851,-0.101804,-1.754944,-0.086081,0.000000,0.000000,0.601489
2491,01 06 09 14 22 24,-0.00119663,0.34479727,-1.467378,1.006230,0.323279,-1.520773,0.000000,0.000000,0.492810
2492,01 06 10 12 22 24,-0.00121377,0.43790438,-0.083059,0.605338,-0.138548,-0.946896,0.000000,0.000000,0.336042
2493,01 02 09 12 18 24,-0.00122666,0.53765032,0.193805,-0.134268,1.477848,0.057388,0.000000,0.000000,0.241396
2494,04 09 10 12 14 18,-0.00124873,0.46720765,-0.498355,-0.056988,-0.138548,0.344326,0.000000,0.000000,-1.132244
2495,01 04 08 09 12 18,-0.00130815,0.53024412,1.024396,0.437469,-0.369462,-0.373020,0.000000,0.000000,-0.917256
2496,01 02 08 10 13 33,-0.00133762,0.54924510,1.439691,0.045250,-0.369462,-0.229551,0.000000,0.000000,0.399523
2497,04 08 09 10 22 24,-0.00134089,0.46191511,-0.359923,0.874329,1.477848,-1.233835,0.000000,0.000000,0.075139
2498,04 06 08 22 24 33,-0.00134248,0.49744364,1.162828,0.491863,-0.600376,-0.946896,0.000000,0.000000,0.845380
2499,01 02 07 10 12 24,-0.00134520,0.52070145,-0.498355,-0.551523,1.708762,0.631264,0.000000,0.000000,0.145803
2500,02 04 08 09 10 24,-0.00136790,0.52887513,-0.083059,0.512589,2.401503,-0.659958,0.000000,0.000000,-0.265404
2501,10 12 14 22 24 33,-0.00137180,0.43927050,-0.221491,-0.149139,-0.600376,-0.086081,0.000000,0.000000,0.794393
2502,12 14 18 22 24 33,-0.00140553,0.49995913,0.747532,-0.481870,-1.062203,0.344326,0.000000,0.000000,0.823025
2503,01 02 06 13 18 33,-0.00142550,0.55315695,1.578123,-0.455062,-1.062203,0.344326,0.000000,0.000000,0.695232
2504,01 07 09 10 13 22,-0.00142841,0.37906228,-1.882673,0.128171,0.785107,-0.229551,0.000000,0.000000,-0.000055
2505,04 06 07 09 10 13,-0.00143550,0.42911279,-1.605810,0.473409,0.785107,0.057388,0.000000,0.000000,-2.619241
2506,01 04 07 08 12 18,-0.00144751,0.57398389,1.301260,-0.312517,-0.600376,0.631264,0.000000,0.000000,-0.982305
2507,01 02 08 14 18 24,-0.00144860,0.58387996,1.578123,0.223058,0.554193,-0.373020,0.000000,0.000000,0.060357
2508,01 02 08 09 13 33,-0.00148709,0.49458784,0.470668,0.301531,0.092365,-0.516489,0.000000,0.000000,0.194489
2509,01 02 08 10 14 24,-0.00150066,0.52319132,0.609100,0.555789,1.016020,-0.803427,0.000000,0.000000,0.019016
2510,01 02 06 09 14 24,-0.00153579,0.41175728,-1.190514,0.644490,1.246934,-0.946896,0.000000,0.000000,0.106021
2511,01 02 06 10 12 24,-0.00154550,0.50486440,0.193805,0.243598,0.785107,-0.373020,0.000000,0.000000,-0.049647
2512,01 08 10 14 22 24,-0.00155066,0.45623130,0.332236,0.917529,0.092365,-1.377304,0.000000,0.000000,0.348150
2513,01 02 07 12 18 24,-0.00155867,0.58139008,0.470668,-0.884254,1.246934,1.061672,0.000000,0.000000,0.147805
2514,01 07 09 13 18 22,-0.00156314,0.43975092,-0.913650,-0.204560,0.323279,0.200857,0.000000,0.000000,0.013614
2515,02 04 06 07 08 24,-0.00158388,0.54586036,0.193805,0.064020,1.477848,0.057388,0.000000,0.000000,-0.734872
2516,01 02 07 08 13 33,-0.00159112,0.53832760,0.747532,-0.448454,-0.138548,0.487795,0.000000,0.000000,0.134674
2517,04 07 08 09 12 14,-0.00160803,0.42562376,-1.328946,0.251037,0.092365,0.200857,0.000000,0.000000,-2.114562
2518,02 04 06 08 18 24,-0.00160879,0.61746648,1.854987,0.224993,0.785107,-0.229551,0.000000,0.000000,-0.477641
2519,01 09 10 13 18 22,-0.00166836,0.45066841,-0.221491,0.289144,0.092365,-0.516489,0.000000,0.000000,0.225316
2520,04 06 07 18 22 24,-0.00166864,0.50956674,0.055373,-0.375969,0.554193,0.344326,0.000000,0.000000,0.290908
2521,01 04 06 09 12 33,-0.00169346,0.42040452,-0.221491,0.175018,-1.062203,-0.373020,0.000000,0.000000,0.247783
2522,01 06 09 13 22 33,-0.00171780,0.37085104,-0.636787,0.495691,-1.062203,-0.946896,0.000000,0.000000,0.771951
2523,01 06 13 18 22 33,-0.00172815,0.48619694,1.301260,-0.093322,-1.985858,-0.229551,0.000000,0.000000,0.986935
2524,02 04 07 09 18 24,-0.00172872,0.54862404,-0.636787,-0.782844,2.632416,0.918202,0.000000,0.000000,0.155642
2525,02 06 07 08 12 13,-0.00173029,0.50938286,-0.083059,0.110495,-0.138548,0.487795,0.000000,0.000000,-2.488739
2526,01 02 06 12 18 24,-0.00173622,0.56555303,1.162828,-0.089133,0.323279,0.057388,0.000000,0.000000,-0.044274
2527,01 04 06 07 12 33,-0.00176903,0.46414429,0.055373,-0.574968,-1.293117,0.631264,0.000000,0.000000,0.192185
2528,02 04 08 18 24 33,-0.00190297,0.65184684,2.408714,-0.504025,0.554193,0.344326,0.000000,0.000000,0.852496
2529,02 04 06 09 18 24,-0.00192525,0.53278699,0.055373,0.012277,1.708762,-0.086081,0.000000,0.000000,-0.039250
2530,01 04 06 08 12 18,-0.00193077,0.55814684,1.993419,0.482604,-1.524031,-0.373020,0.000000,0.000000,-1.219677
2531,02 06 08 09 13 22,-0.00193492,0.41072925,-0.775218,0.661789,0.323279,-0.946896,0.000000,0.000000,-0.033665
2532,02 07 08 09 12 13,-0.00193664,0.48148014,-1.052082,0.065360,1.016020,0.487795,0.000000,0.000000,-2.309134
2533,01 04 09 12 18 33,-0.00203268,0.50784770,0.747532,-0.459130,-0.831289,0.344326,0.000000,0.000000,0.624222
2534,01 04 07 12 18 33,-0.00205833,0.55158747,1.024396,-1.209116,-1.062203,1.348610,0.000000,0.000000,0.576019
2535,01 07 09 14 22 24,-0.00206444,0.36063432,-2.159537,0.211108,1.246934,-0.516489,0.000000,0.000000,0.530017
2536,01 02 08 14 24 33,-0.00208974,0.53081713,1.162828,0.128187,0.092365,-0.516489,0.000000,0.000000,0.912396
2537,01 04 08 10 14 33,-0.00211703,0.49338871,1.162828,0.230927,-1.293117,-0.516489,0.000000,0.000000,0.429938
2538,02 06 07 08 13 14,-0.00214720,0.47093301,-0.498355,0.255105,-0.138548,0.200857,0.000000,0.000000,-2.213387
2539,01 09 10 12 22 24,-0.00217263,0.41000166,-1.052082,0.560203,1.016020,-0.946896,0.000000,0.000000,0.404162
2540,01 02 06 12 24 33,-0.00220542,0.51249021,0.747532,-0.184003,-0.138548,-0.086081,0.000000,0.000000,0.833238
2541,01 02 07 09 14 24,-0.00223745,0.42759434,-1.882673,-0.150632,2.170589,0.057388,0.000000,0.000000,0.167842
2542,02 04 06 08 24 33,-0.00225527,0.56440366,1.439691,0.130123,0.323279,-0.373020,0.000000,0.000000,0.373605
2543,02 06 08 10 13 14,-0.00228109,0.48185050,0.193805,0.748809,-0.369462,-0.516489,0.000000,0.000000,-2.005931
2544,01 06 10 13 22 33,-0.00231705,0.42550830,0.332236,0.239409,-1.524031,-0.659958,0.000000,0.000000,0.866059
2545,06 08 09 13 18 24,-0.00233364,0.51120786,1.024396,1.137850,0.785107,-1.664242,0.000000,0.000000,0.216710
2546,04 06 07 09 22 24,-0.00234582,0.39422085,-1.882673,0.213044,1.477848,-0.373020,0.000000,0.000000,-0.025937
2547,01 02 06 08 13 18,-0.00236822,0.57555337,1.854987,0.441537,-0.600376,-0.373020,0.000000,0.000000,-1.093255
2548,04 06 09 22 24 33,-0.00240329,0.41276415,-0.636787,0.279147,0.323279,-0.803427,0.000000,0.000000,1.173495
2549,04 08 10 18 22 24,-0.00241772,0.57726101,1.578123,0.285316,0.554193,-0.516489,0.000000,0.000000,0.132121
2550,04 07 08 09 12 22,-0.00245229,0.40915977,-1.328946,-0.092266,0.323279,0.057388,0.000000,0.000000,-0.135771
2551,01 06 10 13 18 22,-0.00246820,0.47857112,0.747532,0.334280,-1.062203,-0.516489,0.000000,0.000000,-0.103360
2552,04 06 10 12 14 18,-0.00247346,0.49511037,0.470668,-0.011852,-1.293117,0.344326,0.000000,0.000000,-1.523869
2553,01 02 06 07 14 24,-0.00248796,0.45549705,-0.913650,-0.105496,1.016020,0.057388,0.000000,0.000000,-0.079449
2554,02 07 08 10 13 14,-0.00252619,0.49768755,-0.498355,-0.046312,0.554193,0.487795,0.000000,0.000000,-1.876470
2555,04 07 09 10 22 24,-0.00256338,0.42097539,-1.882673,-0.088373,2.170589,-0.086081,0.000000,0.000000,0.334897
2556,01 06 12 22 24 33,-0.00259421,0.44553019,0.470668,0.177737,-1.062203,-0.659958,0.000000,0.000000,1.112179
2557,01 04 06 14 18 33,-0.00260245,0.49730057,1.301260,-0.269385,-1.985858,0.057388,0.000000,0.000000,0.666749
2558,04 06 09 10 22 24,-0.00260386,0.40513834,-1.190514,0.706748,1.246934,-1.090365,0.000000,0.000000,0.163125
2559,04 07 08 12 22 33,-0.00265937,0.47144284,0.193805,-0.776149,-1.062203,0.631264,0.000000,0.000000,0.997092
2560,04 06 07 10 22 24,-0.00265988,0.44887811,-0.913650,-0.043238,1.016020,-0.086081,0.000000,0.000000,0.110424
2561,02 04 06 07 18 24,-0.00266108,0.57652676,0.332236,-0.737709,1.477848,0.918202,0.000000,0.000000,-0.192668
2562,01 04 10 12 18 33,-0.00266991,0.56250496,1.716555,-0.715412,-1.293117,0.631264,0.000000,0.000000,0.712704
2563,02 07 08 09 13 14,-0.00274215,0.44303029,-1.467378,0.209970,1.016020,0.200857,0.000000,0.000000,-2.091354
2564,02 06 07 08 13 22,-0.00274847,0.45446902,-0.498355,-0.088197,0.092365,0.057388,0.000000,0.000000,-0.198597
2565,02 04 07 09 10 24,-0.00275020,0.48793541,-1.605810,-0.450113,3.094244,0.487795,0.000000,0.000000,-0.029322
2566,04 08 10 22 24 33,-0.00275928,0.52419819,1.162828,0.190446,0.092365,-0.659958,0.000000,0.000000,1.028543
2567,06 08 09 13 24 33,-0.00276712,0.45814504,0.609100,1.042980,0.323279,-1.807711,0.000000,0.000000,1.099515
2568,04 06 08 09 12 22,-0.00277317,0.39332272,-0.636787,0.702855,-0.600376,-0.946896,0.000000,0.000000,-0.349085
2569,04 08 09 12 22 33,-0.00277707,0.42770307,-0.083059,-0.026163,-0.831289,-0.373020,0.000000,0.000000,1.024057
2570,04 08 18 22 24 33,-0.00278048,0.58488682,2.131851,-0.142285,-0.369462,-0.229551,0.000000,0.000000,1.059031
2571,01 06 14 18 22 24,-0.00278071,0.46014316,0.470668,0.417217,-0.600376,-0.803427,0.000000,0.000000,0.474642
2572,04 06 08 09 12 14,-0.00279290,0.40978670,-0.636787,1.046158,-0.831289,-0.803427,0.000000,0.000000,-2.455879
2573,02 04 06 07 09 24,-0.00279296,0.46118086,-1.605810,-0.148696,2.401503,0.200857,0.000000,0.000000,-0.428723
2574,02 04 08 10 18 24,-0.00279337,0.64422103,1.854987,-0.076424,1.477848,0.057388,0.000000,0.000000,-0.260074
2575,01 02 09 12 24 33,-0.00283504,0.48458749,-0.221491,-0.229139,1.016020,-0.086081,0.000000,0.000000,0.950135
2576,01 02 07 12 24 33,-0.00285061,0.52832726,0.055373,-0.979124,0.785107,0.918202,0.000000,0.000000,0.903427
2577,01 02 09 13 18 33,-0.00285899,0.52525424,0.609100,-0.500197,0.092365,0.344326,0.000000,0.000000,0.693033
2578,01 02 07 13 18 33,-0.00287451,0.56899401,0.885964,-1.250183,-0.138548,1.348610,0.000000,0.000000,0.646331
2579,01 07 10 13 18 22,-0.00289541,0.49440818,0.055373,-0.460842,-0.138548,0.487795,0.000000,0.000000,-0.000877
2580,01 02 09 10 12 24,-0.00289778,0.47696168,-0.775218,0.198463,1.939675,-0.373020,0.000000,0.000000,-0.039814
2581,02 04 08 10 24 33,-0.00290095,0.59115820,1.439691,-0.171294,1.016020,-0.086081,0.000000,0.000000,0.671013
2582,02 06 07 09 12 13,-0.00292693,0.42470337,-1.882673,-0.102221,0.785107,0.631264,0.000000,0.000000,-2.180749
2583,06 07 08 13 18 24,-0.00292922,0.55494763,1.301260,0.387864,0.554193,-0.659958,0.000000,0.000000,0.084071
2584,04 06 08 12 22 33,-0.00294997,0.45560579,0.885964,0.018973,-1.985858,-0.373020,0.000000,0.000000,0.788264
2585,01 02 06 09 13 33,-0.00295010,0.43781106,-0.359923,0.133951,-0.138548,-0.373020,0.000000,0.000000,0.252840
2586,02 04 06 09 10 24,-0.00295683,0.47209836,-0.913650,0.345008,2.170589,-0.516489,0.000000,0.000000,-0.225710
2587,01 09 14 18 22 24,-0.00297982,0.43224045,-0.498355,0.372082,0.554193,-0.803427,0.000000,0.000000,0.655320
2588,01 07 14 18 22 24,-0.00298023,0.47598021,-0.221491,-0.377904,0.323279,0.200857,0.000000,0.000000,0.610858
2589,01 04 06 09 14 33,-0.00301756,0.38195467,-0.636787,0.319628,-1.062203,-0.659958,0.000000,0.000000,0.388733
2590,01 08 14 22 24 33,-0.00302287,0.46385711,0.885964,0.489927,-0.831289,-1.090365,0.000000,0.000000,1.110691
2591,10 12 14 18 22 24,-0.00303478,0.49233332,0.193805,-0.054268,-0.138548,0.057388,0.000000,0.000000,-0.399008
2592,02 04 06 09 24 33,-0.00308717,0.47972417,-0.359923,-0.082593,1.246934,-0.229551,0.000000,0.000000,0.735634
2593,01 04 06 07 14 33,-0.00308808,0.42569444,-0.359923,-0.430358,-1.293117,0.344326,0.000000,0.000000,0.333883
2594,01 10 12 18 22 24,-0.00309582,0.52534756,0.885964,-0.028810,0.092365,-0.229551,0.000000,0.000000,0.483906
2595,01 04 07 09 12 33,-0.00310707,0.43624158,-0.913650,-0.620104,-0.138548,0.631264,0.000000,0.000000,0.204127
2596,02 04 06 07 10 24,-0.00311393,0.51583812,-0.636787,-0.404978,1.939675,0.487795,0.000000,0.000000,-0.293387
2597,01 04 06 10 12 33,-0.00313148,0.47506178,0.747532,-0.081264,-1.524031,-0.086081,0.000000,0.000000,0.217625
2598,01 02 06 14 18 24,-0.00313742,0.52710318,0.747532,0.055477,0.323279,-0.229551,0.000000,0.000000,0.085252
2599,01 02 08 09 13 18,-0.00317292,0.54765066,0.885964,0.396402,0.554193,-0.373020,0.000000,0.000000,-1.002297
2600,01 02 09 14 18 24,-0.00317938,0.49920046,-0.221491,0.010342,1.477848,-0.229551,0.000000,0.000000,0.289214
2601,04 06 07 08 12 14,-0.00319187,0.45352647,-0.359923,0.296172,-1.062203,0.200857,0.000000,0.000000,-2.559389
2602,04 07 09 22 24 33,-0.00319563,0.42860120,-1.328946,-0.515975,1.246934,0.200857,0.000000,0.000000,1.221881
2603,01 02 07 14 18 24,-0.00320243,0.54294023,0.055373,-0.739644,1.246934,0.774733,0.000000,0.000000,0.241396
2604,01 09 10 13 22 33,-0.00321358,0.39760559,-0.636787,0.194274,-0.369462,-0.659958,0.000000,0.000000,0.943412
2605,04 06 07 22 24 33,-0.00325806,0.45650392,-0.359923,-0.470839,0.092365,0.200857,0.000000,0.000000,1.002456
2606,02 06 08 13 22 33,-0.00326135,0.47301233,0.747532,-0.022094,-1.062203,-0.373020,0.000000,0.000000,0.933364
2607,01 02 10 12 18 24,-0.00328034,0.59230758,1.162828,-0.390550,1.016020,0.344326,0.000000,0.000000,0.120027
2608,02 06 08 10 12 13,-0.00328659,0.52030035,0.609100,0.604199,-0.369462,-0.229551,0.000000,0.000000,-2.492017
2609,01 07 13 18 22 33,-0.00331799,0.50203399,0.609100,-0.888443,-1.062203,0.774733,0.000000,0.000000,0.917170
2610,01 07 08 12 14 22,-0.00332171,0.40347596,-0.636787,-0.049066,-1.062203,-0.086081,0.000000,0.000000,0.039510
2611,06 07 08 13 24 33,-0.00332485,0.50188481,0.885964,0.292994,0.092365,-0.803427,0.000000,0.000000,0.972483
2612,01 07 09 13 22 33,-0.00334942,0.38668810,-1.328946,-0.299431,-0.138548,0.057388,0.000000,0.000000,0.695996
2613,01 07 10 14 22 24,-0.00336178,0.41529158,-1.190514,-0.045173,0.785107,-0.229551,0.000000,0.000000,0.520701
2614,02 07 08 09 13 22,-0.00337370,0.42656631,-1.467378,-0.133333,1.246934,0.057388,0.000000,0.000000,-0.081050
2615,01 08 09 12 14 22,-0.00338390,0.35973619,-0.913650,0.700920,-0.831289,-1.090365,0.000000,0.000000,0.074699
2616,04 06 08 10 22 24,-0.00338531,0.48981783,0.609100,0.919464,0.323279,-1.233835,0.000000,0.000000,-0.437925
2617,01 07 12 22 24 33,-0.00338656,0.46136724,-0.221491,-0.617385,-0.138548,0.344326,0.000000,0.000000,1.160566
2618,01 06 10 14 22 24,-0.00339974,0.39945453,-0.498355,0.749948,-0.138548,-1.233835,0.000000,0.000000,0.349302
2619,04 07 10 18 22 24,-0.00341621,0.53632129,0.055373,-0.677386,1.246934,0.631264,0.000000,0.000000,0.425067
2620,01 02 10 13 18 33,-0.00344815,0.57991150,1.578123,-0.756479,-0.369462,0.631264,0.000000,0.000000,0.788637
2621,01 02 07 10 14 24,-0.00346527,0.48225160,-0.913650,-0.406913,1.708762,0.344326,0.000000,0.000000,0.168827
2622,01 02 06 10 13 33,-0.00347983,0.49246832,0.609100,-0.122331,-0.600376,-0.086081,0.000000,0.000000,0.357248
2623,01 09 10 14 22 24,-0.00351227,0.37155181,-1.467378,0.704813,1.016020,-1.233835,0.000000,0.000000,0.542808
2624,01 04 09 10 12 33,-0.00351820,0.44715907,-0.221491,-0.126399,-0.369462,-0.086081,0.000000,0.000000,0.370509
2625,02 07 08 10 12 13,-0.00352917,0.53613740,-0.083059,-0.190922,0.554193,0.774733,0.000000,0.000000,-2.362182
2626,01 06 08 12 14 22,-0.00353685,0.38763891,0.055373,0.746056,-1.985858,-1.090365,0.000000,0.000000,-0.158139
2627,01 04 07 08 14 18,-0.00355941,0.53553404,0.885964,-0.167907,-0.600376,0.344326,0.000000,0.000000,-0.958072
2628,01 09 13 18 22 33,-0.00356515,0.45829422,0.332236,-0.138457,-0.831289,-0.229551,0.000000,0.000000,0.924954
2629,06 07 08 10 13 24,-0.00356766,0.49425900,0.332236,0.720595,1.016020,-1.090365,0.000000,0.000000,-0.044144
2630,04 06 07 08 12 22,-0.00358419,0.43706249,-0.359923,-0.047130,-0.831289,0.057388,0.000000,0.000000,-0.513644
2631,04 09 10 18 22 24,-0.00358436,0.49258152,-0.221491,0.072600,1.477848,-0.373020,0.000000,0.000000,0.444557
2632,06 08 09 10 13 24,-0.00362729,0.45051923,0.055373,1.470581,1.246934,-2.094649,0.000000,0.000000,-0.008576
2633,01 02 07 08 13 18,-0.00364462,0.59139043,1.162828,-0.353584,0.323279,0.631264,0.000000,0.000000,-1.116583
2634,01 04 07 10 12 33,-0.00364565,0.49089884,0.055373,-0.876385,-0.600376,0.918202,0.000000,0.000000,0.307224
2635,01 09 12 22 24 33,-0.00364634,0.41762748,-0.498355,0.132601,0.092365,-0.659958,0.000000,0.000000,1.166481
2636,01 02 12 18 24 33,-0.00365443,0.59993339,1.716555,-0.818151,0.092365,0.631264,0.000000,0.000000,1.045258
2637,01 02 06 10 14 24,-0.00366305,0.46641454,-0.221491,0.388208,0.785107,-0.659958,0.000000,0.000000,-0.026249
2638,01 04 08 10 12 18,-0.00370575,0.58490138,1.993419,0.181187,-0.831289,-0.086081,0.000000,0.000000,-1.089579
2639,02 04 07 09 24 33,-0.00371337,0.49556122,-1.052082,-0.877715,2.170589,0.774733,0.000000,0.000000,0.808635
2640,02 06 07 09 13 14,-0.00372740,0.38625352,-2.297969,0.042389,0.785107,0.344326,0.000000,0.000000,-1.962222
2641,01 04 08 09 14 18,-0.00375491,0.49179427,0.609100,0.582079,-0.369462,-0.659958,0.000000,0.000000,-0.942634
2642,01 04 06 09 12 18,-0.00376359,0.47346735,0.193805,0.269888,-0.600376,-0.229551,0.000000,0.000000,-1.005939
2643,02 07 08 12 22 24,-0.00376574,0.50124546,-0.359923,-0.451287,1.246934,0.344326,0.000000,0.000000,0.330940
2644,06 07 08 09 13 24,-0.00376595,0.43960174,-0.636787,0.976877,1.477848,-1.377304,0.000000,0.000000,-0.256411
2645,02 08 09 10 13 14,-0.00376896,0.45394778,-0.775218,0.703674,0.785107,-0.516489,0.000000,0.000000,-2.016186
2646,02 04 06 08 10 24,-0.00378882,0.55677785,0.885964,0.557724,1.246934,-0.659958,0.000000,0.000000,-0.834248
2647,01 02 08 10 13 18,-0.00380834,0.60230792,1.854987,0.140120,0.092365,-0.086081,0.000000,0.000000,-0.913547
2648,02 04 07 18 24 33,-0.00380860,0.61090712,0.885964,-1.466727,1.246934,1.492079,0.000000,0.000000,1.011045
2649,02 04 09 10 18 24,-0.00381284,0.55954154,0.055373,-0.289140,2.401503,0.200857,0.000000,0.000000,0.074165
2650,02 08 09 12 22 24,-0.00385569,0.45750569,-0.636787,0.298699,1.477848,-0.659958,0.000000,0.000000,0.362016
2651,02 07 08 13 22 33,-0.00387651,0.48884938,0.055373,-0.817216,-0.138548,0.631264,0.000000,0.000000,1.008001
2652,01 04 06 07 12 18,-0.00387701,0.51720711,0.470668,-0.480098,-0.831289,0.774733,0.000000,0.000000,-1.067144
2653,01 02 06 07 13 33,-0.00388208,0.48155083,-0.083059,-0.616035,-0.369462,0.631264,0.000000,0.000000,0.070361
2654,01 07 10 13 22 33,-0.00389681,0.44134536,-0.359923,-0.555712,-0.600376,0.344326,0.000000,0.000000,0.797788
2655,06 08 13 18 24 33,-0.00393845,0.57349093,2.547146,0.453967,-0.600376,-1.090365,0.000000,0.000000,1.142496
2656,02 04 07 10 18 24,-0.00394534,0.60328131,0.332236,-1.039126,2.170589,1.205141,0.000000,0.000000,0.010132
2657,02 06 09 10 13 14,-0.00398475,0.39717101,-1.605810,0.536093,0.554193,-0.373020,0.000000,0.000000,-1.773057
2658,02 08 09 13 22 33,-0.00399802,0.44510961,-0.221491,-0.067230,0.092365,-0.373020,0.000000,0.000000,1.034402
2659,02 04 06 18 24 33,-0.00399861,0.59507006,1.578123,-0.671606,0.323279,0.487795,0.000000,0.000000,0.817120
2660,01 04 07 14 18 33,-0.00400845,0.51313762,0.609100,-1.064506,-1.062203,1.061672,0.000000,0.000000,0.624222
2661,01 04 09 14 18 33,-0.00401315,0.46939785,0.332236,-0.314520,-0.831289,0.057388,0.000000,0.000000,0.667928
2662,02 07 08 10 13 22,-0.00402173,0.48122357,-0.498355,-0.389614,0.785107,0.344326,0.000000,0.000000,0.005832
2663,01 04 06 08 14 18,-0.00404015,0.51969698,1.578123,0.627214,-1.524031,-0.659958,0.000000,0.000000,-1.195070
2664,02 08 09 13 18 22,-0.00406161,0.49817243,0.193805,0.027641,0.554193,-0.229551,0.000000,0.000000,0.077954
2665,02 04 09 18 24 33,-0.00409035,0.56716735,0.609100,-0.716741,1.477848,0.487795,0.000000,0.000000,1.013705
2666,02 06 07 10 13 14,-0.00409375,0.44091078,-1.328946,-0.213892,0.323279,0.631264,0.000000,0.000000,-1.833609
2667,07 08 09 13 18 24,-0.00409814,0.52704492,0.332236,0.342729,1.708762,-0.659958,0.000000,0.000000,0.121069
2668,04 07 08 12 18 22,-0.00410593,0.52450567,0.609100,-0.681278,-0.600376,0.774733,0.000000,0.000000,-0.164245
2669,02 06 09 10 12 13,-0.00413383,0.43562086,-1.190514,0.391483,0.554193,-0.086081,0.000000,0.000000,-2.132262
2670,01 02 09 10 14 24,-0.00416900,0.43851183,-1.190514,0.343073,1.939675,-0.659958,0.000000,0.000000,0.108969
2671,04 08 09 12 18 22,-0.00418578,0.48076590,0.332236,0.068708,-0.369462,-0.229551,0.000000,0.000000,-0.131673
2672,02 06 08 10 13 22,-0.00423940,0.46538651,0.193805,0.405507,-0.138548,-0.659958,0.000000,0.000000,-0.192191
2673,01 02 06 14 24 33,-0.00424669,0.47404036,0.332236,-0.039393,-0.138548,-0.373020,0.000000,0.000000,0.867936
2674,02 06 07 10 12 13,-0.00424788,0.47936063,-0.913650,-0.358502,0.323279,0.918202,0.000000,0.000000,-2.193561
2675,01 10 13 18 22 33,-0.00427617,0.51295148,1.301260,-0.394739,-1.293117,0.057388,0.000000,0.000000,1.002505
2676,02 07 08 13 18 22,-0.00430777,0.54191220,0.470668,-0.722345,0.323279,0.774733,0.000000,0.000000,-0.002917
2677,01 02 10 12 24 33,-0.00433122,0.53924475,0.747532,-0.485420,0.554193,0.200857,0.000000,0.000000,0.911362
2678,06 08 10 13 24 33,-0.00434106,0.51280230,1.578123,0.786698,-0.138548,-1.520773,0.000000,0.000000,1.049220
2679,04 06 10 18 22 24,-0.00435236,0.52048423,0.747532,0.117736,0.323279,-0.373020,0.000000,0.000000,0.120598
2680,01 04 07 09 12 18,-0.00435447,0.48930440,-0.498355,-0.525233,0.323279,0.774733,0.000000,0.000000,-0.927704
2681,01 04 06 10 14 33,-0.00435488,0.43661193,0.332236,0.063346,-1.524031,-0.373020,0.000000,0.000000,0.373493
2682,02 04 06 07 24 33,-0.00439976,0.52346394,-0.083059,-0.832579,1.016020,0.774733,0.000000,0.000000,0.496768
2683,01 04 07 09 14 33,-0.00443369,0.39779173,-1.328946,-0.475494,-0.138548,0.344326,0.000000,0.000000,0.344703
2684,02 06 08 13 18 22,-0.00451534,0.52607515,1.162828,0.072776,-0.600376,-0.229551,0.000000,0.000000,-0.199444
2685,04 07 10 22 24 33,-0.00454265,0.48325846,-0.359923,-0.772256,0.785107,0.487795,0.000000,0.000000,1.205206
2686,04 07 18 22 24 33,-0.00458325,0.54394710,0.609100,-1.104987,0.323279,0.918202,0.000000,0.000000,1.232820
2687,04 07 08 14 22 33,-0.00464989,0.43299299,-0.221491,-0.631539,-1.062203,0.344326,0.000000,0.000000,1.039309
2688,07 08 13 18 24 33,-0.00465015,0.58932799,1.854987,-0.341154,0.323279,-0.086081,0.000000,0.000000,1.202830
2689,04 06 10 22 24 33,-0.00465607,0.46742141,0.332236,0.022865,-0.138548,-0.516489,0.000000,0.000000,1.022628
2690,04 06 18 22 24 33,-0.00466406,0.52811004,1.301260,-0.309866,-0.600376,-0.086081,0.000000,0.000000,1.055073
2691,06 08 10 13 18 24,-0.00469247,0.56586512,1.993419,0.881568,0.323279,-1.377304,0.000000,0.000000,0.050133
2692,02 04 09 10 24 33,-0.00474316,0.50647871,-0.359923,-0.384010,1.939675,0.057388,0.000000,0.000000,0.883361
2693,04 09 10 22 24 33,-0.00474865,0.43951870,-0.636787,-0.022270,1.016020,-0.516489,0.000000,0.000000,1.219089
2694,01 04 09 10 14 33,-0.00474917,0.40870922,-0.636787,0.018211,-0.369462,-0.373020,0.000000,0.000000,0.525256
2695,02 08 09 10 13 22,-0.00476060,0.43748380,-0.775218,0.360371,1.016020,-0.659958,0.000000,0.000000,-0.059231
2696,02 08 09 10 12 13,-0.00476689,0.49239764,-0.359923,0.559064,0.785107,-0.229551,0.000000,0.000000,-2.501151
2697,02 06 08 12 22 24,-0.00477082,0.48540840,0.332236,0.343835,0.323279,-0.659958,0.000000,0.000000,0.016260
2698,04 08 09 14 22 33,-0.00478530,0.38925322,-0.498355,0.118447,-0.831289,-0.659958,0.000000,0.000000,1.063651
2699,07 08 10 13 18 24,-0.00480053,0.58170218,1.301260,0.086447,1.246934,-0.373020,0.000000,0.000000,0.199898
2700,02 06 07 09 13 22,-0.00481163,0.36978953,-2.297969,-0.300913,1.016020,0.200857,0.000000,0.000000,-0.018984
2701,04 06 07 12 22 33,-0.00481283,0.41466607,-0.636787,-0.943729,-1.293117,0.774733,0.000000,0.000000,0.953150
2702,02 04 07 10 24 33,-0.00483781,0.55021848,-0.083059,-1.133996,1.708762,1.061672,0.000000,0.000000,0.824936
2703,04 06 07 09 12 22,-0.00484480,0.35238299,-2.159537,-0.259847,0.092365,0.200857,0.000000,0.000000,-0.215130
2704,04 07 08 10 12 14,-0.00486205,0.48028102,-0.359923,-0.005245,-0.369462,0.487795,0.000000,0.000000,-2.413766
2705,04 07 08 10 12 22,-0.00486250,0.46381703,-0.359923,-0.348547,-0.138548,0.344326,0.000000,0.000000,-0.309963
2706,04 06 09 12 22 33,-0.00486618,0.37092630,-0.913650,-0.193743,-1.062203,-0.229551,0.000000,0.000000,0.989648
2707,04 06 07 09 12 14,-0.00487463,0.36884698,-2.159537,0.083456,-0.138548,0.344326,0.000000,0.000000,-2.323419
2708,04 07 08 09 14 22,-0.00489558,0.37070992,-1.744242,0.052344,0.323279,-0.229551,0.000000,0.000000,-0.160634
2709,01 02 07 10 13 33,-0.00489976,0.50830537,-0.083059,-0.917452,0.323279,0.918202,0.000000,0.000000,0.312655
2710,01 02 07 14 24 33,-0.00490705,0.48987741,-0.359923,-0.834514,0.785107,0.631264,0.000000,0.000000,0.935876
2711,01 06 14 22 24 33,-0.00491713,0.40708034,0.055373,0.322347,-1.062203,-0.946896,0.000000,0.000000,1.105149
2712,01 02 09 14 24 33,-0.00492185,0.44613764,-0.636787,-0.084529,1.016020,-0.373020,0.000000,0.000000,0.978087
2713,04 06 08 14 22 33,-0.00493797,0.41715594,0.470668,0.163583,-1.985858,-0.659958,0.000000,0.000000,0.830854
2714,01 02 06 09 13 18,-0.00500359,0.49087388,0.055373,0.228821,0.323279,-0.229551,0.000000,0.000000,-0.998417
2715,01 08 12 14 22 33,-0.00501955,0.42201926,0.609100,0.017037,-2.216772,-0.516489,0.000000,0.000000,0.995915
2716,02 04 06 10 18 24,-0.00504131,0.58744425,1.024396,-0.244004,1.246934,0.200857,0.000000,0.000000,-0.318014
2717,07 08 10 13 24 33,-0.00504267,0.52863935,0.885964,-0.008423,0.785107,-0.516489,0.000000,0.000000,1.111049
2718,06 07 09 13 18 24,-0.00505306,0.47026814,-0.498355,0.175148,1.477848,-0.516489,0.000000,0.000000,0.254695
2719,08 09 13 18 24 33,-0.00505811,0.54558822,1.578123,0.408832,0.554193,-1.090365,0.000000,0.000000,1.186792
2720,04 09 18 22 24 33,-0.00506441,0.50020733,0.332236,-0.355001,0.554193,-0.086081,0.000000,0.000000,1.205937
2721,02 04 06 10 24 33,-0.00511105,0.53438143,0.609100,-0.338875,0.785107,0.057388,0.000000,0.000000,0.618680
2722,01 10 14 18 22 24,-0.00511220,0.48689771,0.470668,0.115800,0.092365,-0.516489,0.000000,0.000000,0.522292
2723,07 08 09 13 24 33,-0.00512518,0.47398209,-0.083059,0.247858,1.246934,-0.803427,0.000000,0.000000,0.915936
2724,01 02 10 14 18 24,-0.00514501,0.55385772,0.747532,-0.245940,1.016020,0.057388,0.000000,0.000000,0.180888
2725,04 08 09 10 12 14,-0.00515101,0.43654125,-0.636787,0.744741,-0.138548,-0.516489,0.000000,0.000000,-2.412173
2726,02 04 08 12 18 33,-0.00519018,0.61000899,2.131851,-0.976915,-0.831289,0.918202,0.000000,0.000000,0.546524
2727,01 12 18 22 24 33,-0.00519236,0.53297337,1.439691,-0.456411,-0.831289,0.057388,0.000000,0.000000,1.153951
2728,04 06 08 09 14 22,-0.00521394,0.35487287,-1.052082,0.847465,-0.600376,-1.233835,0.000000,0.000000,-0.373575
2729,04 06 08 12 18 22,-0.00521926,0.50866861,1.301260,0.113843,-1.524031,-0.229551,0.000000,0.000000,-0.494964
2730,04 08 10 12 22 33,-0.00524540,0.48236034,0.885964,-0.282444,-1.293117,-0.086081,0.000000,0.000000,0.841256
2731,01 02 07 09 13 33,-0.00526947,0.45364811,-1.052082,-0.661171,0.785107,0.631264,0.000000,0.000000,0.074992
2732,01 10 12 22 24 33,-0.00527069,0.47228474,0.470668,-0.123680,-0.369462,-0.373020,0.000000,0.000000,1.108718
2733,01 08 12 14 18 22,-0.00527148,0.47508209,1.024396,0.111908,-1.754944,-0.373020,0.000000,0.000000,0.011566
2734,02 04 08 09 12 33,-0.00528398,0.49466309,0.193805,-0.387903,0.092365,0.200857,0.000000,0.000000,0.316109
2735,04 08 12 18 22 33,-0.00529371,0.54304897,1.854987,-0.615175,-1.754944,0.344326,0.000000,0.000000,0.867728
2736,02 07 09 10 13 14,-0.00529767,0.41300806,-2.297969,-0.259028,1.477848,0.631264,0.000000,0.000000,-1.801795
2737,02 04 07 08 12 33,-0.00538297,0.53840286,0.470668,-1.137889,-0.138548,1.205141,0.000000,0.000000,0.257042
2738,01 04 10 14 18 33,-0.00541623,0.52405511,1.301260,-0.570802,-1.293117,0.344326,0.000000,0.000000,0.642946
2739,01 06 09 12 14 22,-0.00542530,0.30295941,-1.744242,0.533339,-1.062203,-0.946896,0.000000,0.000000,0.047358
2740,01 06 07 12 14 22,-0.00542746,0.34669918,-1.467378,-0.216646,-1.293117,0.057388,0.000000,0.000000,0.002636
2741,01 04 09 10 12 18,-0.00551263,0.50022189,0.193805,-0.031529,0.092365,0.057388,0.000000,0.000000,-0.871997
2742,02 08 10 13 22 33,-0.00556439,0.49976687,0.747532,-0.323511,-0.369462,-0.086081,0.000000,0.000000,0.985229
2743,04 08 09 10 12 22,-0.00560389,0.42007726,-0.636787,0.401438,0.092365,-0.659958,0.000000,0.000000,-0.375399
2744,01 02 09 10 13 33,-0.00562368,0.46456561,-0.359923,-0.167466,0.554193,-0.086081,0.000000,0.000000,0.249807
2745,04 07 09 12 22 33,-0.00564339,0.38676335,-1.605810,-0.988865,-0.138548,0.774733,0.000000,0.000000,1.040278
2746,01 02 06 07 13 18,-0.00564361,0.53461365,0.332236,-0.521165,0.092365,0.774733,0.000000,0.000000,-1.137640
2747,01 04 07 10 12 18,-0.00567793,0.54396166,0.470668,-0.781515,-0.138548,1.061672,0.000000,0.000000,-0.940890
2748,01 02 14 18 24 33,-0.00568536,0.56148354,1.301260,-0.673541,0.092365,0.344326,0.000000,0.000000,1.081488
2749,01 04 06 07 14 18,-0.00570527,0.47875726,0.055373,-0.335488,-0.831289,0.487795,0.000000,0.000000,-1.000888
2750,01 07 14 22 24 33,-0.00571200,0.42291739,-0.636787,-0.472775,-0.138548,0.057388,0.000000,0.000000,1.153162
2751,01 04 07 10 14 33,-0.00572547,0.45244899,-0.359923,-0.731775,-0.600376,0.631264,0.000000,0.000000,0.336211
2752,02 08 13 18 22 33,-0.00575644,0.56045551,1.716555,-0.656242,-0.831289,0.344326,0.000000,0.000000,0.990404
2753,02 06 07 12 22 24,-0.00584374,0.44446868,-1.190514,-0.618867,1.016020,0.487795,0.000000,0.000000,0.298178
2754,02 06 09 12 22 24,-0.00586934,0.40072891,-1.467378,0.131119,1.246934,-0.516489,0.000000,0.000000,0.338788
2755,02 06 07 13 22 33,-0.00592294,0.43207260,-0.775218,-0.984796,-0.369462,0.774733,0.000000,0.000000,0.979915
2756,02 07 09 12 22 24,-0.00593207,0.41656597,-2.159537,-0.664003,2.170589,0.487795,0.000000,0.000000,0.495268
2757,02 06 09 10 13 22,-0.00595315,0.38070702,-1.605810,0.192791,0.785107,-0.516489,0.000000,0.000000,0.039188
2758,01 09 14 22 24 33,-0.00597683,0.37917762,-0.913650,0.277211,0.092365,-0.946896,0.000000,0.000000,1.158330
2759,01 04 06 10 12 18,-0.00598650,0.52812461,1.162828,0.013607,-1.062203,0.057388,0.000000,0.000000,-1.152379
2760,04 06 07 08 14 22,-0.00601992,0.39861263,-0.775218,0.097480,-0.831289,-0.229551,0.000000,0.000000,-0.537385
2761,02 07 08 14 22 24,-0.00602962,0.46279561,-0.775218,-0.306677,1.246934,0.057388,0.000000,0.000000,0.332658
2762,02 06 07 10 13 22,-0.00604197,0.42444679,-1.328946,-0.557195,0.554193,0.487795,0.000000,0.000000,-0.018373
2763,04 07 08 14 18 22,-0.00605860,0.48605581,0.193805,-0.536668,-0.600376,0.487795,0.000000,0.000000,-0.116421
2764,02 06 07 13 18 22,-0.00606224,0.48513543,-0.359923,-0.889926,0.092365,0.918202,0.000000,0.000000,0.012252
2765,08 09 10 13 18 24,-0.00607401,0.53796241,1.024396,0.836433,1.477848,-1.377304,0.000000,0.000000,0.055630
2766,08 09 10 13 24 33,-0.00612482,0.48489959,0.609100,0.741563,1.016020,-1.520773,0.000000,0.000000,0.995128
2767,02 08 09 14 22 24,-0.00613727,0.41905584,-1.052082,0.443309,1.477848,-0.946896,0.000000,0.000000,0.361112
2768,01 04 06 09 14 18,-0.00620531,0.43501749,-0.221491,0.414498,-0.600376,-0.516489,0.000000,0.000000,-1.030568
2769,07 08 09 10 13 24,-0.00623559,0.46635628,-0.636787,0.675459,2.170589,-1.090365,0.000000,0.000000,-0.229229
2770,04 07 09 12 18 22,-0.00626721,0.43982618,-1.190514,-0.893994,0.323279,0.918202,0.000000,0.000000,0.000831
2771,06 07 09 13 24 33,-0.00627142,0.41720532,-0.913650,0.080278,1.016020,-0.659958,0.000000,0.000000,1.021216
2772,01 02 08 12 14 33,-0.00627436,0.48897928,0.885964,-0.344703,-1.293117,0.057388,0.000000,0.000000,0.473470
2773,01 07 09 12 14 22,-0.00627797,0.31879647,-2.436401,-0.261782,-0.138548,0.057388,0.000000,0.000000,0.086808
2774,04 06 07 12 18 22,-0.00629723,0.46772889,-0.221491,-0.848859,-0.831289,0.918202,0.000000,0.000000,-0.213794
2775,02 07 09 10 12 13,-0.00629812,0.45145791,-1.882673,-0.403638,1.477848,0.918202,0.000000,0.000000,-2.287134
2776,04 06 09 12 18 22,-0.00631274,0.42398912,-0.498355,-0.098873,-0.600376,-0.086081,0.000000,0.000000,-0.171689
2777,01 02 06 10 13 18,-0.00631821,0.54553114,1.024396,-0.027460,-0.138548,0.057388,0.000000,0.000000,-1.010292
2778,01 02 10 14 24 33,-0.00632998,0.50079490,0.332236,-0.340810,0.554193,-0.086081,0.000000,0.000000,0.952357
2779,02 04 10 18 24 33,-0.00633644,0.62182461,1.578123,-0.973023,1.016020,0.774733,0.000000,0.000000,0.863830
2780,06 07 10 13 18 24,-0.00634407,0.52492540,0.470668,-0.081133,1.016020,-0.229551,0.000000,0.000000,0.246317
2781,04 07 08 10 14 22,-0.00635121,0.42536718,-0.775218,-0.203937,-0.138548,0.057388,0.000000,0.000000,-0.193400
2782,06 07 09 10 13 24,-0.00635679,0.40957951,-1.467378,0.507879,1.939675,-0.946896,0.000000,0.000000,0.027914
2783,02 08 10 13 18 22,-0.00641287,0.55282969,1.162828,-0.228641,0.092365,0.057388,0.000000,0.000000,-0.087502
2784,01 04 08 10 14 18,-0.00643285,0.54645153,1.578123,0.325797,-0.831289,-0.373020,0.000000,0.000000,-1.156489
2785,04 06 12 18 22 33,-0.00644991,0.48627219,1.024396,-0.782756,-1.985858,0.487795,0.000000,0.000000,0.971532
2786,06 07 13 18 24 33,-0.00646807,0.53255121,1.024396,-0.508735,0.092365,0.057388,0.000000,0.000000,1.208601
2787,04 08 09 14 18 22,-0.00648597,0.44231605,-0.083059,0.213318,-0.369462,-0.516489,0.000000,0.000000,-0.135334
2788,01 02 07 09 13 18,-0.00650023,0.50671094,-0.636787,-0.566300,1.246934,0.774733,0.000000,0.000000,-1.054374
2789,06 09 10 13 18 24,-0.00655086,0.48118563,0.193805,0.668852,1.246934,-1.233835,0.000000,0.000000,0.260083
2790,02 04 08 09 14 33,-0.00661564,0.45621324,-0.221491,-0.243293,0.092365,-0.086081,0.000000,0.000000,0.455938
2791,06 08 12 13 18 33,-0.00665777,0.53165308,2.270283,-0.018923,-1.985858,-0.516489,0.000000,0.000000,0.920660
2792,01 08 10 12 14 22,-0.00667837,0.41439345,0.055373,0.444638,-1.293117,-0.803427,0.000000,0.000000,-0.230498
2793,02 04 06 08 12 33,-0.00669994,0.52256581,1.162828,-0.342767,-1.062203,0.200857,0.000000,0.000000,-0.103846
2794,02 04 07 08 14 33,-0.00670958,0.49995301,0.055373,-0.993279,-0.138548,0.918202,0.000000,0.000000,0.397618
2795,08 10 13 18 24 33,-0.00674381,0.60024548,2.547146,0.152550,0.092365,-0.803427,0.000000,0.000000,1.119941
2796,06 07 10 13 24 33,-0.00677755,0.47186258,0.055373,-0.176004,0.554193,-0.373020,0.000000,0.000000,1.129121
2797,04 06 07 14 22 33,-0.00678565,0.37621621,-1.052082,-0.799119,-1.293117,0.487795,0.000000,0.000000,0.997989
2798,01 04 07 09 14 18,-0.00679871,0.45085455,-0.913650,-0.380623,0.323279,0.487795,0.000000,0.000000,-0.952707
2799,02 07 09 10 13 22,-0.00680330,0.39654408,-2.297969,-0.602330,1.708762,0.487795,0.000000,0.000000,0.079011
2800,04 07 09 10 12 14,-0.00683097,0.39560153,-2.159537,-0.217961,0.554193,0.631264,0.000000,0.000000,-2.220191
2801,02 06 09 13 22 33,-0.00684033,0.38833283,-1.052082,-0.234810,-0.138548,-0.229551,0.000000,0.000000,0.888404
2802,04 07 09 10 12 22,-0.00684152,0.37913754,-2.159537,-0.561264,0.785107,0.487795,0.000000,0.000000,-0.117883
2803,04 06 09 14 22 33,-0.00686936,0.33247645,-1.328946,-0.049133,-1.062203,-0.516489,0.000000,0.000000,1.029990
2804,04 06 09 10 12 14,-0.00689669,0.37976447,-1.467378,0.577160,-0.369462,-0.373020,0.000000,0.000000,-2.395701
2805,04 06 09 10 12 22,-0.00689714,0.36330049,-1.467378,0.233858,-0.138548,-0.516489,0.000000,0.000000,-0.291898
2806,01 02 07 10 13 18,-0.00691541,0.56136820,0.332236,-0.822582,0.785107,1.061672,0.000000,0.000000,-0.932994
2807,01 06 12 14 22 33,-0.00694410,0.36524249,-0.221491,-0.150543,-2.447685,-0.373020,0.000000,0.000000,0.985887
2808,04 06 07 10 12 22,-0.00698343,0.40704026,-1.190514,-0.516128,-0.369462,0.487795,0.000000,0.000000,-0.349085
2809,01 02 09 10 13 18,-0.00699307,0.51762843,0.055373,-0.072596,1.016020,0.057388,0.000000,0.000000,-0.900097
2810,04 06 07 10 12 14,-0.00700317,0.42350424,-1.190514,-0.172826,-0.600376,0.631264,0.000000,0.000000,-2.455879
2811,02 08 12 18 22 24,-0.00700443,0.57285158,1.301260,-0.290313,0.554193,0.057388,0.000000,0.000000,0.112040
2812,06 09 10 13 24 33,-0.00702219,0.42812281,-0.221491,0.573982,0.785107,-1.377304,0.000000,0.000000,1.137280
2813,02 06 08 14 22 24,-0.00703217,0.44695855,-0.083059,0.488445,0.323279,-0.946896,0.000000,0.000000,0.018352
2814,04 07 10 12 22 33,-0.00704391,0.44142061,-0.636787,-1.245146,-0.600376,1.061672,0.000000,0.000000,1.015675
2815,04 08 09 10 14 22,-0.00709764,0.38162741,-1.052082,0.546048,0.092365,-0.946896,0.000000,0.000000,-0.259584
2816,02 04 08 14 18 33,-0.00715799,0.57155914,1.716555,-0.832305,-0.831289,0.631264,0.000000,0.000000,0.592105
2817,01 09 12 14 18 22,-0.00716018,0.39040259,-0.775218,-0.100808,-0.831289,-0.229551,0.000000,0.000000,0.217025
2818,04 08 10 14 22 33,-0.00716559,0.44391048,0.470668,-0.137834,-1.293117,-0.373020,0.000000,0.000000,0.893893
2819,04 06 08 14 18 22,-0.00716941,0.47021876,0.885964,0.258453,-1.524031,-0.516489,0.000000,0.000000,-0.446766
2820,04 06 10 12 22 33,-0.00717247,0.42558356,0.055373,-0.450025,-1.524031,0.057388,0.000000,0.000000,0.830854
2821,04 07 12 18 22 33,-0.00718534,0.50210925,0.332236,-1.577877,-1.062203,1.492079,0.000000,0.000000,1.028351
2822,02 04 09 12 18 33,-0.00719951,0.52532950,0.332236,-1.189631,0.092365,1.061672,0.000000,0.000000,0.734112
2823,04 09 10 12 22 33,-0.00721963,0.39768084,-0.913650,-0.495161,-0.369462,0.057388,0.000000,0.000000,1.034044
2824,02 04 07 12 18 33,-0.00722264,0.56906927,0.609100,-1.939617,-0.138548,2.065956,0.000000,0.000000,0.686283
2825,02 06 09 13 18 22,-0.00727159,0.44139566,-0.636787,-0.139940,0.323279,-0.086081,0.000000,0.000000,-0.122514
2826,02 07 09 13 18 22,-0.00727793,0.45723271,-1.328946,-0.935061,1.246934,0.918202,0.000000,0.000000,0.042321
2827,04 06 07 09 14 22,-0.00728305,0.31393314,-2.574833,-0.115237,0.092365,-0.086081,0.000000,0.000000,-0.239246
2828,04 10 18 22 24 33,-0.00740071,0.55486459,1.301260,-0.611283,0.092365,0.200857,0.000000,0.000000,1.042697
2829,04 09 12 18 22 33,-0.00743755,0.45836948,0.055373,-0.827891,-0.831289,0.487795,0.000000,0.000000,1.035388
2830,04 08 14 18 22 33,-0.00743854,0.50459912,1.439691,-0.470565,-1.754944,0.057388,0.000000,0.000000,0.887083
2831,04 08 10 12 18 22,-0.00743900,0.53542316,1.301260,-0.187574,-0.831289,0.057388,0.000000,0.000000,-0.430757
2832,02 08 12 22 24 33,-0.00744524,0.51978876,0.885964,-0.385184,0.092365,-0.086081,0.000000,0.000000,0.993758
2833,01 14 18 22 24 33,-0.00746185,0.49452352,1.024396,-0.311801,-0.831289,-0.229551,0.000000,0.000000,1.154837
2834,01 07 12 14 18 22,-0.00746947,0.43414236,-0.498355,-0.850794,-1.062203,0.774733,0.000000,0.000000,0.126802
2835,02 04 06 12 18 33,-0.00748827,0.55323221,1.301260,-1.144496,-1.062203,1.061672,0.000000,0.000000,0.481154
2836,01 10 14 22 24 33,-0.00750048,0.43383488,0.055373,0.020930,-0.369462,-0.659958,0.000000,0.000000,1.115485
2837,01 06 12 14 18 22,-0.00751247,0.41830531,0.193805,-0.055673,-1.985858,-0.229551,0.000000,0.000000,-0.045344
2838,06 09 13 18 24 33,-0.00764309,0.48881144,0.747532,0.241251,0.323279,-0.946896,0.000000,0.000000,1.078920
2839,04 07 09 14 22 33,-0.00764909,0.34831350,-2.021105,-0.844255,-0.138548,0.487795,0.000000,0.000000,1.080245
2840,01 07 10 12 14 22,-0.00765074,0.37345373,-1.467378,-0.518063,-0.600376,0.344326,0.000000,0.000000,0.066317
2841,02 06 13 18 22 33,-0.00766584,0.50367873,0.885964,-0.823823,-1.062203,0.487795,0.000000,0.000000,0.982620
2842,02 07 09 13 22 33,-0.00766940,0.40416989,-1.744242,-1.029932,0.785107,0.774733,0.000000,0.000000,0.931349
2843,04 06 08 10 12 22,-0.00769373,0.44797998,0.332236,0.446574,-1.062203,-0.659958,0.000000,0.000000,-0.895192
2844,02 04 06 09 12 33,-0.00769905,0.43788632,-0.636787,-0.555483,-0.138548,0.344326,0.000000,0.000000,0.233409
2845,01 06 10 12 14 22,-0.00770384,0.35761667,-0.775218,0.277058,-1.524031,-0.659958,0.000000,0.000000,-0.107324
2846,01 07 12 14 22 33,-0.00772383,0.38107954,-0.913650,-0.945665,-1.524031,0.631264,0.000000,0.000000,1.036143
2847,07 09 10 13 18 24,-0.00772673,0.49702269,-0.498355,-0.126269,2.170589,-0.229551,0.000000,0.000000,0.251649
2848,01 04 06 08 09 14,-0.00782507,0.40435109,-0.359923,1.216227,-0.600376,-1.377304,0.000000,0.000000,-1.972335
2849,01 04 09 10 14 18,-0.00786122,0.46177204,-0.221491,0.113081,0.092365,-0.229551,0.000000,0.000000,-0.882830
2850,04 06 07 14 18 22,-0.00795361,0.42927904,-0.636787,-0.704249,-0.831289,0.631264,0.000000,0.000000,-0.122073
2851,01 09 12 14 22 33,-0.00795837,0.33733977,-1.190514,-0.195679,-1.293117,-0.373020,0.000000,0.000000,1.045797
2852,02 08 10 12 22 24,-0.00796785,0.51216295,0.332236,0.042418,1.016020,-0.373020,0.000000,0.000000,-0.064323
2853,02 04 06 08 14 33,-0.00802403,0.48411596,0.747532,-0.198157,-1.062203,-0.086081,0.000000,0.000000,0.037104
2854,02 09 12 18 22 24,-0.00805198,0.48817209,-0.498355,-0.503029,1.477848,0.200857,0.000000,0.000000,0.442118
2855,02 09 10 13 18 22,-0.00808831,0.46815020,-0.636787,-0.441357,1.016020,0.200857,0.000000,0.000000,0.149553
2856,02 06 07 14 22 24,-0.00808991,0.40601883,-1.605810,-0.474257,1.016020,0.200857,0.000000,0.000000,0.302519
2857,02 07 12 18 22 24,-0.00810613,0.53191186,-0.221491,-1.253015,1.246934,1.205141,0.000000,0.000000,0.389694
2858,02 07 10 12 22 24,-0.00812253,0.47122323,-1.190514,-0.920284,1.708762,0.774733,0.000000,0.000000,0.353635
2859,01 04 07 08 09 14,-0.00813678,0.42018814,-1.052082,0.421105,0.323279,-0.373020,0.000000,0.000000,-1.852742
2860,02 06 09 14 22 24,-0.00814587,0.36227906,-1.882673,0.275729,1.246934,-0.803427,0.000000,0.000000,0.338631
2861,07 08 12 13 18 33,-0.00820823,0.54749014,1.578123,-0.814044,-1.062203,0.487795,0.000000,0.000000,0.856729
2862,02 07 09 14 22 24,-0.00821113,0.37811611,-2.574833,-0.519393,2.170589,0.200857,0.000000,0.000000,0.494738
2863,01 04 06 07 08 14,-0.00823229,0.44809086,-0.083059,0.466241,-0.831289,-0.373020,0.000000,0.000000,-2.077069
2864,02 06 10 13 22 33,-0.00824466,0.44299010,-0.083059,-0.491092,-0.600376,0.057388,0.000000,0.000000,0.863238
2865,02 04 07 09 12 33,-0.00831011,0.45372337,-1.328946,-1.350605,0.785107,1.348610,0.000000,0.000000,0.308653
2866,04 06 08 10 14 22,-0.00832601,0.40953013,-0.083059,0.591184,-1.062203,-0.946896,0.000000,0.000000,-0.651748
2867,04 07 09 10 14 22,-0.00833275,0.34068769,-2.574833,-0.416654,0.785107,0.200857,0.000000,0.000000,-0.001694
2868,02 09 10 13 22 33,-0.00834116,0.41508738,-1.052082,-0.536227,0.554193,0.057388,0.000000,0.000000,1.059118
2869,04 06 09 10 14 22,-0.00838585,0.32485063,-1.882673,0.378468,-0.138548,-0.803427,0.000000,0.000000,-0.175336
2870,04 07 10 12 18 22,-0.00845262,0.49448344,-0.221491,-1.150276,-0.138548,1.205141,0.000000,0.000000,-0.140054
2871,02 07 13 18 22 33,-0.00845314,0.51951578,0.193805,-1.618944,-0.138548,1.492079,0.000000,0.000000,1.031754
2872,04 06 07 10 14 22,-0.00846709,0.36859040,-1.605810,-0.371518,-0.369462,0.200857,0.000000,0.000000,-0.231775
2873,02 04 08 09 12 18,-0.00848311,0.54772592,0.609100,-0.293032,0.554193,0.344326,0.000000,0.000000,-1.104878
2874,01 02 06 12 14 33,-0.00848690,0.43220250,0.055373,-0.512283,-1.524031,0.200857,0.000000,0.000000,0.420775
2875,02 04 08 10 12 33,-0.00855566,0.54932035,1.162828,-0.644184,-0.369462,0.487795,0.000000,0.000000,0.014289
2876,04 07 09 14 18 22,-0.00856488,0.40137632,-1.605810,-0.749384,0.323279,0.631264,0.000000,0.000000,-0.002457
2877,07 09 13 18 24 33,-0.00856870,0.50464850,0.055373,-0.553870,1.246934,0.057388,0.000000,0.000000,1.107562
2878,08 09 12 13 18 33,-0.00858591,0.50375037,1.301260,-0.064058,-0.831289,-0.516489,0.000000,0.000000,0.845178
2879,04 06 14 18 22 33,-0.00858970,0.44782234,0.609100,-0.638146,-1.985858,0.200857,0.000000,0.000000,0.991634
2880,04 09 10 12 18 22,-0.00859049,0.45074367,-0.498355,-0.400290,0.092365,0.200857,0.000000,0.000000,-0.116078
2881,04 06 09 14 18 22,-0.00860788,0.38553927,-0.913650,0.045737,-0.600376,-0.373020,0.000000,0.000000,-0.174603
2882,02 04 07 08 12 18,-0.00861995,0.59146568,0.885964,-1.043018,0.323279,1.348610,0.000000,0.000000,-1.169553
2883,01 09 10 12 14 22,-0.00862484,0.32971396,-1.744242,0.231922,-0.369462,-0.659958,0.000000,0.000000,-0.033597
2884,02 04 06 07 12 33,-0.00862599,0.48162609,-0.359923,-1.305469,-0.369462,1.348610,0.000000,0.000000,0.051677
2885,06 08 09 12 13 33,-0.00868515,0.41630719,0.332236,0.570089,-1.062203,-1.233835,0.000000,0.000000,0.403779
2886,02 09 13 18 22 33,-0.00870283,0.47577602,-0.083059,-0.868958,0.092365,0.487795,0.000000,0.000000,1.039165
2887,01 04 06 10 14 18,-0.00870855,0.48967475,0.747532,0.158217,-1.062203,-0.229551,0.000000,0.000000,-1.218541
2888,06 08 13 14 18 33,-0.00872166,0.49320323,1.854987,0.125687,-1.985858,-0.803427,0.000000,0.000000,0.952006
2889,07 09 10 13 24 33,-0.00879161,0.44395986,-0.913650,-0.221139,1.708762,-0.373020,0.000000,0.000000,1.040909
2890,01 02 12 14 18 33,-0.00889882,0.51964569,1.024396,-1.146431,-1.293117,0.918202,0.000000,0.000000,0.786444
2891,02 04 08 10 14 33,-0.00893274,0.51087050,0.747532,-0.499574,-0.369462,0.200857,0.000000,0.000000,0.295543
2892,02 06 12 18 22 24,-0.00893906,0.51607481,0.470668,-0.457894,0.323279,0.200857,0.000000,0.000000,0.100517
2893,02 06 10 12 22 24,-0.00896556,0.45538617,-0.498355,-0.125163,0.785107,-0.229551,0.000000,0.000000,0.062963
2894,04 10 12 18 22 33,-0.00900803,0.51302674,1.024396,-1.084173,-1.293117,0.774733,0.000000,0.000000,0.985606
2895,02 07 10 13 22 33,-0.00902186,0.45882715,-0.775218,-1.286213,0.323279,1.061672,0.000000,0.000000,0.913868
2896,02 04 06 09 14 33,-0.00902567,0.39943646,-1.052082,-0.410873,-0.138548,0.057388,0.000000,0.000000,0.373985
2897,04 06 08 10 12 14,-0.00904073,0.46444396,0.332236,0.789876,-1.293117,-0.516489,0.000000,0.000000,-3.198624
2898,01 02 09 12 14 33,-0.00907867,0.40429979,-0.913650,-0.557419,-0.369462,0.200857,0.000000,0.000000,0.543280
2899,04 06 10 14 22 33,-0.00908761,0.38713371,-0.359923,-0.305415,-1.524031,-0.229551,0.000000,0.000000,0.884239
2900,01 02 07 12 14 33,-0.00911947,0.44803956,-0.636787,-1.307405,-0.600376,1.205141,0.000000,0.000000,0.492833
2901,02 08 14 18 22 24,-0.00912150,0.53440173,0.885964,-0.145703,0.554193,-0.229551,0.000000,0.000000,0.135507
2902,02 09 10 12 22 24,-0.00912439,0.42748346,-1.467378,-0.170299,1.939675,-0.229551,0.000000,0.000000,0.249609
2903,04 09 10 14 22 33,-0.00914234,0.35923099,-1.328946,-0.350551,-0.369462,-0.229551,0.000000,0.000000,1.086308
2904,06 08 09 12 14 24,-0.00915842,0.39025341,-0.498355,1.080628,0.323279,-1.807711,0.000000,0.000000,-0.022690
2905,01 12 14 18 22 33,-0.00916086,0.45268567,0.747532,-0.784691,-2.216772,0.344326,0.000000,0.000000,1.084163
2906,06 10 13 18 24 33,-0.00916674,0.54346870,1.716555,-0.015030,-0.138548,-0.659958,0.000000,0.000000,1.036075
2907,02 04 07 14 18 33,-0.00917528,0.53061941,0.193805,-1.795007,-0.138548,1.779017,0.000000,0.000000,0.734112
2908,01 02 06 08 09 13,-0.00917958,0.46020748,-0.083059,1.030550,0.323279,-1.090365,0.000000,0.000000,-2.318897
2909,02 04 09 14 18 33,-0.00918250,0.48687965,-0.083059,-1.045021,0.092365,0.774733,0.000000,0.000000,0.777444
2910,01 04 06 08 09 12,-0.00918793,0.44280094,0.055373,1.071617,-0.600376,-1.090365,0.000000,0.000000,-2.511365
2911,01 04 07 10 14 18,-0.00925641,0.50551181,0.055373,-0.636905,-0.138548,0.774733,0.000000,0.000000,-1.133933
2912,01 04 07 08 10 14,-0.00927140,0.47484540,-0.083059,0.164824,-0.138548,-0.086081,0.000000,0.000000,-1.837948
2913,02 08 10 14 22 24,-0.00930749,0.47371310,-0.083059,0.187028,1.016020,-0.659958,0.000000,0.000000,0.074323
2914,04 07 14 18 22 33,-0.00932765,0.46365940,-0.083059,-1.433267,-1.062203,1.205141,0.000000,0.000000,1.048080
2915,02 07 12 22 24 33,-0.00933182,0.47884904,-0.636787,-1.347886,0.785107,1.061672,0.000000,0.000000,1.155128
2916,02 06 12 22 24 33,-0.00934203,0.46301198,0.055373,-0.552764,-0.138548,0.057388,0.000000,0.000000,0.987842
2917,01 10 12 14 18 22,-0.00938064,0.44505986,0.193805,-0.357090,-1.293117,0.057388,0.000000,0.000000,0.070948
2918,04 06 10 12 18 22,-0.00940391,0.47864638,0.470668,-0.355155,-1.062203,0.200857,0.000000,0.000000,-0.446766
2919,02 07 10 13 18 22,-0.00941527,0.51188997,-0.359923,-1.191343,0.785107,1.205141,0.000000,0.000000,-0.091443
2920,02 04 06 14 18 33,-0.00942573,0.51478236,0.885964,-0.999886,-1.062203,0.774733,0.000000,0.000000,0.531232
2921,02 06 10 13 18 22,-0.00946080,0.49605292,0.332236,-0.396221,-0.138548,0.200857,0.000000,0.000000,-0.263963
2922,06 09 12 13 18 33,-0.00949337,0.44697359,0.470668,-0.231639,-1.062203,-0.373020,0.000000,0.000000,0.985834
2923,02 04 10 12 18 33,-0.00949571,0.57998676,1.301260,-1.445913,-0.369462,1.348610,0.000000,0.000000,0.576813
2924,01 04 07 08 09 12,-0.00949712,0.45863800,-0.636787,0.276495,0.323279,-0.086081,0.000000,0.000000,-2.391398
2925,01 04 06 07 08 12,-0.00949776,0.48654071,0.332236,0.321631,-0.831289,-0.086081,0.000000,0.000000,-2.601671
2926,01 10 12 14 22 33,-0.00957011,0.39199703,-0.221491,-0.451960,-1.754944,-0.086081,0.000000,0.000000,0.989903
2927,04 09 14 18 22 33,-0.00958491,0.41991963,-0.359923,-0.683281,-0.831289,0.200857,0.000000,0.000000,1.054369
2928,02 09 12 22 24 33,-0.00959412,0.43510927,-0.913650,-0.597900,1.016020,0.057388,0.000000,0.000000,1.160670
2929,02 04 07 09 14 33,-0.00963925,0.41527352,-1.744242,-1.205995,0.785107,1.061672,0.000000,0.000000,0.448855
2930,02 04 07 10 12 33,-0.00965377,0.50838063,-0.359923,-1.606886,0.323279,1.635548,0.000000,0.000000,0.292476
2931,09 10 13 18 24 33,-0.00974564,0.51556599,0.747532,-0.060166,1.016020,-0.659958,0.000000,0.000000,1.160487
2932,06 07 08 12 14 24,-0.00977294,0.43399318,-0.221491,0.330642,0.092365,-0.803427,0.000000,0.000000,-0.158136
2933,02 08 14 22 24 33,-0.00977573,0.48133891,0.470668,-0.240574,0.092365,-0.373020,0.000000,0.000000,0.985606
2934,01 04 08 09 10 14,-0.00981127,0.43110564,-0.359923,0.914810,0.092365,-1.090365,0.000000,0.000000,-1.873531
2935,04 07 10 14 22 33,-0.00981547,0.40297076,-1.052082,-1.100536,-0.600376,0.774733,0.000000,0.000000,0.942179
2936,01 02 08 12 14 18,-0.00987933,0.54204210,1.301260,-0.249832,-0.831289,0.200857,0.000000,0.000000,-1.007643
2937,01 02 06 08 10 13,-0.00992811,0.51486474,0.885964,0.774268,-0.138548,-0.803427,0.000000,0.000000,-2.246905
2938,02 07 14 18 22 24,-0.00994208,0.49346201,-0.636787,-1.108405,1.246934,0.918202,0.000000,0.000000,0.454810
2939,02 04 06 07 14 33,-0.00994756,0.44317623,-0.775218,-1.160859,-0.369462,1.061672,0.000000,0.000000,0.193001
2940,04 08 10 14 18 22,-0.01003218,0.49697331,0.885964,-0.042964,-0.831289,-0.229551,0.000000,0.000000,-0.477826
2941,07 10 13 18 24 33,-0.01004049,0.55930576,1.024396,-0.810152,0.785107,0.344326,0.000000,0.000000,1.072402
2942,06 07 12 13 18 33,-0.01005642,0.49071336,0.747532,-0.981625,-1.293117,0.631264,0.000000,0.000000,0.858014
2943,07 08 09 12 14 24,-0.01011280,0.40609047,-1.190514,0.285507,1.246934,-0.803427,0.000000,0.000000,0.001690
2944,06 07 08 12 13 33,-0.01013339,0.46004696,0.609100,-0.179896,-1.293117,-0.229551,0.000000,0.000000,0.144816
2945,02 09 14 18 22 24,-0.01017158,0.44972224,-0.913650,-0.358419,1.477848,-0.086081,0.000000,0.000000,0.465211
2946,02 10 13 18 22 33,-0.01021891,0.53043328,0.885964,-1.125240,-0.369462,0.774733,0.000000,0.000000,0.997441
2947,07 08 13 14 18 33,-0.01027464,0.50904029,1.162828,-0.669434,-1.062203,0.200857,0.000000,0.000000,0.887702
2948,02 07 08 12 14 22,-0.01030674,0.42095775,-1.052082,-0.779567,-0.138548,0.631264,0.000000,0.000000,-0.119971
2949,02 07 10 14 22 24,-0.01031355,0.43277337,-1.605810,-0.775674,1.708762,0.487795,0.000000,0.000000,0.366148
2950,08 10 12 13 18 33,-0.01035968,0.55840763,2.270283,-0.320340,-1.293117,-0.229551,0.000000,0.000000,0.765277
2951,02 08 09 12 14 22,-0.01037145,0.37721799,-1.328946,-0.029581,0.092365,-0.373020,0.000000,0.000000,-0.085156
2952,02 04 09 10 12 33,-0.01038273,0.46464086,-0.636787,-0.856900,0.554193,0.631264,0.000000,0.000000,0.228880
2953,06 08 09 13 14 33,-0.01038511,0.37785734,-0.083059,0.714699,-1.062203,-1.520773,0.000000,0.000000,0.489043
2954,01 02 06 07 08 13,-0.01039705,0.50394725,0.193805,0.280564,0.092365,-0.086081,0.000000,0.000000,-2.543672
2955,02 09 10 14 22 24,-0.01046656,0.38903361,-1.882673,-0.025689,1.939675,-0.516489,0.000000,0.000000,0.387881
2956,07 08 12 14 24 33,-0.01053198,0.46837354,0.332236,-0.398376,-0.138548,-0.229551,0.000000,0.000000,1.103132
2957,02 06 14 18 22 24,-0.01054512,0.47762495,0.055373,-0.313284,0.323279,-0.086081,0.000000,0.000000,0.199694
2958,01 04 06 08 10 14,-0.01061612,0.45900835,0.609100,0.959945,-1.062203,-1.090365,0.000000,0.000000,-2.202949
2959,06 08 12 14 24 33,-0.01063039,0.45253649,1.024396,0.396746,-1.062203,-1.233835,0.000000,0.000000,0.922776
2960,08 09 13 14 18 33,-0.01065737,0.46530052,0.885964,0.080552,-0.831289,-0.803427,0.000000,0.000000,0.875403
2961,02 04 07 09 12 18,-0.01072436,0.50678619,-0.913650,-1.255734,1.246934,1.492079,0.000000,0.000000,-0.996051
2962,02 04 07 08 14 18,-0.01073438,0.55301583,0.470668,-0.898408,0.323279,1.061672,0.000000,0.000000,-1.145693
2963,01 04 06 07 09 14,-0.01074347,0.36341137,-1.882673,0.253525,0.092365,-0.229551,0.000000,0.000000,-1.963830
2964,02 04 06 08 12 18,-0.01075966,0.57562863,1.578123,-0.247897,-0.600376,0.344326,0.000000,0.000000,-1.652331
2965,02 04 09 10 14 33,-0.01076233,0.42619101,-1.052082,-0.712290,0.554193,0.344326,0.000000,0.000000,0.509760
2966,02 04 06 10 12 33,-0.01079604,0.49254358,0.332236,-0.811765,-0.600376,0.631264,0.000000,0.000000,-0.042530
2967,04 09 10 14 18 22,-0.01080516,0.41229382,-0.913650,-0.255680,0.092365,-0.086081,0.000000,0.000000,-0.107070
2968,01 02 07 08 10 13,-0.01081339,0.53070179,0.193805,-0.020853,0.785107,0.200857,0.000000,0.000000,-2.212286
2969,01 04 06 08 09 22,-0.01086221,0.38788711,-0.359923,0.872924,-0.369462,-1.520773,0.000000,0.000000,-0.318427
2970,02 04 07 10 14 33,-0.01088221,0.46993078,-0.775218,-1.462276,0.323279,1.348610,0.000000,0.000000,0.447597
2971,08 09 12 14 24 33,-0.01092732,0.42463377,0.055373,0.351610,0.092365,-1.233835,0.000000,0.000000,1.088963
2972,02 04 08 09 14 18,-0.01093240,0.50927606,0.193805,-0.148422,0.554193,0.057388,0.000000,0.000000,-1.130629
2973,02 04 06 09 12 18,-0.01093604,0.49094914,-0.221491,-0.460613,0.323279,0.487795,0.000000,0.000000,-1.193186
2974,07 08 12 14 18 24,-0.01096314,0.52143636,0.747532,-0.303505,0.323279,-0.086081,0.000000,0.000000,0.092228
2975,02 10 12 18 22 24,-0.01103891,0.54282935,0.470668,-0.759311,1.016020,0.487795,0.000000,0.000000,0.182485
2976,06 07 09 12 14 24,-0.01108033,0.34931369,-2.021105,0.117926,1.016020,-0.659958,0.000000,0.000000,0.133448
2977,06 08 10 13 14 33,-0.01109254,0.43251460,0.885964,0.458418,-1.524031,-1.233835,0.000000,0.000000,0.567125
2978,06 10 12 13 18 33,-0.01110510,0.50163085,1.439691,-0.487921,-1.524031,-0.086081,0.000000,0.000000,0.929940
2979,02 06 10 14 22 24,-0.01115405,0.41693632,-0.913650,0.019447,0.785107,-0.516489,0.000000,0.000000,0.075849
2980,02 04 06 10 14 33,-0.01116806,0.45409372,-0.083059,-0.667155,-0.600376,0.344326,0.000000,0.000000,0.239472
2981,01 04 07 08 09 22,-0.01118402,0.40372416,-1.052082,0.077803,0.554193,-0.516489,0.000000,0.000000,-0.200329
2982,06 08 10 12 13 33,-0.01119474,0.47096445,1.301260,0.313808,-1.524031,-0.946896,0.000000,0.000000,0.214865
2983,01 04 07 08 10 12,-0.01120529,0.51329526,0.332236,0.020214,-0.138548,0.200857,0.000000,0.000000,-2.461579
2984,07 09 12 13 18 33,-0.01125774,0.46281065,-0.221491,-1.026760,-0.138548,0.631264,0.000000,0.000000,0.890211
2985,01 04 08 09 10 12,-0.01130788,0.46955549,0.055373,0.770200,0.092365,-0.803427,0.000000,0.000000,-2.432375
2986,02 06 08 12 14 22,-0.01132443,0.40512070,-0.359923,0.015554,-1.062203,-0.373020,0.000000,0.000000,-0.436520
2987,02 04 10 14 18 33,-0.01139066,0.54153691,0.885964,-1.301303,-0.369462,1.061672,0.000000,0.000000,0.633189
2988,01 02 10 12 14 33,-0.01141612,0.45895705,0.055373,-0.813700,-0.831289,0.487795,0.000000,0.000000,0.379869
2989,01 04 06 09 10 14,-0.01142796,0.37432886,-1.190514,0.747229,-0.138548,-0.946896,0.000000,0.000000,-1.837948
2990,08 10 13 14 18 33,-0.01147656,0.51995778,1.854987,-0.175730,-1.293117,-0.516489,0.000000,0.000000,0.936927
2991,01 04 07 08 18 22,-0.01153519,0.51907005,0.885964,-0.511210,-0.369462,0.200857,0.000000,0.000000,-0.035838
2992,01 04 08 09 18 22,-0.01154601,0.47533029,0.609100,0.238776,-0.138548,-0.803427,0.000000,0.000000,0.006962
2993,08 09 12 14 18 24,-0.01154981,0.47769659,0.470668,0.446480,0.554193,-1.090365,0.000000,0.000000,0.049713
2994,06 09 13 14 18 33,-0.01155978,0.40852374,0.055373,-0.087029,-1.062203,-0.659958,0.000000,0.000000,1.016806
2995,01 02 09 12 14 18,-0.01158231,0.45736261,-0.498355,-0.462548,0.092365,0.344326,0.000000,0.000000,-0.774668
2996,01 04 06 07 10 14,-0.01161282,0.41806863,-0.913650,-0.002757,-0.369462,0.057388,0.000000,0.000000,-1.909738
2997,06 08 12 14 18 24,-0.01165510,0.50559931,1.439691,0.491616,-0.600376,-1.090365,0.000000,0.000000,-0.176063
2998,01 04 06 07 08 22,-0.01165899,0.43162687,-0.083059,0.122938,-0.600376,-0.516489,0.000000,0.000000,-0.480874
2999,02 07 14 22 24 33,-0.01165979,0.44039919,-1.052082,-1.203276,0.785107,0.774733,0.000000,0.000000,1.147351
3000,02 06 14 22 24 33,-0.01166747,0.42456213,-0.359923,-0.408154,-0.138548,-0.229551,0.000000,0.000000,0.980439
3001,01 02 07 08 09 13,-0.01172130,0.47604453,-0.775218,0.235428,1.246934,-0.086081,0.000000,0.000000,-2.529686
3002,02 08 12 14 22 33,-0.01175728,0.43950106,0.193805,-0.713464,-1.293117,0.200857,0.000000,0.000000,0.873073
3003,06 07 08 13 14 33,-0.01182197,0.42159711,0.193805,-0.035286,-1.293117,-0.516489,0.000000,0.000000,0.231766
3004,01 02 08 09 10 13,-0.01186978,0.48696202,-0.083059,0.729133,1.016020,-0.803427,0.000000,0.000000,-2.324392
3005,07 08 09 12 13 33,-0.01188196,0.43214424,-0.359923,-0.225032,-0.138548,-0.229551,0.000000,0.000000,0.095936
3006,04 07 10 14 18 22,-0.01189717,0.45603358,-0.636787,-1.005666,-0.138548,0.918202,0.000000,0.000000,-0.313257
3007,02 04 06 07 12 18,-0.01190082,0.53468891,0.055373,-1.210599,0.092365,1.492079,0.000000,0.000000,-1.380525
3008,04 10 14 18 22 33,-0.01190859,0.47457689,0.609100,-0.939563,-1.293117,0.487795,0.000000,0.000000,0.892998
3009,01 04 07 08 10 22,-0.01191899,0.45838142,-0.083059,-0.178479,0.092365,-0.229551,0.000000,0.000000,-0.126328
3010,02 09 14 22 24 33,-0.01192714,0.39665942,-1.328946,-0.453290,1.016020,-0.229551,0.000000,0.000000,1.152145
3011,07 10 12 13 18 33,-0.01196371,0.51746791,0.747532,-1.283042,-0.600376,0.918202,0.000000,0.000000,0.968510
3012,04 06 10 14 18 22,-0.01199205,0.44019653,0.055373,-0.210545,-1.062203,-0.086081,0.000000,0.000000,-0.493088
3013,01 04 06 08 18 22,-0.01200584,0.50323300,1.578123,0.283912,-1.293117,-0.803427,0.000000,0.000000,-0.271340
3014,01 04 07 09 10 14,-0.01201127,0.39016591,-1.882673,-0.047892,0.785107,0.057388,0.000000,0.000000,-1.758592
3015,02 10 12 22 24 33,-0.01202355,0.48976653,0.055373,-0.854181,0.554193,0.344326,0.000000,0.000000,0.983633
3016,02 12 18 22 24 33,-0.01202905,0.55045516,1.024396,-1.186912,0.092365,0.774733,0.000000,0.000000,1.016447
3017,01 04 06 08 22 33,-0.01206572,0.45017018,1.162828,0.189041,-1.754944,-0.946896,0.000000,0.000000,0.666813
3018,01 04 06 07 09 12,-0.01210885,0.40186122,-1.467378,0.108915,0.092365,0.057388,0.000000,0.000000,-2.503234
3019,06 07 13 14 18 33,-0.01211779,0.45226351,0.332236,-0.837015,-1.293117,0.344326,0.000000,0.000000,0.889734
3020,01 02 06 12 14 18,-0.01212972,0.48526533,0.470668,-0.417413,-1.062203,0.344326,0.000000,0.000000,-1.065946
3021,06 07 09 12 13 33,-0.01220459,0.37536747,-1.190514,-0.392612,-0.369462,-0.086081,0.000000,0.000000,0.323238
3022,01 04 08 09 22 33,-0.01226161,0.42226746,0.193805,0.143906,-0.600376,-0.946896,0.000000,0.000000,0.847969
3023,01 02 07 12 14 18,-0.01226937,0.50110238,-0.221491,-1.212534,-0.138548,1.348610,0.000000,0.000000,-0.920860
3024,06 07 12 14 24 33,-0.01236250,0.41159676,-0.498355,-0.565956,-0.369462,-0.086081,0.000000,0.000000,1.107033
3025,01 02 06 09 10 13,-0.01239387,0.43018525,-0.913650,0.561552,0.785107,-0.659958,0.000000,0.000000,-2.126938
3026,02 06 07 12 14 22,-0.01240997,0.36418098,-1.882673,-0.947147,-0.369462,0.774733,0.000000,0.000000,-0.156471
3027,02 06 09 12 14 22,-0.01241033,0.32044121,-2.159537,-0.197162,-0.138548,-0.229551,0.000000,0.000000,-0.112123
3028,01 04 07 08 22 33,-0.01241781,0.46600723,0.470668,-0.606080,-0.831289,0.057388,0.000000,0.000000,0.780425
3029,02 07 09 12 14 22,-0.01246045,0.33627826,-2.851696,-0.992283,0.785107,0.774733,0.000000,0.000000,0.046226
3030,01 04 08 09 10 22,-0.01247906,0.41464165,-0.359923,0.571507,0.323279,-1.233835,0.000000,0.000000,-0.164901
3031,02 04 08 10 12 18,-0.01253968,0.60238318,1.578123,-0.549314,0.092365,0.631264,0.000000,0.000000,-1.522981
3032,01 02 06 07 10 13,-0.01258630,0.47392502,-0.636787,-0.188434,0.554193,0.344326,0.000000,0.000000,-2.199849
3033,06 07 12 14 18 24,-0.01260233,0.46465959,-0.083059,-0.471086,0.092365,0.057388,0.000000,0.000000,0.124476
3034,07 08 10 13 14 33,-0.01263543,0.44835165,0.193805,-0.336703,-0.600376,-0.229551,0.000000,0.000000,0.504316
3035,06 09 12 14 24 33,-0.01267101,0.36785699,-0.775218,0.184029,-0.138548,-1.090365,0.000000,0.000000,1.105729
3036,07 08 10 12 13 33,-0.01273511,0.48680150,0.609100,-0.481313,-0.600376,0.057388,0.000000,0.000000,0.152430
3037,06 07 10 12 13 33,-0.01279247,0.43002473,-0.221491,-0.648894,-0.831289,0.200857,0.000000,0.000000,0.419031
3038,02 04 07 10 12 18,-0.01285290,0.56144345,0.055373,-1.512016,0.785107,1.779017,0.000000,0.000000,-1.128511
3039,02 04 06 08 14 18,-0.01287156,0.53717878,1.162828,-0.103287,-0.600376,0.057388,0.000000,0.000000,-1.628098
3040,06 09 12 14 18 24,-0.01287299,0.42091982,-0.359923,0.278900,0.323279,-0.946896,0.000000,0.000000,0.128780
3041,01 02 06 07 09 13,-0.01290557,0.41926776,-1.605810,0.067848,1.016020,0.057388,0.000000,0.000000,-2.430040
3042,06 09 10 12 13 33,-0.01300683,0.38628496,-0.498355,0.101092,-0.600376,-0.803427,0.000000,0.000000,0.431675
3043,02 10 14 18 22 24,-0.01305781,0.50437950,0.055373,-0.614701,1.016020,0.200857,0.000000,0.000000,0.220497
3044,06 10 13 14 18 33,-0.01307082,0.46318100,1.024396,-0.343311,-1.524031,-0.373020,0.000000,0.000000,0.975831
3045,06 08 09 12 13 18,-0.01313059,0.46937001,0.747532,0.664960,-0.600376,-1.090365,0.000000,0.000000,-1.201852
3046,02 04 07 09 14 18,-0.01317113,0.46833634,-1.328946,-1.111124,1.246934,1.205141,0.000000,0.000000,-1.021428
3047,08 12 14 18 24 33,-0.01321705,0.53997967,1.993419,-0.237402,-0.831289,-0.516489,0.000000,0.000000,0.966250
3048,07 09 12 14 18 24,-0.01324883,0.43675687,-1.052082,-0.516221,1.246934,0.057388,0.000000,0.000000,0.238872
3049,01 04 06 08 10 22,-0.01325363,0.44254437,0.609100,0.616643,-0.831289,-1.233835,0.000000,0.000000,-0.489833
3050,06 07 10 12 14 24,-0.01326574,0.40397095,-1.052082,-0.138355,0.554193,-0.373020,0.000000,0.000000,-0.007438
3051,01 02 08 18 22 24,-0.01328042,0.56741597,1.578123,-0.120245,0.785107,-0.516489,0.000000,0.000000,0.411307
3052,07 09 13 14 18 33,-0.01332668,0.42436080,-0.636787,-0.882150,-0.138548,0.344326,0.000000,0.000000,0.920810
3053,02 08 12 14 18 22,-0.01335279,0.49256388,0.609100,-0.618593,-0.831289,0.344326,0.000000,0.000000,-0.310333
3054,01 04 06 09 10 12,-0.01336186,0.41277871,-0.775218,0.602619,-0.138548,-0.659958,0.000000,0.000000,-2.461579
3055,02 04 06 09 14 18,-0.01338028,0.45249929,-0.636787,-0.316003,0.323279,0.200857,0.000000,0.000000,-1.218189
3056,01 04 06 08 10 12,-0.01340644,0.49745820,1.024396,0.815335,-1.062203,-0.803427,0.000000,0.000000,-2.953461
3057,07 08 10 12 14 24,-0.01341737,0.46074773,-0.221491,0.029225,0.785107,-0.516489,0.000000,0.000000,-0.305002
3058,01 02 06 08 22 24,-0.01342797,0.47997279,0.609100,0.513903,0.554193,-1.233835,0.000000,0.000000,-0.037248
3059,06 09 10 12 14 24,-0.01345991,0.36023118,-1.328946,0.611631,0.785107,-1.377304,0.000000,0.000000,0.008197
3060,06 07 10 13 14 33,-0.01354165,0.39157487,-0.636787,-0.504284,-0.831289,-0.086081,0.000000,0.000000,0.645157
3061,02 04 09 10 12 18,-0.01354402,0.51770369,-0.221491,-0.762030,1.016020,0.774733,0.000000,0.000000,-1.186499
3062,01 04 06 07 10 12,-0.01355176,0.45651848,-0.498355,-0.147367,-0.369462,0.344326,0.000000,0.000000,-2.534116
3063,07 08 09 13 14 33,-0.01358445,0.39369439,-0.775218,-0.080422,-0.138548,-0.516489,0.000000,0.000000,0.180827
3064,01 04 08 18 22 33,-0.01361555,0.53761336,2.131851,-0.445107,-1.524031,-0.229551,0.000000,0.000000,0.863897
3065,07 09 12 14 24 33,-0.01364041,0.38369405,-1.467378,-0.611092,0.785107,-0.086081,0.000000,0.000000,1.127885
3066,02 07 12 14 22 33,-0.01365648,0.39856133,-1.328946,-1.676166,-0.600376,1.348610,0.000000,0.000000,1.032575
3067,02 06 12 14 22 33,-0.01367930,0.38272428,-0.636787,-0.881044,-1.524031,0.344326,0.000000,0.000000,0.863419
3068,02 04 06 07 14 18,-0.01373161,0.49623906,-0.359923,-1.065989,0.092365,1.205141,0.000000,0.000000,-1.314642
3069,01 02 08 09 22 24,-0.01373553,0.45207008,-0.359923,0.468768,1.708762,-1.233835,0.000000,0.000000,0.127363
3070,01 06 08 09 12 24,-0.01374982,0.42326765,0.193805,1.106087,0.554193,-2.094649,0.000000,0.000000,0.189036
3071,01 04 08 10 22 33,-0.01375502,0.47692472,1.162828,-0.112376,-1.062203,-0.659958,0.000000,0.000000,0.809605
3072,06 09 10 13 14 33,-0.01376105,0.34783511,-0.913650,0.245702,-0.600376,-1.090365,0.000000,0.000000,0.657054
3073,01 04 06 07 09 22,-0.01377052,0.34694738,-1.882673,-0.089778,0.323279,-0.373020,0.000000,0.000000,-0.308427
3074,01 04 06 07 18 22,-0.01386573,0.46229328,0.055373,-0.678790,-0.600376,0.344326,0.000000,0.000000,-0.106015
3075,02 09 12 14 22 33,-0.01389355,0.35482157,-1.605810,-0.926180,-0.369462,0.344326,0.000000,0.000000,1.041855
3076,06 07 09 13 14 33,-0.01390203,0.33691761,-1.605810,-0.248002,-0.369462,-0.373020,0.000000,0.000000,0.408876
3077,01 02 07 08 22 24,-0.01391948,0.49580985,-0.083059,-0.281218,1.477848,-0.229551,0.000000,0.000000,0.055707
3078,07 10 13 14 18 33,-0.01393195,0.47901806,0.332236,-1.138432,-0.600376,0.631264,0.000000,0.000000,1.014027
3079,01 04 07 09 10 12,-0.01394264,0.42861577,-1.467378,-0.192502,0.785107,0.344326,0.000000,0.000000,-2.381849
3080,01 04 06 09 18 22,-0.01397622,0.41855351,-0.221491,0.071196,-0.369462,-0.659958,0.000000,0.000000,-0.077982
3081,01 04 08 10 18 22,-0.01402917,0.52998755,1.578123,-0.017505,-0.600376,-0.516489,0.000000,0.000000,-0.178037
3082,01 04 06 09 10 22,-0.01407556,0.35786487,-1.190514,0.403926,0.092365,-1.090365,0.000000,0.000000,-0.126328
3083,06 08 10 12 14 24,-0.01411943,0.44491067,0.470668,0.824347,-0.138548,-1.520773,0.000000,0.000000,-0.574789
3084,02 14 18 22 24 33,-0.01419863,0.51200531,0.609100,-1.042302,0.092365,0.487795,0.000000,0.000000,1.032136
3085,09 10 12 13 18 33,-0.01420027,0.47372814,0.470668,-0.533056,-0.369462,-0.086081,0.000000,0.000000,0.681559
3086,01 04 06 07 10 22,-0.01424023,0.40160464,-0.913650,-0.346059,-0.138548,-0.086081,0.000000,0.000000,-0.195127
3087,02 10 14 22 24 33,-0.01425587,0.45131668,-0.359923,-0.709571,0.554193,0.057388,0.000000,0.000000,0.990027
3088,01 02 04 08 18 33,-0.01428587,0.60457338,2.408714,-0.806847,-0.600376,0.344326,0.000000,0.000000,0.428045
3089,01 02 06 09 22 24,-0.01434464,0.39529330,-1.190514,0.301187,1.477848,-1.090365,0.000000,0.000000,0.312221
3090,01 02 07 09 10 13,-0.01435329,0.44602230,-1.605810,-0.233569,1.708762,0.344326,0.000000,0.000000,-2.251456
3091,08 10 12 14 24 33,-0.01436763,0.47929103,1.024396,0.095328,-0.369462,-0.946896,0.000000,0.000000,0.762160
3092,02 09 12 14 18 22,-0.01438773,0.40788439,-1.190514,-0.831310,0.092365,0.487795,0.000000,0.000000,0.021614
3093,02 04 08 10 14 18,-0.01441541,0.56393332,1.162828,-0.404704,0.092365,0.344326,0.000000,0.000000,-1.463758
3094,02 08 10 12 14 22,-0.01447100,0.43187525,-0.359923,-0.285863,-0.369462,-0.086081,0.000000,0.000000,-0.509627
3095,01 02 10 12 14 18,-0.01447727,0.51201987,0.470668,-0.718830,-0.369462,0.631264,0.000000,0.000000,-1.020675
3096,01 02 08 09 12 14,-0.01450870,0.42669621,-0.636787,0.339180,0.092365,-0.516489,0.000000,0.000000,-1.910016
3097,08 09 10 13 14 33,-0.01454624,0.40461188,-0.083059,0.413282,-0.369462,-1.233835,0.000000,0.000000,0.265626
3098,01 06 07 08 12 24,-0.01456337,0.46700742,0.470668,0.356101,0.323279,-1.090365,0.000000,0.000000,0.024104
3099,01 04 07 09 18 22,-0.01457971,0.43439056,-0.913650,-0.723926,0.554193,0.344326,0.000000,0.000000,-0.001616
3100,06 07 08 12 13 18,-0.01461668,0.51310978,1.024396,-0.085026,-0.831289,-0.086081,0.000000,0.000000,-1.466422
3101,02 07 10 12 14 22,-0.01463829,0.39093552,-1.882673,-1.248565,0.323279,1.061672,0.000000,0.000000,-0.093538
3102,08 09 10 12 13 33,-0.01464087,0.44306174,0.332236,0.268672,-0.369462,-0.946896,0.000000,0.000000,-0.085512
3103,01 04 06 09 22 33,-0.01465397,0.36549069,-0.636787,-0.023675,-0.831289,-0.803427,0.000000,0.000000,0.768632
3104,01 04 07 09 10 22,-0.01466896,0.37370193,-1.882673,-0.391195,1.016020,-0.086081,0.000000,0.000000,-0.048467
3105,08 09 10 12 14 24,-0.01467823,0.41700796,-0.498355,0.779211,1.016020,-1.520773,0.000000,0.000000,-0.447400
3106,02 07 12 14 18 22,-0.01479693,0.45162416,-0.913650,-1.581295,-0.138548,1.492079,0.000000,0.000000,-0.083411
3107,02 04 06 10 12 18,-0.01481791,0.54560640,0.747532,-0.716895,-0.138548,0.774733,0.000000,0.000000,-1.585408
3108,06 12 14 18 24 33,-0.01488173,0.48320289,1.162828,-0.404983,-1.062203,-0.373020,0.000000,0.000000,0.994722
3109,01 02 06 08 12 14,-0.01490776,0.45459892,0.332236,0.384316,-1.062203,-0.516489,0.000000,0.000000,-2.179316
3110,01 04 06 07 22 33,-0.01491537,0.40923046,-0.359923,-0.773661,-1.062203,0.200857,0.000000,0.000000,0.685504
3111,01 04 06 18 22 33,-0.01493859,0.48083658,1.301260,-0.612687,-1.754944,-0.086081,0.000000,0.000000,0.942983
3112,07 12 14 18 24 33,-0.01495545,0.49903994,0.470668,-1.200104,-0.138548,0.631264,0.000000,0.000000,1.149574
3113,01 02 07 08 12 14,-0.01499302,0.47043598,-0.359923,-0.410806,-0.138548,0.487795,0.000000,0.000000,-2.026171
3114,02 04 09 10 14 18,-0.01504124,0.47925383,-0.636787,-0.617420,1.016020,0.487795,0.000000,0.000000,-1.071199
3115,06 10 12 14 24 33,-0.01509539,0.42251426,0.193805,-0.072252,-0.600376,-0.803427,0.000000,0.000000,0.929440
3116,07 10 12 14 24 33,-0.01515902,0.43835131,-0.498355,-0.867373,0.323279,0.200857,0.000000,0.000000,1.085788
3117,01 02 08 10 22 24,-0.01516498,0.50672734,0.609100,0.212486,1.246934,-0.946896,0.000000,0.000000,0.098476
3118,01 07 08 09 12 24,-0.01518860,0.43910471,-0.498355,0.310966,1.477848,-1.090365,0.000000,0.000000,0.141651
3119,01 02 07 18 22 24,-0.01520371,0.52647625,0.055373,-1.082947,1.477848,0.631264,0.000000,0.000000,0.567240
3120,01 02 08 22 24 33,-0.01526428,0.51435315,1.162828,-0.215115,0.323279,-0.659958,0.000000,0.000000,1.064418
3121,01 02 06 18 22 24,-0.01530817,0.51063919,0.747532,-0.287825,0.554193,-0.373020,0.000000,0.000000,0.385989
3122,02 06 12 14 18 22,-0.01531267,0.43578710,-0.221491,-0.786174,-1.062203,0.487795,0.000000,0.000000,-0.325595
3123,09 10 13 14 18 33,-0.01531966,0.43527829,0.055373,-0.388446,-0.369462,-0.373020,0.000000,0.000000,0.852836
3124,01 02 09 18 22 24,-0.01545014,0.48273648,-0.221491,-0.332961,1.708762,-0.373020,0.000000,0.000000,0.575133
3125,02 04 07 08 09 14,-0.01545234,0.43766994,-1.467378,-0.309396,1.246934,0.344326,0.000000,0.000000,-2.061192
3126,02 06 10 12 14 22,-0.01549394,0.37509847,-1.190514,-0.453443,-0.600376,0.057388,0.000000,0.000000,-0.386079
3127,07 09 10 12 14 24,-0.01553345,0.37606824,-2.021105,-0.183491,1.708762,-0.373020,0.000000,0.000000,-0.133229
3128,07 10 12 14 18 24,-0.01555233,0.49141413,-0.083059,-0.772503,0.785107,0.344326,0.000000,0.000000,0.080492
3129,06 08 09 13 14 18,-0.01556095,0.43092016,0.332236,0.809570,-0.600376,-1.377304,0.000000,0.000000,-1.224799
3130,09 12 14 18 24 33,-0.01557837,0.45530018,0.193805,-0.450118,0.092365,-0.373020,0.000000,0.000000,1.101690
3131,02 04 07 10 14 18,-0.01558000,0.52299360,-0.359923,-1.367406,0.785107,1.492079,0.000000,0.000000,-1.195421
3132,02 09 10 12 14 22,-0.01561492,0.34719575,-2.159537,-0.498579,0.554193,0.057388,0.000000,0.000000,-0.193826
3133,08 10 12 14 18 24,-0.01577501,0.53235385,1.439691,0.190199,0.092365,-0.803427,0.000000,0.000000,-0.393373
3134,01 04 09 10 18 22,-0.01584867,0.44530806,-0.221491,-0.230221,0.323279,-0.373020,0.000000,0.000000,0.037675
3135,06 07 09 12 13 18,-0.01586515,0.42843029,-0.775218,-0.297742,0.092365,0.057388,0.000000,0.000000,-1.166110
3136,01 02 06 09 12 14,-0.01587912,0.36991943,-1.467378,0.171600,-0.138548,-0.373020,0.000000,0.000000,-1.837948
3137,07 08 09 12 13 18,-0.01588664,0.48520707,0.055373,-0.130161,0.323279,-0.086081,0.000000,0.000000,-1.444394
3138,01 02 07 09 22 24,-0.01591029,0.41113035,-1.882673,-0.493934,2.401503,-0.086081,0.000000,0.000000,0.246040
3139,02 12 14 18 22 33,-0.01591119,0.47016746,0.332236,-1.515192,-1.293117,1.061672,0.000000,0.000000,0.959452
3140,01 08 09 12 18 24,-0.01592205,0.51071083,1.162828,0.471939,0.785107,-1.377304,0.000000,0.000000,0.293909
3141,01 04 06 10 22 33,-0.01597269,0.42014795,0.332236,-0.279956,-1.293117,-0.516489,0.000000,0.000000,0.756150
3142,01 06 08 09 14 24,-0.01598320,0.38481780,-0.221491,1.250697,0.554193,-2.381588,0.000000,0.000000,0.195273
3143,01 04 07 09 22 33,-0.01608020,0.38132774,-1.328946,-0.818796,0.092365,0.200857,0.000000,0.000000,0.723108
3144,06 10 12 14 18 24,-0.01608225,0.47557708,0.609100,0.022618,-0.138548,-0.659958,0.000000,0.000000,-0.163793
3145,01 06 08 13 18 33,-0.01610852,0.52621747,2.547146,0.151146,-1.754944,-1.090365,0.000000,0.000000,0.749577
3146,01 07 08 12 18 24,-0.01612332,0.55445060,1.439691,-0.278047,0.554193,-0.373020,0.000000,0.000000,0.219688
3147,01 02 07 10 22 24,-0.01626560,0.46578761,-0.913650,-0.750216,1.939675,0.200857,0.000000,0.000000,0.376289
3148,01 04 06 10 18 22,-0.01628469,0.47321077,0.747532,-0.185086,-0.831289,-0.373020,0.000000,0.000000,-0.237099
3149,02 10 12 14 22 33,-0.01631035,0.40947883,-0.636787,-1.182461,-0.831289,0.631264,0.000000,0.000000,0.866687
3150,01 06 08 12 18 24,-0.01633089,0.53861355,2.131851,0.517075,-0.369462,-1.377304,0.000000,0.000000,0.023161
3151,01 02 06 07 22 24,-0.01634158,0.43903307,-0.913650,-0.448799,1.246934,-0.086081,0.000000,0.000000,-0.028034
3152,07 09 10 13 14 33,-0.01637175,0.36367216,-1.605810,-0.549420,0.323279,-0.086081,0.000000,0.000000,0.436046
3153,01 04 09 10 22 33,-0.01639725,0.39224523,-0.636787,-0.325092,-0.138548,-0.516489,0.000000,0.000000,0.903427
3154,01 04 07 18 22 33,-0.01640250,0.49667364,0.609100,-1.407809,-0.831289,0.918202,0.000000,0.000000,0.891875
3155,06 08 10 12 13 18,-0.01642507,0.52402727,1.716555,0.408678,-1.062203,-0.803427,0.000000,0.000000,-1.507049
3156,01 02 06 10 22 24,-0.01645329,0.44995056,-0.221491,0.044906,1.016020,-0.803427,0.000000,0.000000,0.182708
3157,07 09 10 12 13 33,-0.01646891,0.40212201,-1.190514,-0.694030,0.323279,0.200857,0.000000,0.000000,0.084533
3158,01 04 09 18 22 33,-0.01647801,0.45293387,0.332236,-0.657823,-0.600376,-0.086081,0.000000,0.000000,0.925090
3159,09 10 12 14 24 33,-0.01655934,0.39461154,-0.775218,-0.117388,0.554193,-0.803427,0.000000,0.000000,0.922728
3160,01 06 07 09 12 24,-0.01662653,0.38232793,-1.328946,0.143385,1.246934,-0.946896,0.000000,0.000000,0.203718
3161,06 07 08 13 14 18,-0.01665463,0.47465993,0.609100,0.059584,-0.831289,-0.373020,0.000000,0.000000,-1.431233
3162,01 02 06 08 12 22,-0.01668440,0.43813494,0.332236,0.041013,-0.831289,-0.659958,0.000000,0.000000,-0.338659
3163,02 04 06 10 14 18,-0.01668859,0.50715655,0.332236,-0.572285,-0.138548,0.487795,0.000000,0.000000,-1.525436
3164,01 06 07 08 14 24,-0.01679171,0.42855757,0.055373,0.500711,0.323279,-1.377304,0.000000,0.000000,0.031088
3165,01 07 08 10 12 24,-0.01679375,0.49376197,0.470668,0.054684,1.016020,-0.803427,0.000000,0.000000,0.086733
3166,02 04 06 08 09 14,-0.01679707,0.42183288,-0.775218,0.485725,0.323279,-0.659958,0.000000,0.000000,-2.426192
3167,01 04 07 10 18 22,-0.01684264,0.48904782,0.055373,-0.980207,0.092365,0.631264,0.000000,0.000000,-0.153986
3168,02 04 07 08 09 12,-0.01686108,0.47611979,-1.052082,-0.454006,1.246934,0.631264,0.000000,0.000000,-2.607020
3169,01 06 08 12 24 33,-0.01691364,0.48555073,1.716555,0.422204,-0.831289,-1.520773,0.000000,0.000000,0.883851
3170,04 07 08 09 18 24,-0.01696548,0.52168456,0.332236,-0.176637,1.939675,-0.516489,0.000000,0.000000,0.127949
3171,01 06 08 10 12 24,-0.01701141,0.47792491,1.162828,0.849805,0.092365,-1.807711,0.000000,0.000000,-0.111289
3172,01 02 08 09 12 22,-0.01702646,0.41023223,-0.636787,-0.004122,0.323279,-0.659958,0.000000,0.000000,-0.179159
3173,01 02 04 09 18 33,-0.01703452,0.51989389,0.609100,-1.019563,0.323279,0.487795,0.000000,0.000000,0.506101
3174,01 02 07 09 12 14,-0.01703851,0.38575649,-2.159537,-0.623522,0.785107,0.631264,0.000000,0.000000,-1.843941
3175,06 08 10 13 14 18,-0.01705327,0.48557742,1.301260,0.553288,-1.062203,-1.090365,0.000000,0.000000,-1.263000
3176,01 02 07 08 12 22,-0.01716077,0.45397199,-0.359923,-0.754108,0.092365,0.344326,0.000000,0.000000,-0.243461
3177,01 02 04 07 18 33,-0.01718665,0.56363365,0.885964,-1.769548,0.092365,1.492079,0.000000,0.000000,0.439160
3178,02 04 06 07 08 14,-0.01720177,0.46557265,-0.498355,-0.264260,0.092365,0.344326,0.000000,0.000000,-2.530553
3179,06 07 10 12 13 18,-0.01723791,0.48308755,0.193805,-0.554024,-0.369462,0.344326,0.000000,0.000000,-1.186600
3180,04 06 08 09 18 24,-0.01727627,0.50584751,1.024396,0.618485,1.016020,-1.520773,0.000000,0.000000,-0.083870
3181,01 02 06 07 12 14,-0.01733444,0.41365920,-1.190514,-0.578386,-0.369462,0.631264,0.000000,0.000000,-2.097960
3182,01 04 07 10 22 33,-0.01735337,0.43598500,-0.359923,-1.075078,-0.369462,0.487795,0.000000,0.000000,0.717373
3183,02 10 12 14 18 22,-0.01736204,0.46254165,-0.221491,-1.087591,-0.369462,0.774733,0.000000,0.000000,-0.236150
3184,09 10 12 14 18 24,-0.01737317,0.44767436,-0.359923,-0.022517,1.016020,-0.659958,0.000000,0.000000,-0.144869
3185,02 04 07 08 10 14,-0.01739203,0.49232720,-0.498355,-0.565677,0.785107,0.631264,0.000000,0.000000,-2.165672
3186,06 09 10 12 13 18,-0.01741442,0.43934778,-0.083059,0.195962,-0.138548,-0.659958,0.000000,0.000000,-1.168348
3187,01 07 08 09 14 24,-0.01742451,0.40065486,-0.913650,0.455576,1.477848,-1.377304,0.000000,0.000000,0.147514
3188,01 06 08 09 13 33,-0.01745807,0.41087158,0.609100,0.740158,-0.831289,-1.807711,0.000000,0.000000,0.333120
3189,01 07 08 13 18 33,-0.01752119,0.54205453,1.854987,-0.643976,-0.831289,-0.086081,0.000000,0.000000,0.706061
3190,07 08 10 12 13 18,-0.01752467,0.53986433,1.024396,-0.386443,-0.138548,0.200857,0.000000,0.000000,-1.504183
3191,01 07 08 12 24 33,-0.01752880,0.50138778,1.024396,-0.372917,0.092365,-0.516489,0.000000,0.000000,0.958487
3192,01 08 09 10 12 24,-0.01753261,0.45002220,0.193805,0.804670,1.246934,-1.807711,0.000000,0.000000,0.021671
3193,01 02 04 06 18 33,-0.01756686,0.54779660,1.578123,-0.974427,-0.831289,0.487795,0.000000,0.000000,0.217055
3194,01 02 06 22 24 33,-0.01761329,0.45757637,0.332236,-0.382696,0.092365,-0.516489,0.000000,0.000000,0.991504
3195,01 08 09 13 18 33,-0.01763008,0.49831476,1.578123,0.106010,-0.600376,-1.090365,0.000000,0.000000,0.734331
3196,01 08 09 12 24 33,-0.01764398,0.45764801,0.747532,0.377069,0.323279,-1.520773,0.000000,0.000000,0.985826
3197,01 02 08 10 12 14,-0.01775263,0.48135347,0.332236,0.082899,-0.369462,-0.229551,0.000000,0.000000,-2.207725
3198,01 02 08 12 22 33,-0.01783164,0.47251530,0.885964,-0.688005,-1.062203,-0.086081,0.000000,0.000000,0.865093
3199,01 02 09 10 22 24,-0.01784342,0.42204785,-1.190514,-0.000230,2.170589,-0.803427,0.000000,0.000000,0.186933
3200,01 02 10 18 22 24,-0.01785473,0.53739374,0.747532,-0.589242,1.246934,-0.086081,0.000000,0.000000,0.401776
3201,01 06 09 10 12 24,-0.01787127,0.39324542,-0.636787,0.637089,1.016020,-1.664242,0.000000,0.000000,0.246597
3202,01 08 09 14 18 24,-0.01788991,0.47226098,0.747532,0.616549,0.785107,-1.664242,0.000000,0.000000,0.339484
3203,01 04 10 18 22 33,-0.01791650,0.50759113,1.301260,-0.914104,-1.062203,0.200857,0.000000,0.000000,0.894863
3204,02 04 08 09 10 14,-0.01793443,0.44858743,-0.775218,0.184308,1.016020,-0.373020,0.000000,0.000000,-2.201628
3205,04 06 07 08 18 24,-0.01794216,0.54958728,1.301260,-0.131501,0.785107,-0.516489,0.000000,0.000000,-0.226927
3206,01 06 07 10 12 24,-0.01796009,0.43698519,-0.359923,-0.112896,0.785107,-0.659958,0.000000,0.000000,0.189036
3207,01 07 08 14 18 24,-0.01807347,0.51600075,1.024396,-0.133437,0.554193,-0.659958,0.000000,0.000000,0.267886
3208,01 07 08 10 14 24,-0.01807506,0.45531212,0.055373,0.199294,1.016020,-1.090365,0.000000,0.000000,0.234021
3209,01 02 09 22 24 33,-0.01807718,0.42967366,-0.636787,-0.427831,1.246934,-0.516489,0.000000,0.000000,1.132955
3210,04 06 08 09 24 33,-0.01809337,0.45278469,0.609100,0.523614,0.554193,-1.664242,0.000000,0.000000,0.742099
3211,01 02 04 07 08 18,-0.01812015,0.58603007,1.162828,-0.872950,0.554193,0.774733,0.000000,0.000000,-1.347961
3212,01 02 07 22 24 33,-0.01815201,0.47341343,-0.359923,-1.177817,1.016020,0.487795,0.000000,0.000000,1.077465
3213,07 08 10 13 14 18,-0.01815540,0.50141447,0.609100,-0.241833,-0.138548,-0.086081,0.000000,0.000000,-1.260509
3214,01 06 08 10 13 33,-0.01816754,0.46552884,1.578123,0.483877,-1.293117,-1.520773,0.000000,0.000000,0.410898
3215,01 02 04 08 09 18,-0.01818977,0.54229030,0.885964,-0.122964,0.785107,-0.229551,0.000000,0.000000,-1.313874
3216,04 07 08 18 24 33,-0.01820497,0.58396763,1.854987,-0.860520,0.554193,0.057388,0.000000,0.000000,1.107858
3217,02 04 06 08 09 12,-0.01820833,0.46028274,-0.359923,0.341115,0.323279,-0.373020,0.000000,0.000000,-2.972394
3218,01 06 07 12 18 24,-0.01821393,0.49767383,0.609100,-0.445627,0.323279,-0.229551,0.000000,0.000000,0.185057
3219,01 06 07 08 13 33,-0.01824639,0.45461135,0.885964,-0.009828,-1.062203,-0.803427,0.000000,0.000000,0.171926
3220,01 02 04 08 09 33,-0.01827301,0.48922748,0.470668,-0.217834,0.323279,-0.373020,0.000000,0.000000,-0.379180
3221,01 06 08 14 18 24,-0.01827852,0.50016370,1.716555,0.661685,-0.369462,-1.664242,0.000000,0.000000,0.071732
3222,02 04 08 09 22 33,-0.01828234,0.43974926,-0.221491,-0.586595,0.323279,-0.229551,0.000000,0.000000,0.831352
3223,10 12 14 18 24 33,-0.01828449,0.50995744,1.162828,-0.706400,-0.369462,-0.086081,0.000000,0.000000,0.883661
3224,01 06 08 10 14 24,-0.01829020,0.43947506,0.747532,0.994415,0.092365,-2.094649,0.000000,0.000000,0.036373
3225,06 07 09 13 14 18,-0.01829298,0.38998044,-1.190514,-0.153132,0.092365,-0.229551,0.000000,0.000000,-1.188683
3226,02 04 07 08 09 22,-0.01830596,0.42120595,-1.467378,-0.652698,1.477848,0.200857,0.000000,0.000000,-0.380093
3227,07 08 09 13 14 18,-0.01831953,0.44675721,-0.359923,0.014449,0.323279,-0.373020,0.000000,0.000000,-1.467715
3228,01 02 07 10 12 14,-0.01835441,0.44041375,-1.190514,-0.879803,0.323279,0.918202,0.000000,0.000000,-1.856005
3229,01 02 04 10 18 33,-0.01835919,0.57455115,1.578123,-1.275844,-0.138548,0.774733,0.000000,0.000000,0.492737
3230,01 08 10 12 18 24,-0.01837020,0.56536809,2.131851,0.215658,0.323279,-1.090365,0.000000,0.000000,0.114098
3231,01 08 10 13 18 33,-0.01838633,0.55297202,2.547146,-0.150271,-1.062203,-0.803427,0.000000,0.000000,0.805180
3232,02 04 07 08 22 33,-0.01843601,0.48348903,0.055373,-1.336581,0.092365,0.774733,0.000000,0.000000,0.764182
3233,01 02 04 08 10 33,-0.01845216,0.54388474,1.439691,-0.474116,-0.138548,-0.086081,0.000000,0.000000,-0.222832
3234,04 06 08 18 24 33,-0.01848548,0.56813058,2.547146,-0.065398,-0.369462,-0.946896,0.000000,0.000000,0.900525
3235,04 08 09 18 24 33,-0.01850577,0.54022787,1.578123,-0.110534,0.785107,-0.946896,0.000000,0.000000,1.107696
3236,02 04 06 07 08 12,-0.01851565,0.50402250,-0.083059,-0.408870,0.092365,0.631264,0.000000,0.000000,-3.062326
3237,01 02 06 09 12 22,-0.01851974,0.35345545,-1.467378,-0.171703,0.092365,-0.516489,0.000000,0.000000,-0.125294
3238,01 02 08 12 18 22,-0.01858926,0.52557812,1.301260,-0.593135,-0.600376,0.057388,0.000000,0.000000,-0.194175
3239,04 07 08 10 18 24,-0.01860484,0.57634182,1.301260,-0.432918,1.477848,-0.229551,0.000000,0.000000,0.067962
3240,04 07 08 09 24 33,-0.01860532,0.46862174,-0.083059,-0.271507,1.477848,-0.659958,0.000000,0.000000,0.832028
3241,02 04 07 08 18 22,-0.01861839,0.53655185,0.470668,-1.241711,0.554193,0.918202,0.000000,0.000000,-0.209864
3242,02 04 08 09 18 22,-0.01863174,0.49281208,0.193805,-0.491725,0.785107,-0.086081,0.000000,0.000000,-0.167438
3243,06 07 10 13 14 18,-0.01871749,0.44463770,-0.221491,-0.409414,-0.369462,0.057388,0.000000,0.000000,-1.068686
3244,01 08 09 10 14 24,-0.01881897,0.41157235,-0.221491,0.949280,1.246934,-2.094649,0.000000,0.000000,0.168211
3245,01 06 07 09 14 24,-0.01885739,0.34387808,-1.744242,0.287995,1.246934,-1.233835,0.000000,0.000000,0.210328
3246,06 09 10 13 14 18,-0.01889905,0.40089793,-0.498355,0.340572,-0.138548,-0.946896,0.000000,0.000000,-1.051181
3247,02 04 06 07 09 14,-0.01891040,0.38089316,-2.297969,-0.476976,1.016020,0.487795,0.000000,0.000000,-2.298414
3248,01 02 04 07 08 33,-0.01893378,0.53296725,0.747532,-0.967820,0.092365,0.631264,0.000000,0.000000,-0.521478
3249,01 02 06 10 12 14,-0.01894835,0.42457669,-0.498355,-0.084682,-0.600376,-0.086081,0.000000,0.000000,-2.109775
3250,01 06 08 14 24 33,-0.01899536,0.44710087,1.301260,0.566814,-0.831289,-1.807711,0.000000,0.000000,0.912556
3251,04 06 07 08 24 33,-0.01902872,0.49652445,0.885964,-0.226372,0.323279,-0.659958,0.000000,0.000000,0.559122
3252,01 06 09 12 18 24,-0.01908081,0.45393406,0.332236,0.304359,0.554193,-1.233835,0.000000,0.000000,0.101029
3253,01 07 09 12 18 24,-0.01908715,0.46977111,-0.359923,-0.490763,1.477848,-0.229551,0.000000,0.000000,0.265864
3254,01 02 06 08 14 22,-0.01909993,0.39968509,-0.083059,0.185623,-0.831289,-0.946896,0.000000,0.000000,-0.359410
3255,04 07 08 10 24 33,-0.01915249,0.52327900,0.885964,-0.527789,1.016020,-0.373020,0.000000,0.000000,0.933852
3256,01 02 07 09 12 22,-0.01921636,0.36929250,-2.159537,-0.966824,1.016020,0.487795,0.000000,0.000000,-0.062725
3257,01 08 10 12 24 33,-0.01930724,0.51230527,1.716555,0.120787,-0.138548,-1.233835,0.000000,0.000000,0.922298
3258,02 04 07 09 10 14,-0.01932935,0.40764771,-2.297969,-0.778394,1.708762,0.774733,0.000000,0.000000,-1.967416
3259,04 06 07 09 18 24,-0.01933781,0.46490779,-0.498355,-0.344217,1.708762,-0.373020,0.000000,0.000000,0.051580
3260,04 08 09 10 18 24,-0.01936642,0.53260205,1.024396,0.317067,1.708762,-1.233835,0.000000,0.000000,-0.000465
3261,01 06 08 09 13 18,-0.01939802,0.46393440,1.024396,0.835029,-0.369462,-1.664242,0.000000,0.000000,-0.901315
3262,01 02 08 10 12 22,-0.01942659,0.46488949,0.332236,-0.260404,-0.138548,-0.373020,0.000000,0.000000,-0.351856
3263,01 02 08 09 14 22,-0.01944957,0.37178237,-1.052082,0.140488,0.323279,-0.946896,0.000000,0.000000,-0.201032
3264,04 06 07 08 09 24,-0.01948045,0.43424138,-0.636787,0.457511,1.708762,-1.233835,0.000000,0.000000,-0.671346
3265,01 02 06 07 12 22,-0.01948201,0.39719522,-1.190514,-0.921689,-0.138548,0.487795,0.000000,0.000000,-0.312259
3266,01 02 04 06 08 33,-0.01948613,0.51713020,1.439691,-0.172699,-0.831289,-0.373020,0.000000,0.000000,-0.769085
3267,01 02 04 06 08 18,-0.01949523,0.57019302,1.854987,-0.077828,-0.369462,-0.229551,0.000000,0.000000,-1.717458
3268,01 02 10 22 24 33,-0.01951732,0.48433092,0.332236,-0.684113,0.785107,-0.229551,0.000000,0.000000,1.102483
3269,02 04 06 09 10 14,-0.01954859,0.39181065,-1.605810,0.016728,0.785107,-0.229551,0.000000,0.000000,-2.165672
3270,01 08 12 18 24 33,-0.01956664,0.57299391,2.685578,-0.211944,-0.600376,-0.803427,0.000000,0.000000,0.917495
3271,01 07 08 10 13 33,-0.01957011,0.48136589,0.885964,-0.311245,-0.369462,-0.516489,0.000000,0.000000,0.368878
3272,01 07 09 10 12 24,-0.01957531,0.40908248,-1.328946,-0.158032,1.939675,-0.659958,0.000000,0.000000,0.159913
3273,01 02 07 08 14 22,-0.01957883,0.41552214,-0.775218,-0.609498,0.092365,0.057388,0.000000,0.000000,-0.264585
3274,01 06 07 13 18 33,-0.01958024,0.48527775,1.024396,-0.811556,-1.062203,0.057388,0.000000,0.000000,0.676106
3275,01 06 07 12 24 33,-0.01958156,0.44461100,0.193805,-0.540498,-0.138548,-0.373020,0.000000,0.000000,0.929464
3276,02 04 08 18 22 33,-0.01959755,0.55509515,1.716555,-1.175608,-0.600376,0.487795,0.000000,0.000000,0.853018
3277,01 07 08 14 24 33,-0.01961304,0.46293793,0.609100,-0.228307,0.092365,-0.803427,0.000000,0.000000,0.986819
3278,04 07 08 09 10 24,-0.01963420,0.46099593,-0.636787,0.156094,2.401503,-0.946896,0.000000,0.000000,-0.301058
3279,02 04 06 08 09 22,-0.01964059,0.40536890,-0.775218,0.142423,0.554193,-0.803427,0.000000,0.000000,-0.743598
3280,02 04 06 07 10 14,-0.01973092,0.43555042,-1.328946,-0.733258,0.554193,0.774733,0.000000,0.000000,-2.237088
3281,02 04 06 08 22 33,-0.01974037,0.46765197,0.747532,-0.541460,-0.831289,-0.229551,0.000000,0.000000,0.405163
3282,01 08 09 14 24 33,-0.01974592,0.41919816,0.332236,0.521679,0.323279,-1.807711,0.000000,0.000000,1.011535
3283,08 09 10 12 13 18,-0.01977456,0.49612456,0.747532,0.363543,0.092365,-0.803427,0.000000,0.000000,-1.793109
3284,01 02 08 14 22 33,-0.01980198,0.43406545,0.470668,-0.543395,-1.062203,-0.373020,0.000000,0.000000,0.910300
3285,02 04 07 08 10 22,-0.01984600,0.47586321,-0.498355,-0.908980,1.016020,0.487795,0.000000,0.000000,-0.425366
3286,01 06 07 14 18 24,-0.01986778,0.45922397,0.193805,-0.301017,0.323279,-0.516489,0.000000,0.000000,0.277152
3287,01 02 18 22 24 33,-0.01987678,0.54501955,1.301260,-1.016843,0.323279,0.200857,0.000000,0.000000,1.082857
3288,01 02 04 06 09 18,-0.01987983,0.48551353,0.055373,-0.290544,0.554193,-0.086081,0.000000,0.000000,-1.289162
3289,01 02 04 08 10 18,-0.01992207,0.59694756,1.854987,-0.379245,0.323279,0.057388,0.000000,0.000000,-1.387629
3290,01 02 04 06 09 33,-0.01992522,0.43245070,-0.359923,-0.385415,0.092365,-0.229551,0.000000,0.000000,-0.348860
3291,04 08 09 10 24 33,-0.01995192,0.47953923,0.609100,0.222197,1.246934,-1.377304,0.000000,0.000000,0.859817
3292,04 06 08 09 10 24,-0.01995508,0.44515887,0.055373,0.951215,1.477848,-1.951180,0.000000,0.000000,-0.514373
3293,01 06 09 10 14 24,-0.02000648,0.35479557,-1.052082,0.781699,1.016020,-1.951180,0.000000,0.000000,0.267378
3294,01 02 06 12 22 33,-0.02002400,0.41573852,0.055373,-0.855586,-1.293117,0.057388,0.000000,0.000000,0.815389
3295,04 06 07 08 10 24,-0.02007173,0.48889864,0.332236,0.201229,1.246934,-0.946896,0.000000,0.000000,-0.576057
3296,01 06 07 10 14 24,-0.02009025,0.39853534,-0.775218,0.031714,0.785107,-0.946896,0.000000,0.000000,0.210565
3297,01 09 10 12 18 24,-0.02009686,0.48068860,0.332236,0.002941,1.246934,-0.946896,0.000000,0.000000,0.343565
3298,01 02 09 10 12 14,-0.02012724,0.39667398,-1.467378,-0.129818,0.554193,-0.086081,0.000000,0.000000,-2.074253
3299,01 06 07 08 13 18,-0.02022418,0.50767417,1.301260,0.085043,-0.600376,-0.659958,0.000000,0.000000,-1.068117
3300,04 06 07 18 24 33,-0.02022655,0.52719086,1.024396,-1.028100,0.323279,0.200857,0.000000,0.000000,1.083455
3301,02 04 07 08 10 12,-0.02022822,0.53077705,-0.083059,-0.710287,0.785107,0.918202,0.000000,0.000000,-2.922982
3302,01 08 10 14 18 24,-0.02025001,0.52691824,1.716555,0.360268,0.323279,-1.377304,0.000000,0.000000,0.172717
3303,04 06 08 10 24 33,-0.02029699,0.50744195,1.578123,0.267333,0.092365,-1.377304,0.000000,0.000000,0.598516
3304,01 02 09 12 18 22,-0.02030234,0.44089863,-0.498355,-0.805851,0.323279,0.200857,0.000000,0.000000,0.037304
3305,02 04 06 07 09 12,-0.02032419,0.41934301,-1.882673,-0.621586,1.016020,0.774733,0.000000,0.000000,-2.844989
3306,02 04 08 09 10 12,-0.02033333,0.48703728,-0.359923,0.039698,1.016020,-0.086081,0.000000,0.000000,-2.894152
3307,01 08 09 10 13 33,-0.02033421,0.43762612,0.609100,0.438741,-0.138548,-1.520773,0.000000,0.000000,0.300077
3308,02 04 06 08 10 14,-0.02039320,0.47649014,0.193805,0.229444,-0.138548,-0.373020,0.000000,0.000000,-2.776080
3309,01 02 04 07 10 33,-0.02040592,0.50294502,-0.083059,-1.436818,0.554193,1.061672,0.000000,0.000000,-0.071413
3310,02 04 08 09 10 22,-0.02040859,0.43212345,-0.775218,-0.158994,1.246934,-0.516489,0.000000,0.000000,-0.464312
3311,08 09 10 13 14 18,-0.02041033,0.45767471,0.332236,0.508153,0.092365,-1.090365,0.000000,0.000000,-1.550182
3312,01 02 04 07 09 18,-0.02042645,0.50135058,-0.636787,-1.085666,1.477848,0.918202,0.000000,0.000000,-1.204370
3313,02 04 06 07 08 22,-0.02043484,0.44910867,-0.498355,-0.607563,0.323279,0.200857,0.000000,0.000000,-0.905671
3314,07 09 10 12 13 18,-0.02043573,0.45518484,-0.775218,-0.599159,0.785107,0.344326,0.000000,0.000000,-1.450190
3315,01 07 10 12 18 24,-0.02046749,0.52442837,0.609100,-0.747044,1.016020,0.057388,0.000000,0.000000,0.244252
3316,01 06 09 13 18 33,-0.02048500,0.44153798,0.747532,-0.061570,-0.831289,-0.946896,0.000000,0.000000,0.586465
3317,01 06 09 12 24 33,-0.02048629,0.40087124,-0.083059,0.209488,0.092365,-1.377304,0.000000,0.000000,0.839828
3318,01 06 10 12 18 24,-0.02051302,0.50859132,1.301260,0.048077,0.092365,-0.946896,0.000000,0.000000,0.071732
3319,01 07 08 09 13 33,-0.02051708,0.42670863,-0.083059,-0.054963,0.092365,-0.803427,0.000000,0.000000,0.045692
3320,01 02 08 14 18 22,-0.02052175,0.48712827,0.885964,-0.448525,-0.600376,-0.229551,0.000000,0.000000,-0.143361
3321,06 08 09 13 22 33,-0.02052534,0.36139335,-0.083059,0.371397,-0.831289,-1.664242,0.000000,0.000000,1.090608
3322,01 02 07 10 12 22,-0.02054235,0.42394976,-1.190514,-1.223106,0.554193,0.774733,0.000000,0.000000,-0.076285
3323,04 06 08 10 18 24,-0.02057208,0.56050477,1.993419,0.362203,0.554193,-1.233835,0.000000,0.000000,-0.389264
3324,04 06 09 18 24 33,-0.02057470,0.48345109,0.747532,-0.278114,0.554193,-0.803427,0.000000,0.000000,1.076278
3325,02 04 08 10 22 33,-0.02058082,0.49440652,0.747532,-0.842877,-0.138548,0.057388,0.000000,0.000000,0.673714
3326,04 07 09 10 18 24,-0.02059395,0.49166233,-0.498355,-0.645634,2.401503,-0.086081,0.000000,0.000000,0.258547
3327,01 02 07 12 18 22,-0.02063939,0.48463840,-0.221491,-1.555837,0.092365,1.205141,0.000000,0.000000,-0.057034
3328,04 06 09 10 18 24,-0.02063948,0.47582528,0.193805,0.149487,1.477848,-1.090365,0.000000,0.000000,0.086026
3329,01 02 09 12 22 33,-0.02064605,0.38783581,-0.913650,-0.900721,-0.138548,0.057388,0.000000,0.000000,0.933407
3330,01 02 07 12 22 33,-0.02066666,0.43157558,-0.636787,-1.650707,-0.369462,1.061672,0.000000,0.000000,0.885952
3331,02 04 06 09 22 33,-0.02067218,0.38297248,-1.052082,-0.754176,0.092365,-0.086081,0.000000,0.000000,0.752389
3332,02 06 08 09 12 24,-0.02067888,0.44074945,-0.221491,0.375586,1.477848,-1.377304,0.000000,0.000000,0.037848
3333,04 06 07 10 18 24,-0.02070559,0.51956505,0.470668,-0.600499,1.246934,-0.086081,0.000000,0.000000,0.031830
3334,01 02 06 10 12 22,-0.02074517,0.40811271,-0.498355,-0.427985,-0.369462,-0.229551,0.000000,0.000000,-0.272109
3335,02 04 06 08 18 22,-0.02074548,0.52071479,1.162828,-0.446589,-0.369462,-0.086081,0.000000,0.000000,-0.690773
3336,01 02 04 06 10 33,-0.02079622,0.48710797,0.609100,-0.641696,-0.369462,0.057388,0.000000,0.000000,-0.295013
3337,01 02 06 12 18 22,-0.02081947,0.46880134,0.470668,-0.760715,-0.831289,0.200857,0.000000,0.000000,-0.249487
3338,01 07 09 10 14 24,-0.02085915,0.37063263,-1.744242,-0.013422,1.939675,-0.946896,0.000000,0.000000,0.306827
3339,02 04 07 09 18 22,-0.02086037,0.45187236,-1.328946,-1.454427,1.477848,1.061672,0.000000,0.000000,-0.056742
3340,01 06 08 10 13 18,-0.02089238,0.51859166,1.993419,0.578747,-0.831289,-1.377304,0.000000,0.000000,-0.939819
3341,01 02 08 10 14 22,-0.02089510,0.42643963,-0.083059,-0.115794,-0.138548,-0.659958,0.000000,0.000000,-0.232303
3342,04 08 10 18 24 33,-0.02091895,0.59488513,2.547146,-0.366815,0.323279,-0.659958,0.000000,0.000000,0.933067
3343,01 02 06 09 14 22,-0.02093780,0.31500560,-1.882673,-0.027093,0.092365,-0.803427,0.000000,0.000000,-0.146419
3344,04 06 07 09 24 33,-0.02093980,0.41184496,-0.913650,-0.439088,1.246934,-0.516489,0.000000,0.000000,0.761267
3345,01 06 09 14 18 24,-0.02104362,0.41548421,-0.083059,0.448969,0.554193,-1.520773,0.000000,0.000000,0.147351
3346,01 07 09 14 18 24,-0.02105248,0.43132126,-0.775218,-0.346153,1.477848,-0.516489,0.000000,0.000000,0.311813
3347,02 04 06 09 18 22,-0.02105942,0.43603530,-0.636787,-0.659305,0.554193,0.057388,0.000000,0.000000,-0.252008
3348,07 09 10 13 14 18,-0.02106898,0.41673498,-1.190514,-0.454549,0.785107,0.057388,0.000000,0.000000,-1.206889
3349,01 06 10 13 18 33,-0.02107921,0.49619524,1.716555,-0.317852,-1.293117,-0.659958,0.000000,0.000000,0.681320
3350,06 07 08 13 22 33,-0.02108811,0.40513312,0.193805,-0.378589,-1.062203,-0.659958,0.000000,0.000000,0.962829
3351,01 02 04 07 10 18,-0.02109094,0.55600784,0.332236,-1.341947,1.016020,1.205141,0.000000,0.000000,-1.119926
3352,01 06 10 12 24 33,-0.02113361,0.45552850,0.885964,-0.046793,-0.369462,-1.090365,0.000000,0.000000,0.926815
3353,01 07 08 10 13 18,-0.02114240,0.53442871,1.301260,-0.216374,0.092365,-0.373020,0.000000,0.000000,-0.811086
3354,04 06 09 10 24 33,-0.02118713,0.42276246,-0.221491,0.054616,1.016020,-1.233835,0.000000,0.000000,0.951916
3355,04 06 07 10 24 33,-0.02121539,0.46650222,0.055373,-0.695369,0.785107,-0.229551,0.000000,0.000000,0.903327
3356,01 02 04 07 09 33,-0.02129457,0.44828776,-1.052082,-1.180536,1.016020,0.774733,0.000000,0.000000,-0.385959
3357,02 04 07 09 22 33,-0.02129586,0.39880954,-1.744242,-1.549297,1.016020,0.918202,0.000000,0.000000,0.825764
3358,01 07 08 09 13 18,-0.02130448,0.47977145,0.332236,0.039907,0.554193,-0.659958,0.000000,0.000000,-1.017989
3359,02 07 08 09 12 24,-0.02131511,0.45658650,-0.913650,-0.419535,2.401503,-0.373020,0.000000,0.000000,0.109363
3360,01 07 09 12 24 33,-0.02131537,0.41670829,-0.775218,-0.585633,1.016020,-0.373020,0.000000,0.000000,0.882773
3361,01 08 10 14 24 33,-0.02132115,0.47385542,1.301260,0.265397,-0.138548,-1.520773,0.000000,0.000000,0.961050
3362,01 02 12 18 22 33,-0.02134649,0.50318170,1.024396,-1.489734,-1.062203,0.774733,0.000000,0.000000,1.046153
3363,04 07 09 18 24 33,-0.02136200,0.49928814,0.055373,-1.073236,1.477848,0.200857,0.000000,0.000000,1.125412
3364,04 07 08 12 18 33,-0.02141649,0.54212978,1.578123,-1.333410,-0.831289,0.631264,0.000000,0.000000,0.813101
3365,06 08 13 18 22 33,-0.02147528,0.47673925,1.854987,-0.217615,-1.754944,-0.946896,0.000000,0.000000,1.166389
3366,01 06 12 18 24 33,-0.02147605,0.51621713,1.854987,-0.379524,-0.831289,-0.659958,0.000000,0.000000,0.909711
3367,02 06 07 08 12 24,-0.02148990,0.48448922,0.055373,-0.374400,1.246934,-0.373020,0.000000,0.000000,-0.126711
3368,01 06 09 10 13 33,-0.02150153,0.38084935,-0.221491,0.271160,-0.369462,-1.377304,0.000000,0.000000,0.402234
3369,04 08 09 12 18 33,-0.02152409,0.49839001,1.301260,-0.583424,-0.600376,-0.373020,0.000000,0.000000,0.841561
3370,01 06 07 10 13 33,-0.02156512,0.42458912,0.055373,-0.478825,-0.600376,-0.373020,0.000000,0.000000,0.348412
3371,02 04 07 18 22 33,-0.02157943,0.51415543,0.193805,-2.138310,0.092365,1.635548,0.000000,0.000000,1.000270
3372,01 08 09 10 13 18,-0.02159005,0.49068895,1.024396,0.533611,0.323279,-1.377304,0.000000,0.000000,-0.833005
3373,01 02 07 09 14 22,-0.02163694,0.33084265,-2.574833,-0.822214,1.016020,0.200857,0.000000,0.000000,-0.084224
3374,01 06 07 14 24 33,-0.02164811,0.40616115,-0.221491,-0.395888,-0.138548,-0.659958,0.000000,0.000000,0.960418
3375,02 04 09 18 22 33,-0.02165746,0.47041566,-0.083059,-1.388324,0.323279,0.631264,0.000000,0.000000,1.033112
3376,01 08 14 18 24 33,-0.02170895,0.53454405,2.270283,-0.067334,-0.600376,-1.090365,0.000000,0.000000,0.937224
3377,04 06 08 12 18 33,-0.02171214,0.52629273,2.270283,-0.538288,-1.754944,-0.373020,0.000000,0.000000,0.603525
3378,02 04 06 07 09 22,-0.02174383,0.36442918,-2.297969,-0.820279,1.246934,0.344326,0.000000,0.000000,-0.614325
3379,02 04 06 18 22 33,-0.02177196,0.49831838,0.885964,-1.343188,-0.831289,0.631264,0.000000,0.000000,0.805970
3380,02 04 06 07 22 33,-0.02178494,0.42671225,-0.775218,-1.504162,-0.138548,0.918202,0.000000,0.000000,0.543127
3381,02 04 07 09 10 22,-0.02179341,0.39118372,-2.297969,-1.121696,1.939675,0.631264,0.000000,0.000000,-0.228605
3382,02 04 06 07 18 22,-0.02180030,0.47977507,-0.359923,-1.409291,0.323279,1.061672,0.000000,0.000000,-0.406174
3383,01 02 04 09 10 33,-0.02188509,0.45920525,-0.359923,-0.686832,0.785107,0.057388,0.000000,0.000000,-0.246154
3384,01 02 06 07 14 22,-0.02189502,0.35874537,-1.605810,-0.777079,-0.138548,0.200857,0.000000,0.000000,-0.332636
3385,01 07 10 12 24 33,-0.02191082,0.47136555,0.193805,-0.841915,0.554193,-0.086081,0.000000,0.000000,0.977444
3386,02 04 08 10 18 22,-0.02191997,0.54746934,1.162828,-0.748006,0.323279,0.200857,0.000000,0.000000,-0.471711
3387,01 06 07 09 13 33,-0.02192978,0.36993185,-0.913650,-0.222544,-0.138548,-0.659958,0.000000,0.000000,0.111496
3388,01 09 10 13 18 33,-0.02196061,0.46829253,0.747532,-0.362987,-0.138548,-0.659958,0.000000,0.000000,0.760916
3389,06 08 09 13 18 22,-0.02196350,0.41445618,0.332236,0.466267,-0.369462,-1.520773,0.000000,0.000000,-0.069485
3390,01 02 06 14 22 33,-0.02196398,0.37728867,-0.359923,-0.710976,-1.293117,-0.229551,0.000000,0.000000,0.865093
3391,04 07 09 10 24 33,-0.02196434,0.43859951,-0.913650,-0.740505,1.939675,-0.229551,0.000000,0.000000,1.002545
3392,01 09 10 14 18 24,-0.02197920,0.44223875,-0.083059,0.147551,1.246934,-1.233835,0.000000,0.000000,0.401809
3393,02 04 06 09 10 22,-0.02200256,0.37534667,-1.605810,-0.326575,1.016020,-0.373020,0.000000,0.000000,-0.425366
3394,04 06 07 09 10 24,-0.02202672,0.40421915,-1.467378,-0.011487,2.170589,-0.803427,0.000000,0.000000,-0.380418
3395,02 06 08 13 18 33,-0.02202855,0.54369927,2.131851,-0.579355,-0.831289,-0.373020,0.000000,0.000000,0.747878
3396,01 02 04 06 07 18,-0.02208069,0.52925330,0.332236,-1.040530,0.323279,0.918202,0.000000,0.000000,-1.659627
3397,01 09 10 12 24 33,-0.02208402,0.42762578,-0.083059,-0.091929,0.785107,-1.090365,0.000000,0.000000,0.996187
3398,01 02 09 10 12 22,-0.02208989,0.38021000,-1.467378,-0.473120,0.785107,-0.229551,0.000000,0.000000,-0.261155
3399,06 08 10 13 22 33,-0.02209675,0.41605061,0.885964,0.115115,-1.293117,-1.377304,0.000000,0.000000,1.040688
3400,06 08 09 12 22 24,-0.02210317,0.37378943,-0.498355,0.737326,0.554193,-1.951180,0.000000,0.000000,0.163376
3401,01 07 09 13 18 33,-0.02211158,0.45737504,0.055373,-0.856692,0.092365,0.057388,0.000000,0.000000,0.511257
3402,01 02 10 12 22 33,-0.02213970,0.44249307,0.055373,-1.157003,-0.600376,0.344326,0.000000,0.000000,0.895008
3403,02 04 07 09 10 12,-0.02216302,0.44609756,-1.882673,-0.923004,1.708762,1.061672,0.000000,0.000000,-2.724352
3404,02 04 06 07 10 22,-0.02216471,0.41908644,-1.328946,-1.076560,0.785107,0.631264,0.000000,0.000000,-0.493791
3405,07 08 13 18 22 33,-0.02218446,0.49257630,1.162828,-1.012737,-0.831289,0.057388,0.000000,0.000000,1.227097
3406,01 02 06 14 18 22,-0.02221562,0.43035149,0.055373,-0.616105,-0.831289,-0.086081,0.000000,0.000000,-0.119213
3407,01 02 09 14 18 22,-0.02225000,0.40244878,-0.913650,-0.661241,0.323279,-0.086081,0.000000,0.000000,0.085870
3408,01 07 12 18 24 33,-0.02226335,0.53205418,1.162828,-1.174646,0.092365,0.344326,0.000000,0.000000,0.958845
3409,01 02 07 14 18 22,-0.02227810,0.44618855,-0.636787,-1.411227,0.092365,0.918202,0.000000,0.000000,0.037304
3410,01 02 04 06 10 18,-0.02230398,0.54017079,1.024396,-0.546826,0.092365,0.200857,0.000000,0.000000,-1.465417
3411,01 02 10 12 18 22,-0.02235349,0.49555589,0.470668,-1.062132,-0.138548,0.487795,0.000000,0.000000,-0.083691
3412,02 04 06 09 10 12,-0.02238479,0.43026050,-1.190514,-0.127882,0.785107,0.057388,0.000000,0.000000,-2.922982
3413,02 04 09 10 22 33,-0.02242051,0.40972703,-1.052082,-1.055593,0.785107,0.200857,0.000000,0.000000,0.886436
3414,01 09 12 18 24 33,-0.02251303,0.48831442,0.885964,-0.424660,0.323279,-0.659958,0.000000,0.000000,0.966256
3415,02 04 07 10 22 33,-0.02252020,0.45346680,-0.775218,-1.805579,0.554193,1.205141,0.000000,0.000000,0.827263
3416,01 02 04 09 10 18,-0.02253226,0.51226807,0.055373,-0.591961,1.246934,0.200857,0.000000,0.000000,-1.289060
3417,02 06 08 09 13 33,-0.02256294,0.42835337,0.193805,0.009657,0.092365,-1.090365,0.000000,0.000000,0.452190
3418,06 07 08 13 18 22,-0.02256412,0.45819594,0.609100,-0.283718,-0.600376,-0.516489,0.000000,0.000000,-0.202872
3419,02 04 06 07 10 12,-0.02257217,0.47400027,-0.913650,-0.877868,0.554193,1.061672,0.000000,0.000000,-2.995145
3420,01 06 09 14 24 33,-0.02258319,0.36242138,-0.498355,0.354098,0.092365,-1.664242,0.000000,0.000000,0.866285
3421,08 09 13 18 22 33,-0.02258737,0.44883653,0.885964,-0.262751,-0.600376,-0.946896,0.000000,0.000000,1.211807
3422,04 06 08 09 12 33,-0.02261441,0.41094683,0.332236,0.050724,-0.831289,-1.090365,0.000000,0.000000,0.253332
3423,01 02 07 14 22 33,-0.02262182,0.39312572,-1.052082,-1.506097,-0.369462,0.774733,0.000000,0.000000,0.933407
3424,01 02 09 14 22 33,-0.02263157,0.34938595,-1.328946,-0.756111,-0.138548,-0.229551,0.000000,0.000000,0.976366
3425,02 07 08 13 18 33,-0.02263867,0.55953632,1.439691,-1.374477,0.092365,0.631264,0.000000,0.000000,0.823262
3426,01 07 10 13 18 33,-0.02265392,0.51203230,1.024396,-1.112973,-0.369462,0.344326,0.000000,0.000000,0.613797
3427,06 07 08 12 22 24,-0.02269751,0.41752920,-0.221491,-0.012660,0.323279,-0.946896,0.000000,0.000000,0.030921
3428,02 08 09 13 18 33,-0.02275008,0.51579655,1.162828,-0.624491,0.323279,-0.373020,0.000000,0.000000,0.851159
3429,02 06 07 09 12 24,-0.02275051,0.39980973,-1.744242,-0.587116,2.170589,-0.229551,0.000000,0.000000,0.171803
3430,07 08 10 13 22 33,-0.02279584,0.43188767,0.193805,-0.680006,-0.369462,-0.373020,0.000000,0.000000,1.102891
3431,02 04 06 10 22 33,-0.02279596,0.43762974,-0.083059,-1.010457,-0.369462,0.200857,0.000000,0.000000,0.620633
3432,04 06 10 18 24 33,-0.02282583,0.53810835,1.716555,-0.534396,0.092365,-0.516489,0.000000,0.000000,0.925656
3433,02 04 06 08 10 22,-0.02283708,0.46002616,0.193805,-0.113859,0.092365,-0.516489,0.000000,0.000000,-1.034278
3434,01 02 07 10 14 22,-0.02286224,0.38549991,-1.605810,-1.078496,0.554193,0.487795,0.000000,0.000000,-0.082866
3435,07 08 09 13 22 33,-0.02288087,0.37723041,-0.775218,-0.423724,0.092365,-0.659958,0.000000,0.000000,0.907404
3436,04 09 10 18 24 33,-0.02290327,0.51020564,0.747532,-0.579531,1.246934,-0.516489,0.000000,0.000000,1.124360
3437,02 06 08 09 14 24,-0.02291478,0.40229960,-0.636787,0.520196,1.477848,-1.664242,0.000000,0.000000,0.043710
3438,02 04 09 10 18 22,-0.02293692,0.46278985,-0.636787,-0.960723,1.246934,0.344326,0.000000,0.000000,-0.137098
3439,01 02 06 10 14 22,-0.02306254,0.36966286,-0.913650,-0.283375,-0.369462,-0.516489,0.000000,0.000000,-0.278315
3440,02 07 08 12 18 24,-0.02306499,0.57193240,1.024396,-1.008548,1.477848,0.344326,0.000000,0.000000,0.066630
3441,07 08 09 12 22 24,-0.02306765,0.38962648,-1.190514,-0.057796,1.477848,-0.946896,0.000000,0.000000,0.186260
3442,02 04 07 10 18 22,-0.02307447,0.50652962,-0.359923,-1.710708,1.016020,1.348610,0.000000,0.000000,-0.201878
3443,01 06 07 09 13 18,-0.02308484,0.42299468,-0.498355,-0.127673,0.323279,-0.516489,0.000000,0.000000,-1.006655
3444,06 07 08 10 13 22,-0.02309161,0.39750731,-0.359923,0.049012,-0.138548,-0.946896,0.000000,0.000000,-0.314649
3445,04 07 08 09 12 33,-0.02311122,0.42678389,-0.359923,-0.744397,0.092365,-0.086081,0.000000,0.000000,0.345503
3446,01 06 08 12 14 33,-0.02311942,0.40526302,1.024396,0.093924,-2.216772,-1.233835,0.000000,0.000000,0.482603
3447,02 08 09 12 18 24,-0.02314484,0.52819263,0.747532,-0.258562,1.708762,-0.659958,0.000000,0.000000,0.099202
3448,06 08 09 10 13 22,-0.02314619,0.35376754,-0.636787,0.798998,0.092365,-1.951180,0.000000,0.000000,-0.278333
3449,01 07 10 14 18 24,-0.02319868,0.48597852,0.193805,-0.602434,1.016020,-0.229551,0.000000,0.000000,0.176737
3450,01 06 10 14 18 24,-0.02324168,0.47014147,0.885964,0.192687,0.092365,-1.233835,0.000000,0.000000,0.004591
3451,01 10 12 18 24 33,-0.02327844,0.54297168,1.854987,-0.680941,-0.138548,-0.373020,0.000000,0.000000,1.035748
3452,06 07 08 09 13 22,-0.02329243,0.34285005,-1.328946,0.305294,0.323279,-1.233835,0.000000,0.000000,-0.527290
3453,02 06 07 08 13 33,-0.02334873,0.47209314,0.470668,-0.740329,-0.138548,-0.086081,0.000000,0.000000,0.291370
3454,04 07 08 14 18 33,-0.02339692,0.50367993,1.162828,-1.188800,-0.831289,0.344326,0.000000,0.000000,0.856813
3455,04 06 07 08 12 33,-0.02339769,0.45468660,0.609100,-0.699262,-1.062203,-0.086081,0.000000,0.000000,0.092886
3456,01 06 09 10 13 18,-0.02340363,0.43391217,0.193805,0.366031,0.092365,-1.233835,0.000000,0.000000,-0.826593
3457,01 07 09 14 24 33,-0.02341479,0.37825844,-1.190514,-0.441023,1.016020,-0.659958,0.000000,0.000000,0.908855
3458,01 02 14 18 22 33,-0.02344610,0.46473185,0.609100,-1.345124,-1.062203,0.487795,0.000000,0.000000,1.072208
3459,02 07 08 12 24 33,-0.02345641,0.51886957,0.609100,-1.103418,1.016020,0.200857,0.000000,0.000000,0.955667
3460,01 06 07 10 13 18,-0.02350507,0.47765194,0.470668,-0.383955,-0.138548,-0.229551,0.000000,0.000000,-0.886023
3461,04 08 09 14 18 33,-0.02352223,0.45994016,0.885964,-0.438814,-0.600376,-0.659958,0.000000,0.000000,0.882651
3462,02 07 08 09 14 24,-0.02355354,0.41813665,-1.328946,-0.274925,2.401503,-0.659958,0.000000,0.000000,0.114852
3463,01 02 09 10 14 22,-0.02356093,0.34176014,-1.882673,-0.328510,0.785107,-0.516489,0.000000,0.000000,-0.141976
3464,04 07 10 18 24 33,-0.02356126,0.55394540,1.024396,-1.329517,1.016020,0.487795,0.000000,0.000000,0.982475
3465,02 08 09 12 24 33,-0.02357411,0.47512981,0.332236,-0.353432,1.246934,-0.803427,0.000000,0.000000,0.982631
3466,04 06 07 12 18 33,-0.02358004,0.48535301,0.747532,-1.500990,-1.062203,0.774733,0.000000,0.000000,0.767664
3467,01 06 14 18 24 33,-0.02361331,0.47776728,1.439691,-0.234914,-0.831289,-0.946896,0.000000,0.000000,0.930187
3468,04 06 09 12 18 33,-0.02362330,0.44161324,0.470668,-0.751005,-0.831289,-0.229551,0.000000,0.000000,0.805657
3469,01 02 04 06 07 33,-0.02362473,0.47619047,-0.083059,-1.135401,-0.138548,0.774733,0.000000,0.000000,-0.941356
3470,02 06 08 12 24 33,-0.02364379,0.50303252,1.301260,-0.308297,0.092365,-0.803427,0.000000,0.000000,0.762130
3471,04 06 08 14 18 33,-0.02369004,0.48784288,1.854987,-0.393678,-1.754944,-0.659958,0.000000,0.000000,0.647611
3472,02 06 07 08 14 24,-0.02372076,0.44603936,-0.359923,-0.229790,1.246934,-0.659958,0.000000,0.000000,-0.120100
3473,01 07 08 12 14 33,-0.02372196,0.42110008,0.332236,-0.701197,-1.293117,-0.229551,0.000000,0.000000,0.559109
3474,02 07 08 10 12 24,-0.02372533,0.51124376,0.055373,-0.675817,1.939675,-0.086081,0.000000,0.000000,-0.064829
3475,01 08 12 14 18 33,-0.02375648,0.49270620,1.993419,-0.540224,-1.985858,-0.516489,0.000000,0.000000,0.814915
3476,07 08 12 18 22 24,-0.02376156,0.50497238,0.747532,-0.646808,0.554193,-0.229551,0.000000,0.000000,0.299974
3477,07 08 09 13 18 22,-0.02377641,0.43029323,-0.359923,-0.328854,0.554193,-0.516489,0.000000,0.000000,-0.172298
3478,01 08 09 12 14 33,-0.02381191,0.37736031,0.055373,0.048789,-1.062203,-1.233835,0.000000,0.000000,0.590185
3479,08 09 10 13 22 33,-0.02387294,0.38814790,-0.083059,0.069980,-0.138548,-1.377304,0.000000,0.000000,0.987717
3480,02 04 10 18 22 33,-0.02390102,0.52507292,0.885964,-1.644605,-0.138548,0.918202,0.000000,0.000000,0.883611
3481,07 08 12 22 24 33,-0.02395489,0.45190956,0.332236,-0.741678,0.092365,-0.373020,0.000000,0.000000,1.218357
3482,04 06 08 09 14 33,-0.02395617,0.37249698,-0.083059,0.195334,-0.831289,-1.377304,0.000000,0.000000,0.391665
3483,01 07 09 10 13 33,-0.02397192,0.39668640,-0.913650,-0.523961,0.554193,-0.373020,0.000000,0.000000,0.202015
3484,04 08 10 12 18 33,-0.02398738,0.55304728,2.270283,-0.839705,-1.062203,-0.086081,0.000000,0.000000,0.659508
3485,01 06 10 14 24 33,-0.02399637,0.41707864,0.470668,0.097817,-0.369462,-1.377304,0.000000,0.000000,0.839807
3486,06 07 13 18 22 33,-0.02400742,0.43579953,0.332236,-1.180317,-1.062203,0.200857,0.000000,0.000000,1.232120
3487,06 07 09 12 22 24,-0.02401499,0.33284971,-2.021105,-0.225376,1.246934,-0.803427,0.000000,0.000000,0.321009
3488,06 07 09 13 22 33,-0.02403216,0.32045363,-1.605810,-0.591305,-0.138548,-0.516489,0.000000,0.000000,1.011936
3489,01 02 10 14 22 33,-0.02403718,0.40404322,-0.359923,-1.012393,-0.600376,0.057388,0.000000,0.000000,0.951010
3490,06 08 12 22 24 33,-0.02404321,0.43607250,1.024396,0.053443,-0.831289,-1.377304,0.000000,0.000000,1.039497
3491,02 06 08 12 18 24,-0.02407511,0.55609534,1.716555,-0.213426,0.554193,-0.659958,0.000000,0.000000,-0.248797
3492,02 06 08 10 13 33,-0.02407748,0.48301063,1.162828,-0.246625,-0.369462,-0.803427,0.000000,0.000000,0.410695
3493,01 09 10 14 24 33,-0.02410045,0.38917593,-0.498355,0.052681,0.785107,-1.377304,0.000000,0.000000,1.034565
3494,02 04 06 10 18 22,-0.02417296,0.49069256,0.332236,-0.915587,0.092365,0.344326,0.000000,0.000000,-0.530399
3495,01 02 10 14 18 22,-0.02421312,0.45710604,0.055373,-0.917522,-0.138548,0.200857,0.000000,0.000000,-0.022082
3496,08 10 13 18 22 33,-0.02427055,0.50349379,1.854987,-0.519032,-1.062203,-0.659958,0.000000,0.000000,1.145329
3497,02 08 10 13 18 33,-0.02431141,0.57045381,2.131851,-0.880772,-0.138548,-0.086081,0.000000,0.000000,0.802733
3498,06 08 10 13 18 22,-0.02431980,0.46911344,1.301260,0.209986,-0.831289,-1.233835,0.000000,0.000000,-0.235689
3499,08 09 12 18 22 24,-0.02436842,0.46123261,0.470668,0.103178,0.785107,-1.233835,0.000000,0.000000,0.254468
3500,08 09 12 22 24 33,-0.02437042,0.40816979,0.055373,0.008308,0.323279,-1.377304,0.000000,0.000000,1.201197
3501,06 08 09 14 22 24,-0.02439484,0.33533958,-0.913650,0.881936,0.554193,-2.238118,0.000000,0.000000,0.160976
3502,04 07 09 12 18 33,-0.02439546,0.45745029,-0.221491,-1.546126,0.092365,0.774733,0.000000,0.000000,0.857035
3503,01 07 14 18 24 33,-0.02440313,0.49360433,0.747532,-1.030036,0.092365,0.057388,0.000000,0.000000,0.978947
3504,06 08 12 18 22 24,-0.02444343,0.48913532,1.439691,0.148313,-0.369462,-1.233835,0.000000,0.000000,0.033178
3505,04 07 08 09 14 33,-0.02445550,0.38833404,-0.775218,-0.599787,0.092365,-0.373020,0.000000,0.000000,0.483463
3506,02 08 09 10 12 24,-0.02446672,0.46750399,-0.221491,0.074169,2.170589,-1.090365,0.000000,0.000000,-0.130265
3507,07 08 10 13 18 22,-0.02447626,0.48495049,0.609100,-0.585136,0.092365,-0.229551,0.000000,0.000000,-0.093095
3508,06 07 10 13 22 33,-0.02453577,0.37511089,-0.636787,-0.847587,-0.600376,-0.229551,0.000000,0.000000,1.120215
3509,02 04 06 08 10 12,-0.02456928,0.51494000,0.609100,0.084834,-0.138548,-0.086081,0.000000,0.000000,-3.731897
3510,01 09 14 18 24 33,-0.02465786,0.44986456,0.470668,-0.280050,0.323279,-0.946896,0.000000,0.000000,0.985611
3511,02 07 08 10 13 33,-0.02467751,0.49884769,0.470668,-1.041746,0.554193,0.200857,0.000000,0.000000,0.487574
3512,06 07 09 13 18 22,-0.02468543,0.37351645,-1.190514,-0.496435,0.323279,-0.373020,0.000000,0.000000,-0.031874
3513,02 06 07 13 18 33,-0.02469520,0.50275954,0.609100,-1.542057,-0.138548,0.774733,0.000000,0.000000,0.793681
3514,01 07 09 10 13 18,-0.02472147,0.44974922,-0.498355,-0.429090,1.016020,-0.229551,0.000000,0.000000,-0.856059
3515,04 07 08 10 12 33,-0.02473151,0.48144115,0.609100,-1.000679,-0.369462,0.200857,0.000000,0.000000,0.288343
3516,04 06 07 08 14 33,-0.02473439,0.41623675,0.193805,-0.554652,-1.062203,-0.373020,0.000000,0.000000,0.231966
3517,02 06 08 10 12 24,-0.02474554,0.49540671,0.747532,0.119304,1.016020,-1.090365,0.000000,0.000000,-0.381751
3518,06 09 10 13 22 33,-0.02477536,0.33137112,-0.913650,-0.097601,-0.369462,-1.233835,0.000000,0.000000,1.129121
3519,01 07 10 14 24 33,-0.02477610,0.43291570,-0.221491,-0.697305,0.554193,-0.373020,0.000000,0.000000,0.890063
3520,02 06 09 10 12 24,-0.02480285,0.41072722,-1.052082,-0.093412,1.939675,-0.946896,0.000000,0.000000,0.095035
3521,02 07 08 09 13 33,-0.02481941,0.44419043,-0.498355,-0.785464,1.016020,-0.086081,0.000000,0.000000,0.283662
3522,02 06 07 10 12 24,-0.02488914,0.45446699,-0.775218,-0.843398,1.708762,0.057388,0.000000,0.000000,0.037848
3523,06 07 08 10 13 14,-0.02489164,0.41397129,-0.359923,0.392315,-0.369462,-0.803427,0.000000,0.000000,-2.685199
3524,06 08 09 10 13 14,-0.02492603,0.37023153,-0.636787,1.142301,-0.138548,-1.807711,0.000000,0.000000,-2.645893
3525,06 07 08 14 22 24,-0.02497148,0.37907935,-0.636787,0.131950,0.323279,-1.233835,0.000000,0.000000,0.031143
3526,02 06 07 09 14 24,-0.02498389,0.36135987,-2.159537,-0.442506,2.170589,-0.516489,0.000000,0.000000,0.178039
3527,02 07 08 10 14 24,-0.02500916,0.47279391,-0.359923,-0.531207,1.939675,-0.373020,0.000000,0.000000,0.082085
3528,02 07 08 14 18 24,-0.02501767,0.53348255,0.609100,-0.863938,1.477848,0.057388,0.000000,0.000000,0.114454
3529,02 08 09 14 18 24,-0.02511522,0.48974278,0.332236,-0.113952,1.708762,-0.946896,0.000000,0.000000,0.144404
3530,04 07 08 10 14 33,-0.02512120,0.44299130,0.193805,-0.856069,-0.369462,-0.086081,0.000000,0.000000,0.567727
3531,02 06 07 12 18 24,-0.02515308,0.51515562,0.193805,-1.176128,1.246934,0.487795,0.000000,0.000000,0.032373
3532,06 09 13 18 22 33,-0.02517739,0.39205976,0.055373,-0.430331,-0.831289,-0.803427,0.000000,0.000000,1.103187
3533,02 07 09 12 18 24,-0.02522628,0.48725291,-0.775218,-1.221264,2.401503,0.487795,0.000000,0.000000,0.231706
3534,06 07 08 09 12 13,-0.02524270,0.39776389,-0.913650,0.503986,0.092365,-0.803427,0.000000,0.000000,-3.257218
3535,07 08 09 14 22 24,-0.02536184,0.35117663,-1.605810,0.086814,1.477848,-1.233835,0.000000,0.000000,0.183487
3536,06 07 12 18 22 24,-0.02538056,0.44819560,-0.083059,-0.814388,0.323279,-0.086081,0.000000,0.000000,0.335212
3537,02 08 09 10 13 33,-0.02544413,0.45510792,0.193805,-0.291760,0.785107,-0.803427,0.000000,0.000000,0.418400
3538,04 06 07 09 12 33,-0.02547598,0.37000711,-1.190514,-0.911978,-0.138548,0.057388,0.000000,0.000000,0.270256
3539,04 08 09 10 12 33,-0.02550065,0.43770138,0.332236,-0.250693,-0.138548,-0.803427,0.000000,0.000000,0.218794
3540,02 06 07 12 24 33,-0.02550664,0.46209280,-0.221491,-1.270999,0.785107,0.344326,0.000000,0.000000,0.927017
3541,06 07 08 09 13 14,-0.02552420,0.35931403,-1.328946,0.648596,0.092365,-1.090365,0.000000,0.000000,-2.961804
3542,04 06 07 14 18 33,-0.02554276,0.44690315,0.332236,-1.356380,-1.062203,0.487795,0.000000,0.000000,0.813999
3543,02 07 08 14 24 33,-0.02554317,0.48041972,0.193805,-0.958808,1.016020,-0.086081,0.000000,0.000000,0.983625
3544,02 06 09 13 18 33,-0.02560249,0.45901977,0.332236,-0.792071,0.092365,-0.229551,0.000000,0.000000,0.703666
3545,04 06 09 14 18 33,-0.02561638,0.40316339,0.055373,-0.606395,-0.831289,-0.516489,0.000000,0.000000,0.847494
3546,02 06 08 09 13 18,-0.02566974,0.48141619,0.609100,0.104527,0.554193,-0.946896,0.000000,0.000000,-0.955118
3547,06 09 12 18 22 24,-0.02567141,0.40445583,-0.359923,-0.064403,0.554193,-1.090365,0.000000,0.000000,0.336525
3548,02 08 09 14 24 33,-0.02567857,0.43667995,-0.083059,-0.208822,1.246934,-1.090365,0.000000,0.000000,1.007967
3549,01 06 12 14 18 33,-0.02569112,0.43592943,1.162828,-0.707804,-2.216772,-0.373020,0.000000,0.000000,0.803392
3550,02 07 09 10 12 24,-0.02570434,0.42656427,-1.744242,-0.888533,2.863330,0.057388,0.000000,0.000000,0.127251
3551,02 06 08 14 24 33,-0.02572803,0.46458267,0.885964,-0.163687,0.092365,-1.090365,0.000000,0.000000,0.790462
3552,02 08 09 10 14 24,-0.02575560,0.42905414,-0.636787,0.218779,2.170589,-1.377304,0.000000,0.000000,0.015901
3553,06 07 12 22 24 33,-0.02576523,0.39513278,-0.498355,-0.909259,-0.138548,-0.229551,0.000000,0.000000,1.225249
3554,04 07 10 12 18 33,-0.02579093,0.51210755,0.747532,-1.802407,-0.369462,1.061672,0.000000,0.000000,0.833180
3555,08 09 10 13 18 22,-0.02579563,0.44121072,0.332236,0.164850,0.323279,-1.233835,0.000000,0.000000,-0.244160
3556,01 06 07 12 14 33,-0.02579996,0.36432330,-0.498355,-0.868778,-1.524031,-0.086081,0.000000,0.000000,0.526347
3557,07 08 09 10 13 22,-0.02580290,0.36960460,-1.328946,0.003877,1.016020,-0.946896,0.000000,0.000000,-0.506158
3558,01 06 09 12 14 33,-0.02582556,0.32058353,-0.775218,-0.118792,-1.293117,-1.090365,0.000000,0.000000,0.566957
3559,06 07 09 10 13 22,-0.02587822,0.31282782,-2.159537,-0.163704,0.785107,-0.803427,0.000000,0.000000,-0.242217
3560,07 08 14 18 22 24,-0.02589125,0.46652253,0.332236,-0.502198,0.554193,-0.516489,0.000000,0.000000,0.321572
3561,04 08 09 10 14 33,-0.02589539,0.39925153,-0.083059,-0.106083,-0.138548,-1.090365,0.000000,0.000000,0.497431
3562,04 08 10 14 18 33,-0.02589747,0.51459742,1.854987,-0.695095,-1.062203,-0.373020,0.000000,0.000000,0.713640
3563,04 06 10 12 18 33,-0.02592454,0.49627050,1.439691,-1.007286,-1.293117,0.057388,0.000000,0.000000,0.647611
3564,04 09 10 12 18 33,-0.02595656,0.46836778,0.470668,-1.052422,-0.138548,0.057388,0.000000,0.000000,0.853044
3565,06 07 10 13 18 22,-0.02597393,0.42817371,-0.221491,-0.752716,-0.138548,-0.086081,0.000000,0.000000,-0.039879
3566,02 06 09 12 18 24,-0.02602248,0.47141585,-0.083059,-0.426143,1.477848,-0.516489,0.000000,0.000000,-0.052029
3567,02 06 08 14 18 24,-0.02602526,0.51764549,1.301260,-0.068816,0.554193,-0.946896,0.000000,0.000000,-0.200599
3568,02 06 08 10 14 24,-0.02602685,0.45695686,0.332236,0.263914,1.016020,-1.377304,0.000000,0.000000,-0.234463
3569,02 08 10 12 24 33,-0.02604244,0.52978707,1.301260,-0.609714,0.785107,-0.516489,0.000000,0.000000,0.799830
3570,07 09 12 18 22 24,-0.02605735,0.42029289,-1.052082,-0.859524,1.477848,-0.086081,0.000000,0.000000,0.445122
3571,06 09 12 22 24 33,-0.02609392,0.35139301,-0.775218,-0.159273,0.092365,-1.233835,0.000000,0.000000,1.220954
3572,07 09 13 18 22 33,-0.02610049,0.40789681,-0.636787,-1.225453,0.092365,0.200857,0.000000,0.000000,1.132202
3573,06 09 10 13 18 22,-0.02617567,0.38443394,-0.498355,-0.002730,0.092365,-1.090365,0.000000,0.000000,-0.025365
3574,04 07 08 09 12 18,-0.02617586,0.47984671,0.055373,-0.649527,0.554193,0.057388,0.000000,0.000000,-1.055558
3575,01 10 14 18 24 33,-0.02617647,0.50452182,1.439691,-0.536331,-0.138548,-0.659958,0.000000,0.000000,0.943514
3576,01 08 09 12 14 18,-0.02620201,0.43042313,0.470668,0.143659,-0.600376,-1.090365,0.000000,0.000000,-0.710940
3577,06 07 10 12 22 24,-0.02621049,0.38750697,-1.052082,-0.481658,0.785107,-0.516489,0.000000,0.000000,0.178628
3578,02 06 07 09 13 33,-0.02622958,0.38741365,-1.328946,-0.953045,0.785107,0.057388,0.000000,0.000000,0.349840
3579,04 06 08 10 14 33,-0.02627831,0.42715424,0.885964,-0.060948,-1.293117,-1.090365,0.000000,0.000000,0.230522
3580,07 08 14 22 24 33,-0.02629800,0.41345970,-0.083059,-0.597068,0.092365,-0.659958,0.000000,0.000000,1.208336
3581,06 07 09 14 22 24,-0.02630414,0.29439986,-2.436401,-0.080766,1.246934,-1.090365,0.000000,0.000000,0.318983
3582,02 08 12 18 24 33,-0.02631193,0.59047570,2.270283,-0.942445,0.323279,-0.086081,0.000000,0.000000,0.793532
3583,01 08 10 12 14 33,-0.02631645,0.43201757,1.024396,-0.207493,-1.524031,-0.946896,0.000000,0.000000,0.402020
3584,07 08 10 12 22 24,-0.02638231,0.44428374,-0.221491,-0.314077,1.016020,-0.659958,0.000000,0.000000,-0.121927
3585,06 08 14 22 24 33,-0.02638379,0.39762265,0.609100,0.198053,-0.831289,-1.664242,0.000000,0.000000,1.029850
3586,04 07 09 14 18 33,-0.02639107,0.41900044,-0.636787,-1.401516,0.092365,0.487795,0.000000,0.000000,0.898498
3587,02 08 10 12 18 24,-0.02639806,0.58284989,1.716555,-0.514844,1.246934,-0.373020,0.000000,0.000000,-0.199882
3588,02 06 09 12 24 33,-0.02641390,0.41835303,-0.498355,-0.521013,1.016020,-0.659958,0.000000,0.000000,0.837008
3589,06 09 10 12 22 24,-0.02642485,0.34376720,-1.328946,0.268328,1.016020,-1.520773,0.000000,0.000000,0.191272
3590,02 07 09 13 18 33,-0.02642652,0.47485683,-0.359923,-1.587193,1.016020,0.774733,0.000000,0.000000,0.747358
3591,01 07 08 12 14 18,-0.02642851,0.47416290,0.747532,-0.606327,-0.831289,-0.086081,0.000000,0.000000,-0.788899
3592,02 07 09 12 24 33,-0.02644042,0.43419008,-1.190514,-1.316134,1.939675,0.344326,0.000000,0.000000,0.998852
3593,01 07 12 14 18 33,-0.02646580,0.45176648,0.470668,-1.502926,-1.293117,0.631264,0.000000,0.000000,0.854395
3594,02 06 07 08 13 18,-0.02649338,0.52515596,0.885964,-0.645458,0.323279,0.057388,0.000000,0.000000,-1.121546
3595,04 06 08 09 12 18,-0.02650179,0.46400966,0.747532,0.145594,-0.369462,-0.946896,0.000000,0.000000,-1.269620
3596,07 09 10 13 22 33,-0.02654225,0.34720818,-1.605810,-0.892722,0.554193,-0.229551,0.000000,0.000000,1.033125
3597,06 08 14 18 22 24,-0.02657060,0.45068547,1.024396,0.292923,-0.369462,-1.520773,0.000000,0.000000,0.055149
3598,02 06 09 10 13 33,-0.02660893,0.39833114,-0.636787,-0.459341,0.554193,-0.659958,0.000000,0.000000,0.520931
3599,02 06 07 10 13 33,-0.02666999,0.44207091,-0.359923,-1.209326,0.323279,0.344326,0.000000,0.000000,0.467482
3600,01 09 12 14 18 33,-0.02669026,0.40802671,0.193805,-0.752940,-1.062203,-0.373020,0.000000,0.000000,0.865544
3601,06 10 13 18 22 33,-0.02669853,0.44671702,1.024396,-0.686613,-1.293117,-0.516489,0.000000,0.000000,1.060716
3602,08 09 14 22 24 33,-0.02671857,0.36971994,-0.359923,0.152918,0.323279,-1.664242,0.000000,0.000000,1.190429
3603,04 06 08 10 12 33,-0.02674504,0.46560409,1.301260,-0.205558,-1.293117,-0.803427,0.000000,0.000000,-0.175744
3604,04 06 09 10 12 33,-0.02676615,0.38092460,-0.498355,-0.418274,-0.369462,-0.659958,0.000000,0.000000,0.306407
3605,02 06 07 14 18 24,-0.02680946,0.47670577,-0.221491,-1.031518,1.246934,0.200857,0.000000,0.000000,0.124095
3606,04 06 07 09 14 33,-0.02681522,0.33155726,-1.605810,-0.767368,-0.138548,-0.229551,0.000000,0.000000,0.408963
3607,04 06 07 10 12 33,-0.02682468,0.42466437,-0.221491,-1.168260,-0.600376,0.344326,0.000000,0.000000,0.253332
3608,08 09 14 18 22 24,-0.02683297,0.42278276,0.055373,0.247788,0.785107,-1.520773,0.000000,0.000000,0.226455
3609,07 08 10 14 22 24,-0.02688067,0.40583389,-0.636787,-0.169467,1.016020,-0.946896,0.000000,0.000000,0.141358
3610,02 06 09 10 14 24,-0.02694058,0.37227737,-1.467378,0.051198,1.939675,-1.233835,0.000000,0.000000,0.115442
3611,01 06 08 12 14 18,-0.02697851,0.45832585,1.439691,0.188794,-1.754944,-1.090365,0.000000,0.000000,-1.036159
3612,02 07 09 10 14 24,-0.02699070,0.38811442,-2.159537,-0.743923,2.863330,-0.229551,0.000000,0.000000,0.273791
3613,02 06 10 13 18 33,-0.02700177,0.51367704,1.301260,-1.048353,-0.369462,0.057388,0.000000,0.000000,0.679247
3614,02 06 07 10 14 24,-0.02702183,0.41601713,-1.190514,-0.698788,1.708762,-0.229551,0.000000,0.000000,0.059002
3615,08 12 18 22 24 33,-0.02705471,0.52351568,1.993419,-0.580705,-0.600376,-0.659958,0.000000,0.000000,1.020029
3616,07 09 12 22 24 33,-0.02707341,0.36723007,-1.467378,-0.954394,1.016020,-0.229551,0.000000,0.000000,1.241615
3617,06 08 10 12 22 24,-0.02707427,0.42844669,0.470668,0.481044,0.092365,-1.664242,0.000000,0.000000,-0.390218
3618,02 09 10 13 18 33,-0.02708314,0.48577432,0.332236,-1.093488,0.785107,0.057388,0.000000,0.000000,0.877370
3619,02 07 08 09 13 18,-0.02710348,0.49725325,-0.083059,-0.690594,1.477848,0.057388,0.000000,0.000000,-1.001755
3620,04 06 09 10 14 33,-0.02715583,0.34247475,-0.913650,-0.273664,-0.369462,-0.946896,0.000000,0.000000,0.585792
3621,02 07 09 14 18 24,-0.02719413,0.44880305,-1.190514,-1.076654,2.401503,0.200857,0.000000,0.000000,0.277282
3622,01 06 08 09 10 13,-0.02720060,0.40324577,0.055373,1.167759,0.092365,-2.094649,0.000000,0.000000,-2.090921
3623,04 06 07 10 14 33,-0.02720932,0.38621452,-0.636787,-1.023650,-0.600376,0.057388,0.000000,0.000000,0.533464
3624,06 07 14 18 22 24,-0.02722661,0.40974575,-0.498355,-0.669778,0.323279,-0.373020,0.000000,0.000000,0.398833
3625,09 10 13 18 22 33,-0.02726985,0.41881430,0.055373,-0.731749,-0.138548,-0.516489,0.000000,0.000000,1.186249
3626,02 09 10 12 18 24,-0.02727096,0.49817040,-0.083059,-0.727560,2.170589,-0.229551,0.000000,0.000000,0.156072
3627,01 06 10 12 14 33,-0.02731416,0.37524079,0.193805,-0.375074,-1.754944,-0.803427,0.000000,0.000000,0.529305
3628,04 06 07 08 12 18,-0.02732291,0.50774943,1.024396,-0.604391,-0.600376,0.057388,0.000000,0.000000,-1.435674
3629,06 07 08 10 12 13,-0.02732374,0.45242115,0.055373,0.247705,-0.369462,-0.516489,0.000000,0.000000,-3.382641
3630,01 06 07 08 10 13,-0.02735258,0.44698553,0.332236,0.417774,-0.138548,-1.090365,0.000000,0.000000,-2.157839
3631,06 08 09 10 12 13,-0.02735309,0.40868138,-0.221491,0.997691,-0.138548,-1.520773,0.000000,0.000000,-3.342587
3632,07 09 10 13 18 22,-0.02739994,0.40027100,-1.190514,-0.797852,1.016020,-0.086081,0.000000,0.000000,-0.040970
3633,02 07 10 12 18 24,-0.02741168,0.54191017,0.193805,-1.477545,1.939675,0.774733,0.000000,0.000000,0.090821
3634,01 07 09 12 14 33,-0.02749591,0.33642059,-1.467378,-0.913913,-0.369462,-0.086081,0.000000,0.000000,0.485263
3635,04 07 09 10 12 33,-0.02752821,0.39676166,-1.190514,-1.213395,0.554193,0.344326,0.000000,0.000000,0.359279
3636,06 07 10 14 22 24,-0.02755770,0.34905712,-1.467378,-0.337048,0.785107,-0.803427,0.000000,0.000000,0.316153
3637,07 10 13 18 22 33,-0.02756975,0.46255407,0.332236,-1.481734,-0.369462,0.487795,0.000000,0.000000,1.097416
3638,06 08 10 14 22 24,-0.02757011,0.38999684,0.055373,0.625654,0.092365,-1.951180,0.000000,0.000000,-0.126560
3639,02 06 07 14 24 33,-0.02757571,0.42364295,-0.636787,-1.126389,0.785107,0.057388,0.000000,0.000000,0.957597
3640,08 09 10 12 22 24,-0.02766336,0.40054398,-0.498355,0.435909,1.246934,-1.664242,0.000000,0.000000,-0.267316
3641,06 07 09 10 13 14,-0.02766816,0.32929180,-2.159537,0.179599,0.554193,-0.659958,0.000000,0.000000,-2.611272
3642,02 07 08 10 13 18,-0.02774646,0.55191051,0.885964,-0.946875,1.016020,0.344326,0.000000,0.000000,-0.914126
3643,02 07 10 13 18 33,-0.02777393,0.52951409,0.609100,-1.843474,0.554193,1.061672,0.000000,0.000000,0.730625
3644,06 09 10 14 22 24,-0.02777711,0.30531735,-1.744242,0.412938,1.016020,-1.807711,0.000000,0.000000,0.328049
3645,08 10 12 22 24 33,-0.02782082,0.46282705,1.024396,-0.247974,-0.138548,-1.090365,0.000000,0.000000,0.872899
3646,04 06 10 14 18 33,-0.02782959,0.45782065,1.024396,-0.862676,-1.293117,-0.229551,0.000000,0.000000,0.702491
3647,02 07 10 12 24 33,-0.02784095,0.48884734,-0.221491,-1.572416,1.477848,0.631264,0.000000,0.000000,0.974250
3648,02 06 10 12 24 33,-0.02786629,0.47301029,0.470668,-0.777295,0.554193,-0.373020,0.000000,0.000000,0.804721
3649,04 09 10 14 18 33,-0.02786918,0.42991793,0.055373,-0.907812,-0.138548,-0.229551,0.000000,0.000000,0.906803
3650,04 07 09 10 14 33,-0.02792042,0.35831181,-1.605810,-1.068785,0.554193,0.057388,0.000000,0.000000,0.638290
3651,02 06 08 10 13 18,-0.02796917,0.53607345,1.578123,-0.151754,0.092365,-0.659958,0.000000,0.000000,-1.112896
3652,02 06 09 14 18 24,-0.02798781,0.43296600,-0.498355,-0.281533,1.477848,-0.803427,0.000000,0.000000,-0.006080
3653,02 09 10 12 24 33,-0.02801667,0.44510758,-0.498355,-0.822430,1.708762,-0.373020,0.000000,0.000000,0.992619
3654,02 08 10 14 24 33,-0.02805887,0.49133721,0.885964,-0.465104,0.785107,-0.803427,0.000000,0.000000,0.838208
3655,01 07 10 12 14 33,-0.02807875,0.39107785,-0.498355,-1.170195,-0.831289,0.200857,0.000000,0.000000,0.581804
3656,06 07 14 22 24 33,-0.02810329,0.35668293,-0.913650,-0.764649,-0.138548,-0.516489,0.000000,0.000000,1.215976
3657,06 09 14 18 22 24,-0.02813092,0.36600598,-0.775218,0.080207,0.554193,-1.377304,0.000000,0.000000,0.309260
3658,02 08 09 10 13 18,-0.02814542,0.50817074,0.609100,-0.196890,1.246934,-0.659958,0.000000,0.000000,-0.928830
3659,08 09 10 14 22 24,-0.02816677,0.36209412,-0.913650,0.580519,1.246934,-1.951180,0.000000,0.000000,-0.004779
3660,02 07 12 18 24 33,-0.02820357,0.54953598,0.747532,-1.905147,1.016020,1.061672,0.000000,0.000000,0.954155
3661,07 08 12 14 22 33,-0.02820385,0.37162185,-0.359923,-1.069958,-1.293117,-0.086081,0.000000,0.000000,1.107018
3662,02 06 12 18 24 33,-0.02821881,0.53369892,1.439691,-1.110025,0.092365,0.057388,0.000000,0.000000,0.786121
3663,01 06 07 08 09 13,-0.02825544,0.39232827,-0.636787,0.674055,0.323279,-1.377304,0.000000,0.000000,-2.474490
3664,02 06 10 12 18 24,-0.02825976,0.52607311,0.885964,-0.682424,1.016020,-0.229551,0.000000,0.000000,-0.200599
3665,02 07 09 10 13 33,-0.02827676,0.41416820,-1.328946,-1.254462,1.477848,0.344326,0.000000,0.000000,0.439611
3666,02 08 10 14 18 24,-0.02828040,0.54440004,1.301260,-0.370234,1.246934,-0.659958,0.000000,0.000000,-0.141637
3667,01 10 12 14 18 33,-0.02829694,0.46268397,1.162828,-1.009221,-1.524031,-0.086081,0.000000,0.000000,0.810398
3668,06 08 12 14 22 33,-0.02830478,0.35578480,0.332236,-0.274837,-2.216772,-1.090365,0.000000,0.000000,0.926289
3669,07 10 12 18 22 24,-0.02837093,0.47495015,-0.083059,-1.115806,1.016020,0.200857,0.000000,0.000000,0.285247
3670,06 09 14 22 24 33,-0.02843703,0.31294316,-1.190514,-0.014663,0.092365,-1.520773,0.000000,0.000000,1.210933
3671,02 09 12 18 24 33,-0.02845577,0.50579621,0.470668,-1.155161,1.246934,0.057388,0.000000,0.000000,0.961192
3672,02 08 14 18 24 33,-0.02845676,0.55202585,1.854987,-0.797835,0.323279,-0.373020,0.000000,0.000000,0.812887
3673,07 09 10 12 22 24,-0.02850849,0.35960425,-2.021105,-0.526793,1.939675,-0.516489,0.000000,0.000000,0.048350
3674,02 06 09 14 24 33,-0.02851332,0.37990318,-0.913650,-0.376403,1.016020,-0.946896,0.000000,0.000000,0.863090
3675,07 09 14 18 22 24,-0.02851938,0.38184304,-1.467378,-0.714914,1.477848,-0.373020,0.000000,0.000000,0.417484
3676,06 10 12 22 24 33,-0.02852839,0.40605027,0.193805,-0.415555,-0.369462,-0.946896,0.000000,0.000000,1.043169
3677,02 07 09 14 24 33,-0.02854237,0.39574023,-1.605810,-1.171524,1.939675,0.057388,0.000000,0.000000,1.024561
3678,02 06 07 09 13 18,-0.02855150,0.44047647,-0.913650,-0.858174,1.246934,0.200857,0.000000,0.000000,-0.941184
3679,04 07 10 14 18 33,-0.02855240,0.47365770,0.332236,-1.657797,-0.369462,0.774733,0.000000,0.000000,0.761179
3680,04 06 07 09 12 18,-0.02857847,0.42306993,-0.775218,-0.817108,0.323279,0.200857,0.000000,0.000000,-1.136413
3681,04 07 08 10 12 18,-0.02858104,0.53450397,1.024396,-0.905809,0.092365,0.344326,0.000000,0.000000,-1.229002
3682,08 09 12 14 22 33,-0.02859414,0.32788208,-0.636787,-0.319973,-1.062203,-1.090365,0.000000,0.000000,1.093597
3683,07 10 12 22 24 33,-0.02860212,0.42188733,-0.498355,-1.210676,0.554193,0.057388,0.000000,0.000000,1.198022
3684,08 10 12 18 22 24,-0.02860371,0.51588987,1.439691,-0.153104,0.323279,-0.946896,0.000000,0.000000,-0.190114
3685,07 08 09 10 13 14,-0.02863027,0.38606858,-1.328946,0.347179,0.785107,-0.803427,0.000000,0.000000,-3.028911
3686,04 07 08 09 14 18,-0.02863777,0.44139686,-0.359923,-0.504917,0.554193,-0.229551,0.000000,0.000000,-1.083178
3687,06 12 18 22 24 33,-0.02869921,0.46673891,1.162828,-0.748285,-0.831289,-0.516489,0.000000,0.000000,1.051491
3688,06 08 09 12 14 22,-0.02877218,0.29350173,-1.190514,0.409046,-0.831289,-1.664242,0.000000,0.000000,-0.306501
3689,07 12 18 22 24 33,-0.02878303,0.48257596,0.470668,-1.543407,0.092365,0.487795,0.000000,0.000000,1.204848
3690,01 06 09 12 14 18,-0.02886191,0.37364635,-0.359923,-0.023922,-0.831289,-0.946896,0.000000,0.000000,-0.829914
3691,01 06 07 12 14 18,-0.02887417,0.41738612,-0.083059,-0.773907,-1.062203,0.057388,0.000000,0.000000,-0.876132
3692,06 10 12 18 22 24,-0.02889076,0.45911309,0.609100,-0.320684,0.092365,-0.803427,0.000000,0.000000,0.042458
3693,04 06 08 09 14 18,-0.02896117,0.42555981,0.332236,0.290204,-0.369462,-1.233835,0.000000,0.000000,-1.296867
3694,07 09 10 14 22 24,-0.02900937,0.32115440,-2.436401,-0.382183,1.939675,-0.803427,0.000000,0.000000,0.311261
3695,01 09 10 12 14 33,-0.02908061,0.34733808,-0.775218,-0.420209,-0.600376,-0.803427,0.000000,0.000000,0.477778
3696,02 09 10 14 18 24,-0.02915582,0.45972055,-0.498355,-0.582950,2.170589,-0.516489,0.000000,0.000000,0.213943
3697,08 10 14 22 24 33,-0.02921439,0.42437720,0.609100,-0.103364,-0.138548,-1.377304,0.000000,0.000000,1.003556
3698,04 08 09 10 12 18,-0.02931233,0.49076420,0.747532,-0.155823,0.323279,-0.659958,0.000000,0.000000,-1.292943
3699,08 14 18 22 24 33,-0.02933568,0.48506583,1.578123,-0.436095,-0.600376,-0.946896,0.000000,0.000000,1.019215
3700,01 07 09 12 14 18,-0.02937972,0.38948341,-1.052082,-0.819043,0.092365,0.057388,0.000000,0.000000,-0.740854
3701,06 07 08 12 14 22,-0.02939175,0.33724150,-0.913650,-0.340940,-1.062203,-0.659958,0.000000,0.000000,-0.442695
3702,07 09 14 22 24 33,-0.02941905,0.32878021,-1.882673,-0.809784,1.016020,-0.516489,0.000000,0.000000,1.231220
3703,09 12 18 22 24 33,-0.02942613,0.43883619,0.193805,-0.793421,0.323279,-0.516489,0.000000,0.000000,1.153973
3704,04 06 07 08 14 18,-0.02944743,0.46929957,0.609100,-0.459781,-0.600376,-0.229551,0.000000,0.000000,-1.413310
3705,01 08 10 12 14 18,-0.02949143,0.48508039,1.439691,-0.112623,-1.062203,-0.803427,0.000000,0.000000,-1.015389
3706,02 07 08 12 14 33,-0.02963695,0.43858187,-0.083059,-1.431698,-0.369462,0.487795,0.000000,0.000000,0.558157
3707,02 06 09 10 13 18,-0.02967788,0.45139396,-0.221491,-0.364470,1.016020,-0.516489,0.000000,0.000000,-0.880770
3708,01 06 08 09 22 24,-0.02970651,0.36835382,-0.221491,0.907394,0.785107,-2.525057,0.000000,0.000000,0.265993
3709,02 08 09 12 14 33,-0.02972942,0.39484210,-0.359923,-0.681713,-0.138548,-0.516489,0.000000,0.000000,0.588860
3710,07 08 09 12 14 22,-0.02977497,0.30933878,-1.882673,-0.386076,0.092365,-0.659958,0.000000,0.000000,-0.289293
3711,02 06 07 10 13 18,-0.02977679,0.49513373,0.055373,-1.114456,0.785107,0.487795,0.000000,0.000000,-0.939826
3712,02 06 08 12 14 33,-0.02983695,0.42274482,0.609100,-0.636577,-1.293117,-0.516489,0.000000,0.000000,0.362752
3713,01 07 08 09 10 13,-0.02995088,0.41908282,-0.636787,0.372638,1.016020,-1.090365,0.000000,0.000000,-2.332607
3714,01 07 08 18 22 24,-0.02995576,0.49953677,1.024396,-0.476739,0.785107,-0.803427,0.000000,0.000000,0.611359
3715,09 10 12 22 24 33,-0.03002263,0.37814756,-0.775218,-0.460690,0.785107,-0.946896,0.000000,0.000000,1.031971
3716,02 10 12 18 24 33,-0.03002625,0.56045347,1.439691,-1.411442,0.785107,0.344326,0.000000,0.000000,0.911411
3717,02 09 10 14 24 33,-0.03003562,0.40665772,-0.913650,-0.677820,1.708762,-0.659958,0.000000,0.000000,1.030623
3718,06 07 12 14 22 33,-0.03003942,0.31484508,-1.190514,-1.237539,-1.524031,0.057388,0.000000,0.000000,1.110171
3719,06 07 09 10 12 13,-0.03009774,0.36774165,-1.744242,0.034989,0.554193,-0.373020,0.000000,0.000000,-3.308340
3720,02 07 10 14 18 24,-0.03014539,0.50346031,-0.221491,-1.332935,1.939675,0.487795,0.000000,0.000000,0.022932
3721,01 06 08 18 22 24,-0.03015071,0.48369971,1.716555,0.318382,-0.138548,-1.807711,0.000000,0.000000,0.416701
3722,09 10 12 18 22 24,-0.03021196,0.43121038,-0.359923,-0.365820,1.246934,-0.803427,0.000000,0.000000,0.056896
3723,01 08 09 18 22 24,-0.03022123,0.45579700,0.747532,0.273247,1.016020,-1.807711,0.000000,0.000000,0.616431
3724,06 09 12 14 22 33,-0.03034288,0.27110531,-1.467378,-0.487553,-1.293117,-0.946896,0.000000,0.000000,1.109615
3725,02 07 14 18 24 33,-0.03034587,0.51108613,0.332236,-1.760537,1.016020,0.774733,0.000000,0.000000,0.973884
3726,02 06 14 18 24 33,-0.03035860,0.49524907,1.024396,-0.965415,0.092365,-0.229551,0.000000,0.000000,0.806224
3727,04 07 08 10 14 18,-0.03046938,0.49605412,0.609100,-0.761199,0.092365,0.057388,0.000000,0.000000,-1.171648
3728,02 08 12 14 18 33,-0.03048916,0.51018800,1.578123,-1.270725,-1.062203,0.200857,0.000000,0.000000,0.692821
3729,08 10 14 18 22 24,-0.03049470,0.47744002,1.024396,-0.008494,0.323279,-1.233835,0.000000,0.000000,-0.133152
3730,02 07 09 10 13 18,-0.03052298,0.46723102,-0.913650,-1.159592,1.939675,0.487795,0.000000,0.000000,-0.840199
3731,04 07 09 10 12 18,-0.03055501,0.44982448,-0.775218,-1.118525,1.016020,0.487795,0.000000,0.000000,-1.036175
3732,01 06 07 08 22 24,-0.03057475,0.41209359,0.055373,0.157409,0.554193,-1.520773,0.000000,0.000000,0.092959
3733,02 09 14 18 24 33,-0.03060313,0.46734636,0.055373,-1.010551,1.246934,-0.229551,0.000000,0.000000,0.980174
3734,04 06 09 10 12 18,-0.03061567,0.43398743,-0.083059,-0.323403,0.092365,-0.516489,0.000000,0.000000,-1.210938
3735,06 07 09 12 14 22,-0.03069662,0.25256200,-2.713265,-0.553656,-0.138548,-0.516489,0.000000,0.000000,-0.150738
3736,01 06 08 09 12 14,-0.03070856,0.34297995,-0.498355,0.777807,-0.831289,-1.807711,0.000000,0.000000,-1.805296
3737,02 07 10 14 24 33,-0.03070875,0.45039749,-0.636787,-1.427806,1.477848,0.344326,0.000000,0.000000,0.886495
3738,04 06 07 10 12 18,-0.03071206,0.47772720,0.193805,-1.073389,-0.138548,0.487795,0.000000,0.000000,-1.269620
3739,02 06 10 14 24 33,-0.03073157,0.43456044,0.055373,-0.632685,0.554193,-0.659958,0.000000,0.000000,0.717339
3740,08 12 14 18 22 33,-0.03073622,0.44322798,1.301260,-0.908985,-1.985858,-0.373020,0.000000,0.000000,0.992760
3741,01 07 10 12 14 18,-0.03074744,0.44414067,-0.083059,-1.075325,-0.369462,0.344326,0.000000,0.000000,-0.760597
3742,06 10 14 22 24 33,-0.03077081,0.36760042,-0.221491,-0.270945,-0.369462,-1.233835,0.000000,0.000000,1.048067
3743,01 04 06 08 18 33,-0.03079728,0.52085712,2.547146,-0.368220,-1.524031,-0.946896,0.000000,0.000000,0.486608
3744,07 10 14 22 24 33,-0.03084705,0.38343747,-0.913650,-1.066066,0.554193,-0.229551,0.000000,0.000000,1.202546
3745,01 06 07 09 10 13,-0.03089752,0.36230604,-1.467378,0.205057,0.785107,-0.946896,0.000000,0.000000,-2.197756
3746,06 14 18 22 24 33,-0.03097513,0.42828905,0.747532,-0.603675,-0.831289,-0.803427,0.000000,0.000000,1.051425
3747,02 06 10 14 18 24,-0.03099095,0.48762326,0.470668,-0.537814,1.016020,-0.516489,0.000000,0.000000,-0.268114
3748,07 08 12 14 18 22,-0.03101233,0.42468468,0.055373,-0.975088,-0.831289,0.057388,0.000000,0.000000,-0.256094
3749,04 06 07 09 14 18,-0.03103533,0.38462008,-1.190514,-0.672498,0.323279,-0.086081,0.000000,0.000000,-1.163285
3750,01 02 06 08 09 24,-0.03103574,0.43531384,0.055373,0.545655,1.708762,-1.951180,0.000000,0.000000,-0.267478
3751,01 04 08 09 18 33,-0.03105795,0.49295440,1.578123,-0.413355,-0.369462,-0.946896,0.000000,0.000000,0.658166
3752,07 14 18 22 24 33,-0.03106147,0.44412611,0.055373,-1.398797,0.092365,0.200857,0.000000,0.000000,1.204409
3753,07 08 09 10 12 13,-0.03108027,0.42451843,-0.913650,0.202569,0.785107,-0.516489,0.000000,0.000000,-3.729004
3754,07 10 14 18 22 24,-0.03111330,0.43650030,-0.498355,-0.971196,1.016020,-0.086081,0.000000,0.000000,0.216076
3755,01 02 06 08 18 24,-0.03111441,0.55065973,1.993419,-0.043358,0.785107,-1.233835,0.000000,0.000000,-0.062615
3756,01 06 10 12 14 18,-0.03113540,0.42830361,0.609100,-0.280203,-1.293117,-0.659958,0.000000,0.000000,-0.983849
3757,01 04 07 08 18 33,-0.03114432,0.53669417,1.854987,-1.163341,-0.600376,0.057388,0.000000,0.000000,0.600968
3758,01 07 08 09 22 24,-0.03115790,0.38419087,-0.913650,0.112273,1.708762,-1.520773,0.000000,0.000000,0.216739
3759,01 09 10 12 14 18,-0.03120548,0.40040090,-0.359923,-0.325339,-0.138548,-0.659958,0.000000,0.000000,-0.784053
3760,04 08 09 10 14 18,-0.03120572,0.45231435,0.332236,-0.011213,0.323279,-0.946896,0.000000,0.000000,-1.236337
3761,07 09 12 14 22 33,-0.03130975,0.28694236,-2.159537,-1.282675,-0.369462,0.057388,0.000000,0.000000,1.132145
3762,04 06 08 10 12 18,-0.03141731,0.51866692,1.716555,-0.110687,-0.831289,-0.659958,0.000000,0.000000,-1.814979
3763,09 10 14 22 24 33,-0.03141872,0.33969771,-1.190514,-0.316080,0.785107,-1.233835,0.000000,0.000000,1.162255
3764,01 06 07 08 12 14,-0.03154734,0.38671972,-0.221491,0.027821,-1.062203,-0.803427,0.000000,0.000000,-1.973966
3765,01 02 07 08 18 24,-0.03160088,0.56649679,1.301260,-0.838479,1.708762,-0.229551,0.000000,0.000000,0.031088
3766,01 02 08 09 18 24,-0.03161170,0.52275702,1.024396,-0.088493,1.939675,-1.233835,0.000000,0.000000,0.073887
3767,06 10 14 18 22 24,-0.03163061,0.42066324,0.193805,-0.176074,0.092365,-1.090365,0.000000,0.000000,-0.026340
3768,08 09 12 14 18 22,-0.03164489,0.38094491,-0.221491,-0.225102,-0.600376,-0.946896,0.000000,0.000000,-0.305407
3769,06 08 12 14 18 22,-0.03165589,0.40884762,0.747532,-0.179967,-1.754944,-0.946896,0.000000,0.000000,-0.517214
3770,09 14 18 22 24 33,-0.03170962,0.40038634,-0.221491,-0.648811,0.323279,-0.803427,0.000000,0.000000,1.152786
3771,02 06 07 12 14 33,-0.03171242,0.38180509,-0.913650,-1.599279,-0.600376,0.631264,0.000000,0.000000,0.525769
3772,02 06 09 12 14 33,-0.03174054,0.33806533,-1.190514,-0.849293,-0.369462,-0.373020,0.000000,0.000000,0.566005
3773,01 07 08 10 22 24,-0.03178985,0.43884813,0.055373,-0.144008,1.246934,-1.233835,0.000000,0.000000,0.306004
3774,01 07 08 09 12 14,-0.03180491,0.35881701,-1.190514,-0.017315,0.092365,-0.803427,0.000000,0.000000,-1.801948
3775,01 06 07 18 22 24,-0.03190944,0.44275999,0.193805,-0.644320,0.554193,-0.659958,0.000000,0.000000,0.597015
3776,01 06 08 10 22 24,-0.03199490,0.42301108,0.747532,0.651113,0.323279,-2.238118,0.000000,0.000000,0.109851
3777,08 10 12 14 22 33,-0.03203193,0.38253934,0.332236,-0.576254,-1.524031,-0.803427,0.000000,0.000000,0.767167
3778,09 10 14 18 22 24,-0.03210548,0.39276053,-0.775218,-0.221210,1.246934,-1.090365,0.000000,0.000000,0.113484
3779,10 12 18 22 24 33,-0.03214234,0.49349345,1.162828,-1.049702,-0.138548,-0.229551,0.000000,0.000000,0.934448
3780,01 06 08 22 24 33,-0.03221027,0.43063689,1.301260,0.223512,-0.600376,-1.951180,0.000000,0.000000,1.058597
3781,01 06 09 18 22 24,-0.03222226,0.39902022,-0.083059,0.105666,0.785107,-1.664242,0.000000,0.000000,0.595072
3782,06 07 12 14 18 22,-0.03222462,0.36790790,-0.775218,-1.142669,-1.062203,0.200857,0.000000,0.000000,-0.160597
3783,02 07 12 14 18 33,-0.03239341,0.46924827,0.055373,-2.233427,-0.369462,1.348610,0.000000,0.000000,0.851575
3784,06 12 14 18 22 33,-0.03240595,0.38645120,0.470668,-1.076566,-2.216772,-0.229551,0.000000,0.000000,1.020484
3785,02 06 12 14 18 33,-0.03242127,0.45341122,0.747532,-1.438305,-1.293117,0.344326,0.000000,0.000000,0.681671
3786,04 07 09 10 14 18,-0.03244587,0.41137463,-1.190514,-0.973915,1.016020,0.200857,0.000000,0.000000,-0.979195
3787,04 06 08 10 14 18,-0.03244923,0.48021707,1.301260,0.033923,-0.831289,-0.946896,0.000000,0.000000,-1.630743
3788,01 02 04 07 08 10,-0.03245027,0.52534144,0.193805,-0.540219,1.016020,0.344326,0.000000,0.000000,-3.504640
3789,01 02 06 08 10 24,-0.03247083,0.48997110,1.024396,0.289373,1.246934,-1.664242,0.000000,0.000000,-0.297201
3790,07 12 14 18 22 33,-0.03247714,0.40228826,-0.221491,-1.871687,-1.293117,0.774733,0.000000,0.000000,1.175710
3791,04 06 09 10 14 18,-0.03250402,0.39553757,-0.498355,-0.178793,0.092365,-0.803427,0.000000,0.000000,-1.153584
3792,01 08 09 10 22 24,-0.03255395,0.39510836,-0.221491,0.605977,1.477848,-2.238118,0.000000,0.000000,0.237203
3793,01 06 07 09 22 24,-0.03257060,0.32741410,-1.744242,-0.055307,1.477848,-1.377304,0.000000,0.000000,0.282544
3794,01 04 08 10 18 33,-0.03257502,0.54761166,2.547146,-0.669637,-0.831289,-0.659958,0.000000,0.000000,0.616297
3795,04 06 07 10 14 18,-0.03259536,0.43927734,-0.221491,-0.928779,-0.138548,0.200857,0.000000,0.000000,-1.211518
3796,02 07 09 12 14 33,-0.03260835,0.35390238,-1.882673,-1.644414,0.554193,0.631264,0.000000,0.000000,0.603212
3797,02 09 12 14 18 33,-0.03262038,0.42550851,-0.221491,-1.483441,-0.138548,0.344326,0.000000,0.000000,0.862350
3798,01 02 06 08 24 33,-0.03273711,0.49759691,1.578123,-0.138228,0.323279,-1.377304,0.000000,0.000000,0.644002
3799,06 10 12 14 22 33,-0.03276473,0.32576257,-0.498355,-0.743835,-1.754944,-0.659958,0.000000,0.000000,0.933700
3800,01 02 06 07 08 24,-0.03278885,0.47905360,0.332236,-0.204331,1.477848,-0.946896,0.000000,0.000000,-0.571608
3801,01 08 10 18 22 24,-0.03279290,0.51045426,1.716555,0.016965,0.554193,-1.520773,0.000000,0.000000,0.418319
3802,07 10 12 14 22 33,-0.03282584,0.34159962,-1.190514,-1.538956,-0.831289,0.344326,0.000000,0.000000,1.090422
3803,01 07 08 22 24 33,-0.03283805,0.44647394,0.609100,-0.571610,0.323279,-0.946896,0.000000,0.000000,1.131364
3804,01 06 09 10 22 24,-0.03286737,0.33833159,-1.052082,0.438397,1.246934,-2.094649,0.000000,0.000000,0.465868
3805,06 09 12 14 18 22,-0.03287126,0.32416813,-1.052082,-0.392683,-0.831289,-0.803427,0.000000,0.000000,-0.211997
3806,06 07 10 12 14 22,-0.03287950,0.30721926,-1.744242,-0.809938,-0.600376,-0.229551,0.000000,0.000000,-0.291250
3807,02 10 14 18 24 33,-0.03292681,0.52200362,1.024396,-1.266832,0.785107,0.057388,0.000000,0.000000,0.818803
3808,01 06 07 10 22 24,-0.03293096,0.38207136,-0.775218,-0.311589,1.016020,-1.090365,0.000000,0.000000,0.412045
3809,01 06 08 09 12 22,-0.03293688,0.32651597,-0.498355,0.434504,-0.600376,-1.951180,0.000000,0.000000,-0.031557
3810,01 02 07 08 10 24,-0.03294720,0.50580815,0.332236,-0.505748,2.170589,-0.659958,0.000000,0.000000,-0.202003
3811,01 08 09 22 24 33,-0.03296181,0.40273418,0.332236,0.178376,0.554193,-1.951180,0.000000,0.000000,1.157430
3812,02 08 10 12 14 33,-0.03303903,0.44949936,0.609100,-0.937994,-0.600376,-0.229551,0.000000,0.000000,0.281421
3813,06 09 10 12 14 22,-0.03306863,0.26347950,-2.021105,-0.059952,-0.369462,-1.233835,0.000000,0.000000,-0.274867
3814,07 08 10 12 14 22,-0.03307702,0.36399604,-0.913650,-0.642357,-0.369462,-0.373020,0.000000,0.000000,-0.595611
3815,01 02 06 09 18 24,-0.03308480,0.46598024,0.193805,-0.256074,1.708762,-1.090365,0.000000,0.000000,0.130743
3816,09 12 14 18 22 33,-0.03309502,0.35854849,-0.498355,-1.121701,-1.062203,-0.229551,0.000000,0.000000,1.128573
3817,01 07 09 18 22 24,-0.03309512,0.41485728,-0.775218,-0.689455,1.708762,-0.659958,0.000000,0.000000,0.631530
3818,01 02 07 08 09 24,-0.03316856,0.45115089,-0.636787,-0.249467,2.632416,-0.946896,0.000000,0.000000,-0.417687
3819,01 02 08 10 18 24,-0.03324097,0.57741428,1.993419,-0.344775,1.477848,-0.946896,0.000000,0.000000,0.015396
3820,07 09 12 14 18 22,-0.03329551,0.34000518,-1.744242,-1.187804,0.092365,0.200857,0.000000,0.000000,-0.109076
3821,01 02 08 18 24 33,-0.03329650,0.58504009,2.547146,-0.772376,0.554193,-0.659958,0.000000,0.000000,0.987822
3822,01 04 06 09 18 33,-0.03346041,0.43617763,0.747532,-0.580936,-0.600376,-0.803427,0.000000,0.000000,0.577334
3823,01 02 04 08 09 10,-0.03349079,0.48160167,-0.083059,0.209767,1.246934,-0.659958,0.000000,0.000000,-3.614394
3824,01 04 06 07 18 33,-0.03352084,0.47991740,1.024396,-1.330922,-0.831289,0.200857,0.000000,0.000000,0.523980
3825,02 08 09 12 14 18,-0.03356497,0.44790493,0.055373,-0.586842,0.323279,-0.373020,0.000000,0.000000,-0.926413
3826,01 06 07 09 12 14,-0.03359789,0.30204023,-2.021105,-0.184895,-0.138548,-0.659958,0.000000,0.000000,-1.792483
3827,01 04 06 08 09 18,-0.03372617,0.45857405,1.024396,0.315663,-0.138548,-1.520773,0.000000,0.000000,-1.110859
3828,06 08 10 12 14 22,-0.03373067,0.34815899,-0.221491,0.152764,-1.293117,-1.377304,0.000000,0.000000,-0.858227
3829,01 06 07 08 12 22,-0.03375547,0.37025574,-0.221491,-0.315482,-0.831289,-0.946896,0.000000,0.000000,-0.197237
3830,01 02 08 09 24 33,-0.03378769,0.46969419,0.609100,-0.183364,1.477848,-1.377304,0.000000,0.000000,0.698534
3831,01 02 07 09 18 24,-0.03379151,0.48181729,-0.498355,-1.051195,2.632416,-0.086081,0.000000,0.000000,0.191817
3832,01 02 06 07 18 24,-0.03382820,0.50972001,0.470668,-1.006060,1.477848,-0.086081,0.000000,0.000000,-0.023797
3833,02 07 08 12 14 18,-0.03384016,0.49164469,0.332236,-1.336828,0.092365,0.631264,0.000000,0.000000,-1.011587
3834,01 04 06 08 09 33,-0.03388510,0.40551122,0.609100,0.220793,-0.600376,-1.664242,0.000000,0.000000,-0.187380
3835,01 02 06 07 09 24,-0.03394405,0.39437411,-1.467378,-0.417047,2.401503,-0.803427,0.000000,0.000000,-0.257478
3836,02 06 08 09 10 13,-0.03397059,0.42072756,-0.359923,0.437258,1.016020,-1.377304,0.000000,0.000000,-2.218542
3837,02 07 10 12 14 33,-0.03399626,0.40855964,-0.913650,-1.900696,0.092365,0.918202,0.000000,0.000000,0.580479
3838,02 06 10 12 14 33,-0.03403422,0.39272259,-0.221491,-1.105575,-0.831289,-0.086081,0.000000,0.000000,0.409080
3839,01 04 07 08 09 18,-0.03404293,0.47441110,0.332236,-0.479458,0.785107,-0.516489,0.000000,0.000000,-0.992014
3840,01 02 07 08 24 33,-0.03404632,0.51343396,0.885964,-0.933350,1.246934,-0.373020,0.000000,0.000000,0.615814
3841,02 06 07 08 10 13,-0.03412004,0.46446733,-0.083059,-0.312728,0.785107,-0.373020,0.000000,0.000000,-2.285087
3842,01 02 04 07 08 09,-0.03412656,0.47068418,-0.775218,-0.283937,1.477848,0.057388,0.000000,0.000000,-3.935877
3843,01 02 06 09 10 24,-0.03414665,0.40529161,-0.775218,0.076657,2.170589,-1.520773,0.000000,0.000000,-0.060203
3844,02 06 07 08 09 13,-0.03421783,0.40981007,-1.052082,-0.056446,1.246934,-0.659958,0.000000,0.000000,-2.482464
3845,09 10 12 14 22 33,-0.03422112,0.29785985,-1.467378,-0.788970,-0.600376,-0.659958,0.000000,0.000000,0.928109
3846,01 07 08 10 12 14,-0.03425134,0.41347427,-0.221491,-0.273596,-0.369462,-0.516489,0.000000,0.000000,-1.981504
3847,01 02 06 07 10 24,-0.03431132,0.44903137,-0.498355,-0.673329,1.939675,-0.516489,0.000000,0.000000,-0.129002
3848,01 02 08 10 24 33,-0.03432477,0.52435145,1.578123,-0.439645,1.016020,-1.090365,0.000000,0.000000,0.801853
3849,10 14 18 22 24 33,-0.03432513,0.45504360,0.747532,-0.905092,-0.138548,-0.516489,0.000000,0.000000,0.948179
3850,01 04 06 07 08 18,-0.03432817,0.50231381,1.301260,-0.434323,-0.369462,-0.516489,0.000000,0.000000,-1.244450
3851,01 02 08 09 10 24,-0.03436116,0.46206838,0.055373,0.244237,2.401503,-1.664242,0.000000,0.000000,-0.367083
3852,01 07 08 09 12 22,-0.03437313,0.34235302,-1.190514,-0.360617,0.323279,-0.946896,0.000000,0.000000,-0.078568
3853,08 09 10 12 14 22,-0.03438377,0.32025627,-1.190514,0.107629,-0.138548,-1.377304,0.000000,0.000000,-0.744808
3854,01 04 07 08 10 33,-0.03440625,0.47600554,0.885964,-0.830610,-0.138548,-0.373020,0.000000,0.000000,0.084074
3855,01 08 18 22 24 33,-0.03455997,0.51808007,2.270283,-0.410636,-0.369462,-1.233835,0.000000,0.000000,1.137178
3856,01 08 10 22 24 33,-0.03456905,0.45739144,1.301260,-0.077905,0.092365,-1.664242,0.000000,0.000000,1.102204
3857,01 07 09 10 22 24,-0.03458403,0.35416864,-1.744242,-0.356725,2.170589,-1.090365,0.000000,0.000000,0.377315
3858,01 07 10 18 22 24,-0.03459898,0.46951454,0.193805,-0.945737,1.246934,-0.373020,0.000000,0.000000,0.591618
3859,01 06 10 18 22 24,-0.03463189,0.45367748,0.885964,-0.150616,0.323279,-1.377304,0.000000,0.000000,0.420967
3860,01 08 09 10 12 14,-0.03468637,0.36973450,-0.498355,0.476390,-0.138548,-1.520773,0.000000,0.000000,-2.001554
3861,01 02 04 06 07 10,-0.03469371,0.46856466,-0.636787,-0.707799,0.785107,0.487795,0.000000,0.000000,-3.561913
3862,01 06 08 12 22 33,-0.03471708,0.38879904,1.024396,-0.249378,-1.985858,-1.377304,0.000000,0.000000,0.868245
3863,01 09 10 18 22 24,-0.03475956,0.42577477,-0.083059,-0.195751,1.477848,-1.377304,0.000000,0.000000,0.612230
3864,01 02 04 06 09 10,-0.03477938,0.42482489,-0.913650,0.042187,1.016020,-0.516489,0.000000,0.000000,-3.530203
3865,01 04 06 10 18 33,-0.03480278,0.49083489,1.716555,-0.837217,-1.062203,-0.516489,0.000000,0.000000,0.561348
3866,01 06 09 10 12 14,-0.03480478,0.31295772,-1.328946,0.308809,-0.369462,-1.377304,0.000000,0.000000,-1.743996
3867,01 06 08 10 12 14,-0.03481143,0.39763721,0.470668,0.521525,-1.293117,-1.520773,0.000000,0.000000,-2.230259
3868,01 04 07 09 18 33,-0.03488159,0.45201468,0.055373,-1.376057,0.323279,0.200857,0.000000,0.000000,0.532557
3869,01 06 07 10 12 14,-0.03491883,0.35669749,-1.052082,-0.441177,-0.600376,-0.373020,0.000000,0.000000,-1.805296
3870,01 04 06 08 10 33,-0.03492320,0.46016848,1.578123,-0.035489,-1.062203,-1.377304,0.000000,0.000000,-0.158288
3871,01 06 09 22 24 33,-0.03492500,0.34595740,-0.498355,0.010796,0.323279,-1.807711,0.000000,0.000000,1.141678
3872,01 06 07 22 24 33,-0.03493344,0.38969717,-0.221491,-0.739190,0.092365,-0.803427,0.000000,0.000000,1.096025
3873,01 04 07 08 10 18,-0.03497773,0.52906836,1.301260,-0.735740,0.323279,-0.229551,0.000000,0.000000,-0.947616
3874,01 08 09 12 18 22,-0.03498259,0.41395915,0.470668,-0.199644,-0.369462,-1.233835,0.000000,0.000000,0.092060
3875,01 04 08 09 10 33,-0.03499407,0.43226577,0.609100,-0.080624,0.092365,-1.377304,0.000000,0.000000,0.041390
3876,02 09 10 12 14 33,-0.03500064,0.36481987,-1.190514,-1.150710,0.323279,-0.086081,0.000000,0.000000,0.476079
3877,01 04 07 08 09 33,-0.03502460,0.42134828,-0.083059,-0.574329,0.323279,-0.659958,0.000000,0.000000,-0.190425
3878,02 10 12 14 18 33,-0.03503214,0.48016577,0.747532,-1.739723,-0.600376,0.631264,0.000000,0.000000,0.687930
3879,01 02 04 06 08 10,-0.03517280,0.50950438,0.885964,0.254903,0.092365,-0.659958,0.000000,0.000000,-4.073767
3880,01 07 08 12 18 22,-0.03518890,0.45769892,0.747532,-0.949629,-0.600376,-0.229551,0.000000,0.000000,0.017092
3881,07 09 10 12 14 22,-0.03519058,0.27931655,-2.713265,-0.855073,0.554193,-0.229551,0.000000,0.000000,-0.423465
3882,01 02 04 06 08 09,-0.03519265,0.45484712,-0.083059,0.511184,0.554193,-0.946896,0.000000,0.000000,-4.259597
3883,01 02 07 10 18 24,-0.03520053,0.53647455,0.470668,-1.307477,2.170589,0.200857,0.000000,0.000000,0.165954
3884,01 04 09 10 18 33,-0.03521221,0.46293217,0.747532,-0.882353,0.092365,-0.516489,0.000000,0.000000,0.710867
3885,01 04 06 07 08 33,-0.03521751,0.44925099,0.885964,-0.529193,-0.831289,-0.659958,0.000000,0.000000,-0.429182
3886,01 02 06 09 24 33,-0.03522293,0.41291742,-0.221491,-0.350944,1.246934,-1.233835,0.000000,0.000000,0.760997
3887,02 06 08 12 14 18,-0.03524393,0.47580764,1.024396,-0.541707,-0.831289,-0.373020,0.000000,0.000000,-1.385334
3888,01 02 06 18 24 33,-0.03529650,0.52826331,1.716555,-0.939957,0.323279,-0.516489,0.000000,0.000000,0.966616
3889,01 02 04 07 09 10,-0.03531591,0.44066195,-1.605810,-0.752935,1.939675,0.487795,0.000000,0.000000,-3.443917
3890,01 07 08 12 22 33,-0.03532972,0.40463609,0.332236,-1.044500,-1.062203,-0.373020,0.000000,0.000000,0.943255
3891,01 06 08 09 14 22,-0.03537008,0.28806611,-0.913650,0.579114,-0.600376,-2.238118,0.000000,0.000000,-0.054925
3892,01 02 06 10 18 24,-0.03539326,0.52063750,1.162828,-0.512355,1.246934,-0.803427,0.000000,0.000000,-0.028374
3893,01 06 08 12 18 22,-0.03539899,0.44186186,1.439691,-0.154508,-1.524031,-1.233835,0.000000,0.000000,-0.179809
3894,01 08 09 12 22 33,-0.03543985,0.36089632,0.055373,-0.294514,-0.831289,-1.377304,0.000000,0.000000,0.971341
3895,01 04 08 09 10 18,-0.03552770,0.48532859,1.024396,0.014246,0.554193,-1.233835,0.000000,0.000000,-0.984694
3896,07 10 12 14 18 22,-0.03559648,0.39466244,-0.775218,-1.444086,-0.369462,0.487795,0.000000,0.000000,-0.267083
3897,04 06 08 09 22 33,-0.03566324,0.35603300,-0.083059,-0.147969,-0.600376,-1.520773,0.000000,0.000000,0.761097
3898,01 02 07 09 10 24,-0.03569717,0.42112866,-1.467378,-0.718464,3.094244,-0.516489,0.000000,0.000000,-0.124141
3899,10 12 14 18 22 33,-0.03579861,0.41320575,0.470668,-1.377983,-1.524031,0.057388,0.000000,0.000000,0.910918
3900,01 06 07 09 12 22,-0.03581611,0.28557624,-2.021105,-0.528198,0.092365,-0.803427,0.000000,0.000000,-0.017249
3901,02 07 08 09 10 13,-0.03586710,0.43656461,-1.052082,-0.357863,1.939675,-0.373020,0.000000,0.000000,-2.333741
3902,08 10 12 14 18 22,-0.03586757,0.43560217,0.747532,-0.481384,-1.062203,-0.659958,0.000000,0.000000,-0.748119
3903,04 07 08 18 22 33,-0.03588694,0.48721595,1.162828,-1.532102,-0.600376,0.200857,0.000000,0.000000,1.110249
3904,01 02 09 10 18 24,-0.03591436,0.49273479,0.193805,-0.557491,2.401503,-0.803427,0.000000,0.000000,0.104601
3905,02 06 07 12 14 18,-0.03595348,0.43486792,-0.498355,-1.504409,-0.138548,0.774733,0.000000,0.000000,-1.049582
3906,01 07 08 10 12 22,-0.03597576,0.39701028,-0.221491,-0.616899,-0.138548,-0.659958,0.000000,0.000000,-0.133112
3907,02 07 09 12 14 18,-0.03598883,0.40696520,-1.467378,-1.549544,1.016020,0.774733,0.000000,0.000000,-0.844642
3908,01 02 07 18 24 33,-0.03600973,0.54410037,1.024396,-1.735078,1.246934,0.487795,0.000000,0.000000,1.026723
3909,04 06 07 08 09 14,-0.03603149,0.35395368,-1.328946,0.129231,0.323279,-0.946896,0.000000,0.000000,-2.605276
3910,04 08 09 18 22 33,-0.03605774,0.44347618,0.885964,-0.782116,-0.369462,-0.803427,0.000000,0.000000,1.129346
3911,06 10 12 14 18 22,-0.03607800,0.37882539,-0.083059,-0.648964,-1.293117,-0.516489,0.000000,0.000000,-0.504196
3912,04 06 08 18 22 33,-0.03616997,0.47137889,1.854987,-0.736981,-1.524031,-0.803427,0.000000,0.000000,0.902542
3913,04 07 08 09 22 33,-0.03617266,0.37187005,-0.775218,-0.943090,0.323279,-0.516489,0.000000,0.000000,0.851400
3914,01 04 07 10 18 33,-0.03617842,0.50667194,1.024396,-1.632339,-0.138548,0.487795,0.000000,0.000000,0.523318
3915,01 06 07 08 14 22,-0.03618363,0.33180588,-0.636787,-0.170872,-0.831289,-1.233835,0.000000,0.000000,-0.219857
3916,04 07 08 09 18 22,-0.03618385,0.42493288,-0.359923,-0.848220,0.785107,-0.373020,0.000000,0.000000,-0.097283
3917,01 06 08 10 12 22,-0.03619595,0.38117323,0.470668,0.178223,-1.062203,-1.664242,0.000000,0.000000,-0.331508
3918,01 02 09 18 24 33,-0.03628391,0.50036060,0.747532,-0.985092,1.477848,-0.516489,0.000000,0.000000,1.030504
3919,01 04 06 08 10 18,-0.03631741,0.51323131,1.993419,0.059381,-0.600376,-1.233835,0.000000,0.000000,-1.311869
3920,02 06 09 12 14 18,-0.03632479,0.39112815,-0.775218,-0.754423,0.092365,-0.229551,0.000000,0.000000,-1.060190
3921,01 06 18 22 24 33,-0.03634790,0.46130329,1.439691,-0.578217,-0.600376,-1.090365,0.000000,0.000000,1.147390
3922,01 06 10 22 24 33,-0.03637019,0.40061466,0.470668,-0.245486,-0.138548,-1.520773,0.000000,0.000000,1.110459
3923,01 02 06 10 24 33,-0.03643922,0.46757468,0.747532,-0.607226,0.785107,-0.946896,0.000000,0.000000,0.763690
3924,04 06 08 09 18 22,-0.03649716,0.40909582,0.332236,-0.053098,-0.138548,-1.377304,0.000000,0.000000,-0.309476
3925,04 06 07 08 22 33,-0.03650120,0.39977277,0.193805,-0.897954,-0.831289,-0.516489,0.000000,0.000000,0.592549
3926,01 02 06 07 24 33,-0.03654309,0.45665719,0.055373,-1.100930,1.016020,-0.229551,0.000000,0.000000,0.521009
3927,01 04 06 09 10 33,-0.03656282,0.37548899,-0.221491,-0.248205,-0.138548,-1.233835,0.000000,0.000000,0.084074
3928,01 07 09 22 24 33,-0.03662059,0.36179445,-1.190514,-0.784326,1.246934,-0.803427,0.000000,0.000000,1.056247
3929,01 02 08 12 18 33,-0.03662913,0.54320224,2.270283,-1.245266,-0.831289,-0.086081,0.000000,0.000000,0.675121
3930,01 04 06 07 09 18,-0.03663952,0.41763432,-0.498355,-0.647039,0.554193,-0.373020,0.000000,0.000000,-1.101607
3931,04 07 08 09 10 14,-0.03664694,0.38070823,-1.328946,-0.172186,1.016020,-0.659958,0.000000,0.000000,-2.303390
3932,02 06 08 09 22 24,-0.03664818,0.38583561,-0.636787,0.176893,1.708762,-1.807711,0.000000,0.000000,0.112936
3933,01 06 08 14 22 33,-0.03669751,0.35034919,0.609100,-0.104768,-1.985858,-1.664242,0.000000,0.000000,0.911956
3934,01 04 06 07 10 33,-0.03669973,0.41922876,0.055373,-0.998191,-0.369462,-0.229551,0.000000,0.000000,0.019388
3935,01 08 09 10 12 22,-0.03670958,0.35327051,-0.498355,0.133087,0.092365,-1.664242,0.000000,0.000000,-0.197427
3936,01 02 07 09 24 33,-0.03675238,0.42875447,-0.913650,-1.146066,2.170589,-0.229551,0.000000,0.000000,0.700180
3937,01 07 08 09 14 22,-0.03680886,0.30390317,-1.605810,-0.216007,0.323279,-1.233835,0.000000,0.000000,-0.102310
3938,04 07 08 10 22 33,-0.03681975,0.42652731,0.193805,-1.199371,-0.138548,-0.229551,0.000000,0.000000,0.938422
3939,02 06 07 09 10 13,-0.03686244,0.37978784,-1.882673,-0.525444,1.708762,-0.229551,0.000000,0.000000,-2.206104
3940,02 07 08 18 22 24,-0.03691004,0.51701856,0.609100,-1.207240,1.708762,-0.086081,0.000000,0.000000,0.456433
3941,01 08 09 14 18 22,-0.03694539,0.37550930,0.055373,-0.055034,-0.369462,-1.520773,0.000000,0.000000,0.138383
3942,04 06 08 09 10 14,-0.03698044,0.36487117,-0.636787,0.622935,0.092365,-1.664242,0.000000,0.000000,-2.518574
3943,01 07 09 10 12 14,-0.03702029,0.32879477,-2.021105,-0.486312,0.554193,-0.373020,0.000000,0.000000,-1.906456
3944,01 06 09 10 12 22,-0.03705328,0.29649374,-1.328946,-0.034493,-0.138548,-1.520773,0.000000,0.000000,0.026751
3945,01 02 07 10 24 33,-0.03706922,0.48341173,0.055373,-1.402347,1.708762,0.057388,0.000000,0.000000,0.836128
3946,02 04 08 09 18 33,-0.03707364,0.51043620,1.162828,-1.143856,0.554193,-0.229551,0.000000,0.000000,0.642297
3947,01 08 10 12 22 33,-0.03710059,0.41555358,1.024396,-0.550796,-1.293117,-1.090365,0.000000,0.000000,0.908187
3948,01 08 12 18 22 33,-0.03711861,0.47624222,1.993419,-0.883526,-1.754944,-0.659958,0.000000,0.000000,0.939145
3949,04 06 07 08 10 14,-0.03712232,0.40861094,-0.359923,-0.127051,-0.138548,-0.659958,0.000000,0.000000,-2.583996
3950,01 07 08 14 18 22,-0.03713400,0.41924906,0.332236,-0.805019,-0.600376,-0.516489,0.000000,0.000000,0.066037
3951,01 04 06 09 10 18,-0.03713429,0.42855181,0.193805,-0.153335,0.323279,-1.090365,0.000000,0.000000,-0.947616
3952,01 06 07 10 12 22,-0.03714714,0.34023350,-1.052082,-0.784479,-0.369462,-0.516489,0.000000,0.000000,-0.031557
3953,02 04 07 08 18 33,-0.03715748,0.55417597,1.439691,-1.893842,0.323279,0.774733,0.000000,0.000000,0.585472
3954,01 07 10 22 24 33,-0.03716001,0.41645171,-0.221491,-1.040607,0.785107,-0.516489,0.000000,0.000000,1.159219
3955,04 06 07 08 18 22,-0.03716810,0.45283559,0.609100,-0.803084,-0.369462,-0.373020,0.000000,0.000000,-0.453280
3956,01 07 18 22 24 33,-0.03717032,0.47714035,0.747532,-1.373338,0.323279,-0.086081,0.000000,0.000000,1.191319
3957,02 08 09 18 22 24,-0.03717804,0.47327879,0.332236,-0.457254,1.939675,-1.090365,0.000000,0.000000,0.461131
3958,01 02 06 08 12 33,-0.03722720,0.45575906,1.301260,-0.611118,-1.062203,-0.803427,0.000000,0.000000,0.159821
3959,01 06 07 12 18 22,-0.03728456,0.40092214,-0.083059,-1.117210,-0.831289,-0.086081,0.000000,0.000000,-0.018287
3960,02 07 08 09 22 24,-0.03729703,0.40167267,-1.328946,-0.618228,2.632416,-0.803427,0.000000,0.000000,0.182582
3961,01 04 06 07 10 18,-0.03730905,0.47229158,0.470668,-0.903320,0.092365,-0.086081,0.000000,0.000000,-1.017910
3962,01 07 08 14 22 33,-0.03731267,0.36618624,-0.083059,-0.899890,-1.062203,-0.659958,0.000000,0.000000,0.986593
3963,01 06 08 14 18 22,-0.03734158,0.40341201,1.024396,-0.009898,-1.524031,-1.520773,0.000000,0.000000,-0.130490
3964,01 09 10 22 24 33,-0.03735844,0.37271195,-0.498355,-0.290621,1.016020,-1.520773,0.000000,0.000000,1.174223
3965,01 06 07 12 22 33,-0.03738753,0.34785932,-0.498355,-1.212080,-1.293117,-0.229551,0.000000,0.000000,0.913484
3966,01 08 10 12 18 22,-0.03742821,0.46861641,1.439691,-0.455925,-0.831289,-0.946896,0.000000,0.000000,-0.087377
3967,01 08 09 14 22 33,-0.03744050,0.32244647,-0.359923,-0.149904,-0.831289,-1.664242,0.000000,0.000000,1.012056
3968,01 07 08 10 14 22,-0.03745689,0.35856043,-0.636787,-0.472289,-0.138548,-0.946896,0.000000,0.000000,-0.015428
3969,02 06 07 08 22 24,-0.03751389,0.42957538,-0.359923,-0.573092,1.477848,-0.803427,0.000000,0.000000,-0.059725
3970,09 10 12 14 18 22,-0.03751413,0.35092268,-1.052082,-0.694100,-0.138548,-0.516489,0.000000,0.000000,-0.506786
3971,04 06 07 08 09 12,-0.03753200,0.39240353,-0.913650,-0.015379,0.323279,-0.659958,0.000000,0.000000,-3.164699
3972,01 04 06 07 09 33,-0.03758334,0.36457150,-0.913650,-0.741909,0.092365,-0.516489,0.000000,0.000000,-0.294411
3973,04 08 09 10 22 33,-0.03761412,0.38278754,-0.083059,-0.449386,0.092365,-1.233835,0.000000,0.000000,0.865135
3974,01 09 18 22 24 33,-0.03764392,0.43340058,0.470668,-0.623352,0.554193,-1.090365,0.000000,0.000000,1.165557
3975,02 08 10 12 14 18,-0.03765947,0.50256219,1.024396,-0.843124,-0.138548,-0.086081,0.000000,0.000000,-1.350136
3976,01 06 08 10 14 22,-0.03767456,0.34272338,0.055373,0.322833,-1.062203,-1.951180,0.000000,0.000000,-0.213451
3977,01 02 10 18 24 33,-0.03772240,0.55501786,1.716555,-1.241374,1.016020,-0.229551,0.000000,0.000000,1.000277
3978,01 04 07 09 10 18,-0.03772264,0.44438887,-0.498355,-0.948456,1.246934,-0.086081,0.000000,0.000000,-0.869007
3979,04 07 08 10 18 22,-0.03782069,0.47959014,0.609100,-1.104501,0.323279,-0.086081,0.000000,0.000000,-0.156896
3980,01 02 09 10 24 33,-0.03782090,0.43967196,-0.221491,-0.652361,1.939675,-0.946896,0.000000,0.000000,0.769168
3981,02 06 08 18 22 24,-0.03790754,0.50118151,1.301260,-0.412119,0.785107,-1.090365,0.000000,0.000000,0.142875
3982,04 06 08 10 22 33,-0.03796677,0.41069026,0.885964,-0.404250,-1.062203,-1.233835,0.000000,0.000000,0.602712
3983,01 02 04 06 07 09,-0.03797262,0.41390740,-1.605810,-0.451518,1.246934,0.200857,0.000000,0.000000,-4.230584
3984,01 04 07 09 10 33,-0.03797391,0.39132605,-0.913650,-1.043326,0.785107,-0.229551,0.000000,0.000000,0.040793
3985,04 06 07 18 22 33,-0.03798729,0.43043917,0.332236,-1.699683,-0.831289,0.344326,0.000000,0.000000,1.074175
3986,04 06 09 18 22 33,-0.03813171,0.38669940,0.055373,-0.949697,-0.600376,-0.659958,0.000000,0.000000,1.097180
3987,01 06 09 12 18 22,-0.03814639,0.35718237,-0.359923,-0.367224,-0.600376,-1.090365,0.000000,0.000000,-0.101567
3988,01 07 09 12 18 22,-0.03815021,0.37301942,-1.052082,-1.162345,0.323279,-0.086081,0.000000,0.000000,0.063642
3989,02 07 10 12 14 18,-0.03816162,0.46162246,-0.498355,-1.805826,0.554193,1.061672,0.000000,0.000000,-0.983658
3990,01 08 09 10 14 22,-0.03819576,0.31482066,-0.913650,0.277697,0.092365,-1.951180,0.000000,0.000000,-0.080491
3991,01 06 07 09 14 22,-0.03824679,0.24712639,-2.436401,-0.383588,0.092365,-1.090365,0.000000,0.000000,-0.040243
3992,02 06 08 09 12 14,-0.03826068,0.36046174,-0.913650,0.047306,0.092365,-1.090365,0.000000,0.000000,-2.048792
3993,01 06 09 12 22 33,-0.03828721,0.30411955,-0.775218,-0.462095,-1.062203,-1.233835,0.000000,0.000000,0.824596
3994,01 02 04 06 07 08,-0.03829048,0.49858689,0.193805,-0.238802,0.323279,0.057388,0.000000,0.000000,-4.762953
3995,01 02 08 09 12 33,-0.03841470,0.42785634,0.332236,-0.656254,0.092365,-0.803427,0.000000,0.000000,0.194065
3996,02 04 06 08 18 33,-0.03846688,0.53833891,2.131851,-1.098721,-0.600376,-0.229551,0.000000,0.000000,0.225705
3997,04 08 10 18 22 33,-0.03846839,0.49813344,1.854987,-1.038398,-0.831289,-0.516489,0.000000,0.000000,0.955090
3998,02 07 08 09 12 14,-0.03850326,0.37629880,-1.605810,-0.747816,1.016020,-0.086081,0.000000,0.000000,-1.918957
3999,04 06 07 09 22 33,-0.03851219,0.31509328,-1.605810,-1.110670,0.092365,-0.373020,0.000000,0.000000,0.779891
4000,04 06 07 08 09 22,-0.03851804,0.33748970,-1.328946,-0.214072,0.554193,-1.090365,0.000000,0.000000,-0.869796
4001,02 09 10 12 14 18,-0.03851975,0.41788269,-0.775218,-1.055840,0.785107,0.057388,0.000000,0.000000,-0.992313
4002,01 02 07 08 12 33,-0.03852126,0.47159611,0.609100,-1.406240,-0.138548,0.200857,0.000000,0.000000,0.133876
4003,01 02 06 08 14 33,-0.03854372,0.41730921,0.885964,-0.466508,-1.062203,-1.090365,0.000000,0.000000,0.301892
4004,04 06 07 09 18 22,-0.03856123,0.36815610,-1.190514,-1.015800,0.554193,-0.229551,0.000000,0.000000,-0.174399
4005,04 08 09 10 18 22,-0.03857722,0.43585037,0.332236,-0.354515,0.554193,-1.090365,0.000000,0.000000,-0.224575
4006,01 02 08 14 18 33,-0.03858938,0.50475239,1.854987,-1.100656,-0.831289,-0.373020,0.000000,0.000000,0.721824
4007,02 06 07 09 22 24,-0.03870720,0.34489589,-2.159537,-0.785809,2.401503,-0.659958,0.000000,0.000000,0.248760
4008,02 07 08 10 22 24,-0.03873404,0.45632993,-0.359923,-0.874510,2.170589,-0.516489,0.000000,0.000000,0.152573
4009,01 07 09 10 12 22,-0.03875480,0.31233079,-2.021105,-0.829615,0.785107,-0.516489,0.000000,0.000000,-0.059559
4010,04 07 08 09 10 22,-0.03876413,0.36424424,-1.328946,-0.515489,1.246934,-0.803427,0.000000,0.000000,-0.513188
4011,02 07 08 22 24 33,-0.03877827,0.46395574,0.193805,-1.302111,1.246934,-0.229551,0.000000,0.000000,1.126675
4012,01 02 06 12 18 33,-0.03883158,0.48642546,1.439691,-1.412847,-1.062203,0.057388,0.000000,0.000000,0.623921
4013,04 06 09 10 22 33,-0.03885439,0.32601077,-0.913650,-0.616966,-0.138548,-1.090365,0.000000,0.000000,0.956486
4014,02 06 07 18 22 24,-0.03886120,0.46024178,-0.221491,-1.374821,1.477848,0.057388,0.000000,0.000000,0.442462
4015,04 06 07 10 22 33,-0.03888769,0.36975054,-0.636787,-1.366952,-0.369462,-0.086081,0.000000,0.000000,0.907149
4016,02 08 09 22 24 33,-0.03890456,0.42021597,-0.083059,-0.552125,1.477848,-1.233835,0.000000,0.000000,1.152367
4017,04 07 09 18 22 33,-0.03891649,0.40253646,-0.636787,-1.744818,0.323279,0.344326,0.000000,0.000000,1.146688
4018,01 06 10 12 22 33,-0.03893201,0.35877681,0.193805,-0.718376,-1.524031,-0.946896,0.000000,0.000000,0.911956
4019,01 06 07 14 18 22,-0.03893336,0.36247229,-0.498355,-0.972600,-0.831289,-0.373020,0.000000,0.000000,0.074556
4020,02 06 08 22 24 33,-0.03895304,0.44811868,0.885964,-0.506989,0.323279,-1.233835,0.000000,0.000000,0.935008
4021,01 08 10 14 22 33,-0.03901320,0.37710373,0.609100,-0.406186,-1.293117,-1.377304,0.000000,0.000000,0.961946
4022,01 06 12 18 22 33,-0.03903306,0.41946544,1.162828,-1.051107,-1.985858,-0.516489,0.000000,0.000000,0.930613
4023,04 06 07 09 10 14,-0.03906469,0.32393145,-2.159537,-0.339767,0.785107,-0.516489,0.000000,0.000000,-2.386488
4024,04 06 08 09 10 22,-0.03908754,0.34840719,-0.636787,0.279633,0.323279,-1.807711,0.000000,0.000000,-0.726876
4025,02 06 07 08 12 14,-0.03909694,0.40420151,-0.636787,-0.702680,-0.138548,-0.086081,0.000000,0.000000,-2.217089
4026,01 07 09 12 22 33,-0.03911376,0.31995660,-1.467378,-1.257216,-0.138548,-0.229551,0.000000,0.000000,0.867914
4027,01 09 10 12 18 22,-0.03915235,0.38393692,-0.359923,-0.668641,0.092365,-0.803427,0.000000,0.000000,0.142464
4028,01 10 18 22 24 33,-0.03917262,0.48805784,1.439691,-0.879634,0.092365,-0.803427,0.000000,0.000000,1.121965
4029,02 06 09 18 22 24,-0.03917655,0.41650202,-0.498355,-0.624835,1.708762,-0.946896,0.000000,0.000000,0.440145
4030,04 06 07 08 10 22,-0.03920923,0.39214696,-0.359923,-0.470353,0.092365,-0.803427,0.000000,0.000000,-0.789308
4031,02 07 09 18 22 24,-0.03924685,0.43233907,-1.190514,-1.419956,2.632416,0.057388,0.000000,0.000000,0.595504
4032,01 08 14 18 22 33,-0.03925587,0.43779237,1.578123,-0.738916,-1.754944,-0.946896,0.000000,0.000000,0.959622
4033,06 08 09 13 18 33,-0.03925722,0.43208029,1.301260,-0.185864,-0.600376,-1.664242,0.000000,0.000000,0.910356
4034,01 08 10 14 18 22,-0.03930298,0.43016656,1.024396,-0.311315,-0.831289,-1.233835,0.000000,0.000000,-0.028011
4035,01 06 07 14 22 33,-0.03935278,0.30940946,-0.913650,-1.067470,-1.293117,-0.516489,0.000000,0.000000,0.959444
4036,01 06 09 10 14 22,-0.03938831,0.25804388,-1.744242,0.110117,-0.138548,-1.807711,0.000000,0.000000,0.017928
4037,02 04 08 10 18 33,-0.03939578,0.56509346,2.131851,-1.400138,0.092365,0.057388,0.000000,0.000000,0.481154
4038,02 06 10 12 14 18,-0.03940335,0.44578541,0.193805,-1.010704,-0.369462,0.057388,0.000000,0.000000,-1.333398
4039,01 02 09 12 18 33,-0.03943849,0.45852275,0.470668,-1.457982,0.092365,0.057388,0.000000,0.000000,0.744183
4040,01 02 07 12 18 33,-0.03946919,0.50226252,0.747532,-2.207968,-0.138548,1.061672,0.000000,0.000000,0.695232
4041,02 04 06 09 18 33,-0.03947357,0.45365942,0.332236,-1.311437,0.323279,-0.086081,0.000000,0.000000,0.561839
4042,01 06 07 10 14 22,-0.03947713,0.30178365,-1.467378,-0.639869,-0.369462,-0.803427,0.000000,0.000000,-0.039633
4043,02 08 09 10 22 24,-0.03950066,0.41259016,-0.636787,-0.124524,2.401503,-1.520773,0.000000,0.000000,0.083398
4044,01 07 10 12 18 22,-0.03952802,0.42767669,-0.083059,-1.418627,-0.138548,0.200857,0.000000,0.000000,0.042404
4045,04 07 08 09 10 12,-0.03956733,0.41915808,-0.913650,-0.316796,1.016020,-0.373020,0.000000,0.000000,-3.073174
4046,01 06 10 12 18 22,-0.03957608,0.41183963,0.609100,-0.623506,-1.062203,-0.803427,0.000000,0.000000,-0.130490
4047,04 07 09 10 22 33,-0.03962907,0.34184782,-1.605810,-1.412088,0.785107,-0.086081,0.000000,0.000000,1.007489
4048,01 07 10 12 22 33,-0.03970669,0.37461386,-0.498355,-1.513497,-0.600376,0.057388,0.000000,0.000000,0.962960
4049,01 02 08 09 14 33,-0.03973880,0.38940649,-0.083059,-0.511644,0.092365,-1.090365,0.000000,0.000000,0.335015
4050,02 06 08 10 22 24,-0.03974164,0.44049287,0.332236,-0.079388,1.246934,-1.520773,0.000000,0.000000,-0.162480
4051,04 06 08 10 18 22,-0.03979044,0.46375308,1.301260,-0.309380,-0.600376,-1.090365,0.000000,0.000000,-0.614496
4052,04 07 09 10 18 22,-0.03980727,0.39491064,-1.190514,-1.317217,1.246934,0.057388,0.000000,0.000000,0.034062
4053,02 06 09 10 22 24,-0.03981157,0.35581338,-1.467378,-0.292104,2.170589,-1.377304,0.000000,0.000000,0.312437
4054,01 07 12 18 22 33,-0.03981784,0.43530250,0.470668,-1.846228,-1.062203,0.487795,0.000000,0.000000,0.980121
4055,06 07 08 13 18 33,-0.03983009,0.47582006,1.578123,-0.935850,-0.831289,-0.659958,0.000000,0.000000,0.781081
4056,01 02 07 08 14 33,-0.03984031,0.43314626,0.193805,-1.261630,-0.138548,-0.086081,0.000000,0.000000,0.275574
4057,04 06 09 10 18 22,-0.03985533,0.37907359,-0.498355,-0.522096,0.323279,-0.946896,0.000000,0.000000,-0.138832
4058,02 06 07 10 22 24,-0.03987263,0.39955315,-1.190514,-1.042090,1.939675,-0.373020,0.000000,0.000000,0.258988
4059,01 09 10 12 22 33,-0.03987484,0.33087409,-0.775218,-0.763512,-0.369462,-0.946896,0.000000,0.000000,0.982450
4060,01 02 06 09 12 33,-0.03988023,0.37107957,-0.498355,-0.823834,-0.138548,-0.659958,0.000000,0.000000,0.252042
4061,02 06 08 09 12 22,-0.03991434,0.34399776,-0.913650,-0.295997,0.323279,-1.233835,0.000000,0.000000,-0.189917
4062,04 06 07 10 18 22,-0.03992648,0.42281336,-0.221491,-1.272082,0.092365,0.057388,0.000000,0.000000,-0.193776
4063,01 02 08 10 12 33,-0.04002490,0.48251360,1.301260,-0.912535,-0.369462,-0.516489,0.000000,0.000000,0.138400
4064,01 09 12 18 22 33,-0.04006248,0.39156273,0.193805,-1.096242,-0.831289,-0.516489,0.000000,0.000000,0.988279
4065,02 04 07 09 18 33,-0.04009220,0.46949647,-0.359923,-2.106558,1.246934,0.918202,0.000000,0.000000,0.635962
4066,06 08 09 12 24 33,-0.04010647,0.39141355,0.470668,0.085194,0.323279,-2.094649,0.000000,0.000000,1.038090
4067,01 07 09 14 18 22,-0.04011049,0.33456957,-1.467378,-1.017735,0.323279,-0.373020,0.000000,0.000000,0.110338
4068,01 02 06 08 12 18,-0.04015791,0.50882188,1.716555,-0.516248,-0.600376,-0.659958,0.000000,0.000000,-1.221398
4069,01 07 09 10 14 22,-0.04023846,0.27388094,-2.436401,-0.685005,0.785107,-0.803427,0.000000,0.000000,0.057751
4070,01 06 09 14 22 33,-0.04028282,0.26566970,-1.190514,-0.317485,-1.062203,-1.520773,0.000000,0.000000,0.866059
4071,02 06 07 09 12 14,-0.04034493,0.31952202,-2.436401,-0.915396,0.785107,0.057388,0.000000,0.000000,-1.916706
4072,04 06 10 18 22 33,-0.04038032,0.44135666,1.024396,-1.205979,-1.062203,-0.373020,0.000000,0.000000,0.946932
4073,02 04 06 07 18 33,-0.04038537,0.49739919,0.609100,-2.061423,0.092365,0.918202,0.000000,0.000000,0.382351
4074,01 02 08 10 14 33,-0.04039440,0.44406375,0.885964,-0.767925,-0.369462,-0.803427,0.000000,0.000000,0.420775
4075,01 06 09 14 18 22,-0.04043396,0.31873252,-0.775218,-0.222614,-0.600376,-1.377304,0.000000,0.000000,-0.103360
4076,04 09 10 18 22 33,-0.04045019,0.41345395,0.055373,-1.251114,0.092365,-0.373020,0.000000,0.000000,1.146757
4077,01 02 08 09 12 18,-0.04048483,0.48091917,0.747532,-0.561383,0.554193,-0.659958,0.000000,0.000000,-1.059656
4078,06 08 09 12 18 24,-0.04051824,0.44447637,0.885964,0.180065,0.785107,-1.951180,0.000000,0.000000,0.030060
4079,02 07 08 09 12 22,-0.04054805,0.35983482,-1.605810,-1.091118,1.246934,-0.229551,0.000000,0.000000,-0.118028
4080,02 08 10 18 22 24,-0.04055479,0.52793605,1.301260,-0.713536,1.477848,-0.803427,0.000000,0.000000,0.143745
4081,01 02 07 08 12 18,-0.04062924,0.52465893,1.024396,-1.311369,0.323279,0.344326,0.000000,0.000000,-1.125452
4082,06 07 08 12 24 33,-0.04067306,0.43515332,0.747532,-0.664791,0.092365,-1.090365,0.000000,0.000000,0.909747
4083,02 07 09 10 22 24,-0.04072568,0.37165044,-2.159537,-1.087226,3.094244,-0.373020,0.000000,0.000000,0.342783
4084,02 06 07 08 12 22,-0.04073041,0.38773753,-0.636787,-1.045983,0.092365,-0.229551,0.000000,0.000000,-0.355223
4085,01 02 06 14 18 33,-0.04076147,0.44797561,1.024396,-1.268237,-1.062203,-0.229551,0.000000,0.000000,0.675121
4086,01 02 06 07 12 33,-0.04081474,0.41481933,-0.221491,-1.573820,-0.369462,0.344326,0.000000,0.000000,0.069190
4087,06 08 10 13 18 33,-0.04082359,0.48673755,2.270283,-0.442146,-1.062203,-1.377304,0.000000,0.000000,0.861183
4088,01 10 12 18 22 33,-0.04082536,0.44621999,1.162828,-1.352524,-1.293117,-0.229551,0.000000,0.000000,1.058145
4089,02 06 09 22 24 33,-0.04086522,0.36343919,-0.913650,-0.719705,1.246934,-1.090365,0.000000,0.000000,1.136989
4090,02 06 07 22 24 33,-0.04087114,0.40717896,-0.636787,-1.469691,1.016020,-0.086081,0.000000,0.000000,1.091710
4091,01 02 10 12 18 33,-0.04092709,0.51318001,1.439691,-1.714264,-0.369462,0.344326,0.000000,0.000000,0.706532
4092,01 09 10 14 18 22,-0.04102964,0.34548706,-0.775218,-0.524031,0.092365,-1.090365,0.000000,0.000000,0.201456
4093,06 07 08 09 12 24,-0.04103516,0.37287024,-0.775218,0.019091,1.477848,-1.664242,0.000000,0.000000,-0.307444
4094,02 04 07 08 09 33,-0.04107649,0.43883007,-0.498355,-1.304830,1.246934,0.057388,0.000000,0.000000,-0.211659
4095,01 07 09 14 22 33,-0.04111189,0.28150675,-1.882673,-1.112606,-0.138548,-0.516489,0.000000,0.000000,0.909003
4096,04 07 10 18 22 33,-0.04111323,0.45719372,0.332236,-2.001100,-0.138548,0.631264,0.000000,0.000000,1.004124
4097,06 07 08 12 18 24,-0.04112267,0.48821614,1.162828,-0.569921,0.554193,-0.946896,0.000000,0.000000,-0.103891
4098,04 06 07 09 10 22,-0.04116170,0.30746746,-2.159537,-0.683069,1.016020,-0.659958,0.000000,0.000000,-0.593295
4099,01 06 14 18 22 33,-0.04116528,0.38101559,0.747532,-0.906497,-1.985858,-0.803427,0.000000,0.000000,0.951837
4100,01 02 06 09 14 33,-0.04119928,0.33262971,-0.913650,-0.679224,-0.138548,-0.946896,0.000000,0.000000,0.393740
4101,02 04 09 10 18 33,-0.04123041,0.48041397,0.332236,-1.612854,1.016020,0.200857,0.000000,0.000000,0.694624
4102,04 06 08 09 10 12,-0.04124072,0.40332102,-0.221491,0.478325,0.092365,-1.377304,0.000000,0.000000,-3.486865
4103,02 07 08 12 22 33,-0.04125480,0.42211789,-0.083059,-1.775001,-0.138548,0.344326,0.000000,0.000000,0.940808
4104,02 04 07 08 09 18,-0.04126168,0.49189289,-0.083059,-1.209959,1.708762,0.200857,0.000000,0.000000,-1.186121
4105,02 04 07 08 10 33,-0.04126322,0.49348733,0.470668,-1.561111,0.785107,0.344326,0.000000,0.000000,-0.056433
4106,01 02 06 10 12 33,-0.04131573,0.42573683,0.470668,-1.080116,-0.600376,-0.373020,0.000000,0.000000,0.222259
4107,02 08 10 22 24 33,-0.04131686,0.47487323,0.885964,-0.808406,1.016020,-0.946896,0.000000,0.000000,0.977867
4108,02 08 18 22 24 33,-0.04131787,0.53556186,1.854987,-1.141137,0.554193,-0.516489,0.000000,0.000000,1.011345
4109,02 04 07 10 18 33,-0.04134020,0.52415374,0.609100,-2.362840,0.785107,1.205141,0.000000,0.000000,0.633955
4110,02 08 09 12 22 33,-0.04136745,0.37837812,-0.359923,-1.025015,0.092365,-0.659958,0.000000,0.000000,0.968521
4111,04 06 07 08 10 12,-0.04138765,0.44706079,0.055373,-0.271661,-0.138548,-0.373020,0.000000,0.000000,-3.553036
4112,01 02 07 09 12 33,-0.04139454,0.38691662,-1.190514,-1.618956,0.785107,0.344326,0.000000,0.000000,0.193469
4113,01 02 09 14 18 33,-0.04141391,0.42007289,0.055373,-1.313372,0.092365,-0.229551,0.000000,0.000000,0.788637
4114,01 02 07 14 18 33,-0.04141426,0.46381266,0.332236,-2.063358,-0.138548,0.774733,0.000000,0.000000,0.744183
4115,02 06 08 12 22 33,-0.04144470,0.40628083,0.609100,-0.979880,-1.062203,-0.659958,0.000000,0.000000,0.746898
4116,07 08 09 12 18 24,-0.04147767,0.46031342,0.193805,-0.615057,1.708762,-0.946896,0.000000,0.000000,0.053692
4117,07 08 10 13 18 33,-0.04151763,0.50257461,1.578123,-1.237267,-0.138548,-0.373020,0.000000,0.000000,0.924133
4118,02 07 10 18 22 24,-0.04155579,0.48699633,-0.221491,-1.676238,2.170589,0.344326,0.000000,0.000000,0.436317
4119,02 04 06 08 09 33,-0.04159344,0.42299302,0.193805,-0.509708,0.323279,-0.946896,0.000000,0.000000,-0.454021
4120,07 08 09 13 18 33,-0.04160770,0.44791735,0.609100,-0.980985,0.323279,-0.659958,0.000000,0.000000,0.727899
4121,02 04 06 10 18 33,-0.04162101,0.50831668,1.301260,-1.567718,-0.138548,0.200857,0.000000,0.000000,0.426578
4122,07 08 09 12 24 33,-0.04165946,0.40725060,-0.221491,-0.709927,1.246934,-1.090365,0.000000,0.000000,0.973786
4123,01 06 10 14 22 33,-0.04169347,0.32032696,-0.221491,-0.573766,-1.524031,-1.233835,0.000000,0.000000,0.839955
4124,02 09 10 18 22 24,-0.04171890,0.44325656,-0.498355,-0.926252,2.401503,-0.659958,0.000000,0.000000,0.456555
4125,02 07 08 10 12 14,-0.04175476,0.43095606,-0.636787,-1.004097,0.554193,0.200857,0.000000,0.000000,-2.217787
4126,02 07 09 22 24 33,-0.04175826,0.37927625,-1.605810,-1.514827,2.170589,-0.086081,0.000000,0.000000,1.170457
4127,01 09 10 14 22 33,-0.04178998,0.29242424,-1.190514,-0.618902,-0.369462,-1.233835,0.000000,0.000000,1.035835
4128,02 04 08 09 10 33,-0.04185356,0.44974756,0.193805,-0.811126,1.016020,-0.659958,0.000000,0.000000,-0.099492
4129,01 02 07 10 12 33,-0.04193059,0.44157388,-0.221491,-1.875237,0.323279,0.631264,0.000000,0.000000,0.296939
4130,07 08 12 18 24 33,-0.04194246,0.52259650,1.716555,-1.298939,0.323279,-0.373020,0.000000,0.000000,1.148377
4131,01 07 14 18 22 33,-0.04195258,0.39685264,0.055373,-1.701618,-1.062203,0.200857,0.000000,0.000000,1.000971
4132,01 02 06 09 12 18,-0.04198821,0.42414239,-0.083059,-0.728964,0.323279,-0.516489,0.000000,0.000000,-1.007286
4133,02 06 07 09 12 22,-0.04198850,0.30305804,-2.436401,-1.258699,1.016020,-0.086081,0.000000,0.000000,-0.056336
4134,06 08 12 18 24 33,-0.04203582,0.50675944,2.408714,-0.503818,-0.600376,-1.377304,0.000000,0.000000,0.968769
4135,01 02 06 07 14 33,-0.04212874,0.37636948,-0.636787,-1.429210,-0.369462,0.057388,0.000000,0.000000,0.211635
4136,02 08 09 10 12 14,-0.04214110,0.38721629,-0.913650,-0.254111,0.785107,-0.803427,0.000000,0.000000,-2.230622
4137,02 07 08 12 18 22,-0.04217898,0.47518071,0.332236,-1.680130,0.323279,0.487795,0.000000,0.000000,-0.143137
4138,01 09 14 18 22 33,-0.04220226,0.35311288,-0.221491,-0.951632,-0.831289,-0.803427,0.000000,0.000000,1.008382
4139,06 08 09 14 24 33,-0.04222103,0.35296370,0.055373,0.229804,0.323279,-2.381588,0.000000,0.000000,1.061930
4140,02 08 09 12 18 22,-0.04225378,0.43144094,0.055373,-0.930145,0.554193,-0.516489,0.000000,0.000000,-0.109818
4141,01 07 10 14 18 22,-0.04225416,0.38922683,-0.498355,-1.274017,-0.138548,-0.086081,0.000000,0.000000,-0.024364
4142,01 02 06 08 14 18,-0.04226224,0.47037203,1.301260,-0.371638,-0.600376,-0.946896,0.000000,0.000000,-1.196044
4143,08 09 12 18 24 33,-0.04234789,0.47885673,1.439691,-0.548954,0.554193,-1.377304,0.000000,0.000000,1.132713
4144,02 06 08 09 14 22,-0.04235006,0.30554791,-1.328946,-0.151387,0.323279,-1.520773,0.000000,0.000000,-0.213658
4145,02 06 09 10 12 14,-0.04235942,0.33043951,-1.744242,-0.421692,0.554193,-0.659958,0.000000,0.000000,-1.987867
4146,02 06 10 18 22 24,-0.04239125,0.47115928,0.470668,-0.881117,1.246934,-0.659958,0.000000,0.000000,0.146766
4147,06 07 09 12 18 24,-0.04243511,0.40353665,-0.636787,-0.782637,1.477848,-0.803427,0.000000,0.000000,0.186945
4148,01 07 10 14 22 33,-0.04247068,0.33616401,-0.913650,-1.368887,-0.600376,-0.229551,0.000000,0.000000,0.890585
4149,02 06 07 10 12 14,-0.04247095,0.37417928,-1.467378,-1.171678,0.323279,0.344326,0.000000,0.000000,-2.048792
4150,06 08 09 14 18 24,-0.04249871,0.40602652,0.470668,0.324675,0.785107,-2.238118,0.000000,0.000000,0.073766
4151,01 02 06 10 14 33,-0.04253408,0.38728697,0.055373,-0.935506,-0.600376,-0.659958,0.000000,0.000000,0.378875
4152,08 09 10 13 18 33,-0.04258464,0.45883484,1.301260,-0.487281,0.092365,-1.377304,0.000000,0.000000,0.810455
4153,01 02 08 09 14 18,-0.04259674,0.44246931,0.332236,-0.416773,0.554193,-0.946896,0.000000,0.000000,-1.035423
4154,02 04 06 08 09 18,-0.04260136,0.47605584,0.609100,-0.414838,0.785107,-0.803427,0.000000,0.000000,-1.550373
4155,01 06 10 14 18 22,-0.04262951,0.37338978,0.193805,-0.478896,-1.062203,-1.090365,0.000000,0.000000,-0.245747
4156,01 02 07 09 12 18,-0.04267978,0.43997944,-0.775218,-1.524085,1.246934,0.487795,0.000000,0.000000,-0.943970
4157,06 07 08 10 13 33,-0.04268245,0.41513143,0.609100,-0.603119,-0.369462,-1.090365,0.000000,0.000000,0.324867
4158,01 02 07 09 14 33,-0.04271611,0.34846677,-1.605810,-1.474346,0.785107,0.057388,0.000000,0.000000,0.334792
4159,01 02 07 08 14 18,-0.04273610,0.48620908,0.609100,-1.166759,0.323279,0.057388,0.000000,0.000000,-1.100471
4160,06 08 09 10 13 33,-0.04276479,0.37139166,0.332236,0.146867,-0.138548,-2.094649,0.000000,0.000000,0.357071
4161,06 07 09 13 18 33,-0.04276909,0.39114057,-0.221491,-1.148566,0.092365,-0.516489,0.000000,0.000000,0.830936
4162,06 07 08 14 24 33,-0.04276991,0.39670346,0.332236,-0.520182,0.092365,-1.377304,0.000000,0.000000,0.936209
4163,06 07 09 12 24 33,-0.04280822,0.35047382,-1.052082,-0.877508,1.016020,-0.946896,0.000000,0.000000,1.078692
4164,01 02 10 14 18 33,-0.04281448,0.47473016,1.024396,-1.569654,-0.369462,0.057388,0.000000,0.000000,0.764028
4165,01 02 08 10 12 18,-0.04287991,0.53557643,1.716555,-0.817665,0.092365,-0.373020,0.000000,0.000000,-1.231605
4166,02 04 06 07 08 33,-0.04292332,0.46673279,0.470668,-1.259694,0.092365,0.057388,0.000000,0.000000,-0.695449
4167,02 07 08 10 12 22,-0.04295574,0.41449208,-0.636787,-1.347400,0.785107,0.057388,0.000000,0.000000,-0.291846
4168,01 02 06 07 12 18,-0.04296057,0.46788216,0.193805,-1.478950,0.092365,0.487795,0.000000,0.000000,-1.195747
4169,02 07 08 09 14 22,-0.04298629,0.32138496,-2.021105,-0.946508,1.246934,-0.516489,0.000000,0.000000,-0.142143
4170,02 04 07 08 10 18,-0.04300154,0.54655015,0.885964,-1.466241,1.246934,0.487795,0.000000,0.000000,-1.260997
4171,06 07 08 14 18 24,-0.04308544,0.44976629,0.747532,-0.425311,0.554193,-1.233835,0.000000,0.000000,-0.057562
4172,02 07 10 22 24 33,-0.04310275,0.43393351,-0.636787,-1.771108,1.708762,0.200857,0.000000,0.000000,1.154156
4173,02 06 18 22 24 33,-0.04310328,0.47878509,1.024396,-1.308718,0.323279,-0.373020,0.000000,0.000000,1.021931
4174,02 06 10 22 24 33,-0.04311548,0.41809645,0.055373,-0.975987,0.785107,-0.803427,0.000000,0.000000,0.986496
4175,02 07 18 22 24 33,-0.04312316,0.49462214,0.332236,-2.103839,1.246934,0.631264,0.000000,0.000000,1.184761
4176,01 02 07 10 14 33,-0.04315147,0.40312403,-0.636787,-1.730627,0.323279,0.344326,0.000000,0.000000,0.453181
4177,02 06 07 08 14 22,-0.04316109,0.34928768,-1.052082,-0.901373,0.092365,-0.516489,0.000000,0.000000,-0.378217
4178,02 06 08 10 12 14,-0.04316862,0.41511901,0.055373,-0.208976,-0.369462,-0.803427,0.000000,0.000000,-2.593029
4179,02 06 08 12 18 22,-0.04319162,0.45934366,1.024396,-0.885009,-0.600376,-0.516489,0.000000,0.000000,-0.458938
4180,02 04 06 07 08 18,-0.04320084,0.51979561,0.885964,-1.164824,0.554193,0.200857,0.000000,0.000000,-1.683590
4181,02 07 08 14 22 33,-0.04324027,0.38366804,-0.498355,-1.630391,-0.138548,0.057388,0.000000,0.000000,0.983772
4182,06 07 10 13 18 33,-0.04326765,0.44579783,0.747532,-1.404848,-0.369462,-0.229551,0.000000,0.000000,0.939962
4183,06 07 08 09 14 24,-0.04328368,0.33442039,-1.190514,0.163701,1.477848,-1.951180,0.000000,0.000000,-0.303451
4184,02 09 10 22 24 33,-0.04330371,0.39019374,-0.913650,-1.021123,1.939675,-0.803427,0.000000,0.000000,1.168786
4185,02 06 07 12 22 33,-0.04331008,0.36534111,-0.913650,-1.942581,-0.369462,0.487795,0.000000,0.000000,0.911411
4186,04 06 07 09 10 12,-0.04332749,0.36238130,-1.744242,-0.484377,0.785107,-0.229551,0.000000,0.000000,-3.355153
4187,07 08 10 12 24 33,-0.04333029,0.46190786,0.747532,-0.966209,0.785107,-0.803427,0.000000,0.000000,0.909137
4188,02 08 09 14 22 33,-0.04337063,0.33992827,-0.775218,-0.880405,0.092365,-0.946896,0.000000,0.000000,1.008862
4189,02 04 06 09 10 33,-0.04341978,0.39297079,-0.636787,-0.978706,0.785107,-0.516489,0.000000,0.000000,-0.056433
4190,02 06 08 14 22 33,-0.04342766,0.36783098,0.193805,-0.835270,-1.062203,-0.946896,0.000000,0.000000,0.790236
4191,06 08 10 12 24 33,-0.04343375,0.44607081,1.439691,-0.171087,-0.138548,-1.807711,0.000000,0.000000,0.728034
4192,02 04 06 08 10 33,-0.04343661,0.47765028,1.162828,-0.765990,-0.138548,-0.659958,0.000000,0.000000,-0.544202
4193,06 07 08 10 12 24,-0.04345043,0.42752750,0.193805,-0.237190,1.016020,-1.377304,0.000000,0.000000,-0.482383
4194,07 08 09 14 18 24,-0.04346067,0.42186357,-0.221491,-0.470447,1.708762,-1.233835,0.000000,0.000000,0.097024
4195,06 09 10 13 18 33,-0.04349715,0.40205806,0.470668,-0.654862,-0.138548,-1.233835,0.000000,0.000000,0.950364
4196,01 02 09 10 12 33,-0.04350589,0.39783411,-0.498355,-1.125252,0.554193,-0.373020,0.000000,0.000000,0.107958
4197,06 08 09 10 12 24,-0.04350753,0.38378774,-0.083059,0.512796,1.246934,-2.381588,0.000000,0.000000,-0.446441
4198,02 04 08 09 10 18,-0.04355404,0.50281039,0.609100,-0.716255,1.477848,-0.516489,0.000000,0.000000,-1.298448
4199,02 04 06 07 10 33,-0.04355417,0.43671055,-0.359923,-1.728692,0.554193,0.487795,0.000000,0.000000,-0.120746
4200,02 09 18 22 24 33,-0.04359928,0.45088237,0.055373,-1.353853,1.477848,-0.373020,0.000000,0.000000,1.158625
4201,06 07 08 09 13 33,-0.04367320,0.36047417,-0.359923,-0.346838,0.092365,-1.377304,0.000000,0.000000,-0.004805
4202,02 08 09 10 12 22,-0.04369208,0.37075231,-0.913650,-0.597414,1.016020,-0.946896,0.000000,0.000000,-0.356535
4203,01 10 14 18 22 33,-0.04371835,0.40777014,0.747532,-1.207914,-1.293117,-0.516489,0.000000,0.000000,0.966659
4204,02 07 09 10 12 14,-0.04372116,0.34627657,-2.436401,-1.216813,1.477848,0.344326,0.000000,0.000000,-2.023838
4205,06 07 12 18 24 33,-0.04376289,0.46581972,0.885964,-1.466520,0.092365,-0.229551,0.000000,0.000000,1.153773
4206,07 08 09 14 24 33,-0.04377654,0.36880075,-0.636787,-0.565317,1.246934,-1.377304,0.000000,0.000000,0.997252
4207,02 08 10 12 22 33,-0.04383326,0.43303538,0.609100,-1.281297,-0.369462,-0.373020,0.000000,0.000000,0.786093
4208,02 08 12 18 22 33,-0.04386138,0.49372401,1.578123,-1.614027,-0.831289,0.057388,0.000000,0.000000,0.815556
4209,01 02 09 10 14 33,-0.04387791,0.35938426,-0.913650,-0.980642,0.554193,-0.659958,0.000000,0.000000,0.389959
4210,06 07 08 10 14 24,-0.04389046,0.38907765,-0.221491,-0.092580,1.016020,-1.664242,0.000000,0.000000,-0.210457
4211,07 08 10 12 18 24,-0.04393339,0.51497068,1.162828,-0.871338,1.246934,-0.659958,0.000000,0.000000,-0.127240
4212,06 08 09 10 14 24,-0.04395261,0.34533788,-0.498355,0.657406,1.246934,-2.668526,0.000000,0.000000,-0.175262
4213,02 06 08 10 12 22,-0.04397848,0.39865502,0.055373,-0.552278,-0.138548,-0.946896,0.000000,0.000000,-0.609142
4214,01 02 07 10 12 18,-0.04400072,0.49463670,0.193805,-1.780367,0.785107,0.774733,0.000000,0.000000,-0.956782
4215,02 04 07 09 10 33,-0.04402832,0.40880784,-1.328946,-1.773827,1.708762,0.487795,0.000000,0.000000,0.019185
4216,02 06 09 10 12 22,-0.04403327,0.31397553,-1.744242,-0.764994,0.785107,-0.803427,0.000000,0.000000,-0.131982
4217,01 02 08 10 14 18,-0.04403723,0.49712657,1.301260,-0.673055,0.092365,-0.659958,0.000000,0.000000,-1.065946
4218,07 08 14 18 24 33,-0.04409990,0.48414664,1.301260,-1.154329,0.323279,-0.659958,0.000000,0.000000,1.165863
4219,02 06 07 10 12 22,-0.04412460,0.35771530,-1.467378,-1.514980,0.554193,0.200857,0.000000,0.000000,-0.189917
4220,02 07 08 14 18 22,-0.04412660,0.43673086,-0.083059,-1.535520,0.323279,0.200857,0.000000,0.000000,-0.094566
4221,06 08 14 18 24 33,-0.04419075,0.46830959,1.993419,-0.359208,-0.600376,-1.664242,0.000000,0.000000,0.986629
4222,01 02 06 10 12 18,-0.04420859,0.47879965,0.885964,-0.985246,-0.138548,-0.229551,0.000000,0.000000,-1.153353
4223,02 06 09 12 22 33,-0.04421229,0.32160134,-1.190514,-1.192596,-0.138548,-0.516489,0.000000,0.000000,0.822149
4224,06 07 10 12 24 33,-0.04421379,0.40513108,-0.083059,-1.133789,0.554193,-0.659958,0.000000,0.000000,1.053342
4225,02 08 09 14 18 22,-0.04421911,0.39299109,-0.359923,-0.785535,0.554193,-0.803427,0.000000,0.000000,-0.063869
4226,02 07 09 12 22 33,-0.04423629,0.33743840,-1.882673,-1.987717,0.785107,0.487795,0.000000,0.000000,0.984368
4227,02 06 07 12 18 22,-0.04427211,0.41840393,-0.498355,-1.847711,0.092365,0.631264,0.000000,0.000000,-0.178142
4228,02 07 09 12 18 22,-0.04433774,0.39050122,-1.467378,-1.892847,1.246934,0.631264,0.000000,0.000000,0.022313
4229,08 09 10 12 24 33,-0.04440991,0.41816809,0.470668,-0.216223,1.016020,-1.807711,0.000000,0.000000,0.793589
4230,06 07 09 14 18 24,-0.04441305,0.36508680,-1.052082,-0.638027,1.477848,-1.090365,0.000000,0.000000,0.231025
4231,02 06 07 09 14 22,-0.04442170,0.26460819,-2.851696,-1.114089,1.016020,-0.373020,0.000000,0.000000,-0.079703
4232,01 02 06 09 14 18,-0.04442488,0.38569254,-0.498355,-0.584354,0.323279,-0.803427,0.000000,0.000000,-1.031168
4233,02 07 08 10 14 22,-0.04443940,0.37604222,-1.052082,-1.202790,0.785107,-0.229551,0.000000,0.000000,-0.174536
4234,06 09 10 12 24 33,-0.04445591,0.36139132,-0.359923,-0.383803,0.785107,-1.664242,0.000000,0.000000,1.061874
4235,02 04 06 07 09 33,-0.04448660,0.38205329,-1.328946,-1.472410,1.016020,0.200857,0.000000,0.000000,-0.441778
4236,07 08 10 14 24 33,-0.04450544,0.42345801,0.332236,-0.821599,0.785107,-1.090365,0.000000,0.000000,1.072153
4237,08 09 14 18 24 33,-0.04451039,0.44040688,1.024396,-0.404344,0.554193,-1.664242,0.000000,0.000000,1.149451
4238,06 08 10 14 24 33,-0.04460637,0.40762096,1.024396,-0.026477,-0.138548,-2.094649,0.000000,0.000000,0.891424
4239,06 07 10 12 18 24,-0.04462556,0.45819391,0.332236,-1.038919,1.016020,-0.516489,0.000000,0.000000,0.045312
4240,06 08 10 12 18 24,-0.04463040,0.49913363,1.854987,-0.076217,0.323279,-1.664242,0.000000,0.000000,-0.396279
4241,02 04 06 07 09 18,-0.04470964,0.43511612,-0.913650,-1.377540,1.477848,0.344326,0.000000,0.000000,-1.421847
4242,01 02 06 07 14 18,-0.04478378,0.42943231,-0.221491,-1.334340,0.092365,0.200857,0.000000,0.000000,-1.128743
4243,06 09 10 12 18 24,-0.04482983,0.41445414,0.055373,-0.288933,1.246934,-1.520773,0.000000,0.000000,0.059452
4244,06 07 09 14 24 33,-0.04492026,0.31202397,-1.467378,-0.732898,1.016020,-1.233835,0.000000,0.000000,1.102906
4245,02 07 09 10 12 22,-0.04493224,0.32981258,-2.436401,-1.560116,1.708762,0.200857,0.000000,0.000000,-0.099392
4246,06 09 12 18 24 33,-0.04493539,0.42207995,0.609100,-0.716534,0.323279,-1.233835,0.000000,0.000000,1.024467
4247,08 10 12 18 24 33,-0.04493935,0.53351399,2.408714,-0.805235,0.092365,-1.090365,0.000000,0.000000,0.931669
4248,02 04 07 09 10 18,-0.04494391,0.46187066,-0.913650,-1.678957,2.170589,0.631264,0.000000,0.000000,-1.063488
4249,07 08 10 14 18 24,-0.04497445,0.47652083,0.747532,-0.726728,1.246934,-0.946896,0.000000,0.000000,0.055643
4250,07 09 12 18 24 33,-0.04505593,0.43791701,-0.083059,-1.511655,1.246934,-0.229551,0.000000,0.000000,1.172382
4251,01 02 07 09 14 18,-0.04511898,0.40152959,-1.190514,-1.379475,1.246934,0.200857,0.000000,0.000000,-0.968225
4252,02 06 09 12 18 22,-0.04513647,0.37466416,-0.775218,-1.097725,0.323279,-0.373020,0.000000,0.000000,-0.261797
4253,02 06 08 14 18 22,-0.04513672,0.42089380,0.609100,-0.740399,-0.600376,-0.803427,0.000000,0.000000,-0.409993
4254,02 04 06 09 10 18,-0.04515811,0.44603361,-0.221491,-0.883836,1.246934,-0.373020,0.000000,0.000000,-1.260997
4255,02 08 09 10 14 22,-0.04518079,0.33230246,-1.328946,-0.452804,1.016020,-1.233835,0.000000,0.000000,-0.239972
4256,08 09 10 12 18 24,-0.04520435,0.47123092,0.885964,-0.121352,1.477848,-1.664242,0.000000,0.000000,-0.271134
4257,07 09 10 13 18 33,-0.04525900,0.41789512,-0.221491,-1.449983,0.785107,-0.229551,0.000000,0.000000,0.855115
4258,01 02 09 10 12 18,-0.04525957,0.45089694,-0.083059,-1.030381,1.016020,-0.229551,0.000000,0.000000,-1.098881
4259,02 06 07 14 22 33,-0.04527786,0.32689126,-1.328946,-1.797971,-0.369462,0.200857,0.000000,0.000000,0.956998
4260,07 08 09 10 12 24,-0.04531077,0.39962479,-0.775218,-0.282326,2.170589,-1.377304,0.000000,0.000000,-0.547821
4261,02 04 06 07 10 18,-0.04533035,0.48977338,0.055373,-1.633822,1.016020,0.631264,0.000000,0.000000,-1.330917
4262,06 07 09 10 12 24,-0.04543449,0.34284801,-1.605810,-0.449906,1.939675,-1.233835,0.000000,0.000000,-0.291051
4263,02 06 08 10 14 22,-0.04545961,0.36020517,-0.359923,-0.407668,-0.138548,-1.233835,0.000000,0.000000,-0.491458
4264,02 08 10 12 18 22,-0.04550448,0.48609820,1.024396,-1.186426,0.092365,-0.229551,0.000000,0.000000,-0.408528
4265,08 09 10 14 24 33,-0.04559011,0.37971824,0.055373,-0.071613,1.016020,-2.094649,0.000000,0.000000,0.955858
4266,02 07 10 12 22 33,-0.04563429,0.39209566,-0.913650,-2.243999,0.323279,0.774733,0.000000,0.000000,0.960139
4267,02 06 10 12 22 33,-0.04566216,0.37625860,-0.221491,-1.448877,-0.600376,-0.229551,0.000000,0.000000,0.790236
4268,06 08 10 14 18 24,-0.04566893,0.46068378,1.439691,0.068393,0.323279,-1.951180,0.000000,0.000000,-0.213023
4269,02 08 10 14 22 33,-0.04574840,0.39458553,0.193805,-1.136687,-0.369462,-0.659958,0.000000,0.000000,0.839478
4270,02 07 12 18 22 33,-0.04575553,0.45278429,0.055373,-2.576729,-0.138548,1.205141,0.000000,0.000000,0.975805
4271,07 08 09 10 14 24,-0.04575837,0.36117494,-1.190514,-0.137716,2.170589,-1.664242,0.000000,0.000000,-0.277016
4272,02 06 12 18 22 33,-0.04577331,0.43694724,0.747532,-1.781608,-1.062203,0.200857,0.000000,0.000000,0.807397
4273,02 09 10 12 22 33,-0.04580497,0.34835589,-1.190514,-1.494013,0.554193,-0.229551,0.000000,0.000000,0.979256
4274,06 07 09 10 14 24,-0.04587705,0.30439816,-2.021105,-0.305296,1.939675,-1.520773,0.000000,0.000000,-0.019499
4275,06 07 14 18 24 33,-0.04591529,0.42736987,0.470668,-1.321910,0.092365,-0.516489,0.000000,0.000000,1.172007
4276,02 06 07 14 18 22,-0.04592344,0.37995408,-0.913650,-1.703101,0.092365,0.344326,0.000000,0.000000,-0.085673
4277,02 10 18 22 24 33,-0.04593305,0.50553963,1.024396,-1.610135,1.016020,-0.086081,0.000000,0.000000,0.995759
4278,07 08 09 10 13 33,-0.04595907,0.38722871,-0.359923,-0.648255,0.785107,-1.090365,0.000000,0.000000,0.049602
4279,02 04 06 08 10 18,-0.04599767,0.53071310,1.578123,-0.671120,0.323279,-0.516489,0.000000,0.000000,-1.870657
4280,02 08 14 18 22 33,-0.04600116,0.45527416,1.162828,-1.469417,-0.831289,-0.229551,0.000000,0.000000,0.835658
4281,02 09 12 18 22 33,-0.04600270,0.40904452,-0.221491,-1.826743,0.092365,0.200857,0.000000,0.000000,0.983590
4282,07 09 10 12 18 24,-0.04605452,0.43029119,-0.636787,-1.084054,2.170589,-0.516489,0.000000,0.000000,0.043785
4283,02 06 09 14 22 33,-0.04621042,0.28315149,-1.605810,-1.047986,-0.138548,-0.803427,0.000000,0.000000,0.863238
4284,02 07 09 14 22 33,-0.04623695,0.29898854,-2.297969,-1.843107,0.785107,0.200857,0.000000,0.000000,1.025083
4285,06 07 10 14 24 33,-0.04623779,0.36668123,-0.498355,-0.989179,0.554193,-0.946896,0.000000,0.000000,1.090599
4286,08 09 10 14 18 24,-0.04625045,0.43278106,0.470668,0.023258,1.477848,-1.951180,0.000000,0.000000,-0.088999
4287,07 09 10 12 24 33,-0.04627415,0.37722837,-1.052082,-1.178925,1.708762,-0.659958,0.000000,0.000000,0.958271
4288,06 07 09 10 13 33,-0.04628675,0.33045194,-1.190514,-0.815835,0.554193,-0.946896,0.000000,0.000000,0.276156
4289,01 02 07 10 14 18,-0.04633922,0.45618685,-0.221491,-1.635757,0.785107,0.487795,0.000000,0.000000,-0.966119
4290,02 06 09 10 14 22,-0.04637082,0.27552568,-2.159537,-0.620384,0.785107,-1.090365,0.000000,0.000000,-0.141179
4291,02 09 10 12 18 22,-0.04637485,0.40141871,-0.775218,-1.399142,1.016020,-0.086081,0.000000,0.000000,-0.052200
4292,02 07 09 10 14 22,-0.04641842,0.29136273,-2.851696,-1.415506,1.708762,-0.086081,0.000000,0.000000,0.017544
4293,01 02 09 10 14 18,-0.04641941,0.41244708,-0.498355,-0.885771,1.016020,-0.516489,0.000000,0.000000,-0.933596
4294,02 06 07 10 14 22,-0.04645711,0.31926545,-1.882673,-1.370370,0.554193,-0.086081,0.000000,0.000000,-0.198366
4295,06 09 10 14 24 33,-0.04648495,0.32294146,-0.775218,-0.239193,0.785107,-1.951180,0.000000,0.000000,1.098384
4296,06 10 12 18 24 33,-0.04651091,0.47673721,1.578123,-0.972816,-0.138548,-0.946896,0.000000,0.000000,0.973937
4297,06 07 10 14 18 24,-0.04651547,0.41974406,-0.083059,-0.894309,1.016020,-0.803427,0.000000,0.000000,0.102435
4298,02 07 10 12 18 22,-0.04652062,0.44515848,-0.498355,-2.149128,0.785107,0.918202,0.000000,0.000000,-0.118199
4299,07 10 12 18 24 33,-0.04657959,0.49257427,0.885964,-1.767937,0.785107,0.057388,0.000000,0.000000,1.129538
4300,02 07 09 14 18 22,-0.04663036,0.35205137,-1.882673,-1.748237,1.246934,0.344326,0.000000,0.000000,0.019772
4301,06 09 10 14 18 24,-0.04672478,0.37600429,-0.359923,-0.144323,1.246934,-1.807711,0.000000,0.000000,0.115827
4302,07 08 12 14 18 33,-0.04691050,0.44230879,1.024396,-1.627220,-1.062203,-0.086081,0.000000,0.000000,0.930504
4303,01 02 06 08 09 14,-0.04692377,0.35502613,-0.636787,0.217374,0.323279,-1.664242,0.000000,0.000000,-2.103181
4304,01 02 06 10 14 18,-0.04692560,0.44034980,0.470668,-0.840636,-0.138548,-0.516489,0.000000,0.000000,-1.218768
4305,08 10 14 18 24 33,-0.04700115,0.49506414,1.993419,-0.660625,0.092365,-1.377304,0.000000,0.000000,0.963325
4306,06 08 12 14 18 33,-0.04701648,0.42647174,1.716555,-0.832098,-1.985858,-1.090365,0.000000,0.000000,0.749027
4307,06 08 09 12 14 33,-0.04706522,0.31112584,-0.221491,-0.243086,-1.062203,-1.807711,0.000000,0.000000,0.525288
4308,06 09 14 18 24 33,-0.04709284,0.38363010,0.193805,-0.571924,0.323279,-1.520773,0.000000,0.000000,1.041952
4309,07 09 10 14 18 24,-0.04709810,0.39184134,-1.052082,-0.939444,2.170589,-0.803427,0.000000,0.000000,0.226293
4310,09 10 12 18 24 33,-0.04713611,0.44883450,0.609100,-1.017951,1.016020,-0.946896,0.000000,0.000000,1.091489
4311,06 07 08 10 13 18,-0.04720359,0.46819425,1.024396,-0.508249,0.092365,-0.946896,0.000000,0.000000,-1.291979
4312,07 09 14 18 24 33,-0.04721590,0.39946715,-0.498355,-1.367045,1.246934,-0.516489,0.000000,0.000000,1.189494
4313,06 08 09 10 13 18,-0.04724808,0.42445448,0.747532,0.241737,0.323279,-1.951180,0.000000,0.000000,-1.254168
4314,08 09 12 14 18 33,-0.04729070,0.39856902,0.747532,-0.877234,-0.831289,-1.090365,0.000000,0.000000,0.918578
4315,02 06 10 12 18 22,-0.04737122,0.42932142,0.193805,-1.354007,-0.138548,-0.086081,0.000000,0.000000,-0.409993
4316,02 08 10 14 18 22,-0.04738177,0.44764835,0.609100,-1.041816,0.092365,-0.516489,0.000000,0.000000,-0.349536
4317,06 07 08 09 13 18,-0.04740945,0.41353699,0.055373,-0.251967,0.554193,-1.233835,0.000000,0.000000,-1.505368
4318,02 06 09 14 18 22,-0.04742656,0.33621431,-1.190514,-0.953115,0.323279,-0.659958,0.000000,0.000000,-0.263963
4319,07 09 10 14 24 33,-0.04745183,0.33877852,-1.467378,-1.034315,1.708762,-0.946896,0.000000,0.000000,1.120914
4320,01 06 08 09 18 24,-0.04756249,0.43904076,1.162828,0.350133,1.016020,-2.525057,0.000000,0.000000,0.215508
4321,02 10 12 18 22 33,-0.04757065,0.46370178,0.747532,-2.083025,-0.369462,0.487795,0.000000,0.000000,0.934182
4322,06 07 08 12 14 33,-0.04765703,0.35486561,0.055373,-0.993072,-1.293117,-0.803427,0.000000,0.000000,0.393207
4323,02 09 10 14 22 33,-0.04772263,0.30990604,-1.605810,-1.349403,0.554193,-0.516489,0.000000,0.000000,1.032267
4324,01 02 06 08 09 12,-0.04785943,0.39347599,-0.221491,0.072764,0.323279,-1.377304,0.000000,0.000000,-2.578919
4325,02 07 14 18 22 33,-0.04789280,0.41433444,-0.359923,-2.432119,-0.138548,0.918202,0.000000,0.000000,0.996282
4326,02 06 14 18 22 33,-0.04790805,0.39849738,0.332236,-1.636998,-1.062203,-0.086081,0.000000,0.000000,0.828248
4327,02 09 14 18 22 33,-0.04814501,0.37059467,-0.636787,-1.682133,0.092365,-0.086081,0.000000,0.000000,1.003319
4328,01 02 06 07 08 14,-0.04818994,0.39876590,-0.359923,-0.532611,0.092365,-0.659958,0.000000,0.000000,-2.335170
4329,01 06 07 08 18 24,-0.04823595,0.48278053,1.439691,-0.399852,0.785107,-1.520773,0.000000,0.000000,0.071330
4330,02 09 10 14 18 22,-0.04825466,0.36296886,-1.190514,-1.254532,1.016020,-0.373020,0.000000,0.000000,0.006418
4331,02 07 10 14 22 33,-0.04840080,0.35364580,-1.328946,-2.099389,0.323279,0.487795,0.000000,0.000000,0.887391
4332,02 06 10 14 22 33,-0.04842615,0.33780875,-0.636787,-1.304267,-0.600376,-0.516489,0.000000,0.000000,0.717861
4333,01 04 06 08 09 10,-0.04856516,0.39788541,0.055373,0.648394,0.323279,-1.951180,0.000000,0.000000,-3.342929
4334,07 08 09 12 14 33,-0.04860558,0.32696290,-0.913650,-1.038207,-0.138548,-0.803427,0.000000,0.000000,0.462853
4335,01 04 06 07 08 10,-0.04861792,0.44162518,0.332236,-0.101592,0.092365,-0.946896,0.000000,0.000000,-3.395147
4336,06 07 12 14 18 33,-0.04875616,0.38553202,0.193805,-1.794800,-1.293117,0.057388,0.000000,0.000000,0.932162
4337,01 02 06 08 10 14,-0.04885841,0.40968339,0.332236,-0.038907,-0.138548,-1.377304,0.000000,0.000000,-2.206913
4338,01 04 07 08 09 10,-0.04887183,0.41372247,-0.636787,-0.146728,1.246934,-0.946896,0.000000,0.000000,-3.222588
4339,01 02 07 08 10 14,-0.04894113,0.42552045,-0.359923,-0.834029,0.785107,-0.373020,0.000000,0.000000,-2.053395
4340,01 07 08 09 18 24,-0.04900884,0.45487781,0.470668,-0.444988,1.939675,-1.520773,0.000000,0.000000,0.167002
4341,01 02 07 08 09 14,-0.04904397,0.37086319,-1.328946,-0.577747,1.246934,-0.659958,0.000000,0.000000,-2.251520
4342,06 09 12 14 18 33,-0.04904953,0.34179225,-0.083059,-1.044814,-1.062203,-0.946896,0.000000,0.000000,0.933101
4343,09 10 14 18 24 33,-0.04920044,0.41038464,0.193805,-0.873341,1.016020,-1.233835,0.000000,0.000000,1.122772
4344,01 06 08 09 10 24,-0.04941768,0.37835212,0.193805,0.682864,1.477848,-2.955464,0.000000,0.000000,-0.092973
4345,06 10 14 18 24 33,-0.04942156,0.43828736,1.162828,-0.828206,-0.138548,-1.233835,0.000000,0.000000,0.879834
4346,01 02 06 07 08 12,-0.04946046,0.43721575,0.055373,-0.677221,0.092365,-0.373020,0.000000,0.000000,-2.860519
4347,07 10 14 18 24 33,-0.04949276,0.45412441,0.470668,-1.623327,0.785107,-0.229551,0.000000,0.000000,1.035061
4348,01 06 07 08 10 24,-0.04954190,0.42209189,0.470668,-0.067122,1.246934,-1.951180,0.000000,0.000000,-0.155779
4349,02 07 10 14 18 22,-0.04957910,0.40670863,-0.913650,-2.004518,0.785107,0.631264,0.000000,0.000000,-0.234203
4350,01 02 07 08 09 12,-0.04959608,0.40931304,-0.913650,-0.722357,1.246934,-0.373020,0.000000,0.000000,-2.670435
4351,01 06 07 08 09 24,-0.04975822,0.36743463,-0.498355,0.189160,1.708762,-2.238118,0.000000,0.000000,-0.370716
4352,06 07 09 12 14 33,-0.04977958,0.27018612,-1.744242,-1.205788,-0.369462,-0.659958,0.000000,0.000000,0.564021
4353,01 06 08 09 24 33,-0.04981418,0.38597794,0.747532,0.255263,0.554193,-2.668526,0.000000,0.000000,0.828940
4354,01 07 08 10 18 24,-0.04984061,0.50953507,1.439691,-0.701269,1.477848,-1.233835,0.000000,0.000000,0.226663
4355,01 02 06 07 09 14,-0.04984469,0.31408641,-2.159537,-0.745328,1.016020,-0.516489,0.000000,0.000000,-2.095050
4356,01 02 06 08 09 22,-0.04994073,0.33856215,-0.636787,-0.125928,0.554193,-1.807711,0.000000,0.000000,-0.446282
4357,06 07 09 10 13 18,-0.04998515,0.38351476,-0.775218,-0.720965,1.016020,-0.803427,0.000000,0.000000,-1.218800
4358,01 02 08 09 10 14,-0.05000005,0.38178068,-0.636787,-0.084043,1.016020,-1.377304,0.000000,0.000000,-2.165874
4359,07 08 09 10 13 18,-0.05000160,0.44029154,0.055373,-0.553384,1.246934,-0.946896,0.000000,0.000000,-1.496336
4360,07 09 12 14 18 33,-0.05001136,0.35762930,-0.775218,-1.839936,-0.138548,0.057388,0.000000,0.000000,0.956378
4361,01 06 08 10 18 24,-0.05005070,0.49369802,2.131851,0.093852,0.554193,-2.238118,0.000000,0.000000,0.029762
4362,01 02 06 08 18 22,-0.05020774,0.45390804,1.301260,-0.714940,-0.369462,-1.090365,0.000000,0.000000,-0.269323
4363,01 06 08 18 24 33,-0.05022231,0.50132383,2.685578,-0.333749,-0.369462,-1.951180,0.000000,0.000000,0.984992
4364,01 02 06 08 22 33,-0.05022978,0.40084522,0.885964,-0.809811,-0.831289,-1.233835,0.000000,0.000000,0.674437
4365,01 04 06 07 08 09,-0.05028917,0.38696792,-0.636787,0.154690,0.554193,-1.233835,0.000000,0.000000,-3.825637
4366,01 06 07 09 18 24,-0.05043163,0.39810104,-0.359923,-0.612569,1.708762,-1.377304,0.000000,0.000000,0.231311
4367,02 10 14 18 22 33,-0.05046616,0.42525193,0.332236,-1.938415,-0.369462,0.200857,0.000000,0.000000,0.842322
4368,01 02 06 09 10 14,-0.05052162,0.32500390,-1.467378,-0.251623,0.785107,-1.233835,0.000000,0.000000,-1.968046
4369,01 08 09 10 18 24,-0.05059461,0.46579530,1.162828,0.048716,1.708762,-2.238118,0.000000,0.000000,0.159357
4370,01 02 07 08 18 22,-0.05069169,0.46974510,0.609100,-1.510062,0.554193,-0.086081,0.000000,0.000000,-0.175247
4371,01 02 08 09 18 22,-0.05069746,0.42600533,0.332236,-0.760076,0.785107,-1.090365,0.000000,0.000000,-0.131700
4372,01 02 06 07 10 14,-0.05071152,0.36874367,-1.190514,-1.001609,0.554193,-0.229551,0.000000,0.000000,-2.040584
4373,08 10 12 14 18 33,-0.05072344,0.45322628,1.716555,-1.133515,-1.293117,-0.803427,0.000000,0.000000,0.592896
4374,01 06 07 08 24 33,-0.05075709,0.42971770,1.024396,-0.494723,0.323279,-1.664242,0.000000,0.000000,0.644841
4375,01 02 06 07 09 12,-0.05078287,0.35253626,-1.744242,-0.889938,1.016020,-0.229551,0.000000,0.000000,-2.571163
4376,02 06 10 14 18 22,-0.05080821,0.39087157,-0.221491,-1.209397,-0.138548,-0.373020,0.000000,0.000000,-0.582074
4377,01 07 08 18 24 33,-0.05084504,0.51716088,1.993419,-1.128871,0.554193,-0.946896,0.000000,0.000000,1.058507
4378,01 02 08 18 22 33,-0.05099865,0.48828840,1.854987,-1.443959,-0.600376,-0.516489,0.000000,0.000000,0.987222
4379,07 08 10 12 14 33,-0.05111769,0.38162016,0.055373,-1.294489,-0.600376,-0.516489,0.000000,0.000000,0.273566
4380,01 08 09 18 24 33,-0.05113827,0.47342112,1.716555,-0.378885,0.785107,-1.951180,0.000000,0.000000,1.059466
4381,06 07 10 12 14 33,-0.05117254,0.32484338,-0.775218,-1.462069,-0.831289,-0.373020,0.000000,0.000000,0.540540
4382,01 06 08 10 24 33,-0.05121020,0.44063520,1.716555,-0.001019,0.092365,-2.381588,0.000000,0.000000,0.805004
4383,01 02 06 08 10 12,-0.05122152,0.44813325,0.747532,-0.183517,-0.138548,-1.090365,0.000000,0.000000,-2.894134
4384,06 08 10 12 14 33,-0.05123377,0.36578310,0.747532,-0.499367,-1.524031,-1.520773,0.000000,0.000000,0.090594
4385,01 02 07 08 10 12,-0.05130172,0.46397030,0.055373,-0.978639,0.785107,-0.086081,0.000000,0.000000,-2.740242
4386,01 02 08 09 22 33,-0.05137522,0.37294251,-0.083059,-0.854946,0.323279,-1.233835,0.000000,0.000000,0.714915
4387,06 09 10 12 14 33,-0.05138942,0.28110361,-1.052082,-0.712083,-0.600376,-1.377304,0.000000,0.000000,0.552811
4388,06 10 12 14 18 33,-0.05146634,0.39644951,0.885964,-1.301096,-1.524031,-0.659958,0.000000,0.000000,0.757933
4389,01 02 06 08 10 22,-0.05147572,0.39321941,0.332236,-0.382210,0.092365,-1.520773,0.000000,0.000000,-0.490807
4390,01 04 06 07 09 10,-0.05148861,0.35694569,-1.467378,-0.314308,1.016020,-0.803427,0.000000,0.000000,-3.335172
4391,07 10 12 14 18 33,-0.05152240,0.41228656,0.193805,-2.096217,-0.600376,0.344326,0.000000,0.000000,0.915403
4392,01 02 07 08 22 33,-0.05153646,0.41668228,0.193805,-1.604932,0.092365,-0.229551,0.000000,0.000000,0.646624
4393,01 02 06 07 08 22,-0.05159645,0.38230192,-0.359923,-0.875914,0.323279,-0.803427,0.000000,0.000000,-0.735984
4394,01 02 07 09 10 14,-0.05167848,0.34084096,-2.159537,-1.046745,1.708762,-0.229551,0.000000,0.000000,-1.973665
4395,01 07 08 09 10 24,-0.05170784,0.39418918,-0.498355,-0.112257,2.401503,-1.951180,0.000000,0.000000,-0.266491
4396,01 06 09 10 18 24,-0.05177203,0.40901853,0.332236,-0.118864,1.477848,-2.094649,0.000000,0.000000,0.260019
4397,01 07 08 10 24 33,-0.05182284,0.45647225,1.024396,-0.796140,1.016020,-1.377304,0.000000,0.000000,0.880014
4398,01 06 07 10 18 24,-0.05184570,0.45275830,0.609100,-0.868850,1.246934,-1.090365,0.000000,0.000000,0.204701
4399,01 02 07 08 10 22,-0.05194958,0.40905646,-0.359923,-1.177331,1.016020,-0.516489,0.000000,0.000000,-0.395235
4400,01 02 08 10 22 33,-0.05201221,0.42759977,0.885964,-1.111228,-0.138548,-0.946896,0.000000,0.000000,0.803432
4401,01 02 06 09 10 12,-0.05202831,0.36345375,-1.052082,-0.396233,0.785107,-0.946896,0.000000,0.000000,-2.528386
4402,01 02 07 08 09 22,-0.05207103,0.35439920,-1.328946,-0.921049,1.477848,-0.803427,0.000000,0.000000,-0.596117
4403,01 07 08 09 24 33,-0.05208326,0.40181499,0.055373,-0.539858,1.477848,-1.664242,0.000000,0.000000,0.658543
4404,08 09 10 12 14 33,-0.05217209,0.33788039,-0.221491,-0.544503,-0.369462,-1.520773,0.000000,0.000000,0.161757
4405,01 02 06 09 18 22,-0.05217561,0.36922855,-0.498355,-0.927657,0.554193,-0.946896,0.000000,0.000000,-0.075592
4406,01 02 06 07 10 12,-0.05222326,0.40719352,-0.775218,-1.146219,0.554193,0.057388,0.000000,0.000000,-2.601671
4407,01 06 07 09 10 24,-0.05229692,0.33741240,-1.328946,-0.279838,2.170589,-1.807711,0.000000,0.000000,-0.078665
4408,01 02 08 10 18 22,-0.05232421,0.48066259,1.301260,-1.016358,0.323279,-0.803427,0.000000,0.000000,-0.189817
4409,01 02 08 09 10 12,-0.05235559,0.42023053,-0.221491,-0.228653,1.016020,-1.090365,0.000000,0.000000,-2.851973
4410,01 08 09 10 24 33,-0.05261469,0.41273248,0.747532,-0.046154,1.246934,-2.381588,0.000000,0.000000,0.807101
4411,01 07 09 10 18 24,-0.05262974,0.42485558,-0.359923,-0.913986,2.401503,-1.090365,0.000000,0.000000,0.298721
4412,01 08 10 18 24 33,-0.05274385,0.52807838,2.685578,-0.635166,0.323279,-1.664242,0.000000,0.000000,1.004484
4413,01 06 07 18 24 33,-0.05277097,0.46038411,1.162828,-1.296451,0.323279,-0.803427,0.000000,0.000000,1.048274
4414,01 02 06 09 22 33,-0.05281551,0.31616573,-0.913650,-1.022527,0.092365,-1.090365,0.000000,0.000000,0.776630
4415,01 02 06 07 09 22,-0.05285156,0.29762243,-2.159537,-1.088630,1.246934,-0.659958,0.000000,0.000000,-0.436656
4416,01 02 07 09 18 22,-0.05287979,0.38506561,-1.190514,-1.722778,1.477848,0.057388,0.000000,0.000000,-0.014144
4417,09 10 12 14 18 33,-0.05290758,0.36854679,-0.083059,-1.346231,-0.369462,-0.659958,0.000000,0.000000,0.754586
4418,01 02 06 07 18 22,-0.05292406,0.41296832,-0.221491,-1.677642,0.323279,0.057388,0.000000,0.000000,-0.230879
4419,06 08 09 12 14 18,-0.05306379,0.36418867,0.193805,-0.148215,-0.600376,-1.664242,0.000000,0.000000,-1.310445
4420,01 02 06 18 22 33,-0.05307742,0.43151162,1.024396,-1.611539,-0.831289,-0.373020,0.000000,0.000000,0.954345
4421,01 02 06 09 10 22,-0.05314903,0.30853992,-1.467378,-0.594926,1.016020,-1.377304,0.000000,0.000000,-0.253435
4422,01 02 06 07 10 22,-0.05331874,0.35227969,-1.190514,-1.344912,0.785107,-0.373020,0.000000,0.000000,-0.322982
4423,01 02 08 09 10 22,-0.05335849,0.36531670,-0.636787,-0.427345,1.246934,-1.520773,0.000000,0.000000,-0.559567
4424,01 06 07 09 24 33,-0.05346820,0.34503821,-0.775218,-0.707439,1.246934,-1.520773,0.000000,0.000000,0.728459
4425,01 06 08 12 18 33,-0.05349438,0.45948598,2.408714,-0.806640,-1.754944,-1.377304,0.000000,0.000000,0.681263
4426,06 07 08 12 14 18,-0.05369346,0.40792844,0.470668,-0.898201,-0.831289,-0.659958,0.000000,0.000000,-1.448134
4427,01 06 09 10 24 33,-0.05375426,0.35595570,-0.083059,-0.213735,1.016020,-2.238118,0.000000,0.000000,0.913370
4428,01 02 07 18 22 33,-0.05378813,0.44734868,0.332236,-2.406661,0.092365,0.631264,0.000000,0.000000,1.014826
4429,01 06 07 10 24 33,-0.05379009,0.39969547,0.193805,-0.963720,0.785107,-1.233835,0.000000,0.000000,0.863660
4430,01 02 09 18 22 33,-0.05385859,0.40360891,0.055373,-1.656675,0.323279,-0.373020,0.000000,0.000000,1.048790
4431,01 02 06 07 22 33,-0.05393585,0.35990550,-0.636787,-1.772513,-0.138548,-0.086081,0.000000,0.000000,0.566247
4432,01 06 09 18 24 33,-0.05396544,0.41664434,0.885964,-0.546465,0.554193,-1.807711,0.000000,0.000000,0.915711
4433,01 02 07 09 10 12,-0.05403655,0.37929081,-1.744242,-1.191355,1.708762,0.057388,0.000000,0.000000,-2.660138
4434,07 09 10 12 14 33,-0.05404894,0.29694067,-1.744242,-1.507205,0.323279,-0.373020,0.000000,0.000000,0.324569
4435,01 07 08 12 18 33,-0.05410197,0.47532303,1.716555,-1.601761,-0.831289,-0.373020,0.000000,0.000000,0.757021
4436,01 02 06 10 22 33,-0.05413170,0.37082299,0.055373,-1.278809,-0.369462,-0.803427,0.000000,0.000000,0.764522
4437,07 08 09 12 14 18,-0.05416340,0.38002572,-0.498355,-0.943337,0.323279,-0.659958,0.000000,0.000000,-1.307579
4438,01 08 09 12 18 33,-0.05420201,0.43158326,1.439691,-0.851775,-0.600376,-1.377304,0.000000,0.000000,0.786603
4439,01 02 07 10 18 22,-0.05428630,0.43972287,-0.221491,-1.979059,1.016020,0.344326,0.000000,0.000000,-0.039633
4440,01 02 07 09 22 33,-0.05434243,0.33200278,-1.605810,-1.817648,1.016020,-0.086081,0.000000,0.000000,0.716187
4441,01 06 08 09 12 33,-0.05438064,0.34414008,0.470668,-0.217627,-0.831289,-2.094649,0.000000,0.000000,0.333443
4442,04 06 08 09 18 33,-0.05443435,0.42671994,1.301260,-0.705230,-0.369462,-1.520773,0.000000,0.000000,0.575033
4443,01 02 06 10 18 22,-0.05448155,0.42388581,0.470668,-1.183938,0.092365,-0.659958,0.000000,0.000000,-0.234335
4444,02 06 08 09 18 24,-0.05449911,0.45652255,0.747532,-0.380368,1.939675,-1.807711,0.000000,0.000000,0.063198
4445,01 02 07 09 10 22,-0.05469702,0.32437697,-2.159537,-1.390047,1.939675,-0.373020,0.000000,0.000000,-0.317000
4446,01 02 07 10 22 33,-0.05475918,0.38666004,-0.636787,-2.073930,0.554193,0.200857,0.000000,0.000000,0.837334
4447,01 07 09 18 24 33,-0.05480209,0.43248139,0.193805,-1.341587,1.477848,-0.803427,0.000000,0.000000,0.957535
4448,04 07 08 09 18 33,-0.05493873,0.44255699,0.609100,-1.500351,0.554193,-0.516489,0.000000,0.000000,0.666083
4449,06 07 09 12 14 18,-0.05499328,0.32324894,-1.328946,-1.110917,0.092365,-0.516489,0.000000,0.000000,-1.155429
4450,01 02 09 10 18 22,-0.05499508,0.39598310,-0.498355,-1.229074,1.246934,-0.659958,0.000000,0.000000,-0.100238
4451,02 07 08 09 18 24,-0.05514292,0.47235961,0.055373,-1.175489,2.863330,-0.803427,0.000000,0.000000,0.133592
4452,02 06 07 08 18 24,-0.05517005,0.50026232,1.024396,-1.130354,1.708762,-0.803427,0.000000,0.000000,-0.080606
4453,01 06 07 08 12 33,-0.05517148,0.38787985,0.747532,-0.967613,-1.062203,-1.090365,0.000000,0.000000,0.171876
4454,04 06 07 08 18 33,-0.05520248,0.47045971,1.578123,-1.455215,-0.600376,-0.516489,0.000000,0.000000,0.416830
4455,01 02 10 18 22 33,-0.05529456,0.45826617,1.024396,-1.912956,-0.138548,-0.086081,0.000000,0.000000,1.018936
4456,01 06 10 18 24 33,-0.05540898,0.47130160,1.854987,-0.802747,0.092365,-1.520773,0.000000,0.000000,0.884737
4457,01 07 09 10 24 33,-0.05543471,0.37179276,-0.775218,-1.008856,1.939675,-1.233835,0.000000,0.000000,0.830182
4458,06 08 09 18 22 24,-0.05545580,0.38956253,0.470668,-0.018628,1.016020,-2.381588,0.000000,0.000000,0.258004
4459,01 06 08 14 18 33,-0.05546471,0.42103613,1.993419,-0.662030,-1.754944,-1.664242,0.000000,0.000000,0.726470
4460,01 02 09 10 22 33,-0.05550581,0.34292028,-0.913650,-1.323944,0.785107,-0.803427,0.000000,0.000000,0.771121
4461,01 09 10 18 24 33,-0.05552820,0.44339889,0.885964,-0.847883,1.246934,-1.520773,0.000000,0.000000,1.077252
4462,04 07 08 10 18 33,-0.05560947,0.49721425,1.578123,-1.756633,0.092365,-0.229551,0.000000,0.000000,0.749600
4463,01 06 08 09 14 33,-0.05571482,0.30569023,0.055373,-0.073017,-0.831289,-2.381588,0.000000,0.000000,0.472898
4464,02 06 08 09 24 33,-0.05573673,0.40345973,0.332236,-0.475238,1.477848,-1.951180,0.000000,0.000000,0.826867
4465,01 08 10 12 18 33,-0.05585770,0.48624052,2.408714,-1.108057,-1.062203,-1.090365,0.000000,0.000000,0.724196
4466,06 07 08 18 22 24,-0.05587209,0.43330230,0.747532,-0.768614,0.785107,-1.377304,0.000000,0.000000,0.151928
4467,02 06 07 08 09 24,-0.05587715,0.38491643,-0.913650,-0.541341,2.632416,-1.520773,0.000000,0.000000,-0.401883
4468,01 07 08 14 18 33,-0.05607483,0.43687318,1.301260,-1.457151,-0.831289,-0.659958,0.000000,0.000000,0.801854
4469,01 06 07 12 18 33,-0.05616987,0.41854626,0.885964,-1.769341,-1.062203,-0.229551,0.000000,0.000000,0.725755
4470,01 08 09 14 18 33,-0.05619257,0.39313341,1.024396,-0.707165,-0.600376,-1.664242,0.000000,0.000000,0.828813
4471,01 07 10 18 24 33,-0.05619376,0.48713865,1.162828,-1.597868,1.016020,-0.516489,0.000000,0.000000,0.934245
4472,06 08 09 22 24 33,-0.05634129,0.33649971,0.055373,-0.113498,0.554193,-2.525057,0.000000,0.000000,1.073842
4473,02 06 08 09 10 24,-0.05634422,0.39583392,-0.221491,-0.047637,2.401503,-2.238118,0.000000,0.000000,-0.243788
4474,01 06 08 09 12 18,-0.05637507,0.39720291,0.885964,-0.122757,-0.369462,-1.951180,0.000000,0.000000,-0.909063
4475,04 08 09 10 18 33,-0.05639375,0.45347448,1.301260,-1.006647,0.323279,-1.233835,0.000000,0.000000,0.677809
4476,07 08 09 18 22 24,-0.05642785,0.40539959,-0.221491,-0.813749,1.939675,-1.377304,0.000000,0.000000,0.279767
4477,02 06 07 08 10 24,-0.05646591,0.43957369,0.055373,-0.797623,2.170589,-1.233835,0.000000,0.000000,-0.306220
4478,01 06 07 08 14 33,-0.05650062,0.34943000,0.332236,-0.823003,-1.062203,-1.377304,0.000000,0.000000,0.312078
4479,02 06 07 09 18 24,-0.05656318,0.41558283,-0.775218,-1.343070,2.632416,-0.659958,0.000000,0.000000,0.198275
4480,01 07 08 09 12 33,-0.05663458,0.35997714,-0.221491,-1.012749,0.092365,-1.090365,0.000000,0.000000,0.165290
4481,02 06 07 08 24 33,-0.05667712,0.44719950,0.609100,-1.225224,1.246934,-0.946896,0.000000,0.000000,0.643143
4482,04 06 08 10 18 33,-0.05676154,0.48137720,2.270283,-0.961511,-0.831289,-1.233835,0.000000,0.000000,0.413143
4483,02 07 08 10 18 24,-0.05677975,0.52701687,1.024396,-1.431771,2.401503,-0.516489,0.000000,0.000000,0.073979
4484,02 07 08 18 24 33,-0.05678021,0.53464268,1.578123,-1.859372,1.477848,-0.229551,0.000000,0.000000,1.054565
4485,01 06 08 10 12 33,-0.05684977,0.39879734,1.439691,-0.473909,-1.293117,-1.807711,0.000000,0.000000,0.150523
4486,06 07 08 22 24 33,-0.05689928,0.38023948,0.332236,-0.863484,0.323279,-1.520773,0.000000,0.000000,0.946771
4487,02 06 08 18 24 33,-0.05696003,0.51880562,2.270283,-1.064250,0.554193,-1.233835,0.000000,0.000000,0.862150
4488,01 06 09 12 18 33,-0.05705946,0.37480649,0.609100,-1.019356,-0.831289,-1.233835,0.000000,0.000000,0.638362
4489,02 08 09 18 24 33,-0.05707597,0.49090291,1.301260,-1.109386,1.708762,-1.233835,0.000000,0.000000,1.055150
4490,02 04 07 08 09 10,-0.05713810,0.43120426,-1.052082,-0.877229,2.170589,-0.229551,0.000000,0.000000,-3.571889
4491,06 07 10 12 14 18,-0.05717112,0.37790620,-0.359923,-1.367199,-0.369462,-0.229551,0.000000,0.000000,-1.295193
4492,02 07 08 09 24 33,-0.05720327,0.41929678,-0.359923,-1.270359,2.401503,-0.946896,0.000000,0.000000,0.775370
4493,01 06 07 08 12 18,-0.05720375,0.44094268,1.162828,-0.872743,-0.600376,-0.946896,0.000000,0.000000,-1.076238
4494,01 06 08 10 14 33,-0.05722937,0.36034749,1.024396,-0.329299,-1.293117,-2.094649,0.000000,0.000000,0.431403
4495,04 06 07 09 18 33,-0.05728835,0.38578022,-0.221491,-1.667932,0.323279,-0.373020,0.000000,0.000000,0.593079
4496,06 09 10 12 14 18,-0.05735015,0.33416644,-0.636787,-0.617213,-0.138548,-1.233835,0.000000,0.000000,-1.277315
4497,06 07 09 18 22 24,-0.05736005,0.34862281,-1.052082,-0.981330,1.708762,-1.233835,0.000000,0.000000,0.416758
4498,01 07 08 10 12 33,-0.05744727,0.41463440,0.747532,-1.269030,-0.369462,-0.803427,0.000000,0.000000,0.227776
4499,07 08 10 12 14 18,-0.05746039,0.43468298,0.470668,-1.199618,-0.138548,-0.373020,0.000000,0.000000,-1.613150
4500,02 08 09 10 18 24,-0.05753628,0.48327710,0.747532,-0.681785,2.632416,-1.520773,0.000000,0.000000,0.006300
4501,04 06 09 10 18 33,-0.05764411,0.39669771,0.470668,-1.174227,0.092365,-1.090365,0.000000,0.000000,0.767664
4502,04 06 07 10 18 33,-0.05768750,0.44043748,0.747532,-1.924213,-0.138548,-0.086081,0.000000,0.000000,0.716833
4503,01 06 10 12 18 33,-0.05769921,0.42946375,1.578123,-1.275637,-1.293117,-0.946896,0.000000,0.000000,0.726470
4504,02 07 08 10 24 33,-0.05774792,0.47395404,0.609100,-1.526641,1.939675,-0.659958,0.000000,0.000000,0.877568
4505,01 08 10 14 18 33,-0.05776022,0.44779067,1.993419,-0.963447,-1.062203,-1.377304,0.000000,0.000000,0.779450
4506,02 06 08 10 18 24,-0.05779240,0.51117981,1.716555,-0.636649,1.477848,-1.520773,0.000000,0.000000,-0.241822
4507,01 07 08 09 12 18,-0.05780628,0.41303996,0.193805,-0.917878,0.554193,-0.946896,0.000000,0.000000,-0.955326
4508,01 07 08 10 14 33,-0.05782939,0.37618455,0.332236,-1.124420,-0.369462,-1.090365,0.000000,0.000000,0.508283
4509,02 07 08 09 10 24,-0.05783182,0.41167097,-0.913650,-0.842758,3.325158,-1.233835,0.000000,0.000000,-0.298406
4510,07 08 18 22 24 33,-0.05786537,0.46768266,1.301260,-1.497632,0.554193,-0.803427,0.000000,0.000000,1.230337
4511,01 07 09 12 18 33,-0.05788097,0.39064354,-0.083059,-1.814477,0.092365,-0.229551,0.000000,0.000000,0.682428
4512,06 08 09 12 22 33,-0.05788973,0.29466186,-0.221491,-0.586388,-0.831289,-1.951180,0.000000,0.000000,1.025475
4513,07 08 09 22 24 33,-0.05790689,0.35233677,-0.636787,-0.908620,1.477848,-1.520773,0.000000,0.000000,1.007668
4514,06 07 08 09 22 24,-0.05792144,0.31795641,-1.190514,-0.179601,1.708762,-2.094649,0.000000,0.000000,-0.368209
4515,02 06 08 10 24 33,-0.05793783,0.45811699,1.301260,-0.731520,1.016020,-1.664242,0.000000,0.000000,0.683657
4516,06 08 18 22 24 33,-0.05794612,0.45184561,1.993419,-0.702511,-0.369462,-1.807711,0.000000,0.000000,1.052598
4517,01 07 08 09 14 33,-0.05797129,0.32152729,-0.636787,-0.868139,0.092365,-1.377304,0.000000,0.000000,0.304370
4518,06 08 10 12 14 18,-0.05801723,0.41884593,1.162828,-0.404497,-1.062203,-1.377304,0.000000,0.000000,-1.861422
4519,01 06 07 09 12 33,-0.05804980,0.30320036,-1.052082,-1.180329,-0.138548,-0.946896,0.000000,0.000000,0.230720
4520,01 06 07 14 18 33,-0.05812503,0.38009640,0.470668,-1.624731,-1.062203,-0.516489,0.000000,0.000000,0.773210
4521,07 08 10 18 22 24,-0.05815320,0.46005685,0.747532,-1.070031,1.477848,-1.090365,0.000000,0.000000,0.207041
4522,01 08 09 10 12 33,-0.05820885,0.37089463,0.470668,-0.519044,-0.138548,-1.807711,0.000000,0.000000,0.159349
4523,04 07 09 10 18 33,-0.05841374,0.41253476,-0.221491,-1.969349,1.016020,-0.086081,0.000000,0.000000,0.819415
4524,02 06 07 09 10 24,-0.05841838,0.35489420,-1.744242,-1.010339,3.094244,-1.090365,0.000000,0.000000,-0.110206
4525,08 09 18 22 24 33,-0.05842099,0.42394289,1.024396,-0.747646,0.785107,-1.807711,0.000000,0.000000,1.192423
4526,06 07 08 12 22 33,-0.05846135,0.33840163,0.055373,-1.336374,-1.062203,-0.946896,0.000000,0.000000,0.896384
4527,01 07 10 12 18 33,-0.05846885,0.44530080,0.885964,-2.070759,-0.369462,0.057388,0.000000,0.000000,0.778221
4528,06 07 08 10 22 24,-0.05850961,0.37261367,-0.221491,-0.435883,1.246934,-1.807711,0.000000,0.000000,-0.272458
4529,01 06 09 10 12 33,-0.05852480,0.31411785,-0.359923,-0.686625,-0.369462,-1.664242,0.000000,0.000000,0.387640
4530,02 08 09 10 24 33,-0.05854230,0.43021428,0.332236,-0.776655,2.170589,-1.664242,0.000000,0.000000,0.804281
4531,02 06 07 09 24 33,-0.05858568,0.36252001,-1.190514,-1.437940,2.170589,-0.803427,0.000000,0.000000,0.845661
4532,01 06 07 10 12 33,-0.05859090,0.35785762,-0.083059,-1.436611,-0.600376,-0.659958,0.000000,0.000000,0.333443
4533,06 08 09 10 22 24,-0.05859195,0.32887390,-0.498355,0.314103,1.477848,-2.811995,0.000000,0.000000,-0.240254
4534,01 08 09 10 14 33,-0.05859601,0.33244478,0.055373,-0.374434,-0.138548,-2.094649,0.000000,0.000000,0.439108
4535,01 09 10 12 18 33,-0.05862691,0.40156103,0.609100,-1.320773,-0.138548,-0.946896,0.000000,0.000000,0.799207
4536,07 08 10 22 24 33,-0.05866779,0.40699403,0.332236,-1.164901,1.016020,-1.233835,0.000000,0.000000,1.077828
4537,02 06 07 18 24 33,-0.05870362,0.47786590,0.747532,-2.026952,1.246934,-0.086081,0.000000,0.000000,1.044706
4538,02 06 09 10 18 24,-0.05871117,0.42650032,-0.083059,-0.849365,2.401503,-1.377304,0.000000,0.000000,0.107335
4539,06 08 10 22 24 33,-0.05875864,0.39115697,1.024396,-0.369780,0.092365,-2.238118,0.000000,0.000000,0.898594
4540,02 07 09 10 18 24,-0.05876634,0.44233738,-0.775218,-1.644487,3.325158,-0.373020,0.000000,0.000000,0.264937
4541,02 06 07 10 18 24,-0.05878233,0.47024009,0.193805,-1.599351,2.170589,-0.373020,0.000000,0.000000,0.052391
4542,06 07 10 18 22 24,-0.05882014,0.40328007,-0.083059,-1.237611,1.246934,-0.946896,0.000000,0.000000,0.383331
4543,01 06 08 09 14 18,-0.05882688,0.35875305,0.470668,0.021853,-0.369462,-2.238118,0.000000,0.000000,-0.935188
4544,06 08 10 18 22 24,-0.05883759,0.44421979,1.439691,-0.274909,0.554193,-2.094649,0.000000,0.000000,-0.060129
4545,08 09 10 12 14 18,-0.05885891,0.39094321,0.193805,-0.449632,0.092365,-1.377304,0.000000,0.000000,-1.775941
4546,02 04 06 08 09 10,-0.05897134,0.41536721,-0.359923,-0.082107,1.246934,-1.233835,0.000000,0.000000,-4.009263
4547,02 04 06 07 08 10,-0.05902157,0.45910697,-0.083059,-0.832093,1.016020,-0.229551,0.000000,0.000000,-4.061108
4548,06 07 09 22 24 33,-0.05903042,0.29555999,-1.467378,-1.076200,1.246934,-1.377304,0.000000,0.000000,1.116313
4549,01 06 09 14 18 33,-0.05904498,0.33635664,0.193805,-0.874746,-0.831289,-1.520773,0.000000,0.000000,0.681320
4550,06 09 10 18 22 24,-0.05904963,0.35954030,-0.359923,-0.487625,1.477848,-1.951180,0.000000,0.000000,0.393733
4551,06 07 08 09 10 13,-0.05916306,0.35284836,-0.913650,0.080764,1.016020,-1.664242,0.000000,0.000000,-3.280330
4552,01 06 07 09 12 18,-0.05925934,0.35626318,-0.636787,-1.085459,0.323279,-0.803427,0.000000,0.000000,-0.895503
4553,01 06 07 08 14 18,-0.05932071,0.40249282,0.747532,-0.728133,-0.600376,-1.233835,0.000000,0.000000,-1.052753
4554,01 06 07 09 14 33,-0.05938146,0.26475051,-1.467378,-1.035719,-0.138548,-1.233835,0.000000,0.000000,0.370549
4555,01 07 08 10 12 18,-0.05940385,0.46769722,1.162828,-1.174160,0.092365,-0.659958,0.000000,0.000000,-1.009123
4556,07 08 09 12 22 33,-0.05944019,0.31049891,-0.913650,-1.381510,0.092365,-0.946896,0.000000,0.000000,0.961544
4557,08 09 10 18 22 24,-0.05944939,0.41631708,0.470668,-0.320045,1.708762,-2.094649,0.000000,0.000000,0.059409
4558,07 08 12 18 22 33,-0.05947928,0.42584481,1.024396,-1.970522,-0.831289,-0.229551,0.000000,0.000000,1.172269
4559,02 08 10 18 24 33,-0.05948662,0.54556017,2.270283,-1.365668,1.246934,-0.946896,0.000000,0.000000,0.880895
4560,06 07 10 22 24 33,-0.05952607,0.35021725,-0.498355,-1.332482,0.785107,-1.090365,0.000000,0.000000,1.225771
4561,07 09 10 12 14 18,-0.05956891,0.35000349,-1.328946,-1.412334,0.785107,-0.229551,0.000000,0.000000,-1.440256
4562,06 08 12 18 22 33,-0.05957518,0.41000775,1.716555,-1.175401,-1.754944,-1.233835,0.000000,0.000000,0.992288
4563,06 07 18 22 24 33,-0.05958685,0.41090588,0.470668,-1.665212,0.323279,-0.659958,0.000000,0.000000,1.250395
4564,01 06 08 10 12 18,-0.05962909,0.45186017,1.854987,-0.379038,-0.831289,-1.664242,0.000000,0.000000,-1.208267
4565,02 06 09 10 24 33,-0.05967934,0.37343750,-0.498355,-0.944236,1.939675,-1.520773,0.000000,0.000000,0.910924
4566,02 06 07 10 24 33,-0.05971264,0.41717727,-0.221491,-1.694222,1.708762,-0.516489,0.000000,0.000000,0.861588
4567,01 06 09 10 14 33,-0.05976081,0.27566800,-0.775218,-0.542015,-0.369462,-1.951180,0.000000,0.000000,0.541639
4568,08 09 10 22 24 33,-0.05977265,0.36325426,0.055373,-0.414915,1.246934,-2.238118,0.000000,0.000000,0.958542
4569,06 09 10 22 24 33,-0.05979341,0.30647748,-0.775218,-0.582496,1.016020,-2.094649,0.000000,0.000000,1.230565
4570,06 08 09 12 18 22,-0.05982081,0.34772468,0.193805,-0.491518,-0.369462,-1.807711,0.000000,0.000000,-0.207646
4571,01 06 07 10 14 33,-0.05982187,0.31940777,-0.498355,-1.292001,-0.600376,-0.946896,0.000000,0.000000,0.488190
4572,01 08 09 10 12 18,-0.05984898,0.42395745,0.885964,-0.424174,0.323279,-1.664242,0.000000,0.000000,-1.030667
4573,01 07 09 14 18 33,-0.05986901,0.35219369,-0.498355,-1.669867,0.092365,-0.516489,0.000000,0.000000,0.725013
4574,08 09 12 18 22 33,-0.05987967,0.38210504,0.747532,-1.220536,-0.600376,-1.233835,0.000000,0.000000,1.157353
4575,02 06 09 18 24 33,-0.05990062,0.43412613,0.470668,-1.276967,1.477848,-1.090365,0.000000,0.000000,0.911770
4576,06 08 09 14 22 33,-0.05990300,0.25621201,-0.636787,-0.441778,-0.831289,-2.238118,0.000000,0.000000,1.064321
4577,02 04 06 07 08 09,-0.05991321,0.40444971,-1.052082,-0.575812,1.477848,-0.516489,0.000000,0.000000,-4.376097
4578,01 07 08 09 14 18,-0.05993080,0.37459011,-0.221491,-0.773268,0.554193,-1.233835,0.000000,0.000000,-0.932962
4579,02 07 09 18 24 33,-0.05993471,0.44996319,-0.221491,-2.072088,2.401503,-0.086081,0.000000,0.000000,1.072493
4580,02 07 08 12 18 33,-0.06002200,0.49280483,1.301260,-2.332262,0.092365,0.344326,0.000000,0.000000,0.755322
4581,04 06 08 09 10 33,-0.06002780,0.36603130,0.332236,-0.372499,0.092365,-1.951180,0.000000,0.000000,-0.287281
4582,04 06 07 08 10 33,-0.06012174,0.40977107,0.609100,-1.122485,-0.138548,-0.946896,0.000000,0.000000,-0.345601
4583,02 08 09 12 18 33,-0.06012457,0.44906506,1.024396,-1.582276,0.323279,-0.659958,0.000000,0.000000,0.784530
4584,06 09 18 22 24 33,-0.06012936,0.36716611,0.193805,-0.915227,0.554193,-1.664242,0.000000,0.000000,1.214423
4585,02 06 08 12 18 33,-0.06021696,0.47696777,1.993419,-1.537141,-0.831289,-0.659958,0.000000,0.000000,0.560664
4586,07 09 10 18 22 24,-0.06028694,0.37537736,-1.052082,-1.282747,2.401503,-0.946896,0.000000,0.000000,0.376197
4587,02 06 08 09 12 33,-0.06028805,0.36162188,0.055373,-0.948128,0.092365,-1.377304,0.000000,0.000000,0.333614
4588,07 08 09 10 22 24,-0.06040780,0.34471095,-1.190514,-0.481018,2.401503,-1.807711,0.000000,0.000000,-0.343503
4589,06 07 08 12 18 22,-0.06043028,0.39146445,0.470668,-1.241504,-0.600376,-0.803427,0.000000,0.000000,-0.342345
4590,01 06 10 14 18 33,-0.06045059,0.39101390,1.162828,-1.131027,-1.293117,-1.233835,0.000000,0.000000,0.655964
4591,06 07 08 14 22 33,-0.06045692,0.29995178,-0.359923,-1.191764,-1.062203,-1.233835,0.000000,0.000000,0.937852
4592,06 07 08 09 12 22,-0.06046173,0.27611856,-1.467378,-0.652491,0.323279,-1.520773,0.000000,0.000000,-0.563521
4593,01 06 09 10 12 18,-0.06048138,0.36718068,0.055373,-0.591754,0.092365,-1.520773,0.000000,0.000000,-0.849259
4594,06 07 09 10 22 24,-0.06050629,0.28793418,-2.021105,-0.648599,2.170589,-1.664242,0.000000,0.000000,-0.082995
4595,04 07 08 09 10 33,-0.06052208,0.38186836,-0.359923,-1.167620,1.016020,-0.946896,0.000000,0.000000,-0.194736
4596,01 09 10 14 18 33,-0.06053195,0.36311118,0.193805,-1.176163,-0.138548,-1.233835,0.000000,0.000000,0.854087
4597,02 07 09 10 24 33,-0.06055724,0.38927455,-1.190514,-1.739357,2.863330,-0.516489,0.000000,0.000000,0.946635
4598,01 07 08 10 14 18,-0.06057378,0.42924737,0.747532,-1.029550,0.092365,-0.946896,0.000000,0.000000,-0.845333
4599,01 06 07 10 12 18,-0.06058533,0.41092044,0.332236,-1.341740,-0.138548,-0.516489,0.000000,0.000000,-0.909063
4600,06 07 09 12 22 33,-0.06059400,0.25372214,-1.744242,-1.549090,-0.138548,-0.803427,0.000000,0.000000,1.065703
4601,04 06 07 08 09 33,-0.06078386,0.35511381,-0.359923,-0.866203,0.323279,-1.233835,0.000000,0.000000,-0.626587
4602,07 08 09 12 18 22,-0.06082864,0.36356174,-0.498355,-1.286639,0.554193,-0.803427,0.000000,0.000000,-0.191186
4603,06 07 08 09 12 14,-0.06085861,0.29258254,-1.467378,-0.309189,0.092365,-1.377304,0.000000,0.000000,-2.726191
4604,08 10 18 22 24 33,-0.06092185,0.47860015,1.993419,-1.003928,0.323279,-1.520773,0.000000,0.000000,1.004802
4605,01 08 09 10 14 18,-0.06102396,0.38550760,0.470668,-0.279564,0.323279,-1.951180,0.000000,0.000000,-0.867625
4606,01 07 09 10 12 33,-0.06104400,0.32995491,-1.052082,-1.481746,0.554193,-0.659958,0.000000,0.000000,0.180187
4607,02 06 07 08 12 33,-0.06107637,0.40536165,0.332236,-1.698114,-0.138548,-0.373020,0.000000,0.000000,0.172420
4608,02 04 06 07 09 10,-0.06108971,0.37442748,-1.882673,-1.044809,1.939675,-0.086081,0.000000,0.000000,-3.882233
4609,07 08 10 12 22 33,-0.06110849,0.36515617,0.055373,-1.637791,-0.369462,-0.659958,0.000000,0.000000,0.897269
4610,07 09 18 22 24 33,-0.06111641,0.38300317,-0.498355,-1.710348,1.477848,-0.659958,0.000000,0.000000,1.233962
4611,01 06 08 10 14 18,-0.06112631,0.41341032,1.439691,-0.234428,-0.831289,-1.951180,0.000000,0.000000,-1.092966
4612,06 08 10 12 22 33,-0.06121448,0.34931912,0.747532,-0.842670,-1.293117,-1.664242,0.000000,0.000000,0.715792
4613,01 07 10 14 18 33,-0.06122275,0.40685095,0.470668,-1.926149,-0.369462,-0.229551,0.000000,0.000000,0.707342
4614,06 07 12 18 22 33,-0.06130477,0.36906803,0.193805,-2.138103,-1.062203,-0.086081,0.000000,0.000000,1.176918
4615,01 07 09 10 14 33,-0.06142864,0.29150506,-1.467378,-1.337136,0.554193,-0.946896,0.000000,0.000000,0.460319
4616,07 08 09 14 22 33,-0.06145598,0.27204906,-1.328946,-1.236900,0.092365,-1.233835,0.000000,0.000000,1.000016
4617,02 09 10 18 24 33,-0.06146842,0.46088068,0.470668,-1.578384,2.170589,-0.803427,0.000000,0.000000,1.072562
4618,07 09 10 22 24 33,-0.06162427,0.32231453,-1.467378,-1.377617,1.939675,-1.090365,0.000000,0.000000,1.125092
4619,02 06 08 09 14 33,-0.06162476,0.32317203,-0.359923,-0.803518,0.092365,-1.664242,0.000000,0.000000,0.472695
4620,07 08 14 18 22 33,-0.06163169,0.38739496,0.609100,-1.825912,-0.831289,-0.516489,0.000000,0.000000,1.190503
4621,04 06 07 08 09 18,-0.06165730,0.40817664,0.055373,-0.771333,0.785107,-1.090365,0.000000,0.000000,-1.703014
4622,01 06 07 09 14 18,-0.06170863,0.31781333,-1.052082,-0.940849,0.323279,-1.090365,0.000000,0.000000,-0.921254
4623,06 08 14 18 22 33,-0.06172505,0.37155790,1.301260,-1.030791,-1.754944,-1.520773,0.000000,0.000000,1.010896
4624,02 07 08 09 12 33,-0.06173945,0.37745893,-0.636787,-1.743250,1.016020,-0.373020,0.000000,0.000000,0.284360
4625,06 07 09 12 18 22,-0.06174019,0.30678496,-1.328946,-1.454220,0.323279,-0.659958,0.000000,0.000000,-0.051135
4626,06 07 10 12 22 33,-0.06199705,0.30837940,-0.775218,-1.805372,-0.600376,-0.516489,0.000000,0.000000,1.040727
4627,02 07 08 14 18 33,-0.06199739,0.45435498,0.885964,-2.187652,0.092365,0.057388,0.000000,0.000000,0.799782
4628,08 09 14 18 22 33,-0.06203712,0.34365519,0.332236,-1.075926,-0.600376,-1.520773,0.000000,0.000000,1.174839
4629,02 06 07 12 18 33,-0.06208738,0.43602805,0.470668,-2.499843,-0.138548,0.487795,0.000000,0.000000,0.724430
4630,04 07 08 09 10 18,-0.06208807,0.43493118,0.055373,-1.072750,1.477848,-0.803427,0.000000,0.000000,-1.373767
4631,02 08 09 14 18 33,-0.06211765,0.41061521,0.609100,-1.437666,0.323279,-0.946896,0.000000,0.000000,0.826367
4632,06 08 09 14 18 22,-0.06212604,0.30927483,-0.221491,-0.346908,-0.369462,-2.094649,0.000000,0.000000,-0.212055
4633,02 07 10 18 24 33,-0.06213145,0.50462045,0.747532,-2.328369,1.939675,0.200857,0.000000,0.000000,0.929929
4634,02 06 10 18 24 33,-0.06214922,0.48878339,1.439691,-1.533248,1.016020,-0.803427,0.000000,0.000000,0.761521
4635,01 07 09 10 12 18,-0.06217785,0.38301773,-0.636787,-1.386876,1.016020,-0.516489,0.000000,0.000000,-0.934822
4636,07 08 10 14 22 33,-0.06218235,0.32670632,-0.359923,-1.493181,-0.369462,-0.946896,0.000000,0.000000,1.075292
4637,08 09 10 12 22 33,-0.06218307,0.32141641,-0.221491,-0.887805,-0.138548,-1.664242,0.000000,0.000000,0.782469
4638,02 06 08 14 18 33,-0.06218982,0.43851792,1.578123,-1.392531,-0.831289,-0.946896,0.000000,0.000000,0.605497
4639,06 09 10 12 22 33,-0.06223411,0.26463963,-1.052082,-1.055386,-0.369462,-1.520773,0.000000,0.000000,1.050007
4640,06 08 10 14 22 33,-0.06228581,0.31086927,0.332236,-0.698060,-1.293117,-1.951180,0.000000,0.000000,0.894189
4641,06 07 08 14 18 22,-0.06238800,0.35301460,0.055373,-1.096894,-0.600376,-1.090365,0.000000,0.000000,-0.295268
4642,02 06 07 08 14 33,-0.06240803,0.36691179,-0.083059,-1.553504,-0.138548,-0.659958,0.000000,0.000000,0.312248
4643,04 06 08 09 10 18,-0.06241652,0.41909413,0.747532,-0.277628,0.554193,-1.807711,0.000000,0.000000,-1.588203
4644,06 10 18 22 24 33,-0.06246818,0.42182337,1.162828,-1.171508,0.092365,-1.377304,0.000000,0.000000,1.050809
4645,08 10 12 18 22 33,-0.06246861,0.43676230,1.716555,-1.476818,-1.062203,-0.946896,0.000000,0.000000,0.956683
4646,06 09 12 18 22 33,-0.06247222,0.32532826,-0.083059,-1.388117,-0.831289,-1.090365,0.000000,0.000000,1.048359
4647,04 06 07 08 10 18,-0.06254831,0.46283390,1.024396,-1.027614,0.323279,-0.803427,0.000000,0.000000,-1.652131
4648,07 10 18 22 24 33,-0.06254947,0.43766043,0.470668,-1.966630,1.016020,-0.373020,0.000000,0.000000,1.204540
4649,02 08 10 12 18 33,-0.06258533,0.50372232,1.993419,-1.838558,-0.138548,-0.373020,0.000000,0.000000,0.602850
4650,07 09 12 18 22 33,-0.06259024,0.34116532,-0.775218,-2.183238,0.092365,-0.086081,0.000000,0.000000,1.196649
4651,06 07 09 14 22 33,-0.06260475,0.21527229,-2.159537,-1.404480,-0.138548,-1.090365,0.000000,0.000000,1.104923
4652,01 06 09 10 14 18,-0.06283502,0.32873082,-0.359923,-0.447144,0.092365,-1.807711,0.000000,0.000000,-0.860840
4653,06 07 08 10 12 22,-0.06287447,0.33077582,-0.498355,-0.908773,-0.138548,-1.233835,0.000000,0.000000,-0.738086
4654,04 06 07 09 10 33,-0.06289189,0.32509158,-1.190514,-1.335201,0.785107,-0.803427,0.000000,0.000000,-0.270731
4655,06 07 08 09 14 22,-0.06291007,0.23766870,-1.882673,-0.507881,0.323279,-1.807711,0.000000,0.000000,-0.589132
4656,06 08 09 10 12 22,-0.06292653,0.28703605,-0.775218,-0.158787,0.092365,-2.238118,0.000000,0.000000,-0.701396
4657,01 06 07 10 14 18,-0.06293393,0.37247059,-0.083059,-1.197130,-0.138548,-0.803427,0.000000,0.000000,-0.919896
4658,02 06 09 12 18 33,-0.06297950,0.39228828,0.193805,-1.749857,0.092365,-0.516489,0.000000,0.000000,0.636663
4659,02 07 09 12 18 33,-0.06299845,0.40812534,-0.498355,-2.544978,1.016020,0.487795,0.000000,0.000000,0.799629
4660,02 07 08 09 14 33,-0.06307868,0.33900908,-1.052082,-1.598640,1.016020,-0.659958,0.000000,0.000000,0.423067
4661,09 10 18 22 24 33,-0.06313122,0.39392066,0.193805,-1.216644,1.246934,-1.377304,0.000000,0.000000,1.162754
4662,07 08 09 14 18 22,-0.06313640,0.32511188,-0.913650,-1.142029,0.554193,-1.090365,0.000000,0.000000,-0.195969
4663,02 06 07 09 12 33,-0.06315214,0.32068216,-1.467378,-1.910830,0.785107,-0.229551,0.000000,0.000000,0.350164
4664,08 09 10 14 22 33,-0.06326198,0.28296655,-0.636787,-0.743195,-0.138548,-1.951180,0.000000,0.000000,0.959744
4665,07 08 10 12 18 22,-0.06328184,0.41821900,0.470668,-1.542921,0.092365,-0.516489,0.000000,0.000000,-0.371744
4666,01 07 09 10 14 18,-0.06335030,0.34456788,-1.052082,-1.242266,1.016020,-0.803427,0.000000,0.000000,-0.771406
4667,02 07 08 10 12 33,-0.06335721,0.43211619,0.332236,-1.999531,0.554193,-0.086081,0.000000,0.000000,0.227573
4668,02 06 08 09 12 18,-0.06344934,0.41468470,0.470668,-0.853258,0.554193,-1.233835,0.000000,0.000000,-1.081766
4669,06 07 14 18 22 33,-0.06345212,0.33061818,-0.221491,-1.993493,-1.062203,-0.373020,0.000000,0.000000,1.195900
4670,06 07 08 10 14 22,-0.06351432,0.29232596,-0.913650,-0.764163,-0.138548,-1.520773,0.000000,0.000000,-0.495764
4671,02 06 08 10 12 33,-0.06356226,0.41627914,1.024396,-1.204410,-0.369462,-1.090365,0.000000,0.000000,0.031419
4672,06 08 09 10 14 22,-0.06357143,0.24858620,-1.190514,-0.014177,0.092365,-2.525057,0.000000,0.000000,-0.459822
4673,02 07 08 10 14 33,-0.06374185,0.39366634,-0.083059,-1.854921,0.554193,-0.373020,0.000000,0.000000,0.507705
4674,06 07 10 14 22 33,-0.06391975,0.26992955,-1.190514,-1.660762,-0.600376,-0.803427,0.000000,0.000000,1.092990
4675,06 07 10 12 18 22,-0.06392813,0.36144222,-0.359923,-1.710501,-0.138548,-0.373020,0.000000,0.000000,-0.192394
4676,06 08 10 12 18 22,-0.06393044,0.40238194,1.162828,-0.747799,-0.831289,-1.520773,0.000000,0.000000,-0.633612
4677,02 06 08 10 14 33,-0.06394438,0.37782929,0.609100,-1.059800,-0.369462,-1.377304,0.000000,0.000000,0.311926
4678,06 07 09 14 18 22,-0.06404291,0.26833511,-1.744242,-1.309610,0.323279,-0.946896,0.000000,0.000000,-0.055171
4679,02 06 07 14 18 33,-0.06404507,0.39757820,0.055373,-2.355233,-0.138548,0.200857,0.000000,0.000000,0.771511
4680,06 10 12 18 22 33,-0.06404522,0.37998552,0.885964,-1.644398,-1.293117,-0.803427,0.000000,0.000000,0.998204
4681,07 09 10 12 22 33,-0.06404984,0.28047668,-1.744242,-1.850507,0.554193,-0.516489,0.000000,0.000000,0.946777
4682,02 07 08 09 12 18,-0.06407800,0.43052176,-0.221491,-1.648379,1.477848,-0.229551,0.000000,0.000000,-1.009129
4683,07 10 12 18 22 33,-0.06411137,0.39582258,0.193805,-2.439520,-0.369462,0.200857,0.000000,0.000000,1.154178
4684,02 08 09 10 12 33,-0.06412131,0.38837642,0.055373,-1.249545,0.785107,-1.090365,0.000000,0.000000,0.158772
4685,06 09 10 12 18 22,-0.06412735,0.31770245,-0.636787,-0.960516,0.092365,-1.377304,0.000000,0.000000,-0.177507
4686,06 09 10 14 22 33,-0.06416187,0.22618978,-1.467378,-0.910776,-0.369462,-1.807711,0.000000,0.000000,1.101522
4687,02 06 07 08 12 18,-0.06427550,0.45842447,0.747532,-1.603244,0.323279,-0.229551,0.000000,0.000000,-1.248567
4688,02 07 10 12 18 33,-0.06439141,0.46278260,0.470668,-2.801260,0.554193,0.774733,0.000000,0.000000,0.776148
4689,02 06 10 12 18 33,-0.06442432,0.44694554,1.162828,-2.006138,-0.369462,-0.229551,0.000000,0.000000,0.605497
4690,02 06 09 10 12 33,-0.06443474,0.33159965,-0.775218,-1.417126,0.554193,-0.946896,0.000000,0.000000,0.387436
4691,02 06 07 09 14 33,-0.06448633,0.28223230,-1.882673,-1.766220,0.785107,-0.516489,0.000000,0.000000,0.489619
4692,02 08 10 14 18 33,-0.06449038,0.46527247,1.578123,-1.693948,-0.138548,-0.659958,0.000000,0.000000,0.657730
4693,04 06 07 09 10 18,-0.06449572,0.37815440,-0.775218,-1.240330,1.246934,-0.659958,0.000000,0.000000,-1.455369
4694,02 06 07 10 12 33,-0.06449832,0.37533942,-0.498355,-2.167112,0.323279,0.057388,0.000000,0.000000,0.333614
4695,02 08 09 10 14 33,-0.06451100,0.34992657,-0.359923,-1.104935,0.785107,-1.377304,0.000000,0.000000,0.438157
4696,08 10 14 18 22 33,-0.06452537,0.39831245,1.301260,-1.332208,-1.062203,-1.233835,0.000000,0.000000,0.989087
4697,02 09 10 12 18 33,-0.06455199,0.41904283,0.193805,-2.051274,0.785107,-0.229551,0.000000,0.000000,0.796760
4698,06 07 08 10 12 14,-0.06459862,0.34723980,-0.498355,-0.565470,-0.369462,-1.090365,0.000000,0.000000,-3.097396
4699,08 09 10 12 18 22,-0.06459868,0.37447923,0.193805,-0.792935,0.323279,-1.520773,0.000000,0.000000,-0.522436
4700,06 09 14 18 22 33,-0.06462462,0.28687841,-0.498355,-1.243507,-0.831289,-1.377304,0.000000,0.000000,1.066593
4701,06 08 09 10 12 14,-0.06463050,0.30350003,-0.775218,0.184515,-0.138548,-2.094649,0.000000,0.000000,-3.057715
4702,09 10 12 18 22 33,-0.06466285,0.35208281,-0.083059,-1.689534,-0.138548,-0.803427,0.000000,0.000000,1.116878
4703,07 09 14 18 22 33,-0.06474516,0.30271547,-1.190514,-2.038628,0.092365,-0.373020,0.000000,0.000000,1.214509
4704,07 08 09 10 12 22,-0.06477817,0.30287310,-1.467378,-0.953908,1.016020,-1.233835,0.000000,0.000000,-0.809948
4705,06 07 09 10 12 22,-0.06485601,0.24609633,-2.297969,-1.121489,0.785107,-1.090365,0.000000,0.000000,-0.546381
4706,02 06 09 14 18 33,-0.06496753,0.35383843,-0.221491,-1.605247,0.092365,-0.803427,0.000000,0.000000,0.679247
4707,02 07 09 14 18 33,-0.06498901,0.36967548,-0.913650,-2.400368,1.016020,0.200857,0.000000,0.000000,0.841840
4708,07 08 10 14 18 22,-0.06502869,0.37976915,0.055373,-1.398311,0.092365,-0.803427,0.000000,0.000000,-0.293427
4709,07 09 10 14 22 33,-0.06512622,0.24202683,-2.159537,-1.705897,0.554193,-0.803427,0.000000,0.000000,1.124426
4710,01 06 08 09 10 14,-0.06533592,0.29806442,-0.498355,0.354584,0.092365,-2.668526,0.000000,0.000000,-1.933151
4711,07 09 10 12 18 22,-0.06540044,0.33353951,-1.328946,-1.755637,1.016020,-0.373020,0.000000,0.000000,-0.200345
4712,07 08 09 10 14 22,-0.06542559,0.26442325,-1.882673,-0.809298,1.016020,-1.520773,0.000000,0.000000,-0.568747
4713,01 06 07 08 10 14,-0.06548537,0.34180419,-0.221491,-0.395402,-0.138548,-1.664242,0.000000,0.000000,-1.999695
4714,06 07 09 10 14 22,-0.06549838,0.20764647,-2.713265,-0.976879,0.785107,-1.377304,0.000000,0.000000,-0.304432
4715,02 06 07 09 12 18,-0.06552854,0.37374498,-1.052082,-1.815960,1.246934,-0.086081,0.000000,0.000000,-0.948932
4716,01 06 07 08 09 14,-0.06558316,0.28714693,-1.190514,-0.139120,0.323279,-1.951180,0.000000,0.000000,-2.197072
4717,02 06 09 10 14 33,-0.06567327,0.29314980,-1.190514,-1.272516,0.554193,-1.233835,0.000000,0.000000,0.541061
4718,06 08 10 14 18 22,-0.06567477,0.36393209,0.747532,-0.603189,-0.831289,-1.807711,0.000000,0.000000,-0.554921
4719,02 06 07 10 14 33,-0.06573181,0.33688956,-0.913650,-2.022502,0.323279,-0.229551,0.000000,0.000000,0.487987
4720,02 06 08 09 14 18,-0.06590367,0.37623485,0.055373,-0.708648,0.554193,-1.520773,0.000000,0.000000,-1.108265
4721,01 06 07 08 09 12,-0.06612517,0.32559678,-0.775218,-0.283730,0.323279,-1.664242,0.000000,0.000000,-2.614491
4722,02 07 09 10 12 33,-0.06615139,0.34743670,-1.467378,-2.212247,1.477848,0.057388,0.000000,0.000000,0.298883
4723,08 09 10 14 18 22,-0.06635058,0.33602938,-0.221491,-0.648325,0.323279,-1.807711,0.000000,0.000000,-0.444867
4724,02 06 07 08 14 18,-0.06639498,0.41997462,0.332236,-1.458634,0.323279,-0.516489,0.000000,0.000000,-1.225455
4725,02 09 10 14 18 33,-0.06645956,0.38059298,-0.221491,-1.906664,0.785107,-0.516489,0.000000,0.000000,0.851266
4726,02 07 08 10 12 18,-0.06648065,0.48517902,0.747532,-1.904661,1.016020,0.057388,0.000000,0.000000,-1.182199
4727,06 07 10 14 18 22,-0.06652383,0.32299237,-0.775218,-1.565891,-0.138548,-0.659958,0.000000,0.000000,-0.239837
4728,02 07 08 09 14 18,-0.06653486,0.39207190,-0.636787,-1.503769,1.477848,-0.516489,0.000000,0.000000,-1.036002
4729,02 07 09 10 14 33,-0.06653856,0.30898685,-1.882673,-2.067637,1.477848,-0.229551,0.000000,0.000000,0.578642
4730,06 07 09 10 12 14,-0.06657007,0.26256031,-2.297969,-0.778187,0.554193,-0.946896,0.000000,0.000000,-2.904195
4731,01 06 08 09 18 22,-0.06663816,0.34228907,0.470668,-0.321449,-0.138548,-2.381588,0.000000,0.000000,0.011417
4732,07 08 09 10 12 14,-0.06667576,0.31933709,-1.467378,-0.610606,0.785107,-1.090365,0.000000,0.000000,-3.194952
4733,09 10 14 18 22 33,-0.06672213,0.31363296,-0.498355,-1.544924,-0.138548,-1.090365,0.000000,0.000000,1.148908
4734,06 09 10 14 18 22,-0.06672810,0.27925260,-1.052082,-0.815906,0.092365,-1.664242,0.000000,0.000000,-0.225698
4735,06 10 14 18 22 33,-0.06695082,0.34153567,0.470668,-1.499788,-1.293117,-1.090365,0.000000,0.000000,0.904848
4736,07 10 14 18 22 33,-0.06701950,0.35737273,-0.221491,-2.294910,-0.369462,-0.086081,0.000000,0.000000,1.060449
4737,02 07 10 14 18 33,-0.06714783,0.42433274,0.055373,-2.656650,0.554193,0.487795,0.000000,0.000000,0.704895
4738,07 09 10 14 18 22,-0.06714982,0.29508965,-1.744242,-1.611027,1.016020,-0.659958,0.000000,0.000000,-0.122403
4739,02 06 10 14 18 33,-0.06717821,0.40849569,0.747532,-1.861528,-0.369462,-0.516489,0.000000,0.000000,0.534618
4740,02 08 09 10 12 18,-0.06720690,0.44143925,0.470668,-1.154675,1.246934,-0.946896,0.000000,0.000000,-1.245393
4741,01 07 08 09 10 14,-0.06728364,0.31390148,-1.190514,-0.440537,1.016020,-1.664242,0.000000,0.000000,-2.055937
4742,01 06 07 08 18 22,-0.06731667,0.38602884,0.747532,-1.071435,-0.369462,-1.377304,0.000000,0.000000,-0.133509
4743,01 06 08 09 22 33,-0.06739161,0.28922625,0.055373,-0.416320,-0.600376,-2.525057,0.000000,0.000000,0.846816
4744,02 06 08 10 12 18,-0.06750843,0.46934196,1.439691,-1.109539,0.092365,-0.946896,0.000000,0.000000,-1.500243
4745,02 06 09 10 12 18,-0.06755817,0.38466247,-0.359923,-1.322255,1.016020,-0.803427,0.000000,0.000000,-1.022336
4746,02 06 07 10 12 18,-0.06765960,0.42840224,-0.083059,-2.072241,0.785107,0.200857,0.000000,0.000000,-1.081766
4747,01 06 08 09 10 12,-0.06768137,0.33651427,-0.083059,0.209974,0.092365,-2.381588,0.000000,0.000000,-2.617755
4748,01 06 07 08 10 12,-0.06783587,0.38025404,0.193805,-0.540012,-0.138548,-1.377304,0.000000,0.000000,-2.685046
4749,01 06 08 18 22 33,-0.06791436,0.40457214,1.993419,-1.005332,-1.524031,-1.807711,0.000000,0.000000,0.985887
4750,02 06 07 09 14 18,-0.06798036,0.33529513,-1.467378,-1.671350,1.246934,-0.373020,0.000000,0.000000,-0.975057
4751,02 07 08 10 14 18,-0.06798292,0.44672916,0.332236,-1.760051,1.016020,-0.229551,0.000000,0.000000,-1.067646
4752,01 07 08 09 18 22,-0.06808199,0.35812613,-0.221491,-1.116571,0.785107,-1.377304,0.000000,0.000000,-0.036716
4753,01 06 07 09 10 14,-0.06822777,0.25712470,-2.021105,-0.608118,0.785107,-1.520773,0.000000,0.000000,-1.920712
4754,01 06 07 08 22 33,-0.06823714,0.33296602,0.332236,-1.166305,-0.831289,-1.520773,0.000000,0.000000,0.677146
4755,02 08 09 10 14 18,-0.06838440,0.40298940,0.055373,-1.010065,1.246934,-1.233835,0.000000,0.000000,-1.082725
4756,01 06 08 09 10 22,-0.06840492,0.28160044,-0.498355,0.011282,0.323279,-2.811995,0.000000,0.000000,-0.283962
4757,02 07 09 10 12 18,-0.06845210,0.40049952,-1.052082,-2.117377,1.939675,0.200857,0.000000,0.000000,-0.988998
4758,01 06 07 08 10 22,-0.06853419,0.32534021,-0.221491,-0.738704,0.092365,-1.807711,0.000000,0.000000,-0.347516
4759,01 07 08 18 22 33,-0.06853457,0.42040920,1.301260,-1.800453,-0.600376,-0.803427,0.000000,0.000000,1.059776
4760,01 06 07 08 09 22,-0.06865059,0.27068294,-1.190514,-0.482423,0.554193,-2.094649,0.000000,0.000000,-0.547651
4761,01 08 09 18 22 33,-0.06869781,0.37666943,1.024396,-1.050468,-0.369462,-1.807711,0.000000,0.000000,1.079994
4762,01 06 08 10 22 33,-0.06888755,0.34388351,1.024396,-0.672601,-1.062203,-2.238118,0.000000,0.000000,0.808079
4763,01 07 08 10 18 22,-0.06891123,0.41278339,0.747532,-1.372852,0.323279,-1.090365,0.000000,0.000000,0.023319
4764,01 02 06 08 18 33,-0.06897143,0.47153216,2.270283,-1.367072,-0.600376,-1.233835,0.000000,0.000000,0.492737
4765,01 06 08 10 18 22,-0.06912385,0.39694633,1.439691,-0.577731,-0.600376,-2.094649,0.000000,0.000000,-0.173956
4766,02 06 08 10 14 18,-0.06938921,0.43089211,1.024396,-0.964929,0.092365,-1.233835,0.000000,0.000000,-1.441767
4767,01 07 08 10 22 33,-0.06949766,0.35972056,0.332236,-1.467723,-0.138548,-1.233835,0.000000,0.000000,0.883463
4768,01 06 07 09 18 22,-0.06950982,0.30134935,-1.052082,-1.284151,0.554193,-1.233835,0.000000,0.000000,0.026846
4769,01 07 08 09 10 12,-0.06962657,0.35235133,-0.775218,-0.585147,1.016020,-1.377304,0.000000,0.000000,-2.740167
4770,01 07 08 09 22 33,-0.06965817,0.30506330,-0.636787,-1.211441,0.323279,-1.520773,0.000000,0.000000,0.676793
4771,01 08 09 10 18 22,-0.06966019,0.36904362,0.470668,-0.622866,0.554193,-2.094649,0.000000,0.000000,-0.043239
4772,02 07 09 10 14 18,-0.06995689,0.36204967,-1.467378,-1.972767,1.939675,-0.086081,0.000000,0.000000,-0.874819
4773,01 02 08 09 18 33,-0.07018165,0.44362945,1.301260,-1.412207,0.554193,-1.233835,0.000000,0.000000,0.523617
4774,01 02 07 08 18 33,-0.07027307,0.48736922,1.578123,-2.162193,0.323279,-0.229551,0.000000,0.000000,0.465671
4775,01 08 09 10 22 33,-0.07028447,0.31598079,0.055373,-0.717737,0.092365,-2.238118,0.000000,0.000000,0.811297
4776,02 06 09 10 14 18,-0.07029537,0.34621262,-0.775218,-1.177645,1.016020,-1.090365,0.000000,0.000000,-1.090741
4777,01 08 10 18 22 33,-0.07030087,0.43132669,1.993419,-1.306749,-0.831289,-1.520773,0.000000,0.000000,1.025386
4778,02 06 07 10 14 18,-0.07039175,0.38995239,-0.498355,-1.927631,0.785107,-0.086081,0.000000,0.000000,-1.149423
4779,01 06 07 18 22 33,-0.07053928,0.36363242,0.470668,-1.968034,-0.831289,-0.659958,0.000000,0.000000,1.037873
4780,01 06 07 09 10 12,-0.07057574,0.29557455,-1.605810,-0.752728,0.785107,-1.233835,0.000000,0.000000,-2.605690
4781,01 07 08 09 10 22,-0.07069255,0.29743749,-1.190514,-0.783840,1.246934,-1.807711,0.000000,0.000000,-0.457107
4782,01 02 08 10 18 33,-0.07084230,0.49828671,2.270283,-1.668489,0.092365,-0.946896,0.000000,0.000000,0.608629
4783,01 06 09 10 18 22,-0.07084265,0.31226684,-0.359923,-0.790447,0.323279,-1.951180,0.000000,0.000000,0.056675
4784,01 06 07 10 18 22,-0.07092137,0.35600661,-0.083059,-1.540433,0.092365,-0.946896,0.000000,0.000000,0.000610
4785,01 06 07 09 22 33,-0.07104816,0.24828653,-1.467378,-1.379022,0.092365,-1.377304,0.000000,0.000000,0.745962
4786,01 06 07 09 10 22,-0.07128667,0.24066071,-2.021105,-0.951420,1.016020,-1.664242,0.000000,0.000000,-0.270028
4787,01 06 09 10 22 33,-0.07142908,0.25920402,-0.775218,-0.885317,-0.138548,-2.094649,0.000000,0.000000,0.916819
4788,01 06 07 10 22 33,-0.07146996,0.30294379,-0.498355,-1.635303,-0.369462,-1.090365,0.000000,0.000000,0.866361
4789,01 06 09 18 22 33,-0.07153003,0.31989265,0.193805,-1.218048,-0.600376,-1.664242,0.000000,0.000000,0.935492
4790,01 02 06 09 18 33,-0.07163204,0.38685267,0.470668,-1.579788,0.323279,-1.090365,0.000000,0.000000,0.583837
4791,01 07 09 10 18 22,-0.07169784,0.32810389,-1.052082,-1.585568,1.246934,-0.946896,0.000000,0.000000,0.095751
4792,02 06 07 08 09 14,-0.07194413,0.30462872,-1.605810,-0.869621,1.246934,-1.233835,0.000000,0.000000,-2.264097
4793,01 07 09 18 22 33,-0.07236415,0.33572971,-0.498355,-2.013169,0.323279,-0.659958,0.000000,0.000000,0.977689
4794,01 02 06 07 18 33,-0.07255141,0.43059244,0.747532,-2.329774,0.092365,-0.086081,0.000000,0.000000,0.403227
4795,01 02 06 08 09 18,-0.07281478,0.40924909,0.747532,-0.683189,0.785107,-1.807711,0.000000,0.000000,-1.240209
4796,02 06 08 09 10 14,-0.07288551,0.31554621,-0.913650,-0.375917,1.016020,-1.951180,0.000000,0.000000,-2.176273
4797,02 06 07 08 09 12,-0.07291558,0.34307857,-1.190514,-1.014231,1.246934,-0.946896,0.000000,0.000000,-2.745138
4798,01 02 06 08 09 33,-0.07293586,0.35618627,0.332236,-0.778060,0.323279,-1.951180,0.000000,0.000000,-0.311123
4799,01 06 10 18 22 33,-0.07297104,0.37454991,1.162828,-1.474330,-1.062203,-1.377304,0.000000,0.000000,0.904891
4800,01 02 06 10 18 33,-0.07297189,0.44150993,1.439691,-1.836070,-0.138548,-0.803427,0.000000,0.000000,0.568224
4801,02 06 07 08 10 14,-0.07303244,0.35928598,-0.636787,-1.125903,0.785107,-0.946896,0.000000,0.000000,-2.242444
4802,01 09 10 18 22 33,-0.07308269,0.34664720,0.193805,-1.519465,0.092365,-1.377304,0.000000,0.000000,1.098528
4803,01 07 09 10 22 33,-0.07310701,0.27504107,-1.467378,-1.680439,0.785107,-1.090365,0.000000,0.000000,0.834004
4804,01 02 06 08 10 33,-0.07311754,0.41084353,1.301260,-1.034341,-0.138548,-1.664242,0.000000,0.000000,-0.155149
4805,01 02 07 09 18 33,-0.07315391,0.40268972,-0.221491,-2.374909,1.246934,-0.086081,0.000000,0.000000,0.524142
4806,02 06 08 09 22 33,-0.07331164,0.30670804,-0.359923,-1.146821,0.323279,-1.807711,0.000000,0.000000,0.845118
4807,01 02 07 10 18 33,-0.07359432,0.45734698,0.747532,-2.631191,0.785107,0.200857,0.000000,0.000000,0.641783
4808,02 06 08 09 18 22,-0.07362319,0.35977086,0.055373,-1.051950,0.785107,-1.664242,0.000000,0.000000,-0.148065
4809,06 08 09 18 24 33,-0.07363861,0.40718665,1.439691,-0.670759,0.785107,-2.525057,0.000000,0.000000,1.106123
4810,01 07 10 18 22 33,-0.07375329,0.39038697,0.470668,-2.269451,-0.138548,-0.373020,0.000000,0.000000,0.954773
4811,02 07 08 09 10 14,-0.07397947,0.33138327,-1.605810,-1.171038,1.939675,-0.946896,0.000000,0.000000,-2.172572
4812,06 07 08 18 24 33,-0.07402714,0.45092642,1.716555,-1.420745,0.554193,-1.520773,0.000000,0.000000,1.004159
4813,02 06 07 08 22 33,-0.07415465,0.35044781,-0.083059,-1.896807,0.092365,-0.803427,0.000000,0.000000,0.675821
4814,02 07 08 09 18 22,-0.07426447,0.37560792,-0.636787,-1.847072,1.708762,-0.659958,0.000000,0.000000,-0.077297
4815,01 02 06 07 08 18,-0.07427572,0.45298886,1.024396,-1.433175,0.554193,-0.803427,0.000000,0.000000,-1.501055
4816,02 06 07 08 18 22,-0.07429918,0.40351063,0.332236,-1.801936,0.554193,-0.659958,0.000000,0.000000,-0.292617
4817,01 02 09 10 18 33,-0.07433086,0.41360722,0.470668,-1.881205,1.016020,-0.803427,0.000000,0.000000,0.577066
4818,01 02 07 08 10 33,-0.07440908,0.42668058,0.609100,-1.829462,0.785107,-0.659958,0.000000,0.000000,-0.180720
4819,02 07 08 18 22 33,-0.07446722,0.43789099,0.885964,-2.530954,0.323279,-0.086081,0.000000,0.000000,1.056208
4820,01 02 06 08 10 18,-0.07454960,0.46390635,1.716555,-0.939471,0.323279,-1.520773,0.000000,0.000000,-1.314338
4821,02 08 09 18 22 33,-0.07463298,0.39415122,0.609100,-1.780969,0.554193,-1.090365,0.000000,0.000000,1.076053
4822,02 06 08 18 22 33,-0.07464956,0.42205394,1.578123,-1.735833,-0.600376,-1.090365,0.000000,0.000000,0.863419
4823,02 07 08 09 22 33,-0.07477566,0.32254510,-1.052082,-1.941942,1.246934,-0.803427,0.000000,0.000000,0.793994
4824,02 06 07 08 09 22,-0.07481793,0.28816474,-1.605810,-1.212924,1.477848,-1.377304,0.000000,0.000000,-0.585989
4825,06 07 08 09 18 24,-0.07489325,0.38864335,0.193805,-0.736862,1.939675,-2.094649,0.000000,0.000000,-0.287701
4826,01 02 07 08 09 18,-0.07494003,0.42508614,0.055373,-1.478311,1.708762,-0.803427,0.000000,0.000000,-1.389297
4827,02 06 07 09 10 14,-0.07497229,0.27460649,-2.436401,-1.338619,1.708762,-0.803427,0.000000,0.000000,-2.044561
4828,01 02 07 08 10 18,-0.07501840,0.47974340,1.024396,-1.734592,1.246934,-0.516489,0.000000,0.000000,-1.218018
4829,01 02 06 07 08 33,-0.07512721,0.39992604,0.609100,-1.528045,0.092365,-0.946896,0.000000,0.000000,-0.680180
4830,07 08 09 18 24 33,-0.07519917,0.42302371,0.747532,-1.465881,1.708762,-1.520773,0.000000,0.000000,1.040697
4831,02 06 08 09 10 12,-0.07527937,0.35399607,-0.498355,-0.520527,1.016020,-1.664242,0.000000,0.000000,-2.868049
4832,02 06 08 09 10 22,-0.07537986,0.29908223,-0.913650,-0.719220,1.246934,-2.094649,0.000000,0.000000,-0.441948
4833,02 07 08 10 22 33,-0.07542022,0.37720236,-0.083059,-2.198224,0.785107,-0.516489,0.000000,0.000000,0.881390
4834,02 06 07 08 10 12,-0.07543134,0.39773584,-0.221491,-1.270513,0.785107,-0.659958,0.000000,0.000000,-2.934967
4835,02 06 07 08 10 22,-0.07550660,0.34282200,-0.636787,-1.469205,1.016020,-1.090365,0.000000,0.000000,-0.505128
4836,01 02 06 09 10 33,-0.07560853,0.32616404,-0.498355,-1.247057,0.785107,-1.520773,0.000000,0.000000,-0.038921
4837,02 06 08 10 22 33,-0.07561265,0.36136530,0.609100,-1.403102,-0.138548,-1.520773,0.000000,0.000000,0.687106
4838,06 07 08 10 18 24,-0.07568124,0.44330061,1.162828,-0.993144,1.477848,-1.807711,0.000000,0.000000,-0.221554
4839,02 06 07 09 18 22,-0.07568978,0.31883114,-1.467378,-2.014652,1.477848,-0.516489,0.000000,0.000000,-0.013362
4840,01 02 06 07 09 18,-0.07573066,0.36830937,-0.775218,-1.645891,1.477848,-0.659958,0.000000,0.000000,-1.231331
4841,01 02 06 07 10 33,-0.07575049,0.36990380,-0.221491,-1.997043,0.554193,-0.516489,0.000000,0.000000,-0.104355
4842,06 08 09 10 18 24,-0.07575348,0.39956084,0.885964,-0.243158,1.708762,-2.811995,0.000000,0.000000,-0.187855
4843,06 07 08 10 24 33,-0.07580837,0.39023779,0.747532,-1.088014,1.016020,-1.951180,0.000000,0.000000,0.706636
4844,01 02 08 09 10 33,-0.07584575,0.38294081,0.332236,-1.079477,1.016020,-1.664242,0.000000,0.000000,-0.349165
4845,01 02 07 08 09 33,-0.07588385,0.37202332,-0.359923,-1.573181,1.246934,-0.946896,0.000000,0.000000,-0.582101
4846,02 07 08 10 18 22,-0.07589879,0.43026518,0.332236,-2.103353,1.246934,-0.373020,0.000000,0.000000,-0.136536
4847,06 08 09 10 24 33,-0.07591847,0.34649802,0.470668,-0.338028,1.246934,-2.955464,0.000000,0.000000,0.734728
4848,07 08 10 18 24 33,-0.07595842,0.47768097,1.716555,-1.722162,1.246934,-1.233835,0.000000,0.000000,1.111101
4849,06 08 10 18 24 33,-0.07605431,0.46184391,2.408714,-0.927041,0.323279,-2.238118,0.000000,0.000000,0.931120
4850,06 07 08 09 24 33,-0.07611257,0.33558053,-0.221491,-0.831733,1.477848,-2.238118,0.000000,0.000000,0.478678
4851,02 06 07 09 22 33,-0.07616312,0.26576832,-1.882673,-2.109523,1.016020,-0.659958,0.000000,0.000000,0.863537
4852,02 08 09 10 22 33,-0.07620955,0.33346259,-0.359923,-1.448238,1.016020,-1.520773,0.000000,0.000000,0.808851
4853,01 02 06 09 10 18,-0.07621785,0.37922686,-0.083059,-1.152187,1.246934,-1.377304,0.000000,0.000000,-1.076219
4854,06 07 09 18 24 33,-0.07633279,0.36624693,-0.083059,-1.633461,1.477848,-1.377304,0.000000,0.000000,1.147846
4855,02 07 08 09 10 12,-0.07637080,0.36983312,-1.190514,-1.315648,1.939675,-0.659958,0.000000,0.000000,-2.863974
4856,01 02 06 07 10 18,-0.07639766,0.42296663,0.193805,-1.902173,1.016020,-0.373020,0.000000,0.000000,-1.147261
4857,01 02 08 09 10 18,-0.07641722,0.43600364,0.747532,-0.984606,1.477848,-1.520773,0.000000,0.000000,-1.380855
4858,02 06 07 18 22 33,-0.07646940,0.38111421,0.055373,-2.698535,0.092365,0.057388,0.000000,0.000000,1.034678
4859,06 08 09 12 18 33,-0.07662665,0.36534880,1.162828,-1.143649,-0.600376,-1.951180,0.000000,0.000000,0.844475
4860,01 02 06 07 09 33,-0.07663662,0.31524654,-1.190514,-1.740762,1.016020,-0.803427,0.000000,0.000000,-0.418528
4861,02 08 09 10 18 22,-0.07665027,0.38652541,0.055373,-1.353367,1.477848,-1.377304,0.000000,0.000000,-0.203468
4862,02 07 08 09 10 22,-0.07686494,0.31491929,-1.605810,-1.514341,2.170589,-1.090365,0.000000,0.000000,-0.496193
4863,02 06 08 10 18 22,-0.07691395,0.41442813,1.024396,-1.308232,0.323279,-1.377304,0.000000,0.000000,-0.452711
4864,02 08 10 18 22 33,-0.07704111,0.44880848,1.578123,-2.037250,0.092365,-0.803427,0.000000,0.000000,0.902171
4865,08 09 10 18 24 33,-0.07705319,0.43394120,1.439691,-0.972176,1.477848,-2.238118,0.000000,0.000000,0.993311
4866,06 07 08 12 18 33,-0.07720838,0.40908857,1.439691,-1.893635,-0.831289,-0.946896,0.000000,0.000000,0.713888
4867,02 06 09 10 22 33,-0.07735164,0.27668581,-1.190514,-1.615818,0.785107,-1.377304,0.000000,0.000000,0.914746
4868,02 06 07 09 10 12,-0.07736867,0.31305634,-2.021105,-1.483229,1.708762,-0.516489,0.000000,0.000000,-2.736711
4869,02 06 07 10 22 33,-0.07738999,0.32042558,-0.913650,-2.365804,0.554193,-0.373020,0.000000,0.000000,0.864662
4870,02 06 07 09 10 22,-0.07745654,0.25814251,-2.436401,-1.681921,1.939675,-0.946896,0.000000,0.000000,-0.308741
4871,02 06 09 18 22 33,-0.07746268,0.33737445,-0.221491,-1.948549,0.323279,-0.946896,0.000000,0.000000,0.931924
4872,02 07 09 18 22 33,-0.07749425,0.35321150,-0.913650,-2.743671,1.246934,0.057388,0.000000,0.000000,1.093021
4873,07 08 09 10 18 24,-0.07756429,0.41539789,0.193805,-1.038279,2.632416,-1.807711,0.000000,0.000000,-0.290356
4874,06 07 09 10 18 24,-0.07767287,0.35862112,-0.636787,-1.205860,2.401503,-1.664242,0.000000,0.000000,-0.031344
4875,06 07 10 18 24 33,-0.07768068,0.42090419,0.885964,-1.889743,1.016020,-1.090365,0.000000,0.000000,1.131042
4876,01 02 07 09 10 18,-0.07776080,0.39506391,-0.775218,-1.947308,2.170589,-0.373020,0.000000,0.000000,-1.139036
4877,02 06 09 10 18 22,-0.07783021,0.32974863,-0.775218,-1.520948,1.246934,-1.233835,0.000000,0.000000,-0.103180
4878,02 07 09 10 18 22,-0.07788285,0.34558569,-1.467378,-2.316069,2.170589,-0.229551,0.000000,0.000000,0.054796
4879,02 06 07 10 18 22,-0.07790640,0.37348840,-0.498355,-2.270934,1.016020,-0.229551,0.000000,0.000000,-0.158872
4880,06 09 10 18 24 33,-0.07793794,0.37716442,0.609100,-1.139757,1.246934,-2.094649,0.000000,0.000000,1.137332
4881,01 02 07 09 10 33,-0.07797421,0.34200109,-1.190514,-2.042179,1.708762,-0.516489,0.000000,0.000000,-0.223628
4882,07 08 09 12 18 33,-0.07817207,0.38118585,0.470668,-1.938771,0.323279,-0.946896,0.000000,0.000000,0.781292
4883,02 07 09 10 22 33,-0.07822702,0.29252287,-1.882673,-2.410940,1.708762,-0.373020,0.000000,0.000000,0.950831
4884,07 08 09 10 24 33,-0.07832282,0.36233507,-0.221491,-1.133150,2.170589,-1.951180,0.000000,0.000000,0.544290
4885,06 07 09 10 24 33,-0.07862274,0.30555829,-1.052082,-1.300730,1.939675,-1.807711,0.000000,0.000000,0.774956
4886,06 08 09 14 18 33,-0.07862983,0.32689895,0.747532,-0.999039,-0.600376,-2.238118,0.000000,0.000000,0.884816
4887,07 09 10 18 24 33,-0.07890986,0.39300147,-0.083059,-1.934878,2.170589,-1.090365,0.000000,0.000000,1.159114
4888,02 09 10 18 22 33,-0.07902039,0.36412899,-0.221491,-2.249966,1.016020,-0.659958,0.000000,0.000000,1.094212
4889,06 07 08 14 18 33,-0.07919385,0.37063872,1.024396,-1.749025,-0.831289,-1.233835,0.000000,0.000000,0.756852
4890,06 07 08 09 10 24,-0.07924957,0.32795471,-0.775218,-0.404131,2.401503,-2.525057,0.000000,0.000000,-0.966732
4891,06 07 09 12 18 33,-0.07933597,0.32440908,-0.359923,-2.106351,0.092365,-0.803427,0.000000,0.000000,0.883955
4892,02 07 10 18 22 33,-0.07968847,0.40786876,0.055373,-2.999952,0.785107,0.344326,0.000000,0.000000,0.950831
4893,02 06 10 18 22 33,-0.07970876,0.39203171,0.747532,-2.204831,-0.138548,-0.659958,0.000000,0.000000,0.782049
4894,07 08 10 12 18 33,-0.07983533,0.43584311,1.439691,-2.195052,-0.138548,-0.659958,0.000000,0.000000,0.717764
4895,06 08 10 12 18 33,-0.07994636,0.42000606,2.131851,-1.399931,-1.062203,-1.664242,0.000000,0.000000,0.535540
4896,04 06 07 08 09 10,-0.08009203,0.34748800,-0.913650,-0.438602,1.246934,-1.520773,0.000000,0.000000,-4.467805
4897,07 08 09 14 18 33,-0.08017777,0.34273600,0.055373,-1.794161,0.323279,-1.233835,0.000000,0.000000,0.821259
4898,06 07 08 09 12 33,-0.08058819,0.29374267,-0.498355,-1.304623,0.092365,-1.664242,0.000000,0.000000,-0.003360
4899,06 07 10 12 18 33,-0.08073398,0.37906634,0.609100,-2.362633,-0.369462,-0.516489,0.000000,0.000000,0.859726
4900,07 08 10 14 18 33,-0.08089910,0.39739326,1.024396,-2.050442,-0.138548,-0.946896,0.000000,0.000000,0.897282
4901,08 09 10 12 18 33,-0.08089982,0.39210335,1.162828,-1.445066,0.092365,-1.664242,0.000000,0.000000,0.604460
4902,06 09 10 12 18 33,-0.08096095,0.33532657,0.332236,-1.612647,-0.138548,-1.520773,0.000000,0.000000,0.870502
4903,06 08 10 14 18 33,-0.08100760,0.38155621,1.716555,-1.255321,-1.062203,-1.951180,0.000000,0.000000,0.715432
4904,06 07 09 14 18 33,-0.08133663,0.28595923,-0.775218,-1.961741,0.092365,-1.090365,0.000000,0.000000,0.924670
4905,06 07 08 10 14 33,-0.08175184,0.30995008,0.055373,-1.416294,-0.369462,-1.664242,0.000000,0.000000,0.344250
4906,06 08 09 10 14 33,-0.08183670,0.26621031,-0.221491,-0.666309,-0.138548,-2.668526,0.000000,0.000000,0.376080
4907,06 07 08 09 14 33,-0.08193752,0.25529282,-0.913650,-1.160013,0.092365,-1.951180,0.000000,0.000000,0.133852
4908,08 09 10 14 18 33,-0.08196863,0.35365349,0.747532,-1.300456,0.092365,-1.951180,0.000000,0.000000,0.783230
4909,06 07 08 10 12 33,-0.08221100,0.34839993,0.470668,-1.560904,-0.369462,-1.377304,0.000000,0.000000,-0.060895
4910,06 08 09 10 12 33,-0.08229082,0.30466017,0.193805,-0.810919,-0.138548,-2.381588,0.000000,0.000000,-0.028317
4911,06 07 10 14 18 33,-0.08264659,0.34061649,0.193805,-2.218023,-0.369462,-0.803427,0.000000,0.000000,0.913485
4912,07 09 10 12 18 33,-0.08277163,0.35116362,-0.359923,-2.407768,0.785107,-0.516489,0.000000,0.000000,0.768020
4913,06 09 10 14 18 33,-0.08287861,0.29687672,-0.083059,-1.468037,-0.138548,-1.807711,0.000000,0.000000,0.923513
4914,07 09 10 14 18 33,-0.08383791,0.31271377,-0.775218,-2.263158,0.785107,-0.803427,0.000000,0.000000,0.947164
4915,07 08 09 10 14 33,-0.08422844,0.28204737,-0.913650,-1.461430,0.785107,-1.664242,0.000000,0.000000,0.187511
4916,06 07 08 09 12 18,-0.08437893,0.34680550,-0.083059,-1.209752,0.554193,-1.520773,0.000000,0.000000,-1.511994
4917,06 07 09 10 14 33,-0.08455359,0.22527059,-1.744242,-1.629010,0.554193,-1.520773,0.000000,0.000000,0.414439
4918,07 08 09 10 12 33,-0.08468004,0.32049722,-0.498355,-1.606040,0.785107,-1.377304,0.000000,0.000000,-0.216512
4919,06 07 09 10 12 33,-0.08501023,0.26372044,-1.328946,-1.773620,0.554193,-1.233835,0.000000,0.000000,0.009668
4920,01 06 08 09 18 33,-0.08617786,0.35991319,1.439691,-0.973581,-0.369462,-2.525057,0.000000,0.000000,0.658509
4921,06 07 08 10 12 18,-0.08678662,0.40146276,0.885964,-1.466034,0.092365,-1.233835,0.000000,0.000000,-1.685812
4922,06 08 09 10 12 18,-0.08682859,0.35772299,0.609100,-0.716048,0.323279,-2.238118,0.000000,0.000000,-1.647627
4923,06 07 08 09 14 18,-0.08684588,0.30835564,-0.498355,-1.065142,0.554193,-1.807711,0.000000,0.000000,-1.540362
4924,01 06 07 08 18 33,-0.08695356,0.40365296,1.716555,-1.723567,-0.600376,-1.520773,0.000000,0.000000,0.499184
4925,01 06 08 10 18 33,-0.08769745,0.41457045,2.408714,-1.229862,-0.831289,-2.238118,0.000000,0.000000,0.616266
4926,06 07 08 10 14 18,-0.08782612,0.36301290,0.470668,-1.321424,0.092365,-1.520773,0.000000,0.000000,-1.502698
4927,06 08 09 10 14 18,-0.08787313,0.31927314,0.193805,-0.571438,0.323279,-2.525057,0.000000,0.000000,-1.465260
4928,01 02 06 08 09 10,-0.08809561,0.34856046,-0.221491,-0.350458,1.246934,-2.238118,0.000000,0.000000,-3.537739
4929,01 02 06 07 08 10,-0.08815341,0.39230022,0.055373,-1.100444,1.016020,-1.233835,0.000000,0.000000,-3.590705
4930,01 07 08 10 18 33,-0.08830252,0.43040750,1.716555,-2.024984,0.092365,-1.233835,0.000000,0.000000,0.692398
4931,01 07 08 09 18 33,-0.08843938,0.37575024,0.747532,-1.768702,0.554193,-1.520773,0.000000,0.000000,0.489234
4932,06 07 09 10 12 18,-0.08876312,0.31678327,-0.913650,-1.678750,1.016020,-1.090365,0.000000,0.000000,-1.493359
4933,07 08 09 10 12 18,-0.08877704,0.37356004,-0.083059,-1.511170,1.246934,-1.233835,0.000000,0.000000,-1.770521
4934,01 08 09 10 18 33,-0.08907924,0.38666773,1.439691,-1.274998,0.323279,-2.238118,0.000000,0.000000,0.621728
4935,06 07 09 10 14 18,-0.08980514,0.27833341,-1.328946,-1.534140,1.016020,-1.377304,0.000000,0.000000,-1.310619
4936,07 08 09 10 14 18,-0.08982411,0.33511019,-0.498355,-1.366560,1.246934,-1.520773,0.000000,0.000000,-1.588529
4937,01 06 07 09 18 33,-0.08983945,0.31897347,-0.083059,-1.936283,0.323279,-1.377304,0.000000,0.000000,0.556907
4938,01 06 09 10 18 33,-0.09023394,0.32989096,0.609100,-1.442578,0.092365,-2.094649,0.000000,0.000000,0.725755
4939,01 06 07 10 18 33,-0.09028491,0.37363073,0.885964,-2.192564,-0.138548,-1.090365,0.000000,0.000000,0.673801
4940,01 02 06 07 08 09,-0.09068107,0.33764296,-0.913650,-0.844163,1.477848,-1.520773,0.000000,0.000000,-4.148075
4941,01 02 07 08 09 10,-0.09068363,0.36439751,-0.913650,-1.145580,2.170589,-1.233835,0.000000,0.000000,-3.755387
4942,01 06 08 09 10 33,-0.09094769,0.29922455,0.470668,-0.640850,0.092365,-2.955464,0.000000,0.000000,-0.081784
4943,01 02 06 07 09 10,-0.09102158,0.30762073,-1.744242,-1.313160,1.939675,-1.090365,0.000000,0.000000,-3.530356
4944,01 06 07 08 10 33,-0.09104920,0.34296432,0.747532,-1.390836,-0.138548,-1.951180,0.000000,0.000000,-0.141225
4945,06 08 09 18 22 33,-0.09118554,0.31043496,0.747532,-1.342342,-0.369462,-2.381588,0.000000,0.000000,1.128521
4946,01 06 08 09 10 18,-0.09144347,0.35228738,0.885964,-0.545979,0.554193,-2.811995,0.000000,0.000000,-1.102260
4947,01 06 07 08 09 18,-0.09149941,0.34136988,0.193805,-1.039684,0.785107,-2.094649,0.000000,0.000000,-1.337840
4948,01 06 07 08 10 18,-0.09158282,0.39602715,1.162828,-1.295965,0.323279,-1.807711,0.000000,0.000000,-1.167309
4949,06 07 08 18 22 33,-0.09170406,0.35417473,1.024396,-2.092328,-0.600376,-1.377304,0.000000,0.000000,1.007297
4950,01 07 09 10 18 33,-0.09190682,0.34572801,-0.083059,-2.237700,1.016020,-1.090365,0.000000,0.000000,0.643687
4951,02 06 08 09 18 33,-0.09209285,0.37739498,1.024396,-1.704082,0.554193,-1.807711,0.000000,0.000000,0.657558
4952,01 06 07 08 09 33,-0.09251892,0.28830706,-0.221491,-1.134554,0.323279,-2.238118,0.000000,0.000000,-0.541859
4953,07 08 09 18 22 33,-0.09274357,0.32627202,0.055373,-2.137463,0.554193,-1.377304,0.000000,0.000000,1.063469
4954,02 06 07 08 18 33,-0.09286603,0.42113475,1.301260,-2.454068,0.323279,-0.803427,0.000000,0.000000,0.498607
4955,06 07 08 10 22 33,-0.09347058,0.29348610,0.055373,-1.759597,-0.138548,-1.807711,0.000000,0.000000,0.711954
4956,07 08 10 18 22 33,-0.09350030,0.38092928,1.024396,-2.393745,0.092365,-1.090365,0.000000,0.000000,1.134246
4957,02 07 08 09 18 33,-0.09355181,0.39323204,0.332236,-2.499203,1.477848,-0.803427,0.000000,0.000000,0.607183
4958,06 08 09 10 22 33,-0.09357563,0.24974633,-0.221491,-1.009611,0.092365,-2.811995,0.000000,0.000000,0.740793
4959,06 08 10 18 22 33,-0.09359871,0.36509222,1.716555,-1.598623,-0.831289,-2.094649,0.000000,0.000000,0.953891
4960,06 07 08 09 22 33,-0.09367487,0.23882884,-0.913650,-1.503315,0.323279,-2.094649,0.000000,0.000000,0.498798
4961,01 07 08 09 10 18,-0.09372605,0.36812443,0.193805,-1.341101,1.477848,-1.807711,0.000000,0.000000,-1.274657
4962,06 07 09 18 22 33,-0.09388224,0.26949524,-0.775218,-2.305044,0.323279,-1.233835,0.000000,0.000000,1.169870
4963,01 07 08 09 10 33,-0.09405301,0.31506161,-0.221491,-1.435971,1.016020,-1.951180,0.000000,0.000000,-0.376071
4964,06 07 08 09 18 22,-0.09420843,0.29189166,-0.498355,-1.408445,0.785107,-1.951180,0.000000,0.000000,-0.527276
4965,02 07 08 10 18 33,-0.09422003,0.44788930,1.301260,-2.755485,1.016020,-0.516489,0.000000,0.000000,0.691073
4966,01 06 07 09 10 18,-0.09433027,0.31134765,-0.636787,-1.508681,1.246934,-1.664242,0.000000,0.000000,-1.089074
4967,02 06 08 10 18 33,-0.09441751,0.43205224,1.993419,-1.960363,0.092365,-1.520773,0.000000,0.000000,0.496042
4968,08 09 10 18 22 33,-0.09459001,0.33718951,0.747532,-1.643759,0.323279,-2.094649,0.000000,0.000000,1.017204
4969,01 06 07 09 10 33,-0.09461938,0.25828483,-1.052082,-1.603552,0.785107,-1.807711,0.000000,0.000000,-0.184881
4970,02 06 07 09 18 33,-0.09494937,0.33645526,-0.498355,-2.666784,1.246934,-0.659958,0.000000,0.000000,0.675230
4971,06 07 08 10 18 22,-0.09499389,0.34654892,0.470668,-1.664726,0.323279,-1.664242,0.000000,0.000000,-0.460756
4972,02 08 09 10 18 33,-0.09499927,0.40414953,1.024396,-2.005499,1.246934,-1.520773,0.000000,0.000000,0.620029
4973,06 08 09 10 18 22,-0.09506109,0.30280915,0.193805,-0.914741,0.554193,-2.668526,0.000000,0.000000,-0.426309
4974,06 07 10 18 22 33,-0.09522761,0.32415250,0.193805,-2.561325,-0.138548,-0.946896,0.000000,0.000000,1.153440
4975,06 09 10 18 22 33,-0.09547981,0.28041273,-0.083059,-1.811340,0.092365,-1.951180,0.000000,0.000000,1.160477
4976,07 08 09 10 22 33,-0.09597746,0.26558338,-0.913650,-1.804732,1.016020,-1.807711,0.000000,0.000000,0.550729
4977,02 06 09 10 18 33,-0.09615145,0.34737275,0.193805,-2.173079,1.016020,-1.377304,0.000000,0.000000,0.724430
4978,02 06 07 10 18 33,-0.09619990,0.39111252,0.470668,-2.923065,0.785107,-0.373020,0.000000,0.000000,0.672850
4979,06 07 09 10 22 33,-0.09628242,0.20880661,-1.744242,-1.972313,0.785107,-1.664242,0.000000,0.000000,0.780647
4980,07 09 10 18 22 33,-0.09644921,0.29624979,-0.775218,-2.606461,1.016020,-0.946896,0.000000,0.000000,1.182633
4981,06 07 08 09 10 14,-0.09674638,0.24766701,-1.467378,-0.732412,1.016020,-2.238118,0.000000,0.000000,-3.040779
4982,02 06 08 09 10 33,-0.09685259,0.31670635,0.055373,-1.371351,1.016020,-2.238118,0.000000,0.000000,-0.081240
4983,07 08 09 10 18 22,-0.09692030,0.31864621,-0.498355,-1.709862,1.477848,-1.664242,0.000000,0.000000,-0.535981
4984,02 06 07 08 10 33,-0.09695157,0.36044612,0.332236,-2.121337,0.785107,-1.233835,0.000000,0.000000,-0.140308
4985,06 07 09 10 18 22,-0.09698300,0.26186943,-1.328946,-1.877443,1.246934,-1.520773,0.000000,0.000000,-0.270171
4986,02 07 09 10 18 33,-0.09702179,0.36320981,-0.498355,-2.968201,1.939675,-0.373020,0.000000,0.000000,0.761262
4987,02 06 07 08 09 33,-0.09761622,0.30578886,-0.636787,-1.865055,1.246934,-1.520773,0.000000,0.000000,-0.421667
4988,02 06 07 08 09 18,-0.09776356,0.35885168,-0.221491,-1.770185,1.708762,-1.377304,0.000000,0.000000,-1.390521
4989,06 07 08 09 10 22,-0.09847632,0.23120303,-1.467378,-1.075714,1.246934,-2.381588,0.000000,0.000000,-1.193205
4990,02 06 08 09 10 18,-0.09851521,0.36976917,0.470668,-1.276481,1.477848,-2.094649,0.000000,0.000000,-1.274589
4991,02 06 07 08 10 18,-0.09865205,0.41350894,0.747532,-2.026466,1.246934,-1.090365,0.000000,0.000000,-1.339264
4992,02 07 08 09 10 33,-0.09915536,0.33254340,-0.636787,-2.166472,1.939675,-1.233835,0.000000,0.000000,-0.256627
4993,02 06 07 09 10 33,-0.09971920,0.27576663,-1.467378,-2.334053,1.708762,-1.090365,0.000000,0.000000,-0.065063
4994,02 07 08 09 10 18,-0.09999525,0.38560623,-0.221491,-2.071602,2.401503,-1.090365,0.000000,0.000000,-1.328086
4995,02 06 07 09 10 18,-0.10059694,0.32882945,-1.052082,-2.239183,2.170589,-0.946896,0.000000,0.000000,-1.142129
4996,06 07 08 09 10 12,-0.10110094,0.28611686,-1.052082,-0.877022,1.016020,-1.951180,0.000000,0.000000,-4.023040
4997,01 06 07 08 09 10,-0.10720263,0.28068125,-0.775218,-0.706953,1.246934,-2.525057,0.000000,0.000000,-3.697949
4998,06 07 08 10 18 33,-0.11225021,0.36417304,1.439691,-2.316858,0.092365,-1.807711,0.000000,0.000000,0.524627
4999,06 08 09 10 18 33,-0.11234516,0.32043327,1.162828,-1.566872,0.323279,-2.811995,0.000000,0.000000,0.554962
5000,06 07 08 09 18 33,-0.11243084,0.30951578,0.470668,-2.060576,0.554193,-2.094649,0.000000,0.000000,0.314977
5001,02 06 07 08 09 10,-0.11404144,0.29816304,-1.190514,-1.437454,2.170589,-1.807711,0.000000,0.000000,-3.835767
5002,07 08 09 10 18 33,-0.11474195,0.33627032,0.470668,-2.361993,1.246934,-1.807711,0.000000,0.000000,0.365646
5003,06 07 09 10 18 33,-0.11505701,0.27949355,-0.359923,-2.529574,1.016020,-1.664242,0.000000,0.000000,0.594069
5004,06 07 08 09 10 33,-0.11970180,0.24882714,-0.498355,-1.727846,1.016020,-2.525057,0.000000,0.000000,-0.795866
5005,06 07 08 09 10 18,-0.12199388,0.30188997,-0.083059,-1.632975,1.477848,-2.381588,0.000000,0.000000,-2.082470
